subj_id,food_id,food_name,rating
1,104,ReesesPieces,2.72
1,43,Gobstoppers,3.47
1,24,ChipsAhoy,6.79
1,33,DoveDarkChocolateBites,4.74
1,50,HeathBar,4.47
1,64,LaffyTaffySourApple,4.67
1,93,PopcornWhiteCheddar,3.12
1,144,YorkPeppermintPatty,3.39
1,46,Grandma'sChocolateChipCookies,6.69
1,91,OreosGolden,6.26
1,79,Mike&IkeZours,4.37
1,2,3Musketeers,6.29
1,86,MunchiesNachoCheese,4.52
1,142,WarHeads,7.63
1,42,GiantSweeTarts,5.88
1,16,CaramelApplePops,0.49
1,53,HostessPowderedDonut,5.29
1,51,HostessChocolateDonuts,5.61
1,56,KeeblerFudgeStripes,4.38
1,76,M&M'sPeanuts,6.58
1,66,LaysClassic,7.34
1,12,BlowPopWatermelon,5.41
1,30,DoritosNachoCheese,5.36
1,41,GhirardelliMilkChocolateSquares,5.45
1,44,GoldfishCheddar,2.24
1,75,M&M'sMint,3.3
1,117,SnickersAlmond,5.81
1,70,LifeSaversGummies,7.31
1,89,NerdsStrawberryGrape,7.48
1,113,SkittlesSours,7.55
1,138,TrailMix,4.22
1,21,CheezitWhiteCheddar,1.33
1,10,BlowPopCherry,0.33
1,123,SnydersPretzelSticks,4.31
1,105,RitzBitsCheese,5.66
1,62,KitKat,5.48
1,118,SnickersDarkChocolate,7.1
1,103,ReesesPeanutButterCup,4.6
1,133,SunchipsOriginal,1.52
1,129,StarburstTropical,2.66
1,81,MilkDuds,3.66
1,78,MentosRainbow,3.43
1,125,SourPunchStrawsApple,4.5
1,115,SlimJim,9.69
1,3,AirheadsBlueRaspberry,3.44
1,65,LaysCheesyGarlicBread,6.41
1,116,Snickers,5.13
1,73,LindtMilkChocolate,6.51
1,137,Toblerone,4.67
1,109,Runts,0.52
1,15,ButterfingerBites,6.75
1,39,GhirardelliCaramelSquares,7.42
1,34,DoveMilk&PeanutButterBites,7.58
1,94,PopcornersJalapeno,2.5
1,132,SunchipsGardenSalsa,2.89
1,68,LaysSourCreamAndOnion,8.24
1,101,Razzles,7.31
1,45,Goobers,0.29
1,11,BlowPopSourApple,0.2
1,102,Reese'sBigCup,0.17
1,96,PopcornersWhiteCheddar,0.48
1,6,AirheadsWatermelon,8.6
1,107,RoldGoldTinyTwistPretzels,5.41
1,110,Shockers,5.8
1,26,CombosPizzeria,4.99
1,95,PopcornersKettle,8.33
1,119,SnickersPeanutButter,6.72
1,136,Take5,9.16
1,9,BlowPopBlueRaspberry,7.74
1,23,ChexMixTraditional,7.32
1,20,Cheez-it,5.84
1,1,100Grand,1.56
1,61,KettleSalt&VinegarChips,2.59
1,19,CheetosPuffs,6.15
1,60,KettleSalt&PepperChips,0.56
1,85,MunchiesJalapenoCheddar,6.56
1,88,NerdsRope,6.16
1,48,Grandma'sPeanutButterCookies,2.38
1,54,JuniorCaramels,1.42
1,135,SwedishFishAssorted,2.53
1,71,LifesaversGummiesSours,4.45
1,37,FritosBBQ,4.23
1,31,Dots,1.49
1,106,RitzBitsPeanutButter,3.66
1,121,SnydersMiniPretzels,0.1
1,14,Butterfinger,3.48
1,32,DoveCaramelMilkChocolate,5.42
1,35,FamousAmos,5.37
1,27,Crunch,6.66
1,92,Pez,8.01
1,80,MilanoCookies,4.53
1,59,KettleJalapenoChips,4.52
1,40,GhirardelliDarkChocolateSquares,0.09
1,120,SnydersHoneyMustardOnionNibblerPretzels,6.29
1,5,AirheadsGreenApple,5.83
1,114,SkittlesTropical,5.49
1,47,Grandma'sOatmealRaisinCookies,5.26
1,18,CheetosCrunchy,5.71
1,128,Starburst,6.48
1,13,BunchaCrunch,0.76
1,141,TwizzlersStrawberry,6.21
1,112,Skittles,4.62
1,108,RufflesCheddarSourCreamChips,6.45
1,97,PringlesCheddar,7.5
1,87,MunchiesPeanutButter,4.34
1,124,SourPatchKids,5.54
1,8,BabyRuth,8.48
1,130,SunchipsCheddar,8.31
1,49,GummyWormsSour,6.26
1,131,SunchipsFrenchOnion,2.53
1,69,LaysSweetSouthernHeatBarbecue,7.3
1,22,ChexMixCheddar,7.57
1,139,Twix,6.27
1,111,SkittleWildberry,7.52
1,52,HostessCupcakes,6.69
1,72,LindtDarkChocolate,5.75
1,58,KettleBBQChips,0.64
1,77,M&M'sPretzel,2.43
1,90,Oreos,1.62
1,17,CheesePeanutButterCrackers,1.63
1,29,DoritosCoolRanch,7.96
1,57,KeeblerRainbowCookies,2.63
1,28,DoritoSpicyChili,8.44
1,98,PringlesOriginal,7.49
1,84,MilkyWayDark,5.72
1,100,RaisinetsMilkChocolate,5.52
1,127,Spree,0.59
1,25,CombosCheddar,7.47
1,83,MilkyWayCaramel,7.27
1,55,JuniorMints,8.94
1,4,AirheadsCherry,8.7
1,63,KitKatWhiteChocolate,9.06
1,38,Funyuns,8.28
1,140,TwixPeanutButter,6.64
1,126,SourPunchStrawsStrawberry,6.39
1,99,PringlesSourCreamOnion,1.87
1,67,LaysDillPickle,2.78
1,36,Fritos,4.4
1,7,AlmondJoy,3.76
1,143,Whoppers,2.44
1,82,MilkyWay,3.44
1,134,SwedishFish,5.49
1,122,SnydersOriginalNibblers,6.17
1,74,M&M'sMilkChocolate,5.36
2,96,PopcornersWhiteCheddar,1.35
2,118,SnickersDarkChocolate,0.26
2,1,100Grand,2.66
2,101,Razzles,3.07
2,14,Butterfinger,1.35
2,50,HeathBar,1.3
2,89,NerdsStrawberryGrape,0.88
2,70,LifeSaversGummies,1.53
2,33,DoveDarkChocolateBites,0.12
2,104,ReesesPieces,0.66
2,46,Grandma'sChocolateChipCookies,0.13
2,136,Take5,4.01
2,119,SnickersPeanutButter,0.49
2,52,HostessCupcakes,2.27
2,66,LaysClassic,0.21
2,137,Toblerone,3.67
2,133,SunchipsOriginal,0.83
2,73,LindtMilkChocolate,0
2,110,Shockers,0.88
2,61,KettleSalt&VinegarChips,5.23
2,40,GhirardelliDarkChocolateSquares,1.33
2,120,SnydersHoneyMustardOnionNibblerPretzels,3.67
2,7,AlmondJoy,2.2
2,37,FritosBBQ,4.88
2,134,SwedishFish,0.91
2,8,BabyRuth,1.12
2,62,KitKat,0.82
2,86,MunchiesNachoCheese,2.26
2,141,TwizzlersStrawberry,0.31
2,138,TrailMix,3.5
2,87,MunchiesPeanutButter,0.86
2,102,Reese'sBigCup,1.2
2,121,SnydersMiniPretzels,3.62
2,41,GhirardelliMilkChocolateSquares,0.37
2,67,LaysDillPickle,7.07
2,65,LaysCheesyGarlicBread,0.12
2,54,JuniorCaramels,0.48
2,25,CombosCheddar,0.12
2,60,KettleSalt&PepperChips,0.73
2,122,SnydersOriginalNibblers,1.34
2,114,SkittlesTropical,0.46
2,42,GiantSweeTarts,1.32
2,15,ButterfingerBites,0.44
2,56,KeeblerFudgeStripes,6.13
2,98,PringlesOriginal,2.15
2,45,Goobers,3.8
2,140,TwixPeanutButter,2.53
2,75,M&M'sMint,3.19
2,17,CheesePeanutButterCrackers,1.67
2,68,LaysSourCreamAndOnion,2.08
2,71,LifesaversGummiesSours,4.52
2,115,SlimJim,2.32
2,29,DoritosCoolRanch,2.49
2,99,PringlesSourCreamOnion,0.55
2,83,MilkyWayCaramel,0.23
2,47,Grandma'sOatmealRaisinCookies,1.64
2,117,SnickersAlmond,5.88
2,100,RaisinetsMilkChocolate,1.81
2,19,CheetosPuffs,1.83
2,48,Grandma'sPeanutButterCookies,1.38
2,26,CombosPizzeria,1.28
2,85,MunchiesJalapenoCheddar,4.23
2,13,BunchaCrunch,1.63
2,127,Spree,4.25
2,92,Pez,0.33
2,112,Skittles,1.46
2,43,Gobstoppers,0.54
2,144,YorkPeppermintPatty,0.3
2,11,BlowPopSourApple,3.33
2,20,Cheez-it,5.27
2,113,SkittlesSours,0.02
2,27,Crunch,2.37
2,132,SunchipsGardenSalsa,1.78
2,108,RufflesCheddarSourCreamChips,2.08
2,21,CheezitWhiteCheddar,0.75
2,32,DoveCaramelMilkChocolate,7.94
2,143,Whoppers,2.46
2,44,GoldfishCheddar,6.2
2,124,SourPatchKids,0.01
2,39,GhirardelliCaramelSquares,8.42
2,103,ReesesPeanutButterCup,4.1
2,126,SourPunchStrawsStrawberry,0.89
2,93,PopcornWhiteCheddar,0.59
2,12,BlowPopWatermelon,0.74
2,3,AirheadsBlueRaspberry,6.06
2,5,AirheadsGreenApple,4.42
2,58,KettleBBQChips,2.37
2,82,MilkyWay,0.09
2,36,Fritos,0.02
2,95,PopcornersKettle,2.27
2,24,ChipsAhoy,3.33
2,63,KitKatWhiteChocolate,0.08
2,55,JuniorMints,0
2,88,NerdsRope,0
2,139,Twix,0
2,106,RitzBitsPeanutButter,0.22
2,76,M&M'sPeanuts,1.81
2,78,MentosRainbow,0.3
2,107,RoldGoldTinyTwistPretzels,0.99
2,49,GummyWormsSour,1.96
2,22,ChexMixCheddar,2.66
2,16,CaramelApplePops,0.25
2,64,LaffyTaffySourApple,0.14
2,80,MilanoCookies,1.68
2,109,Runts,2.12
2,142,WarHeads,3.66
2,69,LaysSweetSouthernHeatBarbecue,4.78
2,131,SunchipsFrenchOnion,2.09
2,4,AirheadsCherry,0.99
2,97,PringlesCheddar,0.02
2,74,M&M'sMilkChocolate,2.42
2,79,Mike&IkeZours,1.95
2,31,Dots,0
2,2,3Musketeers,0.43
2,90,Oreos,2.81
2,38,Funyuns,4.2
2,72,LindtDarkChocolate,3.39
2,116,Snickers,4.62
2,35,FamousAmos,2.86
2,9,BlowPopBlueRaspberry,1.04
2,6,AirheadsWatermelon,2.87
2,94,PopcornersJalapeno,0.56
2,28,DoritoSpicyChili,2.41
2,81,MilkDuds,1.75
2,130,SunchipsCheddar,0.3
2,129,StarburstTropical,0.17
2,23,ChexMixTraditional,0.63
2,57,KeeblerRainbowCookies,0.78
2,18,CheetosCrunchy,4.72
2,77,M&M'sPretzel,4.21
2,105,RitzBitsCheese,2.93
2,123,SnydersPretzelSticks,2.87
2,135,SwedishFishAssorted,0.56
2,111,SkittleWildberry,3.59
2,34,DoveMilk&PeanutButterBites,4.61
2,128,Starburst,3.29
2,10,BlowPopCherry,2.4
2,30,DoritosNachoCheese,2.43
2,125,SourPunchStrawsApple,3.4
2,59,KettleJalapenoChips,0.74
2,91,OreosGolden,0.24
2,53,HostessPowderedDonut,0.07
2,51,HostessChocolateDonuts,3.94
2,84,MilkyWayDark,0.09
3,77,M&M'sPretzel,3.88
3,18,CheetosCrunchy,1.02
3,122,SnydersOriginalNibblers,8.67
3,70,LifeSaversGummies,7.04
3,20,Cheez-it,6.76
3,97,PringlesCheddar,8.97
3,81,MilkDuds,9.42
3,27,Crunch,7.88
3,124,SourPatchKids,9.94
3,54,JuniorCaramels,3.18
3,118,SnickersDarkChocolate,6.61
3,86,MunchiesNachoCheese,8.88
3,137,Toblerone,0.58
3,114,SkittlesTropical,5.82
3,32,DoveCaramelMilkChocolate,8.97
3,26,CombosPizzeria,0.14
3,14,Butterfinger,6.28
3,11,BlowPopSourApple,2.23
3,125,SourPunchStrawsApple,8.92
3,71,LifesaversGummiesSours,4.16
3,113,SkittlesSours,5.06
3,84,MilkyWayDark,0.14
3,123,SnydersPretzelSticks,7.58
3,5,AirheadsGreenApple,3.79
3,21,CheezitWhiteCheddar,8.8
3,109,Runts,4.71
3,3,AirheadsBlueRaspberry,0.98
3,4,AirheadsCherry,9.99
3,29,DoritosCoolRanch,6.71
3,92,Pez,4.03
3,31,Dots,1.57
3,63,KitKatWhiteChocolate,2.04
3,100,RaisinetsMilkChocolate,3.05
3,99,PringlesSourCreamOnion,2.82
3,103,ReesesPeanutButterCup,6.07
3,111,SkittleWildberry,6.08
3,106,RitzBitsPeanutButter,9.92
3,42,GiantSweeTarts,7.3
3,44,GoldfishCheddar,1.39
3,89,NerdsStrawberryGrape,2.46
3,19,CheetosPuffs,0.4
3,131,SunchipsFrenchOnion,7.76
3,104,ReesesPieces,8.25
3,87,MunchiesPeanutButter,3.11
3,53,HostessPowderedDonut,7.79
3,91,OreosGolden,2.81
3,85,MunchiesJalapenoCheddar,2.4
3,74,M&M'sMilkChocolate,8.71
3,62,KitKat,7.53
3,76,M&M'sPeanuts,2.62
3,142,WarHeads,6.79
3,1,100Grand,2.97
3,40,GhirardelliDarkChocolateSquares,7.9
3,17,CheesePeanutButterCrackers,2.11
3,7,AlmondJoy,8
3,16,CaramelApplePops,5.59
3,107,RoldGoldTinyTwistPretzels,5.02
3,55,JuniorMints,7.4
3,139,Twix,6.11
3,90,Oreos,9.95
3,49,GummyWormsSour,8.01
3,51,HostessChocolateDonuts,6.28
3,25,CombosCheddar,0.05
3,140,TwixPeanutButter,3.81
3,13,BunchaCrunch,5.35
3,136,Take5,6.32
3,110,Shockers,7.6
3,43,Gobstoppers,1.95
3,126,SourPunchStrawsStrawberry,7.47
3,105,RitzBitsCheese,4.31
3,102,Reese'sBigCup,6.27
3,50,HeathBar,0.8
3,135,SwedishFishAssorted,0.03
3,129,StarburstTropical,4.93
3,120,SnydersHoneyMustardOnionNibblerPretzels,6.52
3,143,Whoppers,8.15
3,94,PopcornersJalapeno,4.04
3,52,HostessCupcakes,2
3,96,PopcornersWhiteCheddar,9.49
3,117,SnickersAlmond,8.58
3,23,ChexMixTraditional,1.5
3,75,M&M'sMint,2
3,36,Fritos,0.39
3,39,GhirardelliCaramelSquares,0.97
3,30,DoritosNachoCheese,5.8
3,141,TwizzlersStrawberry,2.14
3,134,SwedishFish,7.07
3,38,Funyuns,10
3,67,LaysDillPickle,5.02
3,133,SunchipsOriginal,9.64
3,9,BlowPopBlueRaspberry,9.91
3,78,MentosRainbow,0.62
3,127,Spree,0.22
3,22,ChexMixCheddar,0.23
3,144,YorkPeppermintPatty,4.83
3,61,KettleSalt&VinegarChips,1.04
3,132,SunchipsGardenSalsa,2.91
3,82,MilkyWay,6.6
3,15,ButterfingerBites,3.75
3,98,PringlesOriginal,4.42
3,83,MilkyWayCaramel,6.66
3,80,MilanoCookies,2.99
3,112,Skittles,5.63
3,116,Snickers,3.96
3,66,LaysClassic,0.03
3,56,KeeblerFudgeStripes,9.48
3,119,SnickersPeanutButter,6.19
3,130,SunchipsCheddar,6.46
3,33,DoveDarkChocolateBites,7.72
3,73,LindtMilkChocolate,4.18
3,79,Mike&IkeZours,3.77
3,69,LaysSweetSouthernHeatBarbecue,8.63
3,88,NerdsRope,4.51
3,58,KettleBBQChips,8.53
3,128,Starburst,0.01
3,6,AirheadsWatermelon,9.02
3,28,DoritoSpicyChili,3.95
3,12,BlowPopWatermelon,5.9
3,115,SlimJim,8.14
3,68,LaysSourCreamAndOnion,9.97
3,57,KeeblerRainbowCookies,4.52
3,41,GhirardelliMilkChocolateSquares,5.65
3,47,Grandma'sOatmealRaisinCookies,5.18
3,45,Goobers,9.02
3,64,LaffyTaffySourApple,6.82
3,101,Razzles,4.04
3,95,PopcornersKettle,7.74
3,34,DoveMilk&PeanutButterBites,8.08
3,65,LaysCheesyGarlicBread,8.96
3,72,LindtDarkChocolate,0.01
3,8,BabyRuth,0.37
3,10,BlowPopCherry,0.06
3,93,PopcornWhiteCheddar,0.03
3,35,FamousAmos,9.97
3,48,Grandma'sPeanutButterCookies,9.94
3,37,FritosBBQ,7.37
3,138,TrailMix,4.46
3,59,KettleJalapenoChips,0.87
3,121,SnydersMiniPretzels,9.06
3,46,Grandma'sChocolateChipCookies,7.07
3,108,RufflesCheddarSourCreamChips,0.03
3,24,ChipsAhoy,1.97
3,2,3Musketeers,5.95
3,60,KettleSalt&PepperChips,9.91
4,29,DoritosCoolRanch,5.15
4,5,AirheadsGreenApple,4.22
4,28,DoritoSpicyChili,3.76
4,19,CheetosPuffs,3.53
4,72,LindtDarkChocolate,3.57
4,91,OreosGolden,2.87
4,76,M&M'sPeanuts,0.88
4,103,ReesesPeanutButterCup,0.62
4,10,BlowPopCherry,1.07
4,7,AlmondJoy,2.49
4,41,GhirardelliMilkChocolateSquares,1.62
4,16,CaramelApplePops,1.88
4,120,SnydersHoneyMustardOnionNibblerPretzels,1.51
4,79,Mike&IkeZours,0.08
4,48,Grandma'sPeanutButterCookies,0.14
4,135,SwedishFishAssorted,1.57
4,140,TwixPeanutButter,0.05
4,131,SunchipsFrenchOnion,9.04
4,130,SunchipsCheddar,6.28
4,133,SunchipsOriginal,9.87
4,80,MilanoCookies,4.63
4,20,Cheez-it,7.34
4,83,MilkyWayCaramel,9.37
4,50,HeathBar,2.77
4,128,Starburst,4.29
4,132,SunchipsGardenSalsa,4.04
4,129,StarburstTropical,5.38
4,116,Snickers,4.61
4,38,Funyuns,7.48
4,56,KeeblerFudgeStripes,6.27
4,35,FamousAmos,0.4
4,18,CheetosCrunchy,8
4,86,MunchiesNachoCheese,9.99
4,54,JuniorCaramels,0.64
4,137,Toblerone,3.01
4,21,CheezitWhiteCheddar,8.62
4,111,SkittleWildberry,9.89
4,58,KettleBBQChips,5.52
4,11,BlowPopSourApple,7.72
4,25,CombosCheddar,9.58
4,100,RaisinetsMilkChocolate,7.43
4,106,RitzBitsPeanutButter,5.06
4,27,Crunch,5.27
4,142,WarHeads,9.94
4,110,Shockers,0.32
4,47,Grandma'sOatmealRaisinCookies,3
4,3,AirheadsBlueRaspberry,4.46
4,71,LifesaversGummiesSours,0.25
4,4,AirheadsCherry,2.98
4,23,ChexMixTraditional,7.51
4,44,GoldfishCheddar,1.34
4,32,DoveCaramelMilkChocolate,1.38
4,43,Gobstoppers,1.56
4,61,KettleSalt&VinegarChips,5.45
4,108,RufflesCheddarSourCreamChips,7.77
4,113,SkittlesSours,2.56
4,119,SnickersPeanutButter,3.11
4,118,SnickersDarkChocolate,9.77
4,24,ChipsAhoy,2.15
4,139,Twix,9.02
4,52,HostessCupcakes,9.14
4,143,Whoppers,7.03
4,88,NerdsRope,3.03
4,65,LaysCheesyGarlicBread,2.29
4,123,SnydersPretzelSticks,6.32
4,22,ChexMixCheddar,7.24
4,30,DoritosNachoCheese,7.69
4,98,PringlesOriginal,9.36
4,96,PopcornersWhiteCheddar,6.46
4,85,MunchiesJalapenoCheddar,5.23
4,99,PringlesSourCreamOnion,6.4
4,63,KitKatWhiteChocolate,8.47
4,1,100Grand,7.05
4,74,M&M'sMilkChocolate,8.84
4,95,PopcornersKettle,4.84
4,42,GiantSweeTarts,0.54
4,81,MilkDuds,7.4
4,134,SwedishFish,8.96
4,39,GhirardelliCaramelSquares,2.64
4,94,PopcornersJalapeno,7.18
4,14,Butterfinger,6.07
4,75,M&M'sMint,6.84
4,69,LaysSweetSouthernHeatBarbecue,9.26
4,9,BlowPopBlueRaspberry,6.35
4,104,ReesesPieces,0.04
4,78,MentosRainbow,0.25
4,34,DoveMilk&PeanutButterBites,0.08
4,97,PringlesCheddar,7.33
4,122,SnydersOriginalNibblers,2.15
4,67,LaysDillPickle,7.98
4,6,AirheadsWatermelon,0.84
4,102,Reese'sBigCup,5.02
4,73,LindtMilkChocolate,9.64
4,89,NerdsStrawberryGrape,4.06
4,59,KettleJalapenoChips,9.98
4,51,HostessChocolateDonuts,9.29
4,15,ButterfingerBites,2.99
4,70,LifeSaversGummies,7.34
4,127,Spree,9.77
4,121,SnydersMiniPretzels,5.53
4,31,Dots,5.71
4,12,BlowPopWatermelon,0.57
4,17,CheesePeanutButterCrackers,0.27
4,87,MunchiesPeanutButter,0.67
4,84,MilkyWayDark,0.55
4,93,PopcornWhiteCheddar,0.19
4,138,TrailMix,9.08
4,124,SourPatchKids,5.29
4,101,Razzles,3.42
4,60,KettleSalt&PepperChips,6.59
4,92,Pez,5.61
4,115,SlimJim,5.09
4,136,Take5,7.31
4,33,DoveDarkChocolateBites,5.5
4,107,RoldGoldTinyTwistPretzels,7.21
4,40,GhirardelliDarkChocolateSquares,0.85
4,49,GummyWormsSour,2.77
4,45,Goobers,1.7
4,64,LaffyTaffySourApple,0.16
4,112,Skittles,9.82
4,62,KitKat,9.47
4,13,BunchaCrunch,7.53
4,125,SourPunchStrawsApple,9.61
4,144,YorkPeppermintPatty,5.12
4,105,RitzBitsCheese,1.89
4,90,Oreos,2.89
4,8,BabyRuth,5.57
4,114,SkittlesTropical,6.59
4,46,Grandma'sChocolateChipCookies,7.64
4,66,LaysClassic,8.67
4,77,M&M'sPretzel,9.9
4,37,FritosBBQ,9.68
4,82,MilkyWay,5.6
4,117,SnickersAlmond,5.84
4,26,CombosPizzeria,6.35
4,57,KeeblerRainbowCookies,5.08
4,2,3Musketeers,7.35
4,126,SourPunchStrawsStrawberry,1.79
4,53,HostessPowderedDonut,9.19
4,141,TwizzlersStrawberry,1.14
4,109,Runts,0.82
4,36,Fritos,6.36
4,55,JuniorMints,1.61
4,68,LaysSourCreamAndOnion,5.27
5,125,SourPunchStrawsApple,1.03
5,69,LaysSweetSouthernHeatBarbecue,5.5
5,28,DoritoSpicyChili,9.5
5,102,Reese'sBigCup,10
5,119,SnickersPeanutButter,10
5,63,KitKatWhiteChocolate,9.99
5,54,JuniorCaramels,2.01
5,107,RoldGoldTinyTwistPretzels,0
5,109,Runts,8.55
5,140,TwixPeanutButter,9
5,3,AirheadsBlueRaspberry,10
5,37,FritosBBQ,8.99
5,136,Take5,8.5
5,7,AlmondJoy,5
5,110,Shockers,5.5
5,128,Starburst,9.99
5,144,YorkPeppermintPatty,0.02
5,35,FamousAmos,8.02
5,93,PopcornWhiteCheddar,7.03
5,139,Twix,7.01
5,43,Gobstoppers,5.01
5,82,MilkyWay,0.02
5,92,Pez,7
5,44,GoldfishCheddar,0
5,5,AirheadsGreenApple,9.5
5,86,MunchiesNachoCheese,9.5
5,88,NerdsRope,9
5,81,MilkDuds,1.5
5,52,HostessCupcakes,8.01
5,137,Toblerone,5.99
5,56,KeeblerFudgeStripes,0
5,96,PopcornersWhiteCheddar,5.5
5,130,SunchipsCheddar,1.5
5,133,SunchipsOriginal,1.5
5,85,MunchiesJalapenoCheddar,4
5,27,Crunch,7
5,21,CheezitWhiteCheddar,0.5
5,90,Oreos,9.01
5,73,LindtMilkChocolate,6.01
5,74,M&M'sMilkChocolate,0
5,122,SnydersOriginalNibblers,8
5,41,GhirardelliMilkChocolateSquares,9.46
5,126,SourPunchStrawsStrawberry,6
5,48,Grandma'sPeanutButterCookies,7
5,19,CheetosPuffs,0.03
5,141,TwizzlersStrawberry,0.04
5,45,Goobers,0
5,105,RitzBitsCheese,0.04
5,1,100Grand,9.99
5,120,SnydersHoneyMustardOnionNibblerPretzels,3.01
5,66,LaysClassic,4
5,49,GummyWormsSour,4.02
5,117,SnickersAlmond,1.97
5,98,PringlesOriginal,2
5,18,CheetosCrunchy,1
5,83,MilkyWayCaramel,6
5,22,ChexMixCheddar,6.51
5,39,GhirardelliCaramelSquares,0
5,30,DoritosNachoCheese,7.01
5,87,MunchiesPeanutButter,2
5,12,BlowPopWatermelon,4
5,111,SkittleWildberry,5.5
5,16,CaramelApplePops,4
5,75,M&M'sMint,10
5,106,RitzBitsPeanutButter,4.5
5,112,Skittles,9
5,116,Snickers,3.5
5,70,LifeSaversGummies,9.5
5,84,MilkyWayDark,1.5
5,42,GiantSweeTarts,9.02
5,53,HostessPowderedDonut,9.5
5,51,HostessChocolateDonuts,0
5,135,SwedishFishAssorted,4.99
5,4,AirheadsCherry,7.03
5,36,Fritos,6.01
5,131,SunchipsFrenchOnion,2.5
5,9,BlowPopBlueRaspberry,2.55
5,77,M&M'sPretzel,0.5
5,91,OreosGolden,0
5,32,DoveCaramelMilkChocolate,5
5,34,DoveMilk&PeanutButterBites,5
5,95,PopcornersKettle,5.01
5,76,M&M'sPeanuts,0.02
5,57,KeeblerRainbowCookies,2.01
5,20,Cheez-it,0
5,123,SnydersPretzelSticks,1.01
5,104,ReesesPieces,0.06
5,8,BabyRuth,4.01
5,62,KitKat,3.5
5,97,PringlesCheddar,4.01
5,114,SkittlesTropical,0.5
5,2,3Musketeers,0
5,38,Funyuns,8.01
5,103,ReesesPeanutButterCup,2
5,59,KettleJalapenoChips,0
5,115,SlimJim,0.99
5,29,DoritosCoolRanch,9.5
5,6,AirheadsWatermelon,8.02
5,101,Razzles,8
5,50,HeathBar,2.5
5,138,TrailMix,5.01
5,113,SkittlesSours,0.01
5,55,JuniorMints,0.03
5,14,Butterfinger,0.05
5,46,Grandma'sChocolateChipCookies,7
5,17,CheesePeanutButterCrackers,0.01
5,47,Grandma'sOatmealRaisinCookies,6
5,61,KettleSalt&VinegarChips,7.5
5,129,StarburstTropical,5.01
5,71,LifesaversGummiesSours,10
5,121,SnydersMiniPretzels,9.01
5,143,Whoppers,9.02
5,134,SwedishFish,10
5,72,LindtDarkChocolate,10
5,26,CombosPizzeria,9
5,142,WarHeads,8.01
5,60,KettleSalt&PepperChips,0.03
5,25,CombosCheddar,0
5,23,ChexMixTraditional,0.05
5,31,Dots,0.04
5,94,PopcornersJalapeno,6.99
5,11,BlowPopSourApple,1.06
5,108,RufflesCheddarSourCreamChips,7.01
5,100,RaisinetsMilkChocolate,8
5,13,BunchaCrunch,1
5,132,SunchipsGardenSalsa,6
5,65,LaysCheesyGarlicBread,5
5,118,SnickersDarkChocolate,8
5,67,LaysDillPickle,8.51
5,24,ChipsAhoy,4
5,80,MilanoCookies,2.01
5,58,KettleBBQChips,0.5
5,64,LaffyTaffySourApple,1.03
5,10,BlowPopCherry,0
5,89,NerdsStrawberryGrape,0.5
5,79,Mike&IkeZours,1.02
5,99,PringlesSourCreamOnion,9
5,33,DoveDarkChocolateBites,0.01
5,68,LaysSourCreamAndOnion,3.01
5,124,SourPatchKids,0.04
5,40,GhirardelliDarkChocolateSquares,3.01
5,15,ButterfingerBites,10
5,127,Spree,2
5,78,MentosRainbow,6.01
6,83,MilkyWayCaramel,0.05
6,118,SnickersDarkChocolate,0.06
6,62,KitKat,5.14
6,106,RitzBitsPeanutButter,8.11
6,30,DoritosNachoCheese,0.06
6,29,DoritosCoolRanch,6.9
6,43,Gobstoppers,1.11
6,82,MilkyWay,0.32
6,116,Snickers,4.3
6,53,HostessPowderedDonut,3.62
6,81,MilkDuds,4.44
6,59,KettleJalapenoChips,0.91
6,125,SourPunchStrawsApple,7.49
6,35,FamousAmos,5
6,33,DoveDarkChocolateBites,4.81
6,127,Spree,0
6,122,SnydersOriginalNibblers,4.05
6,86,MunchiesNachoCheese,5.37
6,38,Funyuns,4.29
6,78,MentosRainbow,4.66
6,130,SunchipsCheddar,3.94
6,98,PringlesOriginal,7.78
6,9,BlowPopBlueRaspberry,0.06
6,141,TwizzlersStrawberry,4.93
6,100,RaisinetsMilkChocolate,5.62
6,37,FritosBBQ,4.94
6,110,Shockers,7.43
6,90,Oreos,0.04
6,94,PopcornersJalapeno,1.07
6,117,SnickersAlmond,1.98
6,13,BunchaCrunch,0.02
6,119,SnickersPeanutButter,2.7
6,137,Toblerone,3.02
6,55,JuniorMints,4.23
6,40,GhirardelliDarkChocolateSquares,5.65
6,67,LaysDillPickle,0.14
6,77,M&M'sPretzel,0.16
6,115,SlimJim,8.54
6,36,Fritos,5.5
6,128,Starburst,5.16
6,23,ChexMixTraditional,5.46
6,47,Grandma'sOatmealRaisinCookies,0.1
6,109,Runts,5.98
6,123,SnydersPretzelSticks,8.49
6,133,SunchipsOriginal,0.37
6,16,CaramelApplePops,4.62
6,46,Grandma'sChocolateChipCookies,0.01
6,69,LaysSweetSouthernHeatBarbecue,9.56
6,84,MilkyWayDark,1.37
6,140,TwixPeanutButter,0.08
6,89,NerdsStrawberryGrape,0.08
6,8,BabyRuth,1.69
6,24,ChipsAhoy,9.53
6,104,ReesesPieces,0.47
6,103,ReesesPeanutButterCup,7.29
6,121,SnydersMiniPretzels,0.47
6,41,GhirardelliMilkChocolateSquares,3.13
6,6,AirheadsWatermelon,1.75
6,45,Goobers,2
6,126,SourPunchStrawsStrawberry,3.11
6,34,DoveMilk&PeanutButterBites,3.11
6,15,ButterfingerBites,10
6,114,SkittlesTropical,4.74
6,93,PopcornWhiteCheddar,0.05
6,87,MunchiesPeanutButter,1.76
6,21,CheezitWhiteCheddar,1.26
6,12,BlowPopWatermelon,0.07
6,1,100Grand,4.16
6,124,SourPatchKids,2.97
6,101,Razzles,4.37
6,32,DoveCaramelMilkChocolate,0.1
6,65,LaysCheesyGarlicBread,8.55
6,70,LifeSaversGummies,9.27
6,17,CheesePeanutButterCrackers,2.64
6,91,OreosGolden,0.59
6,72,LindtDarkChocolate,6.22
6,134,SwedishFish,8.48
6,18,CheetosCrunchy,1.52
6,135,SwedishFishAssorted,0
6,20,Cheez-it,9.67
6,80,MilanoCookies,0.01
6,52,HostessCupcakes,0.8
6,10,BlowPopCherry,0.54
6,75,M&M'sMint,0.95
6,48,Grandma'sPeanutButterCookies,0.04
6,22,ChexMixCheddar,7.5
6,4,AirheadsCherry,6.02
6,76,M&M'sPeanuts,7.48
6,27,Crunch,6.2
6,143,Whoppers,6.61
6,49,GummyWormsSour,3.72
6,56,KeeblerFudgeStripes,4.16
6,39,GhirardelliCaramelSquares,7.01
6,144,YorkPeppermintPatty,0.11
6,44,GoldfishCheddar,0.04
6,31,Dots,0.05
6,97,PringlesCheddar,5.49
6,63,KitKatWhiteChocolate,5.49
6,2,3Musketeers,4.66
6,111,SkittleWildberry,0
6,120,SnydersHoneyMustardOnionNibblerPretzels,3.83
6,79,Mike&IkeZours,4.69
6,64,LaffyTaffySourApple,6.86
6,3,AirheadsBlueRaspberry,6.45
6,107,RoldGoldTinyTwistPretzels,8.76
6,66,LaysClassic,7.04
6,11,BlowPopSourApple,0.02
6,19,CheetosPuffs,4.53
6,28,DoritoSpicyChili,3.47
6,61,KettleSalt&VinegarChips,0.81
6,108,RufflesCheddarSourCreamChips,6.25
6,25,CombosCheddar,6.02
6,113,SkittlesSours,0.37
6,42,GiantSweeTarts,9.65
6,96,PopcornersWhiteCheddar,0
6,71,LifesaversGummiesSours,0.7
6,85,MunchiesJalapenoCheddar,0.6
6,5,AirheadsGreenApple,0.5
6,7,AlmondJoy,4.6
6,131,SunchipsFrenchOnion,0
6,102,Reese'sBigCup,0.53
6,50,HeathBar,1.48
6,136,Take5,2.41
6,142,WarHeads,0.02
6,58,KettleBBQChips,9
6,57,KeeblerRainbowCookies,9.27
6,88,NerdsRope,0.52
6,112,Skittles,3.48
6,14,Butterfinger,3.25
6,74,M&M'sMilkChocolate,1.46
6,138,TrailMix,0.9
6,60,KettleSalt&PepperChips,0.64
6,95,PopcornersKettle,1.33
6,51,HostessChocolateDonuts,0.19
6,92,Pez,0.1
6,132,SunchipsGardenSalsa,0.15
6,105,RitzBitsCheese,5.27
6,73,LindtMilkChocolate,2.34
6,68,LaysSourCreamAndOnion,0.82
6,99,PringlesSourCreamOnion,1.03
6,26,CombosPizzeria,5.51
6,54,JuniorCaramels,1.72
6,129,StarburstTropical,0.05
6,139,Twix,7.79
7,3,AirheadsBlueRaspberry,5
7,2,3Musketeers,2.81
7,33,DoveDarkChocolateBites,5.4
7,50,HeathBar,1.86
7,34,DoveMilk&PeanutButterBites,1.91
7,130,SunchipsCheddar,2.38
7,85,MunchiesJalapenoCheddar,0.37
7,110,Shockers,5.75
7,46,Grandma'sChocolateChipCookies,1.55
7,132,SunchipsGardenSalsa,0.84
7,71,LifesaversGummiesSours,0.88
7,47,Grandma'sOatmealRaisinCookies,0.82
7,116,Snickers,4.27
7,73,LindtMilkChocolate,6.12
7,14,Butterfinger,6.12
7,17,CheesePeanutButterCrackers,0.22
7,107,RoldGoldTinyTwistPretzels,2.17
7,8,BabyRuth,3.59
7,95,PopcornersKettle,3.68
7,75,M&M'sMint,4.3
7,105,RitzBitsCheese,4.52
7,74,M&M'sMilkChocolate,3.72
7,9,BlowPopBlueRaspberry,5.12
7,27,Crunch,2.36
7,138,TrailMix,3.57
7,76,M&M'sPeanuts,2.89
7,51,HostessChocolateDonuts,5.15
7,117,SnickersAlmond,3.62
7,125,SourPunchStrawsApple,5.65
7,96,PopcornersWhiteCheddar,4.28
7,61,KettleSalt&VinegarChips,5.23
7,91,OreosGolden,6.74
7,59,KettleJalapenoChips,6.1
7,81,MilkDuds,6.9
7,63,KitKatWhiteChocolate,1.63
7,67,LaysDillPickle,6.33
7,30,DoritosNachoCheese,5.07
7,137,Toblerone,5.23
7,143,Whoppers,4.3
7,31,Dots,9.4
7,6,AirheadsWatermelon,6.59
7,20,Cheez-it,3.35
7,115,SlimJim,1.66
7,118,SnickersDarkChocolate,2.7
7,135,SwedishFishAssorted,4.49
7,36,Fritos,3.04
7,60,KettleSalt&PepperChips,2.64
7,72,LindtDarkChocolate,2.42
7,23,ChexMixTraditional,5.28
7,18,CheetosCrunchy,2.71
7,109,Runts,0.82
7,142,WarHeads,0.5
7,144,YorkPeppermintPatty,0.87
7,4,AirheadsCherry,1.7
7,53,HostessPowderedDonut,7.45
7,122,SnydersOriginalNibblers,3.41
7,100,RaisinetsMilkChocolate,1.61
7,141,TwizzlersStrawberry,4.41
7,79,Mike&IkeZours,2.7
7,57,KeeblerRainbowCookies,4.75
7,5,AirheadsGreenApple,4.87
7,65,LaysCheesyGarlicBread,4.51
7,86,MunchiesNachoCheese,0.53
7,121,SnydersMiniPretzels,1.11
7,104,ReesesPieces,9.47
7,42,GiantSweeTarts,1.49
7,44,GoldfishCheddar,5.3
7,119,SnickersPeanutButter,5.24
7,123,SnydersPretzelSticks,4.82
7,29,DoritosCoolRanch,4.53
7,7,AlmondJoy,6.49
7,26,CombosPizzeria,7.87
7,129,StarburstTropical,5.66
7,22,ChexMixCheddar,5.36
7,93,PopcornWhiteCheddar,7.31
7,131,SunchipsFrenchOnion,7.26
7,1,100Grand,1.69
7,106,RitzBitsPeanutButter,2.17
7,10,BlowPopCherry,4.61
7,58,KettleBBQChips,6.28
7,139,Twix,0.91
7,124,SourPatchKids,4.11
7,99,PringlesSourCreamOnion,1.72
7,97,PringlesCheddar,6.18
7,83,MilkyWayCaramel,2.08
7,16,CaramelApplePops,1.85
7,15,ButterfingerBites,0.72
7,48,Grandma'sPeanutButterCookies,1.53
7,69,LaysSweetSouthernHeatBarbecue,2.79
7,82,MilkyWay,3.51
7,112,Skittles,3.95
7,134,SwedishFish,1.19
7,126,SourPunchStrawsStrawberry,2.21
7,120,SnydersHoneyMustardOnionNibblerPretzels,1.94
7,21,CheezitWhiteCheddar,3.81
7,127,Spree,1.85
7,113,SkittlesSours,4.69
7,11,BlowPopSourApple,5.83
7,111,SkittleWildberry,6.22
7,39,GhirardelliCaramelSquares,5.71
7,77,M&M'sPretzel,3.89
7,56,KeeblerFudgeStripes,6.48
7,66,LaysClassic,5.52
7,140,TwixPeanutButter,5.69
7,41,GhirardelliMilkChocolateSquares,1.89
7,54,JuniorCaramels,2.62
7,80,MilanoCookies,3.34
7,28,DoritoSpicyChili,3.32
7,133,SunchipsOriginal,0.53
7,68,LaysSourCreamAndOnion,7
7,24,ChipsAhoy,2.62
7,102,Reese'sBigCup,3.31
7,114,SkittlesTropical,5.81
7,52,HostessCupcakes,1.85
7,64,LaffyTaffySourApple,3.67
7,49,GummyWormsSour,3.82
7,88,NerdsRope,3.49
7,98,PringlesOriginal,6.28
7,32,DoveCaramelMilkChocolate,3.62
7,92,Pez,1.51
7,12,BlowPopWatermelon,1.34
7,45,Goobers,2.16
7,87,MunchiesPeanutButter,0.61
7,38,Funyuns,7.55
7,78,MentosRainbow,5.79
7,62,KitKat,5.73
7,19,CheetosPuffs,2.74
7,40,GhirardelliDarkChocolateSquares,2.5
7,70,LifeSaversGummies,3.39
7,37,FritosBBQ,2.24
7,101,Razzles,7.2
7,103,ReesesPeanutButterCup,5.03
7,84,MilkyWayDark,5.28
7,89,NerdsStrawberryGrape,3.73
7,43,Gobstoppers,3.18
7,13,BunchaCrunch,4.57
7,108,RufflesCheddarSourCreamChips,8.49
7,25,CombosCheddar,3.79
7,35,FamousAmos,3.55
7,94,PopcornersJalapeno,3.63
7,136,Take5,3.4
7,90,Oreos,6.23
7,55,JuniorMints,0.25
7,128,Starburst,8.44
8,100,RaisinetsMilkChocolate,3.99
8,90,Oreos,5.5
8,35,FamousAmos,7.75
8,11,BlowPopSourApple,8
8,97,PringlesCheddar,7.02
8,142,WarHeads,7
8,63,KitKatWhiteChocolate,7
8,57,KeeblerRainbowCookies,3.51
8,124,SourPatchKids,4.01
8,122,SnydersOriginalNibblers,5.01
8,56,KeeblerFudgeStripes,4
8,95,PopcornersKettle,5.5
8,68,LaysSourCreamAndOnion,3
8,106,RitzBitsPeanutButter,7
8,125,SourPunchStrawsApple,6
8,36,Fritos,0.5
8,21,CheezitWhiteCheddar,7.75
8,31,Dots,3.02
8,40,GhirardelliDarkChocolateSquares,2.53
8,75,M&M'sMint,7.5
8,30,DoritosNachoCheese,3
8,93,PopcornWhiteCheddar,2.01
8,10,BlowPopCherry,2
8,76,M&M'sPeanuts,7.03
8,8,BabyRuth,6.05
8,120,SnydersHoneyMustardOnionNibblerPretzels,4
8,117,SnickersAlmond,6.01
8,32,DoveCaramelMilkChocolate,2.99
8,134,SwedishFish,8.6
8,132,SunchipsGardenSalsa,6.5
8,141,TwizzlersStrawberry,4
8,15,ButterfingerBites,5.01
8,131,SunchipsFrenchOnion,5
8,114,SkittlesTropical,5
8,121,SnydersMiniPretzels,5
8,127,Spree,6
8,87,MunchiesPeanutButter,2.57
8,25,CombosCheddar,0
8,91,OreosGolden,8.75
8,104,ReesesPieces,8.01
8,85,MunchiesJalapenoCheddar,8.01
8,101,Razzles,1
8,67,LaysDillPickle,2
8,79,Mike&IkeZours,7
8,66,LaysClassic,2.01
8,115,SlimJim,6
8,140,TwixPeanutButter,0.5
8,44,GoldfishCheddar,4.01
8,3,AirheadsBlueRaspberry,8.24
8,137,Toblerone,3.01
8,119,SnickersPeanutButter,4
8,33,DoveDarkChocolateBites,4.01
8,108,RufflesCheddarSourCreamChips,4.01
8,50,HeathBar,4
8,65,LaysCheesyGarlicBread,5.5
8,46,Grandma'sChocolateChipCookies,7.01
8,23,ChexMixTraditional,8.01
8,109,Runts,7.4
8,77,M&M'sPretzel,0
8,123,SnydersPretzelSticks,6.5
8,72,LindtDarkChocolate,7.25
8,143,Whoppers,7.5
8,82,MilkyWay,7
8,2,3Musketeers,3.03
8,58,KettleBBQChips,5
8,105,RitzBitsCheese,7
8,45,Goobers,3.01
8,83,MilkyWayCaramel,5.49
8,28,DoritoSpicyChili,5
8,6,AirheadsWatermelon,7.76
8,19,CheetosPuffs,6.51
8,129,StarburstTropical,6
8,107,RoldGoldTinyTwistPretzels,4
8,38,Funyuns,7.5
8,113,SkittlesSours,5.01
8,4,AirheadsCherry,4.52
8,41,GhirardelliMilkChocolateSquares,7.5
8,48,Grandma'sPeanutButterCookies,1.02
8,78,MentosRainbow,6.5
8,37,FritosBBQ,7.76
8,73,LindtMilkChocolate,5.01
8,118,SnickersDarkChocolate,6.01
8,86,MunchiesNachoCheese,4.99
8,116,Snickers,5
8,9,BlowPopBlueRaspberry,2.49
8,138,TrailMix,7
8,136,Take5,8
8,61,KettleSalt&VinegarChips,1.02
8,52,HostessCupcakes,1.99
8,80,MilanoCookies,7.7
8,96,PopcornersWhiteCheddar,7.51
8,26,CombosPizzeria,0.99
8,42,GiantSweeTarts,1
8,29,DoritosCoolRanch,0
8,47,Grandma'sOatmealRaisinCookies,0
8,102,Reese'sBigCup,0
8,7,AlmondJoy,6
8,94,PopcornersJalapeno,8.5
8,88,NerdsRope,7.5
8,39,GhirardelliCaramelSquares,3
8,135,SwedishFishAssorted,1.01
8,144,YorkPeppermintPatty,8.8
8,59,KettleJalapenoChips,8.75
8,62,KitKat,8.75
8,103,ReesesPeanutButterCup,7.01
8,14,Butterfinger,6.5
8,53,HostessPowderedDonut,4
8,34,DoveMilk&PeanutButterBites,4
8,18,CheetosCrunchy,4.01
8,1,100Grand,1.01
8,5,AirheadsGreenApple,7
8,13,BunchaCrunch,8.75
8,89,NerdsStrawberryGrape,3
8,99,PringlesSourCreamOnion,6
8,112,Skittles,1
8,49,GummyWormsSour,6.5
8,81,MilkDuds,6.01
8,24,ChipsAhoy,4
8,126,SourPunchStrawsStrawberry,6.98
8,64,LaffyTaffySourApple,0
8,92,Pez,2.51
8,110,Shockers,2.99
8,71,LifesaversGummiesSours,4
8,17,CheesePeanutButterCrackers,6.02
8,43,Gobstoppers,4
8,51,HostessChocolateDonuts,5.02
8,27,Crunch,1.01
8,98,PringlesOriginal,8.5
8,133,SunchipsOriginal,7.5
8,74,M&M'sMilkChocolate,3.36
8,22,ChexMixCheddar,0
8,69,LaysSweetSouthernHeatBarbecue,0
8,54,JuniorCaramels,5
8,111,SkittleWildberry,7
8,139,Twix,6.5
8,20,Cheez-it,4
8,16,CaramelApplePops,6.5
8,84,MilkyWayDark,4.01
8,55,JuniorMints,7
8,130,SunchipsCheddar,6.5
8,12,BlowPopWatermelon,4
8,128,Starburst,0
8,60,KettleSalt&PepperChips,6.51
8,70,LifeSaversGummies,5
9,89,NerdsStrawberryGrape,5.08
9,124,SourPatchKids,6.54
9,2,3Musketeers,4.69
9,40,GhirardelliDarkChocolateSquares,2.68
9,115,SlimJim,3.75
9,119,SnickersPeanutButter,4.16
9,93,PopcornWhiteCheddar,2.12
9,106,RitzBitsPeanutButter,5.92
9,3,AirheadsBlueRaspberry,3.1
9,64,LaffyTaffySourApple,3.1
9,136,Take5,3.25
9,141,TwizzlersStrawberry,5.18
9,75,M&M'sMint,4.27
9,102,Reese'sBigCup,2.84
9,56,KeeblerFudgeStripes,4.54
9,126,SourPunchStrawsStrawberry,3.05
9,86,MunchiesNachoCheese,4.7
9,79,Mike&IkeZours,3.8
9,139,Twix,4.91
9,82,MilkyWay,4.44
9,41,GhirardelliMilkChocolateSquares,3.64
9,111,SkittleWildberry,3.33
9,59,KettleJalapenoChips,2.58
9,107,RoldGoldTinyTwistPretzels,6.22
9,104,ReesesPieces,4.24
9,21,CheezitWhiteCheddar,4.22
9,55,JuniorMints,5.14
9,68,LaysSourCreamAndOnion,5.87
9,130,SunchipsCheddar,4.81
9,133,SunchipsOriginal,5.27
9,22,ChexMixCheddar,3.46
9,98,PringlesOriginal,6.91
9,101,Razzles,6.88
9,29,DoritosCoolRanch,7.02
9,37,FritosBBQ,5.76
9,113,SkittlesSours,4.7
9,128,Starburst,5.51
9,143,Whoppers,5.78
9,43,Gobstoppers,2.65
9,60,KettleSalt&PepperChips,6.52
9,12,BlowPopWatermelon,7.18
9,95,PopcornersKettle,3.29
9,81,MilkDuds,2.78
9,5,AirheadsGreenApple,6.18
9,90,Oreos,5.25
9,74,M&M'sMilkChocolate,5.26
9,52,HostessCupcakes,4.73
9,94,PopcornersJalapeno,4.11
9,17,CheesePeanutButterCrackers,5.37
9,91,OreosGolden,4.87
9,67,LaysDillPickle,5.41
9,19,CheetosPuffs,4.3
9,6,AirheadsWatermelon,5.17
9,142,WarHeads,5.12
9,8,BabyRuth,4.32
9,72,LindtDarkChocolate,5.87
9,31,Dots,4.85
9,25,CombosCheddar,4.14
9,117,SnickersAlmond,4.34
9,125,SourPunchStrawsApple,5.28
9,88,NerdsRope,4.4
9,120,SnydersHoneyMustardOnionNibblerPretzels,7.24
9,92,Pez,7.34
9,54,JuniorCaramels,4.57
9,103,ReesesPeanutButterCup,6.17
9,80,MilanoCookies,7.3
9,36,Fritos,5.82
9,27,Crunch,6.34
9,65,LaysCheesyGarlicBread,6.88
9,71,LifesaversGummiesSours,2.63
9,100,RaisinetsMilkChocolate,3.88
9,96,PopcornersWhiteCheddar,5.87
9,63,KitKatWhiteChocolate,4.83
9,127,Spree,5.87
9,30,DoritosNachoCheese,4.85
9,110,Shockers,5.9
9,105,RitzBitsCheese,6.31
9,99,PringlesSourCreamOnion,4.14
9,76,M&M'sPeanuts,3.42
9,109,Runts,5.1
9,138,TrailMix,4.78
9,134,SwedishFish,7.16
9,33,DoveDarkChocolateBites,0.31
9,18,CheetosCrunchy,5.88
9,78,MentosRainbow,3.74
9,118,SnickersDarkChocolate,6.36
9,58,KettleBBQChips,5.12
9,121,SnydersMiniPretzels,3.11
9,46,Grandma'sChocolateChipCookies,5
9,129,StarburstTropical,5.85
9,62,KitKat,5.86
9,11,BlowPopSourApple,4.19
9,42,GiantSweeTarts,7.01
9,16,CaramelApplePops,3.2
9,116,Snickers,4.93
9,4,AirheadsCherry,3.28
9,34,DoveMilk&PeanutButterBites,6.94
9,84,MilkyWayDark,7.56
9,83,MilkyWayCaramel,5.78
9,53,HostessPowderedDonut,2.91
9,48,Grandma'sPeanutButterCookies,4.34
9,7,AlmondJoy,5.81
9,112,Skittles,5.24
9,123,SnydersPretzelSticks,4.59
9,69,LaysSweetSouthernHeatBarbecue,4.21
9,70,LifeSaversGummies,6.18
9,85,MunchiesJalapenoCheddar,3.2
9,39,GhirardelliCaramelSquares,5.26
9,14,Butterfinger,3.91
9,10,BlowPopCherry,3.12
9,51,HostessChocolateDonuts,5.83
9,1,100Grand,3.74
9,140,TwixPeanutButter,3.89
9,9,BlowPopBlueRaspberry,4.21
9,73,LindtMilkChocolate,4.6
9,61,KettleSalt&VinegarChips,7.44
9,108,RufflesCheddarSourCreamChips,7.12
9,87,MunchiesPeanutButter,6.89
9,32,DoveCaramelMilkChocolate,6.7
9,137,Toblerone,2.64
9,23,ChexMixTraditional,3.13
9,28,DoritoSpicyChili,3.87
9,44,GoldfishCheddar,2.17
9,49,GummyWormsSour,6
9,66,LaysClassic,4.12
9,13,BunchaCrunch,3.86
9,47,Grandma'sOatmealRaisinCookies,3.43
9,114,SkittlesTropical,4.77
9,26,CombosPizzeria,4.25
9,35,FamousAmos,6.28
9,132,SunchipsGardenSalsa,5.79
9,45,Goobers,5.34
9,50,HeathBar,6.32
9,131,SunchipsFrenchOnion,2.87
9,77,M&M'sPretzel,3.26
9,57,KeeblerRainbowCookies,7.1
9,15,ButterfingerBites,2.39
9,20,Cheez-it,3.87
9,97,PringlesCheddar,6.45
9,144,YorkPeppermintPatty,5.24
9,135,SwedishFishAssorted,3.88
9,24,ChipsAhoy,3.88
9,38,Funyuns,5.22
9,122,SnydersOriginalNibblers,3.92
10,139,Twix,8
10,24,ChipsAhoy,6
10,55,JuniorMints,5.5
10,138,TrailMix,4.5
10,42,GiantSweeTarts,4.25
10,112,Skittles,5
10,91,OreosGolden,3.5
10,107,RoldGoldTinyTwistPretzels,3.75
10,79,Mike&IkeZours,3.75
10,89,NerdsStrawberryGrape,3.25
10,12,BlowPopWatermelon,3.5
10,14,Butterfinger,2.5
10,61,KettleSalt&VinegarChips,5
10,40,GhirardelliDarkChocolateSquares,5
10,77,M&M'sPretzel,5.75
10,117,SnickersAlmond,6
10,142,WarHeads,3
10,52,HostessCupcakes,4.75
10,68,LaysSourCreamAndOnion,6
10,62,KitKat,4
10,4,AirheadsCherry,7.5
10,75,M&M'sMint,7
10,80,MilanoCookies,7
10,43,Gobstoppers,3
10,137,Toblerone,5.75
10,85,MunchiesJalapenoCheddar,6.75
10,57,KeeblerRainbowCookies,6
10,44,GoldfishCheddar,10
10,5,AirheadsGreenApple,7.25
10,134,SwedishFish,5
10,113,SkittlesSours,3
10,86,MunchiesNachoCheese,4.25
10,50,HeathBar,3.5
10,6,AirheadsWatermelon,4.49
10,31,Dots,6
10,70,LifeSaversGummies,5
10,33,DoveDarkChocolateBites,9.5
10,96,PopcornersWhiteCheddar,8.75
10,104,ReesesPieces,7
10,53,HostessPowderedDonut,3.5
10,56,KeeblerFudgeStripes,4
10,119,SnickersPeanutButter,4
10,47,Grandma'sOatmealRaisinCookies,7.5
10,122,SnydersOriginalNibblers,5
10,76,M&M'sPeanuts,3
10,45,Goobers,5.5
10,34,DoveMilk&PeanutButterBites,1
10,19,CheetosPuffs,5.25
10,46,Grandma'sChocolateChipCookies,9
10,3,AirheadsBlueRaspberry,4
10,87,MunchiesPeanutButter,8
10,21,CheezitWhiteCheddar,7
10,102,Reese'sBigCup,8.5
10,59,KettleJalapenoChips,6
10,35,FamousAmos,2
10,36,Fritos,7.5
10,106,RitzBitsPeanutButter,4.5
10,116,Snickers,6
10,27,Crunch,6
10,103,ReesesPeanutButterCup,5.75
10,108,RufflesCheddarSourCreamChips,6.5
10,114,SkittlesTropical,5.5
10,125,SourPunchStrawsApple,4.75
10,115,SlimJim,4.25
10,78,MentosRainbow,6.25
10,28,DoritoSpicyChili,3
10,132,SunchipsGardenSalsa,6.75
10,2,3Musketeers,5
10,72,LindtDarkChocolate,7
10,133,SunchipsOriginal,4
10,101,Razzles,3.75
10,23,ChexMixTraditional,6.25
10,71,LifesaversGummiesSours,5
10,124,SourPatchKids,4.75
10,64,LaffyTaffySourApple,3
10,121,SnydersMiniPretzels,5.5
10,118,SnickersDarkChocolate,6
10,8,BabyRuth,4
10,49,GummyWormsSour,5.01
10,88,NerdsRope,8.5
10,16,CaramelApplePops,7.25
10,111,SkittleWildberry,6
10,73,LindtMilkChocolate,5.25
10,109,Runts,4
10,140,TwixPeanutButter,2
10,25,CombosCheddar,2
10,98,PringlesOriginal,2.75
10,99,PringlesSourCreamOnion,8.25
10,92,Pez,6
10,127,Spree,4.49
10,93,PopcornWhiteCheddar,4.51
10,29,DoritosCoolRanch,2
10,58,KettleBBQChips,6
10,90,Oreos,2
10,30,DoritosNachoCheese,2.75
10,26,CombosPizzeria,1
10,143,Whoppers,6.25
10,11,BlowPopSourApple,4.01
10,100,RaisinetsMilkChocolate,7
10,84,MilkyWayDark,1.5
10,81,MilkDuds,2
10,123,SnydersPretzelSticks,4
10,18,CheetosCrunchy,5
10,69,LaysSweetSouthernHeatBarbecue,8
10,15,ButterfingerBites,5.5
10,74,M&M'sMilkChocolate,6
10,41,GhirardelliMilkChocolateSquares,3.01
10,66,LaysClassic,7.25
10,136,Take5,8
10,22,ChexMixCheddar,7.75
10,126,SourPunchStrawsStrawberry,9
10,32,DoveCaramelMilkChocolate,5
10,51,HostessChocolateDonuts,9
10,94,PopcornersJalapeno,8.75
10,131,SunchipsFrenchOnion,8.5
10,20,Cheez-it,4.5
10,120,SnydersHoneyMustardOnionNibblerPretzels,2
10,1,100Grand,2
10,144,YorkPeppermintPatty,4
10,54,JuniorCaramels,5.25
10,105,RitzBitsCheese,3.5
10,82,MilkyWay,5
10,128,Starburst,4
10,13,BunchaCrunch,8.5
10,67,LaysDillPickle,9
10,9,BlowPopBlueRaspberry,8.5
10,63,KitKatWhiteChocolate,5.5
10,141,TwizzlersStrawberry,7.75
10,60,KettleSalt&PepperChips,9
10,97,PringlesCheddar,5.25
10,135,SwedishFishAssorted,6.75
10,38,Funyuns,9.5
10,39,GhirardelliCaramelSquares,4
10,129,StarburstTropical,3
10,65,LaysCheesyGarlicBread,5.75
10,48,Grandma'sPeanutButterCookies,6.5
10,37,FritosBBQ,4
10,130,SunchipsCheddar,3
10,110,Shockers,4.5
10,83,MilkyWayCaramel,3.75
10,95,PopcornersKettle,7.25
10,17,CheesePeanutButterCrackers,8
10,10,BlowPopCherry,6.25
10,7,AlmondJoy,2.75
11,139,Twix,3
11,84,MilkyWayDark,8
11,52,HostessCupcakes,8
11,71,LifesaversGummiesSours,8.01
11,29,DoritosCoolRanch,7.01
11,94,PopcornersJalapeno,8.01
11,113,SkittlesSours,2.98
11,17,CheesePeanutButterCrackers,3.01
11,8,BabyRuth,3.01
11,123,SnydersPretzelSticks,2
11,53,HostessPowderedDonut,1.98
11,16,CaramelApplePops,2
11,111,SkittleWildberry,8.01
11,86,MunchiesNachoCheese,2.01
11,114,SkittlesTropical,3.01
11,80,MilanoCookies,3.01
11,1,100Grand,2.01
11,127,Spree,6
11,130,SunchipsCheddar,8.01
11,85,MunchiesJalapenoCheddar,3
11,10,BlowPopCherry,3
11,76,M&M'sPeanuts,4.01
11,5,AirheadsGreenApple,4.01
11,131,SunchipsFrenchOnion,9
11,12,BlowPopWatermelon,3.01
11,91,OreosGolden,3.02
11,45,Goobers,10
11,138,TrailMix,1.01
11,129,StarburstTropical,8
11,83,MilkyWayCaramel,9.01
11,81,MilkDuds,2
11,88,NerdsRope,10
11,128,Starburst,3.02
11,105,RitzBitsCheese,10
11,41,GhirardelliMilkChocolateSquares,9.01
11,121,SnydersMiniPretzels,10
11,65,LaysCheesyGarlicBread,6
11,89,NerdsStrawberryGrape,0
11,54,JuniorCaramels,10
11,100,RaisinetsMilkChocolate,3.01
11,87,MunchiesPeanutButter,10
11,63,KitKatWhiteChocolate,4
11,115,SlimJim,3
11,42,GiantSweeTarts,2
11,39,GhirardelliCaramelSquares,3
11,97,PringlesCheddar,8.99
11,70,LifeSaversGummies,0
11,46,Grandma'sChocolateChipCookies,3
11,101,Razzles,5.02
11,82,MilkyWay,3.01
11,44,GoldfishCheddar,8.03
11,68,LaysSourCreamAndOnion,10
11,117,SnickersAlmond,8
11,116,Snickers,9
11,55,JuniorMints,0
11,24,ChipsAhoy,9
11,79,Mike&IkeZours,8.01
11,93,PopcornWhiteCheddar,6
11,118,SnickersDarkChocolate,0
11,28,DoritoSpicyChili,7.01
11,109,Runts,3.01
11,98,PringlesOriginal,10
11,144,YorkPeppermintPatty,8.02
11,4,AirheadsCherry,7
11,141,TwizzlersStrawberry,9
11,61,KettleSalt&VinegarChips,8.01
11,51,HostessChocolateDonuts,0
11,6,AirheadsWatermelon,8.01
11,25,CombosCheddar,5.02
11,120,SnydersHoneyMustardOnionNibblerPretzels,9
11,119,SnickersPeanutButter,5
11,31,Dots,8.01
11,137,Toblerone,8
11,67,LaysDillPickle,10
11,135,SwedishFishAssorted,0
11,19,CheetosPuffs,3.01
11,38,Funyuns,8.02
11,40,GhirardelliDarkChocolateSquares,7.02
11,36,Fritos,7.01
11,26,CombosPizzeria,9
11,133,SunchipsOriginal,4.01
11,96,PopcornersWhiteCheddar,10
11,23,ChexMixTraditional,10
11,140,TwixPeanutButter,6.01
11,77,M&M'sPretzel,0
11,50,HeathBar,4.01
11,106,RitzBitsPeanutButter,3.01
11,14,Butterfinger,3
11,107,RoldGoldTinyTwistPretzels,2.99
11,92,Pez,8.03
11,13,BunchaCrunch,9
11,21,CheezitWhiteCheddar,2.01
11,125,SourPunchStrawsApple,8.99
11,74,M&M'sMilkChocolate,0
11,99,PringlesSourCreamOnion,7.02
11,103,ReesesPeanutButterCup,6.99
11,3,AirheadsBlueRaspberry,10
11,20,Cheez-it,10
11,22,ChexMixCheddar,10
11,136,Take5,0
11,48,Grandma'sPeanutButterCookies,2.99
11,108,RufflesCheddarSourCreamChips,3
11,59,KettleJalapenoChips,2.99
11,11,BlowPopSourApple,3
11,49,GummyWormsSour,3
11,56,KeeblerFudgeStripes,3.03
11,43,Gobstoppers,8.01
11,47,Grandma'sOatmealRaisinCookies,10
11,34,DoveMilk&PeanutButterBites,0
11,66,LaysClassic,3.99
11,132,SunchipsGardenSalsa,9
11,75,M&M'sMint,7.02
11,27,Crunch,4
11,64,LaffyTaffySourApple,9
11,134,SwedishFish,0
11,69,LaysSweetSouthernHeatBarbecue,2
11,104,ReesesPieces,2
11,95,PopcornersKettle,0.99
11,78,MentosRainbow,3.01
11,122,SnydersOriginalNibblers,0
11,7,AlmondJoy,7.01
11,126,SourPunchStrawsStrawberry,6.01
11,32,DoveCaramelMilkChocolate,7
11,62,KitKat,7.99
11,124,SourPatchKids,7.02
11,142,WarHeads,8.03
11,15,ButterfingerBites,3
11,57,KeeblerRainbowCookies,9.01
11,143,Whoppers,9
11,72,LindtDarkChocolate,10
11,110,Shockers,8
11,60,KettleSalt&PepperChips,10
11,112,Skittles,8.02
11,58,KettleBBQChips,7.01
11,37,FritosBBQ,8.02
11,90,Oreos,3
11,30,DoritosNachoCheese,6.99
11,73,LindtMilkChocolate,0.99
11,35,FamousAmos,10
11,2,3Musketeers,3
11,33,DoveDarkChocolateBites,9
11,9,BlowPopBlueRaspberry,3
11,18,CheetosCrunchy,4
11,102,Reese'sBigCup,0
12,31,Dots,9.97
12,86,MunchiesNachoCheese,7.65
12,142,WarHeads,7.46
12,113,SkittlesSours,7.65
12,47,Grandma'sOatmealRaisinCookies,6.68
12,144,YorkPeppermintPatty,8.21
12,52,HostessCupcakes,7
12,14,Butterfinger,4.04
12,28,DoritoSpicyChili,7.43
12,93,PopcornWhiteCheddar,4.07
12,138,TrailMix,4.07
12,39,GhirardelliCaramelSquares,7.05
12,50,HeathBar,9.17
12,112,Skittles,4.04
12,61,KettleSalt&VinegarChips,3.13
12,131,SunchipsFrenchOnion,7.35
12,48,Grandma'sPeanutButterCookies,4.82
12,45,Goobers,7.18
12,65,LaysCheesyGarlicBread,6.62
12,49,GummyWormsSour,5.01
12,90,Oreos,6.99
12,134,SwedishFish,6.17
12,99,PringlesSourCreamOnion,7.51
12,27,Crunch,6.54
12,133,SunchipsOriginal,7.37
12,89,NerdsStrawberryGrape,8.2
12,84,MilkyWayDark,7.12
12,75,M&M'sMint,5.05
12,124,SourPatchKids,7.04
12,111,SkittleWildberry,7.2
12,43,Gobstoppers,1.02
12,74,M&M'sMilkChocolate,7.94
12,128,Starburst,6.64
12,26,CombosPizzeria,7.13
12,53,HostessPowderedDonut,7.48
12,22,ChexMixCheddar,6.64
12,71,LifesaversGummiesSours,7.46
12,10,BlowPopCherry,7.39
12,44,GoldfishCheddar,8.06
12,85,MunchiesJalapenoCheddar,6.44
12,34,DoveMilk&PeanutButterBites,8.31
12,15,ButterfingerBites,7.36
12,12,BlowPopWatermelon,3.15
12,87,MunchiesPeanutButter,5.07
12,68,LaysSourCreamAndOnion,1.94
12,29,DoritosCoolRanch,5.74
12,54,JuniorCaramels,4.05
12,102,Reese'sBigCup,2.14
12,58,KettleBBQChips,7.08
12,20,Cheez-it,6.04
12,81,MilkDuds,3.58
12,104,ReesesPieces,5.07
12,97,PringlesCheddar,4.18
12,21,CheezitWhiteCheddar,7.97
12,140,TwixPeanutButter,7.46
12,70,LifeSaversGummies,6.29
12,82,MilkyWay,6.38
12,1,100Grand,5.06
12,60,KettleSalt&PepperChips,7.36
12,125,SourPunchStrawsApple,1.04
12,109,Runts,0.96
12,78,MentosRainbow,8.15
12,69,LaysSweetSouthernHeatBarbecue,4.46
12,106,RitzBitsPeanutButter,6.37
12,7,AlmondJoy,6.2
12,136,Take5,4.89
12,13,BunchaCrunch,1.83
12,32,DoveCaramelMilkChocolate,6.03
12,92,Pez,5.98
12,126,SourPunchStrawsStrawberry,4.11
12,8,BabyRuth,5.99
12,72,LindtDarkChocolate,8.15
12,11,BlowPopSourApple,7.58
12,116,Snickers,7.07
12,62,KitKat,6.05
12,141,TwizzlersStrawberry,6.41
12,137,Toblerone,6.8
12,18,CheetosCrunchy,1.09
12,95,PopcornersKettle,8.18
12,107,RoldGoldTinyTwistPretzels,5.33
12,103,ReesesPeanutButterCup,7.06
12,129,StarburstTropical,7.82
12,33,DoveDarkChocolateBites,7.27
12,57,KeeblerRainbowCookies,6.03
12,130,SunchipsCheddar,7.14
12,110,Shockers,4
12,37,FritosBBQ,3.09
12,59,KettleJalapenoChips,7.75
12,23,ChexMixTraditional,7.06
12,42,GiantSweeTarts,5.12
12,118,SnickersDarkChocolate,6.76
12,96,PopcornersWhiteCheddar,2.05
12,67,LaysDillPickle,8.03
12,121,SnydersMiniPretzels,8.77
12,120,SnydersHoneyMustardOnionNibblerPretzels,3.7
12,88,NerdsRope,6.02
12,66,LaysClassic,6.1
12,80,MilanoCookies,4.71
12,46,Grandma'sChocolateChipCookies,4.02
12,64,LaffyTaffySourApple,3.65
12,40,GhirardelliDarkChocolateSquares,3.74
12,143,Whoppers,6.1
12,108,RufflesCheddarSourCreamChips,5
12,73,LindtMilkChocolate,6.04
12,94,PopcornersJalapeno,5.95
12,3,AirheadsBlueRaspberry,3.21
12,139,Twix,3.16
12,114,SkittlesTropical,6.89
12,123,SnydersPretzelSticks,8
12,19,CheetosPuffs,6.57
12,35,FamousAmos,5.14
12,16,CaramelApplePops,3
12,101,Razzles,6.09
12,79,Mike&IkeZours,4.38
12,6,AirheadsWatermelon,0.05
12,2,3Musketeers,5.07
12,4,AirheadsCherry,2.64
12,100,RaisinetsMilkChocolate,3.81
12,76,M&M'sPeanuts,4.05
12,63,KitKatWhiteChocolate,3.06
12,77,M&M'sPretzel,2.67
12,98,PringlesOriginal,3.67
12,17,CheesePeanutButterCrackers,4.45
12,38,Funyuns,9.07
12,30,DoritosNachoCheese,7.94
12,55,JuniorMints,7.25
12,135,SwedishFishAssorted,2.5
12,91,OreosGolden,3.18
12,105,RitzBitsCheese,4.42
12,56,KeeblerFudgeStripes,6.23
12,24,ChipsAhoy,4.05
12,83,MilkyWayCaramel,6.37
12,25,CombosCheddar,6.07
12,119,SnickersPeanutButter,3.12
12,5,AirheadsGreenApple,4.14
12,115,SlimJim,9.11
12,127,Spree,9.13
12,51,HostessChocolateDonuts,2.95
12,132,SunchipsGardenSalsa,8.04
12,36,Fritos,3.88
12,117,SnickersAlmond,8.16
12,9,BlowPopBlueRaspberry,6.03
12,122,SnydersOriginalNibblers,7.04
12,41,GhirardelliMilkChocolateSquares,7
13,29,DoritosCoolRanch,9.98
13,21,CheezitWhiteCheddar,7.85
13,46,Grandma'sChocolateChipCookies,6.55
13,105,RitzBitsCheese,6.95
13,142,WarHeads,5.72
13,25,CombosCheddar,4.99
13,117,SnickersAlmond,5.52
13,51,HostessChocolateDonuts,7.25
13,48,Grandma'sPeanutButterCookies,6.41
13,144,YorkPeppermintPatty,6.61
13,69,LaysSweetSouthernHeatBarbecue,4.77
13,90,Oreos,6.68
13,74,M&M'sMilkChocolate,9.21
13,92,Pez,7.45
13,87,MunchiesPeanutButter,8.32
13,9,BlowPopBlueRaspberry,5.72
13,23,ChexMixTraditional,5.71
13,6,AirheadsWatermelon,8.27
13,17,CheesePeanutButterCrackers,5.15
13,62,KitKat,8.12
13,61,KettleSalt&VinegarChips,6.53
13,99,PringlesSourCreamOnion,1.84
13,26,CombosPizzeria,3.16
13,50,HeathBar,6.06
13,78,MentosRainbow,5.35
13,122,SnydersOriginalNibblers,6.13
13,132,SunchipsGardenSalsa,9.53
13,97,PringlesCheddar,0.56
13,55,JuniorMints,7.1
13,108,RufflesCheddarSourCreamChips,5.2
13,118,SnickersDarkChocolate,6.4
13,45,Goobers,8.9
13,95,PopcornersKettle,1.27
13,38,Funyuns,8.38
13,84,MilkyWayDark,7.58
13,56,KeeblerFudgeStripes,9.7
13,114,SkittlesTropical,2.69
13,113,SkittlesSours,6.54
13,119,SnickersPeanutButter,8.92
13,64,LaffyTaffySourApple,0.88
13,89,NerdsStrawberryGrape,7.84
13,134,SwedishFish,4.67
13,63,KitKatWhiteChocolate,7.28
13,79,Mike&IkeZours,7.22
13,44,GoldfishCheddar,7.07
13,28,DoritoSpicyChili,7.4
13,98,PringlesOriginal,3.58
13,81,MilkDuds,3.52
13,111,SkittleWildberry,4.06
13,140,TwixPeanutButter,7.3
13,128,Starburst,3.99
13,127,Spree,5
13,5,AirheadsGreenApple,2.52
13,54,JuniorCaramels,8.97
13,13,BunchaCrunch,5
13,30,DoritosNachoCheese,4.76
13,110,Shockers,4.02
13,125,SourPunchStrawsApple,4.5
13,2,3Musketeers,0.28
13,66,LaysClassic,1.91
13,22,ChexMixCheddar,3.16
13,19,CheetosPuffs,8.36
13,40,GhirardelliDarkChocolateSquares,7.67
13,115,SlimJim,4.54
13,37,FritosBBQ,4.01
13,49,GummyWormsSour,5.19
13,129,StarburstTropical,0.77
13,86,MunchiesNachoCheese,4.32
13,47,Grandma'sOatmealRaisinCookies,2.89
13,67,LaysDillPickle,9.12
13,59,KettleJalapenoChips,3.19
13,57,KeeblerRainbowCookies,9.04
13,139,Twix,9.12
13,103,ReesesPeanutButterCup,7.96
13,31,Dots,4.76
13,80,MilanoCookies,8.56
13,101,Razzles,9.49
13,109,Runts,5.29
13,133,SunchipsOriginal,2.65
13,82,MilkyWay,3.94
13,11,BlowPopSourApple,7.83
13,131,SunchipsFrenchOnion,8.22
13,106,RitzBitsPeanutButter,9.54
13,52,HostessCupcakes,7.51
13,88,NerdsRope,3.16
13,3,AirheadsBlueRaspberry,4.92
13,60,KettleSalt&PepperChips,5.85
13,39,GhirardelliCaramelSquares,5.39
13,16,CaramelApplePops,6.5
13,85,MunchiesJalapenoCheddar,6.73
13,135,SwedishFishAssorted,5
13,121,SnydersMiniPretzels,5.84
13,65,LaysCheesyGarlicBread,9.21
13,137,Toblerone,1.1
13,102,Reese'sBigCup,8.85
13,4,AirheadsCherry,7.19
13,27,Crunch,3.11
13,70,LifeSaversGummies,7.09
13,34,DoveMilk&PeanutButterBites,7.64
13,42,GiantSweeTarts,9.5
13,43,Gobstoppers,3.5
13,120,SnydersHoneyMustardOnionNibblerPretzels,8.56
13,124,SourPatchKids,8.8
13,94,PopcornersJalapeno,8.51
13,116,Snickers,7.27
13,75,M&M'sMint,5
13,93,PopcornWhiteCheddar,8.91
13,73,LindtMilkChocolate,2.6
13,76,M&M'sPeanuts,6.43
13,83,MilkyWayCaramel,1.6
13,53,HostessPowderedDonut,6.14
13,77,M&M'sPretzel,7.42
13,10,BlowPopCherry,5.07
13,12,BlowPopWatermelon,6.53
13,35,FamousAmos,5.48
13,8,BabyRuth,8.31
13,1,100Grand,5
13,58,KettleBBQChips,2.67
13,123,SnydersPretzelSticks,7.14
13,72,LindtDarkChocolate,2.75
13,15,ButterfingerBites,8.41
13,41,GhirardelliMilkChocolateSquares,6.76
13,91,OreosGolden,7.37
13,20,Cheez-it,6.49
13,112,Skittles,2.78
13,33,DoveDarkChocolateBites,5.5
13,71,LifesaversGummiesSours,4.75
13,36,Fritos,5.45
13,100,RaisinetsMilkChocolate,3.94
13,107,RoldGoldTinyTwistPretzels,7.45
13,14,Butterfinger,5.14
13,136,Take5,8.43
13,104,ReesesPieces,7.54
13,130,SunchipsCheddar,7.31
13,7,AlmondJoy,7.72
13,68,LaysSourCreamAndOnion,7.23
13,24,ChipsAhoy,9.02
13,96,PopcornersWhiteCheddar,6.41
13,126,SourPunchStrawsStrawberry,7.13
13,138,TrailMix,7.19
13,143,Whoppers,8.37
13,32,DoveCaramelMilkChocolate,1.1
13,141,TwizzlersStrawberry,7.81
13,18,CheetosCrunchy,4.59
14,137,Toblerone,1.45
14,93,PopcornWhiteCheddar,2.55
14,16,CaramelApplePops,4.94
14,104,ReesesPieces,4.68
14,91,OreosGolden,4.94
14,133,SunchipsOriginal,4.66
14,80,MilanoCookies,2.86
14,84,MilkyWayDark,3.49
14,102,Reese'sBigCup,2.71
14,38,Funyuns,4.19
14,1,100Grand,4.38
14,2,3Musketeers,4.9
14,112,Skittles,6.11
14,69,LaysSweetSouthernHeatBarbecue,5.12
14,13,BunchaCrunch,2.79
14,67,LaysDillPickle,1.96
14,28,DoritoSpicyChili,4.03
14,9,BlowPopBlueRaspberry,7.29
14,33,DoveDarkChocolateBites,7.6
14,96,PopcornersWhiteCheddar,9.21
14,58,KettleBBQChips,9.23
14,135,SwedishFishAssorted,2.94
14,92,Pez,7.37
14,105,RitzBitsCheese,7.85
14,8,BabyRuth,3.57
14,114,SkittlesTropical,3.5
14,86,MunchiesNachoCheese,7.38
14,119,SnickersPeanutButter,3.43
14,5,AirheadsGreenApple,8.39
14,95,PopcornersKettle,9.67
14,57,KeeblerRainbowCookies,2.02
14,136,Take5,2.68
14,139,Twix,6.35
14,103,ReesesPeanutButterCup,5.53
14,68,LaysSourCreamAndOnion,8.06
14,30,DoritosNachoCheese,4.21
14,25,CombosCheddar,3.79
14,18,CheetosCrunchy,3.54
14,39,GhirardelliCaramelSquares,3.46
14,34,DoveMilk&PeanutButterBites,7.44
14,99,PringlesSourCreamOnion,4.99
14,35,FamousAmos,5.01
14,27,Crunch,5.02
14,4,AirheadsCherry,9.44
14,108,RufflesCheddarSourCreamChips,3.35
14,52,HostessCupcakes,6.38
14,65,LaysCheesyGarlicBread,4.7
14,106,RitzBitsPeanutButter,5.24
14,81,MilkDuds,5.59
14,19,CheetosPuffs,1.61
14,138,TrailMix,9.39
14,89,NerdsStrawberryGrape,3.54
14,26,CombosPizzeria,7.51
14,75,M&M'sMint,1.33
14,43,Gobstoppers,8.58
14,73,LindtMilkChocolate,7.37
14,32,DoveCaramelMilkChocolate,7.3
14,29,DoritosCoolRanch,8.28
14,3,AirheadsBlueRaspberry,8.92
14,94,PopcornersJalapeno,8.39
14,49,GummyWormsSour,5.5
14,56,KeeblerFudgeStripes,8.34
14,6,AirheadsWatermelon,7.05
14,14,Butterfinger,5.01
14,74,M&M'sMilkChocolate,4.54
14,132,SunchipsGardenSalsa,6.04
14,20,Cheez-it,2.39
14,11,BlowPopSourApple,9.37
14,61,KettleSalt&VinegarChips,9.14
14,66,LaysClassic,2.7
14,70,LifeSaversGummies,2.89
14,79,Mike&IkeZours,7.99
14,46,Grandma'sChocolateChipCookies,7.16
14,116,Snickers,3.91
14,126,SourPunchStrawsStrawberry,9
14,17,CheesePeanutButterCrackers,7.89
14,125,SourPunchStrawsApple,4.87
14,110,Shockers,3.71
14,88,NerdsRope,6.46
14,24,ChipsAhoy,9.21
14,76,M&M'sPeanuts,5.3
14,31,Dots,1.44
14,12,BlowPopWatermelon,2.39
14,122,SnydersOriginalNibblers,3.46
14,42,GiantSweeTarts,6.28
14,97,PringlesCheddar,4.96
14,36,Fritos,5.21
14,64,LaffyTaffySourApple,1.92
14,10,BlowPopCherry,6.27
14,113,SkittlesSours,7.65
14,90,Oreos,7.07
14,48,Grandma'sPeanutButterCookies,6.1
14,71,LifesaversGummiesSours,8.03
14,54,JuniorCaramels,5.39
14,144,YorkPeppermintPatty,4.18
14,140,TwixPeanutButter,2.6
14,63,KitKatWhiteChocolate,7.18
14,131,SunchipsFrenchOnion,8.85
14,55,JuniorMints,6.98
14,44,GoldfishCheddar,1.46
14,115,SlimJim,1.62
14,101,Razzles,5.23
14,100,RaisinetsMilkChocolate,7.67
14,107,RoldGoldTinyTwistPretzels,5.5
14,40,GhirardelliDarkChocolateSquares,3.87
14,21,CheezitWhiteCheddar,7.57
14,141,TwizzlersStrawberry,6.29
14,77,M&M'sPretzel,8.21
14,59,KettleJalapenoChips,2.8
14,47,Grandma'sOatmealRaisinCookies,6.11
14,83,MilkyWayCaramel,7.24
14,7,AlmondJoy,8.37
14,85,MunchiesJalapenoCheddar,8.25
14,124,SourPatchKids,4.04
14,60,KettleSalt&PepperChips,1.51
14,23,ChexMixTraditional,2.8
14,53,HostessPowderedDonut,1.25
14,37,FritosBBQ,2.71
14,121,SnydersMiniPretzels,3.47
14,134,SwedishFish,8.79
14,51,HostessChocolateDonuts,7.01
14,62,KitKat,8.75
14,111,SkittleWildberry,8.34
14,128,Starburst,8.28
14,109,Runts,6.69
14,117,SnickersAlmond,6.12
14,82,MilkyWay,1.2
14,50,HeathBar,6.09
14,143,Whoppers,3.23
14,127,Spree,7.28
14,130,SunchipsCheddar,8.12
14,87,MunchiesPeanutButter,7.75
14,78,MentosRainbow,6.49
14,41,GhirardelliMilkChocolateSquares,4.6
14,45,Goobers,3.13
14,118,SnickersDarkChocolate,2.18
14,98,PringlesOriginal,6.02
14,15,ButterfingerBites,7.73
14,22,ChexMixCheddar,2.15
14,72,LindtDarkChocolate,3.14
14,129,StarburstTropical,2.81
14,142,WarHeads,6.99
14,120,SnydersHoneyMustardOnionNibblerPretzels,1.02
14,123,SnydersPretzelSticks,8.91
15,108,RufflesCheddarSourCreamChips,0.98
15,1,100Grand,0.07
15,69,LaysSweetSouthernHeatBarbecue,1.43
15,18,CheetosCrunchy,0.06
15,19,CheetosPuffs,0.05
15,139,Twix,0.05
15,119,SnickersPeanutButter,0.34
15,61,KettleSalt&VinegarChips,0.17
15,53,HostessPowderedDonut,9.93
15,3,AirheadsBlueRaspberry,9.99
15,40,GhirardelliDarkChocolateSquares,0.07
15,124,SourPatchKids,9.89
15,75,M&M'sMint,0.15
15,127,Spree,9.29
15,22,ChexMixCheddar,9.27
15,26,CombosPizzeria,5.08
15,35,FamousAmos,6.46
15,57,KeeblerRainbowCookies,2.55
15,46,Grandma'sChocolateChipCookies,3.09
15,41,GhirardelliMilkChocolateSquares,2.8
15,95,PopcornersKettle,0.08
15,32,DoveCaramelMilkChocolate,0.43
15,4,AirheadsCherry,0.52
15,48,Grandma'sPeanutButterCookies,0.15
15,29,DoritosCoolRanch,0.01
15,15,ButterfingerBites,0
15,143,Whoppers,0.27
15,106,RitzBitsPeanutButter,0.23
15,121,SnydersMiniPretzels,0.09
15,47,Grandma'sOatmealRaisinCookies,0.23
15,125,SourPunchStrawsApple,0.16
15,129,StarburstTropical,0.5
15,62,KitKat,0.21
15,87,MunchiesPeanutButter,0.07
15,14,Butterfinger,0.06
15,82,MilkyWay,0.22
15,10,BlowPopCherry,0.22
15,118,SnickersDarkChocolate,9.96
15,25,CombosCheddar,9.88
15,131,SunchipsFrenchOnion,7.52
15,137,Toblerone,8.78
15,122,SnydersOriginalNibblers,9.99
15,66,LaysClassic,0.43
15,23,ChexMixTraditional,9.95
15,13,BunchaCrunch,0.37
15,81,MilkDuds,0.1
15,141,TwizzlersStrawberry,0.04
15,78,MentosRainbow,0
15,77,M&M'sPretzel,5.97
15,17,CheesePeanutButterCrackers,0.21
15,56,KeeblerFudgeStripes,9.89
15,105,RitzBitsCheese,0.17
15,92,Pez,2.25
15,20,Cheez-it,0.18
15,101,Razzles,0.22
15,144,YorkPeppermintPatty,0.03
15,5,AirheadsGreenApple,0.09
15,140,TwixPeanutButter,0.12
15,11,BlowPopSourApple,0.06
15,64,LaffyTaffySourApple,8.42
15,117,SnickersAlmond,2.34
15,2,3Musketeers,9.08
15,98,PringlesOriginal,0.18
15,67,LaysDillPickle,0.34
15,94,PopcornersJalapeno,0.19
15,68,LaysSourCreamAndOnion,0.62
15,43,Gobstoppers,9.98
15,88,NerdsRope,0.45
15,90,Oreos,0.7
15,109,Runts,0.2
15,49,GummyWormsSour,0.09
15,86,MunchiesNachoCheese,0.19
15,7,AlmondJoy,0.21
15,135,SwedishFishAssorted,0.03
15,27,Crunch,0.13
15,30,DoritosNachoCheese,0.05
15,138,TrailMix,0
15,84,MilkyWayDark,0
15,51,HostessChocolateDonuts,0.07
15,102,Reese'sBigCup,9.87
15,73,LindtMilkChocolate,0.06
15,72,LindtDarkChocolate,0.24
15,100,RaisinetsMilkChocolate,0.23
15,85,MunchiesJalapenoCheddar,0.05
15,142,WarHeads,0.15
15,65,LaysCheesyGarlicBread,5.6
15,136,Take5,4.43
15,114,SkittlesTropical,0.37
15,8,BabyRuth,0.08
15,83,MilkyWayCaramel,7.01
15,21,CheezitWhiteCheddar,0.03
15,12,BlowPopWatermelon,0
15,113,SkittlesSours,0.11
15,58,KettleBBQChips,0.24
15,54,JuniorCaramels,0.39
15,9,BlowPopBlueRaspberry,0.26
15,37,FritosBBQ,0.22
15,36,Fritos,0.17
15,111,SkittleWildberry,0
15,63,KitKatWhiteChocolate,0.22
15,96,PopcornersWhiteCheddar,0.01
15,97,PringlesCheddar,9.91
15,107,RoldGoldTinyTwistPretzels,9.95
15,28,DoritoSpicyChili,6.61
15,133,SunchipsOriginal,6.29
15,126,SourPunchStrawsStrawberry,6.58
15,91,OreosGolden,8.41
15,6,AirheadsWatermelon,1.63
15,59,KettleJalapenoChips,0.16
15,93,PopcornWhiteCheddar,0
15,123,SnydersPretzelSticks,0.2
15,80,MilanoCookies,0.13
15,116,Snickers,0.1
15,39,GhirardelliCaramelSquares,0.17
15,42,GiantSweeTarts,9.97
15,70,LifeSaversGummies,0.09
15,130,SunchipsCheddar,0.14
15,55,JuniorMints,0.2
15,99,PringlesSourCreamOnion,0.79
15,50,HeathBar,0.12
15,52,HostessCupcakes,8.33
15,74,M&M'sMilkChocolate,8.4
15,89,NerdsStrawberryGrape,9.66
15,103,ReesesPeanutButterCup,0.26
15,45,Goobers,0
15,76,M&M'sPeanuts,0.16
15,31,Dots,0.17
15,79,Mike&IkeZours,0.04
15,71,LifesaversGummiesSours,0
15,115,SlimJim,0.28
15,24,ChipsAhoy,0.03
15,120,SnydersHoneyMustardOnionNibblerPretzels,0.1
15,112,Skittles,0.29
15,134,SwedishFish,0.1
15,33,DoveDarkChocolateBites,0.29
15,38,Funyuns,0.14
15,110,Shockers,0.01
15,16,CaramelApplePops,0.04
15,104,ReesesPieces,0.81
15,128,Starburst,0.09
15,34,DoveMilk&PeanutButterBites,0
15,44,GoldfishCheddar,0.08
15,132,SunchipsGardenSalsa,0.5
15,60,KettleSalt&PepperChips,9.89
16,92,Pez,2.36
16,90,Oreos,6.67
16,94,PopcornersJalapeno,9.48
16,79,Mike&IkeZours,9.19
16,105,RitzBitsCheese,9.1
16,122,SnydersOriginalNibblers,9.11
16,82,MilkyWay,6.8
16,139,Twix,5.56
16,137,Toblerone,1.45
16,87,MunchiesPeanutButter,2.88
16,134,SwedishFish,7.73
16,17,CheesePeanutButterCrackers,0.98
16,115,SlimJim,3.22
16,66,LaysClassic,5.15
16,77,M&M'sPretzel,4.41
16,70,LifeSaversGummies,9.94
16,135,SwedishFishAssorted,4.24
16,52,HostessCupcakes,3.63
16,67,LaysDillPickle,4.96
16,12,BlowPopWatermelon,4.99
16,50,HeathBar,1.83
16,37,FritosBBQ,4.22
16,65,LaysCheesyGarlicBread,3.92
16,125,SourPunchStrawsApple,7.5
16,117,SnickersAlmond,3.29
16,91,OreosGolden,4.24
16,96,PopcornersWhiteCheddar,4.05
16,144,YorkPeppermintPatty,2.31
16,16,CaramelApplePops,2.32
16,123,SnydersPretzelSticks,3.75
16,99,PringlesSourCreamOnion,1.65
16,81,MilkDuds,9.61
16,121,SnydersMiniPretzels,4.94
16,33,DoveDarkChocolateBites,9.55
16,131,SunchipsFrenchOnion,8.35
16,40,GhirardelliDarkChocolateSquares,1.86
16,68,LaysSourCreamAndOnion,0.94
16,53,HostessPowderedDonut,2.9
16,130,SunchipsCheddar,9.85
16,143,Whoppers,9.47
16,108,RufflesCheddarSourCreamChips,7.52
16,22,ChexMixCheddar,0.63
16,78,MentosRainbow,1.84
16,113,SkittlesSours,5.18
16,31,Dots,2.89
16,5,AirheadsGreenApple,8.76
16,14,Butterfinger,0.85
16,58,KettleBBQChips,0.67
16,97,PringlesCheddar,5.79
16,61,KettleSalt&VinegarChips,5.96
16,74,M&M'sMilkChocolate,1.03
16,118,SnickersDarkChocolate,7.99
16,41,GhirardelliMilkChocolateSquares,1.96
16,36,Fritos,1.87
16,21,CheezitWhiteCheddar,1.15
16,55,JuniorMints,6.67
16,124,SourPatchKids,6.35
16,136,Take5,7.64
16,27,Crunch,2.97
16,106,RitzBitsPeanutButter,3.56
16,24,ChipsAhoy,3.28
16,59,KettleJalapenoChips,6.37
16,44,GoldfishCheddar,0.88
16,43,Gobstoppers,8.42
16,107,RoldGoldTinyTwistPretzels,1.73
16,126,SourPunchStrawsStrawberry,2.95
16,6,AirheadsWatermelon,0.95
16,49,GummyWormsSour,6.28
16,45,Goobers,8.9
16,64,LaffyTaffySourApple,5.06
16,140,TwixPeanutButter,6.04
16,54,JuniorCaramels,8
16,129,StarburstTropical,6.62
16,83,MilkyWayCaramel,5.48
16,1,100Grand,0.16
16,56,KeeblerFudgeStripes,3.67
16,85,MunchiesJalapenoCheddar,3.12
16,48,Grandma'sPeanutButterCookies,2.14
16,57,KeeblerRainbowCookies,6.03
16,23,ChexMixTraditional,7.27
16,15,ButterfingerBites,2.21
16,138,TrailMix,7.53
16,13,BunchaCrunch,7.91
16,2,3Musketeers,8.47
16,75,M&M'sMint,3.72
16,132,SunchipsGardenSalsa,1.97
16,100,RaisinetsMilkChocolate,5.57
16,88,NerdsRope,3.42
16,42,GiantSweeTarts,3.43
16,120,SnydersHoneyMustardOnionNibblerPretzels,6.9
16,104,ReesesPieces,6.1
16,35,FamousAmos,1.19
16,63,KitKatWhiteChocolate,3.92
16,110,Shockers,1.92
16,26,CombosPizzeria,1.13
16,7,AlmondJoy,1.45
16,8,BabyRuth,8.03
16,10,BlowPopCherry,6.55
16,69,LaysSweetSouthernHeatBarbecue,2.55
16,103,ReesesPeanutButterCup,3.79
16,28,DoritoSpicyChili,1.22
16,60,KettleSalt&PepperChips,2.9
16,25,CombosCheddar,1.6
16,84,MilkyWayDark,4.16
16,86,MunchiesNachoCheese,4.45
16,20,Cheez-it,4.26
16,19,CheetosPuffs,3.97
16,128,Starburst,6.89
16,119,SnickersPeanutButter,0.7
16,93,PopcornWhiteCheddar,1.06
16,141,TwizzlersStrawberry,3.23
16,142,WarHeads,5.93
16,80,MilanoCookies,7.18
16,51,HostessChocolateDonuts,2.39
16,3,AirheadsBlueRaspberry,3.79
16,46,Grandma'sChocolateChipCookies,9.42
16,127,Spree,7.57
16,4,AirheadsCherry,6.58
16,34,DoveMilk&PeanutButterBites,7.63
16,9,BlowPopBlueRaspberry,3.77
16,95,PopcornersKettle,3.9
16,101,Razzles,4.93
16,39,GhirardelliCaramelSquares,4.29
16,116,Snickers,6.91
16,76,M&M'sPeanuts,4.82
16,62,KitKat,6.45
16,98,PringlesOriginal,2.9
16,38,Funyuns,5.08
16,11,BlowPopSourApple,5.09
16,114,SkittlesTropical,1.97
16,133,SunchipsOriginal,0.77
16,111,SkittleWildberry,1.35
16,109,Runts,0.42
16,18,CheetosCrunchy,5.99
16,30,DoritosNachoCheese,4.86
16,71,LifesaversGummiesSours,5.77
16,32,DoveCaramelMilkChocolate,4.13
16,89,NerdsStrawberryGrape,8.4
16,29,DoritosCoolRanch,9.24
16,112,Skittles,8.94
16,72,LindtDarkChocolate,6.53
16,102,Reese'sBigCup,1.93
16,73,LindtMilkChocolate,2.08
16,47,Grandma'sOatmealRaisinCookies,2.03
17,23,ChexMixTraditional,8.43
17,44,GoldfishCheddar,2.43
17,133,SunchipsOriginal,8.02
17,3,AirheadsBlueRaspberry,2.47
17,138,TrailMix,3.38
17,27,Crunch,2.82
17,82,MilkyWay,9
17,34,DoveMilk&PeanutButterBites,9.77
17,128,Starburst,0.6
17,119,SnickersPeanutButter,0.66
17,41,GhirardelliMilkChocolateSquares,1.14
17,132,SunchipsGardenSalsa,1.52
17,56,KeeblerFudgeStripes,9.49
17,96,PopcornersWhiteCheddar,8.05
17,52,HostessCupcakes,8.46
17,130,SunchipsCheddar,0.93
17,2,3Musketeers,1.33
17,65,LaysCheesyGarlicBread,2.35
17,103,ReesesPeanutButterCup,1.82
17,87,MunchiesPeanutButter,1.26
17,117,SnickersAlmond,2.71
17,18,CheetosCrunchy,1.72
17,120,SnydersHoneyMustardOnionNibblerPretzels,1.22
17,112,Skittles,8.86
17,115,SlimJim,1.83
17,89,NerdsStrawberryGrape,0.8
17,102,Reese'sBigCup,8.05
17,137,Toblerone,1.94
17,122,SnydersOriginalNibblers,2.63
17,106,RitzBitsPeanutButter,8.71
17,31,Dots,2.35
17,5,AirheadsGreenApple,6.69
17,86,MunchiesNachoCheese,7.67
17,13,BunchaCrunch,2.53
17,32,DoveCaramelMilkChocolate,8.91
17,100,RaisinetsMilkChocolate,1.1
17,67,LaysDillPickle,1.67
17,81,MilkDuds,1.83
17,57,KeeblerRainbowCookies,7.51
17,4,AirheadsCherry,8.34
17,8,BabyRuth,6.45
17,110,Shockers,8.72
17,30,DoritosNachoCheese,7.6
17,37,FritosBBQ,1.62
17,43,Gobstoppers,8.69
17,127,Spree,7.44
17,135,SwedishFishAssorted,1.51
17,47,Grandma'sOatmealRaisinCookies,1.39
17,88,NerdsRope,8.73
17,70,LifeSaversGummies,2.54
17,63,KitKatWhiteChocolate,9.28
17,143,Whoppers,7.13
17,48,Grandma'sPeanutButterCookies,6.12
17,14,Butterfinger,2.75
17,59,KettleJalapenoChips,1.23
17,72,LindtDarkChocolate,5.37
17,54,JuniorCaramels,9.12
17,61,KettleSalt&VinegarChips,1.42
17,53,HostessPowderedDonut,1.72
17,97,PringlesCheddar,7.19
17,99,PringlesSourCreamOnion,8.32
17,109,Runts,8.74
17,24,ChipsAhoy,8.25
17,42,GiantSweeTarts,9.04
17,124,SourPatchKids,2.46
17,68,LaysSourCreamAndOnion,5.88
17,75,M&M'sMint,1.39
17,111,SkittleWildberry,0.8
17,76,M&M'sPeanuts,2.25
17,9,BlowPopBlueRaspberry,7.89
17,73,LindtMilkChocolate,7.23
17,129,StarburstTropical,7.37
17,58,KettleBBQChips,1.77
17,33,DoveDarkChocolateBites,7.72
17,46,Grandma'sChocolateChipCookies,1.48
17,108,RufflesCheddarSourCreamChips,9.49
17,66,LaysClassic,7.83
17,71,LifesaversGummiesSours,9.22
17,17,CheesePeanutButterCrackers,8.68
17,55,JuniorMints,8.76
17,126,SourPunchStrawsStrawberry,1.41
17,6,AirheadsWatermelon,5.72
17,1,100Grand,9.18
17,140,TwixPeanutButter,3.25
17,10,BlowPopCherry,1.3
17,39,GhirardelliCaramelSquares,2.37
17,90,Oreos,2.57
17,36,Fritos,9.86
17,121,SnydersMiniPretzels,9.36
17,77,M&M'sPretzel,8.62
17,21,CheezitWhiteCheddar,5.01
17,91,OreosGolden,10
17,50,HeathBar,1.18
17,105,RitzBitsCheese,9.64
17,51,HostessChocolateDonuts,2.28
17,104,ReesesPieces,3.73
17,79,Mike&IkeZours,3.45
17,123,SnydersPretzelSticks,8.76
17,95,PopcornersKettle,2.42
17,139,Twix,1.66
17,62,KitKat,9.26
17,107,RoldGoldTinyTwistPretzels,1.21
17,114,SkittlesTropical,2.47
17,98,PringlesOriginal,8.51
17,25,CombosCheddar,2.57
17,64,LaffyTaffySourApple,2.51
17,28,DoritoSpicyChili,1.89
17,125,SourPunchStrawsApple,7.45
17,7,AlmondJoy,9.32
17,19,CheetosPuffs,1.01
17,83,MilkyWayCaramel,9.69
17,11,BlowPopSourApple,8.52
17,15,ButterfingerBites,8.67
17,113,SkittlesSours,8.33
17,49,GummyWormsSour,0.24
17,93,PopcornWhiteCheddar,8.74
17,45,Goobers,2.95
17,134,SwedishFish,8.2
17,40,GhirardelliDarkChocolateSquares,6.23
17,74,M&M'sMilkChocolate,2.71
17,12,BlowPopWatermelon,1.72
17,38,Funyuns,2.29
17,78,MentosRainbow,0.78
17,144,YorkPeppermintPatty,8.3
17,136,Take5,9.16
17,142,WarHeads,8.66
17,22,ChexMixCheddar,1.67
17,29,DoritosCoolRanch,7.65
17,94,PopcornersJalapeno,7.72
17,69,LaysSweetSouthernHeatBarbecue,2.75
17,84,MilkyWayDark,2.46
17,131,SunchipsFrenchOnion,3.19
17,116,Snickers,1.65
17,141,TwizzlersStrawberry,8.69
17,85,MunchiesJalapenoCheddar,9.48
17,80,MilanoCookies,8.01
17,118,SnickersDarkChocolate,9.94
17,60,KettleSalt&PepperChips,1.83
17,26,CombosPizzeria,8.88
17,101,Razzles,7.91
17,20,Cheez-it,7.41
17,35,FamousAmos,9.41
17,16,CaramelApplePops,8.48
17,92,Pez,1.59
18,142,WarHeads,0
18,25,CombosCheddar,2.74
18,68,LaysSourCreamAndOnion,0.36
18,82,MilkyWay,1.09
18,20,Cheez-it,0.23
18,115,SlimJim,1
18,102,Reese'sBigCup,0
18,26,CombosPizzeria,0
18,107,RoldGoldTinyTwistPretzels,1.03
18,85,MunchiesJalapenoCheddar,1.61
18,41,GhirardelliMilkChocolateSquares,0.76
18,131,SunchipsFrenchOnion,0.93
18,50,HeathBar,1.15
18,87,MunchiesPeanutButter,1.08
18,77,M&M'sPretzel,2.01
18,140,TwixPeanutButter,1.08
18,9,BlowPopBlueRaspberry,3.05
18,54,JuniorCaramels,3.82
18,32,DoveCaramelMilkChocolate,1.9
18,91,OreosGolden,6.02
18,97,PringlesCheddar,6.98
18,130,SunchipsCheddar,6.94
18,120,SnydersHoneyMustardOnionNibblerPretzels,5
18,61,KettleSalt&VinegarChips,3.03
18,58,KettleBBQChips,0.45
18,15,ButterfingerBites,0
18,108,RufflesCheddarSourCreamChips,2.96
18,118,SnickersDarkChocolate,3.04
18,84,MilkyWayDark,7.74
18,6,AirheadsWatermelon,7.99
18,138,TrailMix,0
18,73,LindtMilkChocolate,6.97
18,42,GiantSweeTarts,3.02
18,80,MilanoCookies,4.96
18,128,Starburst,3.06
18,101,Razzles,2.07
18,72,LindtDarkChocolate,4.01
18,86,MunchiesNachoCheese,0
18,116,Snickers,8.06
18,1,100Grand,3.87
18,104,ReesesPieces,5.02
18,96,PopcornersWhiteCheddar,3.07
18,21,CheezitWhiteCheddar,1.03
18,121,SnydersMiniPretzels,4.08
18,47,Grandma'sOatmealRaisinCookies,1.06
18,135,SwedishFishAssorted,2
18,117,SnickersAlmond,0
18,57,KeeblerRainbowCookies,2.09
18,78,MentosRainbow,6.04
18,103,ReesesPeanutButterCup,0.09
18,81,MilkDuds,3.94
18,19,CheetosPuffs,1.04
18,119,SnickersPeanutButter,7.15
18,94,PopcornersJalapeno,1.02
18,66,LaysClassic,4.99
18,139,Twix,6.22
18,111,SkittleWildberry,3.01
18,36,Fritos,4.03
18,99,PringlesSourCreamOnion,0
18,18,CheetosCrunchy,0.56
18,129,StarburstTropical,3.99
18,28,DoritoSpicyChili,8.91
18,52,HostessCupcakes,9.53
18,12,BlowPopWatermelon,0
18,122,SnydersOriginalNibblers,3.1
18,56,KeeblerFudgeStripes,7.01
18,35,FamousAmos,5.07
18,2,3Musketeers,7
18,11,BlowPopSourApple,6.1
18,95,PopcornersKettle,1.98
18,31,Dots,2.9
18,127,Spree,6.1
18,134,SwedishFish,8.97
18,70,LifeSaversGummies,3.9
18,45,Goobers,6.05
18,4,AirheadsCherry,0
18,141,TwizzlersStrawberry,0.01
18,8,BabyRuth,0.44
18,71,LifesaversGummiesSours,0
18,74,M&M'sMilkChocolate,4.01
18,133,SunchipsOriginal,1.95
18,105,RitzBitsCheese,3.01
18,7,AlmondJoy,2.03
18,89,NerdsStrawberryGrape,2.02
18,106,RitzBitsPeanutButter,0.99
18,3,AirheadsBlueRaspberry,1.14
18,38,Funyuns,0.79
18,63,KitKatWhiteChocolate,0.06
18,62,KitKat,2.96
18,67,LaysDillPickle,3.99
18,93,PopcornWhiteCheddar,6.34
18,144,YorkPeppermintPatty,0.31
18,53,HostessPowderedDonut,3.12
18,113,SkittlesSours,0
18,55,JuniorMints,0.76
18,33,DoveDarkChocolateBites,0.25
18,16,CaramelApplePops,1.99
18,44,GoldfishCheddar,4.03
18,40,GhirardelliDarkChocolateSquares,3.95
18,137,Toblerone,0
18,88,NerdsRope,1
18,69,LaysSweetSouthernHeatBarbecue,7.99
18,48,Grandma'sPeanutButterCookies,7.99
18,27,Crunch,7.02
18,90,Oreos,9.03
18,60,KettleSalt&PepperChips,3.91
18,65,LaysCheesyGarlicBread,4.25
18,23,ChexMixTraditional,0.88
18,43,Gobstoppers,0
18,59,KettleJalapenoChips,1
18,14,Butterfinger,3.66
18,123,SnydersPretzelSticks,2.18
18,30,DoritosNachoCheese,3.13
18,109,Runts,2.97
18,64,LaffyTaffySourApple,0
18,76,M&M'sPeanuts,0
18,79,Mike&IkeZours,0
18,143,Whoppers,0
18,83,MilkyWayCaramel,0
18,92,Pez,0
18,5,AirheadsGreenApple,0
18,10,BlowPopCherry,0
18,24,ChipsAhoy,0
18,124,SourPatchKids,2.45
18,51,HostessChocolateDonuts,1
18,98,PringlesOriginal,5.98
18,17,CheesePeanutButterCrackers,0.89
18,114,SkittlesTropical,2.05
18,125,SourPunchStrawsApple,2.36
18,110,Shockers,2.06
18,126,SourPunchStrawsStrawberry,4.02
18,22,ChexMixCheddar,0
18,46,Grandma'sChocolateChipCookies,9.46
18,136,Take5,0
18,29,DoritosCoolRanch,0.38
18,49,GummyWormsSour,0
18,39,GhirardelliCaramelSquares,3.91
18,75,M&M'sMint,0
18,13,BunchaCrunch,6.04
18,34,DoveMilk&PeanutButterBites,4.01
18,100,RaisinetsMilkChocolate,0.15
18,132,SunchipsGardenSalsa,1.16
18,37,FritosBBQ,0
18,112,Skittles,7.01
19,128,Starburst,0.57
19,135,SwedishFishAssorted,1.72
19,60,KettleSalt&PepperChips,5.28
19,68,LaysSourCreamAndOnion,3.42
19,134,SwedishFish,3.2
19,75,M&M'sMint,1.77
19,9,BlowPopBlueRaspberry,0.29
19,140,TwixPeanutButter,0.23
19,36,Fritos,2.99
19,89,NerdsStrawberryGrape,0.37
19,18,CheetosCrunchy,0
19,29,DoritosCoolRanch,0.16
19,121,SnydersMiniPretzels,2.33
19,141,TwizzlersStrawberry,1.43
19,138,TrailMix,0.16
19,112,Skittles,4.86
19,79,Mike&IkeZours,0
19,17,CheesePeanutButterCrackers,4.02
19,35,FamousAmos,3.48
19,40,GhirardelliDarkChocolateSquares,9.7
19,119,SnickersPeanutButter,4.73
19,117,SnickersAlmond,5.1
19,76,M&M'sPeanuts,6.96
19,126,SourPunchStrawsStrawberry,2.72
19,100,RaisinetsMilkChocolate,1.72
19,139,Twix,3.37
19,62,KitKat,1.48
19,114,SkittlesTropical,0.85
19,73,LindtMilkChocolate,4
19,109,Runts,5.3
19,61,KettleSalt&VinegarChips,0.94
19,59,KettleJalapenoChips,8.93
19,124,SourPatchKids,1.55
19,110,Shockers,7.69
19,99,PringlesSourCreamOnion,3
19,31,Dots,5.01
19,46,Grandma'sChocolateChipCookies,0.82
19,14,Butterfinger,8.38
19,13,BunchaCrunch,9.58
19,97,PringlesCheddar,0
19,20,Cheez-it,5.32
19,96,PopcornersWhiteCheddar,7.26
19,113,SkittlesSours,8.24
19,28,DoritoSpicyChili,8.79
19,77,M&M'sPretzel,0.35
19,94,PopcornersJalapeno,4.16
19,143,Whoppers,0.1
19,34,DoveMilk&PeanutButterBites,1.87
19,93,PopcornWhiteCheddar,2.13
19,70,LifeSaversGummies,0.76
19,67,LaysDillPickle,2.55
19,69,LaysSweetSouthernHeatBarbecue,4.85
19,23,ChexMixTraditional,8.04
19,11,BlowPopSourApple,0.3
19,19,CheetosPuffs,0.38
19,4,AirheadsCherry,7.61
19,125,SourPunchStrawsApple,4.5
19,106,RitzBitsPeanutButter,1.87
19,45,Goobers,0.4
19,53,HostessPowderedDonut,10
19,90,Oreos,9.31
19,44,GoldfishCheddar,2.03
19,78,MentosRainbow,3.43
19,92,Pez,4.95
19,56,KeeblerFudgeStripes,0.62
19,84,MilkyWayDark,9.48
19,91,OreosGolden,0.03
19,38,Funyuns,4.99
19,2,3Musketeers,3.22
19,86,MunchiesNachoCheese,1.21
19,26,CombosPizzeria,2.69
19,48,Grandma'sPeanutButterCookies,1.43
19,85,MunchiesJalapenoCheddar,3.91
19,47,Grandma'sOatmealRaisinCookies,5.18
19,102,Reese'sBigCup,4
19,116,Snickers,0
19,72,LindtDarkChocolate,6.75
19,57,KeeblerRainbowCookies,0.11
19,16,CaramelApplePops,1
19,103,ReesesPeanutButterCup,5.3
19,25,CombosCheddar,5.48
19,64,LaffyTaffySourApple,7.17
19,142,WarHeads,5.82
19,33,DoveDarkChocolateBites,0.58
19,65,LaysCheesyGarlicBread,2.66
19,51,HostessChocolateDonuts,0.55
19,129,StarburstTropical,3.73
19,132,SunchipsGardenSalsa,2.64
19,30,DoritosNachoCheese,10
19,95,PopcornersKettle,5.21
19,107,RoldGoldTinyTwistPretzels,7.72
19,1,100Grand,1.93
19,21,CheezitWhiteCheddar,7.52
19,127,Spree,1.54
19,111,SkittleWildberry,2.25
19,42,GiantSweeTarts,0.76
19,15,ButterfingerBites,9.91
19,6,AirheadsWatermelon,7.53
19,123,SnydersPretzelSticks,3.98
19,41,GhirardelliMilkChocolateSquares,0.24
19,74,M&M'sMilkChocolate,0.56
19,115,SlimJim,2.28
19,8,BabyRuth,2.67
19,32,DoveCaramelMilkChocolate,1.18
19,63,KitKatWhiteChocolate,4.68
19,50,HeathBar,1.36
19,7,AlmondJoy,6.58
19,88,NerdsRope,8.37
19,5,AirheadsGreenApple,3.59
19,43,Gobstoppers,0
19,120,SnydersHoneyMustardOnionNibblerPretzels,5.71
19,58,KettleBBQChips,1.99
19,12,BlowPopWatermelon,9.88
19,24,ChipsAhoy,6.21
19,49,GummyWormsSour,5.37
19,130,SunchipsCheddar,9.21
19,108,RufflesCheddarSourCreamChips,1
19,82,MilkyWay,1.34
19,71,LifesaversGummiesSours,0
19,37,FritosBBQ,0.67
19,136,Take5,6
19,131,SunchipsFrenchOnion,9.52
19,104,ReesesPieces,7.39
19,81,MilkDuds,7.01
19,98,PringlesOriginal,1.58
19,10,BlowPopCherry,1.02
19,66,LaysClassic,5.96
19,39,GhirardelliCaramelSquares,5.99
19,101,Razzles,4.6
19,144,YorkPeppermintPatty,7.43
19,122,SnydersOriginalNibblers,0.49
19,3,AirheadsBlueRaspberry,1.4
19,105,RitzBitsCheese,6.27
19,55,JuniorMints,5
19,80,MilanoCookies,5.01
19,87,MunchiesPeanutButter,0.45
19,27,Crunch,5
19,54,JuniorCaramels,0
19,133,SunchipsOriginal,8.96
19,22,ChexMixCheddar,1.02
19,83,MilkyWayCaramel,0
19,137,Toblerone,5.46
19,52,HostessCupcakes,8.86
19,118,SnickersDarkChocolate,0.6
20,100,RaisinetsMilkChocolate,1.75
20,130,SunchipsCheddar,7.39
20,81,MilkDuds,7.57
20,15,ButterfingerBites,6.93
20,86,MunchiesNachoCheese,6.45
20,46,Grandma'sChocolateChipCookies,7.26
20,93,PopcornWhiteCheddar,1.36
20,98,PringlesOriginal,2.78
20,88,NerdsRope,8.77
20,101,Razzles,9.08
20,32,DoveCaramelMilkChocolate,7.97
20,59,KettleJalapenoChips,7.94
20,19,CheetosPuffs,8.95
20,5,AirheadsGreenApple,4.92
20,94,PopcornersJalapeno,5.67
20,27,Crunch,0.44
20,85,MunchiesJalapenoCheddar,5.13
20,3,AirheadsBlueRaspberry,5.5
20,139,Twix,3.45
20,84,MilkyWayDark,6.09
20,34,DoveMilk&PeanutButterBites,5.18
20,111,SkittleWildberry,5.22
20,105,RitzBitsCheese,5.32
20,108,RufflesCheddarSourCreamChips,5.14
20,10,BlowPopCherry,4.53
20,8,BabyRuth,4.76
20,60,KettleSalt&PepperChips,7
20,78,MentosRainbow,3.66
20,30,DoritosNachoCheese,7.14
20,125,SourPunchStrawsApple,5.43
20,21,CheezitWhiteCheddar,6.63
20,17,CheesePeanutButterCrackers,3.45
20,129,StarburstTropical,2.42
20,92,Pez,2.12
20,65,LaysCheesyGarlicBread,5.51
20,41,GhirardelliMilkChocolateSquares,5.46
20,58,KettleBBQChips,7.3
20,61,KettleSalt&VinegarChips,7.01
20,31,Dots,2.42
20,136,Take5,2.64
20,99,PringlesSourCreamOnion,3.04
20,140,TwixPeanutButter,8.9
20,142,WarHeads,8.69
20,72,LindtDarkChocolate,2.62
20,64,LaffyTaffySourApple,3.21
20,45,Goobers,5.97
20,69,LaysSweetSouthernHeatBarbecue,5.1
20,37,FritosBBQ,3.12
20,74,M&M'sMilkChocolate,8.4
20,12,BlowPopWatermelon,1.73
20,143,Whoppers,3.14
20,63,KitKatWhiteChocolate,4.94
20,68,LaysSourCreamAndOnion,3.51
20,44,GoldfishCheddar,0.8
20,56,KeeblerFudgeStripes,6.72
20,28,DoritoSpicyChili,5.42
20,25,CombosCheddar,6.24
20,82,MilkyWay,5.47
20,54,JuniorCaramels,2.55
20,96,PopcornersWhiteCheddar,2.69
20,66,LaysClassic,3.79
20,77,M&M'sPretzel,9.51
20,57,KeeblerRainbowCookies,9.1
20,127,Spree,9.33
20,9,BlowPopBlueRaspberry,4.56
20,128,Starburst,2.69
20,117,SnickersAlmond,2.08
20,116,Snickers,3.61
20,95,PopcornersKettle,4.69
20,14,Butterfinger,8.79
20,39,GhirardelliCaramelSquares,9.01
20,113,SkittlesSours,1.11
20,141,TwizzlersStrawberry,3.48
20,4,AirheadsCherry,8.39
20,126,SourPunchStrawsStrawberry,7.39
20,137,Toblerone,7.06
20,51,HostessChocolateDonuts,8.64
20,2,3Musketeers,7.12
20,67,LaysDillPickle,6.74
20,24,ChipsAhoy,3.32
20,131,SunchipsFrenchOnion,2.22
20,83,MilkyWayCaramel,2.56
20,55,JuniorMints,3.15
20,76,M&M'sPeanuts,3.27
20,144,YorkPeppermintPatty,2.73
20,11,BlowPopSourApple,2.79
20,49,GummyWormsSour,4.26
20,18,CheetosCrunchy,9.93
20,134,SwedishFish,9.91
20,16,CaramelApplePops,6.08
20,119,SnickersPeanutButter,5.01
20,50,HeathBar,7.48
20,62,KitKat,2.55
20,135,SwedishFishAssorted,2.19
20,109,Runts,1.46
20,89,NerdsStrawberryGrape,0.57
20,70,LifeSaversGummies,3.77
20,71,LifesaversGummiesSours,3.82
20,29,DoritosCoolRanch,5.52
20,104,ReesesPieces,5
20,36,Fritos,4.56
20,90,Oreos,8.56
20,133,SunchipsOriginal,9.16
20,33,DoveDarkChocolateBites,8.01
20,124,SourPatchKids,5.61
20,1,100Grand,5.52
20,110,Shockers,4.99
20,132,SunchipsGardenSalsa,4.47
20,103,ReesesPeanutButterCup,9.94
20,107,RoldGoldTinyTwistPretzels,9.62
20,22,ChexMixCheddar,9.46
20,80,MilanoCookies,8.73
20,6,AirheadsWatermelon,9.2
20,20,Cheez-it,5.78
20,122,SnydersOriginalNibblers,0.45
20,120,SnydersHoneyMustardOnionNibblerPretzels,1.88
20,118,SnickersDarkChocolate,2.66
20,115,SlimJim,1.68
20,53,HostessPowderedDonut,2.02
20,91,OreosGolden,6
20,42,GiantSweeTarts,3.91
20,47,Grandma'sOatmealRaisinCookies,6.03
20,121,SnydersMiniPretzels,4.23
20,97,PringlesCheddar,8.93
20,73,LindtMilkChocolate,8.78
20,79,Mike&IkeZours,8.27
20,43,Gobstoppers,7.56
20,138,TrailMix,8.78
20,123,SnydersPretzelSticks,7.89
20,102,Reese'sBigCup,4.05
20,106,RitzBitsPeanutButter,4.54
20,112,Skittles,1.51
20,23,ChexMixTraditional,2.95
20,38,Funyuns,9.62
20,52,HostessCupcakes,8.03
20,26,CombosPizzeria,2.34
20,87,MunchiesPeanutButter,0.12
20,40,GhirardelliDarkChocolateSquares,1.84
20,13,BunchaCrunch,8.15
20,7,AlmondJoy,8.57
20,114,SkittlesTropical,5.72
20,75,M&M'sMint,9.53
20,48,Grandma'sPeanutButterCookies,2.49
20,35,FamousAmos,7.01
21,125,SourPunchStrawsApple,6
21,142,WarHeads,4.66
21,109,Runts,7.44
21,5,AirheadsGreenApple,8.59
21,89,NerdsStrawberryGrape,8.31
21,43,Gobstoppers,7.76
21,137,Toblerone,0.01
21,96,PopcornersWhiteCheddar,4
21,128,Starburst,6.96
21,44,GoldfishCheddar,7.99
21,19,CheetosPuffs,5.99
21,1,100Grand,6.99
21,71,LifesaversGummiesSours,5.01
21,7,AlmondJoy,4.97
21,134,SwedishFish,5
21,85,MunchiesJalapenoCheddar,6.99
21,83,MilkyWayCaramel,7
21,29,DoritosCoolRanch,7.01
21,33,DoveDarkChocolateBites,6
21,131,SunchipsFrenchOnion,6.98
21,86,MunchiesNachoCheese,8
21,17,CheesePeanutButterCrackers,4.99
21,99,PringlesSourCreamOnion,7.7
21,34,DoveMilk&PeanutButterBites,7.98
21,67,LaysDillPickle,6.29
21,4,AirheadsCherry,6.03
21,62,KitKat,6.01
21,118,SnickersDarkChocolate,9.85
21,111,SkittleWildberry,7.03
21,16,CaramelApplePops,7
21,114,SkittlesTropical,6.01
21,141,TwizzlersStrawberry,1.77
21,2,3Musketeers,0.03
21,66,LaysClassic,0
21,82,MilkyWay,7.59
21,136,Take5,6.99
21,105,RitzBitsCheese,3.21
21,102,Reese'sBigCup,7.46
21,42,GiantSweeTarts,0
21,127,Spree,0
21,97,PringlesCheddar,0
21,35,FamousAmos,7.99
21,69,LaysSweetSouthernHeatBarbecue,5.15
21,20,Cheez-it,8.01
21,79,Mike&IkeZours,0
21,40,GhirardelliDarkChocolateSquares,5.65
21,64,LaffyTaffySourApple,6
21,27,Crunch,4.97
21,8,BabyRuth,7
21,70,LifeSaversGummies,5.99
21,15,ButterfingerBites,8.98
21,77,M&M'sPretzel,7.56
21,95,PopcornersKettle,7.01
21,41,GhirardelliMilkChocolateSquares,0
21,32,DoveCaramelMilkChocolate,6.99
21,119,SnickersPeanutButter,9.54
21,56,KeeblerFudgeStripes,6.56
21,117,SnickersAlmond,8
21,51,HostessChocolateDonuts,8.99
21,25,CombosCheddar,7.04
21,92,Pez,6.98
21,22,ChexMixCheddar,8.03
21,138,TrailMix,1.02
21,106,RitzBitsPeanutButter,6.97
21,143,Whoppers,5.01
21,60,KettleSalt&PepperChips,8.04
21,47,Grandma'sOatmealRaisinCookies,0.62
21,110,Shockers,7.4
21,101,Razzles,8
21,21,CheezitWhiteCheddar,5
21,84,MilkyWayDark,4.49
21,28,DoritoSpicyChili,0
21,53,HostessPowderedDonut,0.01
21,38,Funyuns,6.98
21,65,LaysCheesyGarlicBread,5.98
21,37,FritosBBQ,10
21,13,BunchaCrunch,7
21,100,RaisinetsMilkChocolate,4.99
21,133,SunchipsOriginal,6.07
21,122,SnydersOriginalNibblers,8.01
21,93,PopcornWhiteCheddar,0
21,123,SnydersPretzelSticks,3.82
21,58,KettleBBQChips,3.41
21,126,SourPunchStrawsStrawberry,0
21,129,StarburstTropical,5.52
21,107,RoldGoldTinyTwistPretzels,7.01
21,59,KettleJalapenoChips,5.99
21,14,Butterfinger,6.03
21,80,MilanoCookies,9.02
21,72,LindtDarkChocolate,7.01
21,48,Grandma'sPeanutButterCookies,7
21,49,GummyWormsSour,7
21,36,Fritos,7
21,11,BlowPopSourApple,2.25
21,31,Dots,5.01
21,103,ReesesPeanutButterCup,3.99
21,76,M&M'sPeanuts,6.01
21,91,OreosGolden,6.99
21,23,ChexMixTraditional,7.52
21,139,Twix,0
21,130,SunchipsCheddar,9.01
21,54,JuniorCaramels,7.71
21,88,NerdsRope,9
21,26,CombosPizzeria,6
21,116,Snickers,6.99
21,10,BlowPopCherry,9.47
21,135,SwedishFishAssorted,7.48
21,6,AirheadsWatermelon,6
21,45,Goobers,3.99
21,61,KettleSalt&VinegarChips,5.01
21,74,M&M'sMilkChocolate,7.56
21,52,HostessCupcakes,5.99
21,75,M&M'sMint,7.03
21,90,Oreos,5.46
21,68,LaysSourCreamAndOnion,7.46
21,18,CheetosCrunchy,5.04
21,63,KitKatWhiteChocolate,1.28
21,115,SlimJim,0.01
21,132,SunchipsGardenSalsa,5.67
21,94,PopcornersJalapeno,9.64
21,30,DoritosNachoCheese,7.43
21,81,MilkDuds,8.54
21,104,ReesesPieces,7.58
21,113,SkittlesSours,8.03
21,144,YorkPeppermintPatty,7.22
21,39,GhirardelliCaramelSquares,7.52
21,3,AirheadsBlueRaspberry,5
21,112,Skittles,9.51
21,78,MentosRainbow,5.56
21,24,ChipsAhoy,7.14
21,87,MunchiesPeanutButter,7.44
21,55,JuniorMints,8.99
21,124,SourPatchKids,7.02
21,98,PringlesOriginal,8.51
21,50,HeathBar,6.99
21,73,LindtMilkChocolate,6.01
21,140,TwixPeanutButter,0.03
21,9,BlowPopBlueRaspberry,7
21,120,SnydersHoneyMustardOnionNibblerPretzels,5.01
21,57,KeeblerRainbowCookies,4.17
21,12,BlowPopWatermelon,7.77
21,121,SnydersMiniPretzels,5.02
21,108,RufflesCheddarSourCreamChips,5.02
21,46,Grandma'sChocolateChipCookies,7.98
22,144,YorkPeppermintPatty,3
22,113,SkittlesSours,8
22,75,M&M'sMint,9
22,130,SunchipsCheddar,9
22,88,NerdsRope,6
22,58,KettleBBQChips,9
22,83,MilkyWayCaramel,7
22,94,PopcornersJalapeno,4
22,110,Shockers,3.01
22,35,FamousAmos,5.01
22,78,MentosRainbow,4
22,67,LaysDillPickle,4
22,51,HostessChocolateDonuts,2.01
22,23,ChexMixTraditional,5.5
22,12,BlowPopWatermelon,2
22,50,HeathBar,1
22,53,HostessPowderedDonut,0
22,14,Butterfinger,9
22,48,Grandma'sPeanutButterCookies,9
22,36,Fritos,9
22,84,MilkyWayDark,7
22,34,DoveMilk&PeanutButterBites,7
22,37,FritosBBQ,8.5
22,126,SourPunchStrawsStrawberry,6
22,3,AirheadsBlueRaspberry,0
22,143,Whoppers,0
22,92,Pez,6
22,123,SnydersPretzelSticks,6.55
22,4,AirheadsCherry,5
22,136,Take5,4
22,62,KitKat,0
22,119,SnickersPeanutButter,8.5
22,41,GhirardelliMilkChocolateSquares,9
22,104,ReesesPieces,7
22,111,SkittleWildberry,9.5
22,28,DoritoSpicyChili,5
22,13,BunchaCrunch,6.01
22,102,Reese'sBigCup,0
22,15,ButterfingerBites,8
22,138,TrailMix,8.01
22,64,LaffyTaffySourApple,8
22,32,DoveCaramelMilkChocolate,5.01
22,24,ChipsAhoy,0
22,73,LindtMilkChocolate,10
22,20,Cheez-it,1
22,118,SnickersDarkChocolate,0
22,38,Funyuns,0
22,18,CheetosCrunchy,0
22,103,ReesesPeanutButterCup,0
22,76,M&M'sPeanuts,10
22,101,Razzles,0.5
22,61,KettleSalt&VinegarChips,0
22,39,GhirardelliCaramelSquares,0.5
22,60,KettleSalt&PepperChips,0
22,69,LaysSweetSouthernHeatBarbecue,0
22,22,ChexMixCheddar,6
22,81,MilkDuds,2
22,134,SwedishFish,7.01
22,40,GhirardelliDarkChocolateSquares,9
22,11,BlowPopSourApple,10
22,93,PopcornWhiteCheddar,0
22,135,SwedishFishAssorted,7
22,19,CheetosPuffs,6
22,131,SunchipsFrenchOnion,0
22,121,SnydersMiniPretzels,0
22,107,RoldGoldTinyTwistPretzels,4
22,72,LindtDarkChocolate,0
22,89,NerdsStrawberryGrape,7
22,70,LifeSaversGummies,10
22,82,MilkyWay,3
22,52,HostessCupcakes,2
22,74,M&M'sMilkChocolate,5
22,43,Gobstoppers,6
22,90,Oreos,7
22,100,RaisinetsMilkChocolate,1
22,77,M&M'sPretzel,9.5
22,29,DoritosCoolRanch,8
22,109,Runts,0
22,112,Skittles,0
22,120,SnydersHoneyMustardOnionNibblerPretzels,9
22,16,CaramelApplePops,4
22,139,Twix,8
22,127,Spree,7
22,25,CombosCheddar,9
22,99,PringlesSourCreamOnion,0
22,129,StarburstTropical,0
22,27,Crunch,3
22,2,3Musketeers,2
22,80,MilanoCookies,2
22,79,Mike&IkeZours,9
22,132,SunchipsGardenSalsa,8.01
22,56,KeeblerFudgeStripes,4
22,6,AirheadsWatermelon,0
22,66,LaysClassic,1
22,21,CheezitWhiteCheddar,1
22,65,LaysCheesyGarlicBread,0
22,115,SlimJim,8
22,87,MunchiesPeanutButter,7
22,133,SunchipsOriginal,8.01
22,30,DoritosNachoCheese,0
22,91,OreosGolden,3.01
22,85,MunchiesJalapenoCheddar,6
22,96,PopcornersWhiteCheddar,7
22,68,LaysSourCreamAndOnion,2
22,128,Starburst,8.01
22,122,SnydersOriginalNibblers,4
22,106,RitzBitsPeanutButter,8
22,105,RitzBitsCheese,10
22,47,Grandma'sOatmealRaisinCookies,6
22,9,BlowPopBlueRaspberry,1
22,140,TwixPeanutButter,8
22,55,JuniorMints,9
22,10,BlowPopCherry,4.5
22,31,Dots,9
22,137,Toblerone,0
22,42,GiantSweeTarts,3
22,142,WarHeads,3.01
22,141,TwizzlersStrawberry,6
22,124,SourPatchKids,2
22,7,AlmondJoy,10
22,71,LifesaversGummiesSours,8
22,1,100Grand,9.01
22,116,Snickers,9
22,46,Grandma'sChocolateChipCookies,9
22,117,SnickersAlmond,2
22,125,SourPunchStrawsApple,1.01
22,49,GummyWormsSour,0
22,114,SkittlesTropical,9.01
22,33,DoveDarkChocolateBites,8
22,59,KettleJalapenoChips,6
22,8,BabyRuth,4
22,45,Goobers,4
22,98,PringlesOriginal,3
22,26,CombosPizzeria,9
22,5,AirheadsGreenApple,4
22,44,GoldfishCheddar,5
22,63,KitKatWhiteChocolate,7
22,17,CheesePeanutButterCrackers,8
22,108,RufflesCheddarSourCreamChips,4
22,86,MunchiesNachoCheese,0
22,95,PopcornersKettle,4
22,97,PringlesCheddar,2
22,57,KeeblerRainbowCookies,7
22,54,JuniorCaramels,0.63
23,6,AirheadsWatermelon,5.99
23,133,SunchipsOriginal,0.35
23,28,DoritoSpicyChili,5.27
23,16,CaramelApplePops,1.79
23,33,DoveDarkChocolateBites,4.14
23,94,PopcornersJalapeno,4.66
23,38,Funyuns,1.13
23,83,MilkyWayCaramel,1.21
23,66,LaysClassic,2.12
23,98,PringlesOriginal,2.57
23,95,PopcornersKettle,4.63
23,17,CheesePeanutButterCrackers,0.74
23,10,BlowPopCherry,9.08
23,144,YorkPeppermintPatty,4.2
23,111,SkittleWildberry,0.6
23,21,CheezitWhiteCheddar,6.39
23,105,RitzBitsCheese,5.41
23,125,SourPunchStrawsApple,5.89
23,23,ChexMixTraditional,7.09
23,39,GhirardelliCaramelSquares,4.15
23,93,PopcornWhiteCheddar,5.61
23,138,TrailMix,4.54
23,72,LindtDarkChocolate,6.97
23,32,DoveCaramelMilkChocolate,7.33
23,124,SourPatchKids,0.89
23,116,Snickers,0.38
23,135,SwedishFishAssorted,4.74
23,37,FritosBBQ,2.45
23,143,Whoppers,4.01
23,63,KitKatWhiteChocolate,5.25
23,126,SourPunchStrawsStrawberry,7.47
23,52,HostessCupcakes,4.27
23,51,HostessChocolateDonuts,3.19
23,92,Pez,0.66
23,79,Mike&IkeZours,7.95
23,30,DoritosNachoCheese,3.84
23,68,LaysSourCreamAndOnion,1.29
23,131,SunchipsFrenchOnion,5.44
23,9,BlowPopBlueRaspberry,5
23,54,JuniorCaramels,3.41
23,69,LaysSweetSouthernHeatBarbecue,1.56
23,62,KitKat,0.53
23,97,PringlesCheddar,2.4
23,77,M&M'sPretzel,8
23,78,MentosRainbow,5.68
23,42,GiantSweeTarts,2.48
23,121,SnydersMiniPretzels,1.25
23,104,ReesesPieces,1.43
23,58,KettleBBQChips,9.17
23,26,CombosPizzeria,2.32
23,120,SnydersHoneyMustardOnionNibblerPretzels,2.8
23,35,FamousAmos,3.5
23,34,DoveMilk&PeanutButterBites,3.52
23,45,Goobers,3.4
23,103,ReesesPeanutButterCup,6
23,11,BlowPopSourApple,7.32
23,27,Crunch,8.71
23,71,LifesaversGummiesSours,6.39
23,140,TwixPeanutButter,6.5
23,14,Butterfinger,7.82
23,114,SkittlesTropical,3.09
23,80,MilanoCookies,6.23
23,88,NerdsRope,0.06
23,87,MunchiesPeanutButter,1.87
23,112,Skittles,7.01
23,86,MunchiesNachoCheese,2.47
23,136,Take5,4.61
23,122,SnydersOriginalNibblers,4.99
23,81,MilkDuds,5.49
23,1,100Grand,9.19
23,60,KettleSalt&PepperChips,9.35
23,5,AirheadsGreenApple,3.98
23,8,BabyRuth,2.91
23,67,LaysDillPickle,0.82
23,89,NerdsStrawberryGrape,7.49
23,12,BlowPopWatermelon,5.73
23,128,Starburst,8.54
23,73,LindtMilkChocolate,3.4
23,64,LaffyTaffySourApple,4.32
23,110,Shockers,4.62
23,65,LaysCheesyGarlicBread,5.06
23,47,Grandma'sOatmealRaisinCookies,2.77
23,48,Grandma'sPeanutButterCookies,1.22
23,141,TwizzlersStrawberry,1.04
23,91,OreosGolden,4.32
23,84,MilkyWayDark,4.87
23,130,SunchipsCheddar,4.7
23,7,AlmondJoy,9
23,3,AirheadsBlueRaspberry,2.15
23,36,Fritos,3.62
23,25,CombosCheddar,0.22
23,53,HostessPowderedDonut,0.03
23,59,KettleJalapenoChips,6
23,40,GhirardelliDarkChocolateSquares,0.19
23,76,M&M'sPeanuts,0.13
23,2,3Musketeers,0.13
23,115,SlimJim,6.58
23,132,SunchipsGardenSalsa,3.52
23,139,Twix,8.16
23,31,Dots,7
23,18,CheetosCrunchy,3.49
23,102,Reese'sBigCup,1.41
23,108,RufflesCheddarSourCreamChips,5.14
23,29,DoritosCoolRanch,2.41
23,134,SwedishFish,5.81
23,49,GummyWormsSour,4.36
23,13,BunchaCrunch,8.33
23,107,RoldGoldTinyTwistPretzels,4.35
23,41,GhirardelliMilkChocolateSquares,1.33
23,90,Oreos,0.6
23,85,MunchiesJalapenoCheddar,6.3
23,61,KettleSalt&VinegarChips,3.66
23,129,StarburstTropical,6.01
23,119,SnickersPeanutButter,8.86
23,70,LifeSaversGummies,8.51
23,4,AirheadsCherry,9.73
23,75,M&M'sMint,2.24
23,56,KeeblerFudgeStripes,8.01
23,19,CheetosPuffs,1.01
23,15,ButterfingerBites,0.16
23,22,ChexMixCheddar,4.31
23,46,Grandma'sChocolateChipCookies,5.28
23,74,M&M'sMilkChocolate,6.74
23,20,Cheez-it,9.5
23,57,KeeblerRainbowCookies,10
23,101,Razzles,9.98
23,43,Gobstoppers,0.91
23,82,MilkyWay,3.05
23,55,JuniorMints,2.5
23,100,RaisinetsMilkChocolate,6.15
23,118,SnickersDarkChocolate,4.64
23,109,Runts,7.18
23,99,PringlesSourCreamOnion,1.27
23,113,SkittlesSours,2.58
23,117,SnickersAlmond,7.5
23,106,RitzBitsPeanutButter,7.93
23,123,SnydersPretzelSticks,8
23,24,ChipsAhoy,1.71
23,142,WarHeads,7.78
23,50,HeathBar,5.42
23,137,Toblerone,0.17
23,44,GoldfishCheddar,5.01
23,127,Spree,0.61
23,96,PopcornersWhiteCheddar,5.34
24,129,StarburstTropical,4.03
24,94,PopcornersJalapeno,5.84
24,57,KeeblerRainbowCookies,4.37
24,58,KettleBBQChips,4.54
24,10,BlowPopCherry,5.43
24,83,MilkyWayCaramel,5.91
24,47,Grandma'sOatmealRaisinCookies,3.41
24,76,M&M'sPeanuts,6.47
24,25,CombosCheddar,2.35
24,124,SourPatchKids,2.02
24,111,SkittleWildberry,3.74
24,110,Shockers,2.63
24,89,NerdsStrawberryGrape,4.37
24,61,KettleSalt&VinegarChips,7.21
24,102,Reese'sBigCup,8.19
24,17,CheesePeanutButterCrackers,5.21
24,100,RaisinetsMilkChocolate,4.39
24,132,SunchipsGardenSalsa,6.83
24,138,TrailMix,5.74
24,3,AirheadsBlueRaspberry,5.28
24,32,DoveCaramelMilkChocolate,3.58
24,53,HostessPowderedDonut,1.46
24,143,Whoppers,1.13
24,131,SunchipsFrenchOnion,5.63
24,51,HostessChocolateDonuts,5.56
24,136,Take5,6.65
24,29,DoritosCoolRanch,5.41
24,31,Dots,6.31
24,60,KettleSalt&PepperChips,8.47
24,43,Gobstoppers,7.77
24,122,SnydersOriginalNibblers,1.39
24,140,TwixPeanutButter,4.92
24,80,MilanoCookies,7.34
24,22,ChexMixCheddar,6.11
24,21,CheezitWhiteCheddar,5.06
24,101,Razzles,0.9
24,103,ReesesPeanutButterCup,3.69
24,2,3Musketeers,5.89
24,12,BlowPopWatermelon,7.46
24,130,SunchipsCheddar,8.11
24,16,CaramelApplePops,6.2
24,106,RitzBitsPeanutButter,0.96
24,70,LifeSaversGummies,3.99
24,42,GiantSweeTarts,6.27
24,11,BlowPopSourApple,4.67
24,34,DoveMilk&PeanutButterBites,5.74
24,6,AirheadsWatermelon,1.91
24,91,OreosGolden,5.4
24,79,Mike&IkeZours,8.37
24,30,DoritosNachoCheese,3.63
24,141,TwizzlersStrawberry,5.61
24,7,AlmondJoy,4.19
24,115,SlimJim,5.03
24,123,SnydersPretzelSticks,4.59
24,125,SourPunchStrawsApple,4.72
24,137,Toblerone,5.68
24,139,Twix,4.99
24,46,Grandma'sChocolateChipCookies,5.62
24,142,WarHeads,6.17
24,64,LaffyTaffySourApple,5.47
24,85,MunchiesJalapenoCheddar,4.71
24,81,MilkDuds,8.08
24,39,GhirardelliCaramelSquares,5.03
24,144,YorkPeppermintPatty,3.87
24,77,M&M'sPretzel,6.11
24,121,SnydersMiniPretzels,5.51
24,50,HeathBar,4.71
24,105,RitzBitsCheese,7.64
24,23,ChexMixTraditional,4.54
24,37,FritosBBQ,5.28
24,75,M&M'sMint,4.58
24,87,MunchiesPeanutButter,7.68
24,5,AirheadsGreenApple,8.06
24,93,PopcornWhiteCheddar,7.36
24,1,100Grand,5.08
24,63,KitKatWhiteChocolate,7.33
24,88,NerdsRope,7.18
24,118,SnickersDarkChocolate,6.25
24,117,SnickersAlmond,4.27
24,113,SkittlesSours,9.14
24,116,Snickers,5.41
24,90,Oreos,7.87
24,98,PringlesOriginal,6.17
24,71,LifesaversGummiesSours,5.9
24,55,JuniorMints,4.99
24,62,KitKat,5.56
24,49,GummyWormsSour,5.58
24,44,GoldfishCheddar,7.02
24,38,Funyuns,3.09
24,24,ChipsAhoy,7.6
24,127,Spree,7.14
24,135,SwedishFishAssorted,4.98
24,67,LaysDillPickle,7.47
24,114,SkittlesTropical,3.41
24,20,Cheez-it,5.4
24,119,SnickersPeanutButter,5.34
24,134,SwedishFish,5.52
24,28,DoritoSpicyChili,5
24,65,LaysCheesyGarlicBread,6.33
24,107,RoldGoldTinyTwistPretzels,5.59
24,82,MilkyWay,1.04
24,73,LindtMilkChocolate,9.44
24,120,SnydersHoneyMustardOnionNibblerPretzels,9.06
24,72,LindtDarkChocolate,4.52
24,99,PringlesSourCreamOnion,3.98
24,74,M&M'sMilkChocolate,3.45
24,4,AirheadsCherry,6.76
24,45,Goobers,5.46
24,95,PopcornersKettle,3.48
24,54,JuniorCaramels,3.6
24,68,LaysSourCreamAndOnion,9.02
24,92,Pez,7.96
24,86,MunchiesNachoCheese,5.91
24,97,PringlesCheddar,8.09
24,18,CheetosCrunchy,8.46
24,133,SunchipsOriginal,6.9
24,14,Butterfinger,7.92
24,33,DoveDarkChocolateBites,8.03
24,112,Skittles,5.62
24,128,Starburst,6.46
24,126,SourPunchStrawsStrawberry,6.56
24,27,Crunch,4.37
24,66,LaysClassic,5.03
24,8,BabyRuth,7.51
24,13,BunchaCrunch,5.52
24,15,ButterfingerBites,5.68
24,19,CheetosPuffs,3.55
24,84,MilkyWayDark,7.97
24,69,LaysSweetSouthernHeatBarbecue,6.24
24,35,FamousAmos,3.84
24,52,HostessCupcakes,2.7
24,56,KeeblerFudgeStripes,3.6
24,78,MentosRainbow,5.63
24,40,GhirardelliDarkChocolateSquares,9.61
24,108,RufflesCheddarSourCreamChips,8.46
24,96,PopcornersWhiteCheddar,9.78
24,59,KettleJalapenoChips,7.85
24,26,CombosPizzeria,6.9
24,36,Fritos,9.24
24,9,BlowPopBlueRaspberry,6.95
24,41,GhirardelliMilkChocolateSquares,3.3
24,48,Grandma'sPeanutButterCookies,3.73
24,104,ReesesPieces,6.94
24,109,Runts,6.1
25,19,CheetosPuffs,6.45
25,24,ChipsAhoy,5.39
25,66,LaysClassic,2.42
25,4,AirheadsCherry,1.01
25,20,Cheez-it,1.86
25,89,NerdsStrawberryGrape,1.8
25,109,Runts,10
25,105,RitzBitsCheese,8.28
25,140,TwixPeanutButter,1.03
25,102,Reese'sBigCup,1.99
25,87,MunchiesPeanutButter,1.1
25,133,SunchipsOriginal,0.51
25,135,SwedishFishAssorted,7.07
25,58,KettleBBQChips,4.79
25,44,GoldfishCheddar,8.29
25,36,Fritos,7.61
25,25,CombosCheddar,3.09
25,86,MunchiesNachoCheese,6.66
25,91,OreosGolden,6.91
25,52,HostessCupcakes,7.65
25,39,GhirardelliCaramelSquares,8.68
25,55,JuniorMints,8.91
25,132,SunchipsGardenSalsa,6.42
25,121,SnydersMiniPretzels,6.43
25,138,TrailMix,9.5
25,51,HostessChocolateDonuts,8.71
25,2,3Musketeers,8.96
25,38,Funyuns,9.81
25,26,CombosPizzeria,7.75
25,97,PringlesCheddar,8.61
25,95,PopcornersKettle,0.15
25,142,WarHeads,2.78
25,47,Grandma'sOatmealRaisinCookies,3.56
25,11,BlowPopSourApple,5.94
25,65,LaysCheesyGarlicBread,7.03
25,18,CheetosCrunchy,5.94
25,74,M&M'sMilkChocolate,10
25,17,CheesePeanutButterCrackers,8.03
25,131,SunchipsFrenchOnion,4.06
25,112,Skittles,4.79
25,130,SunchipsCheddar,2.37
25,81,MilkDuds,5.83
25,62,KitKat,2.11
25,85,MunchiesJalapenoCheddar,5
25,8,BabyRuth,6.98
25,31,Dots,6.92
25,84,MilkyWayDark,8.03
25,126,SourPunchStrawsStrawberry,8.1
25,50,HeathBar,7.9
25,40,GhirardelliDarkChocolateSquares,5.3
25,78,MentosRainbow,4.67
25,125,SourPunchStrawsApple,4.94
25,34,DoveMilk&PeanutButterBites,4.1
25,49,GummyWormsSour,1.47
25,143,Whoppers,0
25,13,BunchaCrunch,5.11
25,60,KettleSalt&PepperChips,6.76
25,21,CheezitWhiteCheddar,8.99
25,42,GiantSweeTarts,9.02
25,72,LindtDarkChocolate,7.96
25,111,SkittleWildberry,7.58
25,9,BlowPopBlueRaspberry,8.82
25,28,DoritoSpicyChili,3.78
25,82,MilkyWay,2.5
25,103,ReesesPeanutButterCup,9.49
25,118,SnickersDarkChocolate,4
25,15,ButterfingerBites,8.86
25,32,DoveCaramelMilkChocolate,6.58
25,92,Pez,8.46
25,79,Mike&IkeZours,7.77
25,29,DoritosCoolRanch,7.59
25,107,RoldGoldTinyTwistPretzels,4.42
25,61,KettleSalt&VinegarChips,3.01
25,114,SkittlesTropical,7.24
25,3,AirheadsBlueRaspberry,3.02
25,12,BlowPopWatermelon,9.03
25,64,LaffyTaffySourApple,7.4
25,27,Crunch,7.97
25,93,PopcornWhiteCheddar,1.1
25,141,TwizzlersStrawberry,6.72
25,35,FamousAmos,0.83
25,1,100Grand,6.85
25,56,KeeblerFudgeStripes,4.15
25,7,AlmondJoy,4.6
25,48,Grandma'sPeanutButterCookies,9.18
25,116,Snickers,8.05
25,94,PopcornersJalapeno,6.4
25,63,KitKatWhiteChocolate,8.98
25,123,SnydersPretzelSticks,6.57
25,30,DoritosNachoCheese,7.64
25,77,M&M'sPretzel,7.02
25,119,SnickersPeanutButter,7.28
25,68,LaysSourCreamAndOnion,8.85
25,88,NerdsRope,8.1
25,70,LifeSaversGummies,6.61
25,59,KettleJalapenoChips,7.69
25,144,YorkPeppermintPatty,8.46
25,113,SkittlesSours,6.86
25,6,AirheadsWatermelon,9.05
25,57,KeeblerRainbowCookies,9.91
25,76,M&M'sPeanuts,2.34
25,22,ChexMixCheddar,7.69
25,129,StarburstTropical,7.49
25,54,JuniorCaramels,8.22
25,100,RaisinetsMilkChocolate,7.94
25,98,PringlesOriginal,7.04
25,136,Take5,2.74
25,43,Gobstoppers,8.05
25,16,CaramelApplePops,4.97
25,41,GhirardelliMilkChocolateSquares,2.58
25,127,Spree,6.87
25,101,Razzles,3.26
25,53,HostessPowderedDonut,5.72
25,90,Oreos,7.01
25,33,DoveDarkChocolateBites,9.97
25,99,PringlesSourCreamOnion,8.74
25,137,Toblerone,5.25
25,80,MilanoCookies,8.19
25,115,SlimJim,5.35
25,104,ReesesPieces,9.66
25,5,AirheadsGreenApple,3
25,67,LaysDillPickle,4.01
25,46,Grandma'sChocolateChipCookies,1.75
25,108,RufflesCheddarSourCreamChips,3.14
25,106,RitzBitsPeanutButter,5.7
25,23,ChexMixTraditional,3.64
25,83,MilkyWayCaramel,2.16
25,124,SourPatchKids,5.15
25,37,FritosBBQ,6.56
25,71,LifesaversGummiesSours,9.74
25,75,M&M'sMint,9.01
25,10,BlowPopCherry,8
25,139,Twix,7
25,69,LaysSweetSouthernHeatBarbecue,0.82
25,122,SnydersOriginalNibblers,0.66
25,45,Goobers,6.92
25,96,PopcornersWhiteCheddar,9.18
25,110,Shockers,8.62
25,117,SnickersAlmond,8.05
25,73,LindtMilkChocolate,6.51
25,14,Butterfinger,1.04
25,128,Starburst,1
25,120,SnydersHoneyMustardOnionNibblerPretzels,1.04
25,134,SwedishFish,0.94
26,17,CheesePeanutButterCrackers,6.48
26,72,LindtDarkChocolate,2.97
26,22,ChexMixCheddar,6.03
26,90,Oreos,5.44
26,46,Grandma'sChocolateChipCookies,2.46
26,67,LaysDillPickle,1.58
26,109,Runts,1.02
26,69,LaysSweetSouthernHeatBarbecue,4
26,116,Snickers,0.59
26,8,BabyRuth,0.34
26,44,GoldfishCheddar,0.37
26,128,Starburst,0.5
26,110,Shockers,2.96
26,59,KettleJalapenoChips,8.02
26,96,PopcornersWhiteCheddar,8.52
26,2,3Musketeers,9
26,108,RufflesCheddarSourCreamChips,5
26,92,Pez,4.53
26,98,PringlesOriginal,6.04
26,28,DoritoSpicyChili,7.99
26,3,AirheadsBlueRaspberry,8.51
26,131,SunchipsFrenchOnion,4.01
26,41,GhirardelliMilkChocolateSquares,1.98
26,126,SourPunchStrawsStrawberry,7.53
26,51,HostessChocolateDonuts,1.26
26,78,MentosRainbow,0.21
26,7,AlmondJoy,1.98
26,49,GummyWormsSour,6.01
26,56,KeeblerFudgeStripes,4.98
26,33,DoveDarkChocolateBites,5.58
26,13,BunchaCrunch,0.35
26,130,SunchipsCheddar,8.6
26,139,Twix,8.99
26,94,PopcornersJalapeno,8.04
26,76,M&M'sPeanuts,4.01
26,129,StarburstTropical,4
26,123,SnydersPretzelSticks,4.02
26,113,SkittlesSours,1
26,74,M&M'sMilkChocolate,9.41
26,104,ReesesPieces,9.39
26,84,MilkyWayDark,5
26,137,Toblerone,4.01
26,77,M&M'sPretzel,1.41
26,121,SnydersMiniPretzels,8.01
26,10,BlowPopCherry,2
26,14,Butterfinger,2.99
26,75,M&M'sMint,0.99
26,47,Grandma'sOatmealRaisinCookies,5.46
26,105,RitzBitsCheese,7.05
26,111,SkittleWildberry,3.5
26,21,CheezitWhiteCheddar,5.05
26,120,SnydersHoneyMustardOnionNibblerPretzels,0.56
26,124,SourPatchKids,7.53
26,80,MilanoCookies,0.42
26,58,KettleBBQChips,0.54
26,106,RitzBitsPeanutButter,6.04
26,12,BlowPopWatermelon,4.02
26,85,MunchiesJalapenoCheddar,2.04
26,34,DoveMilk&PeanutButterBites,2
26,29,DoritosCoolRanch,3.45
26,26,CombosPizzeria,1.01
26,45,Goobers,9.49
26,27,Crunch,2
26,133,SunchipsOriginal,2.02
26,87,MunchiesPeanutButter,1.49
26,64,LaffyTaffySourApple,3.58
26,102,Reese'sBigCup,0.51
26,91,OreosGolden,1.41
26,71,LifesaversGummiesSours,2.05
26,88,NerdsRope,0.41
26,79,Mike&IkeZours,3.53
26,62,KitKat,6.03
26,119,SnickersPeanutButter,7.02
26,54,JuniorCaramels,5
26,18,CheetosCrunchy,1.01
26,4,AirheadsCherry,5.01
26,5,AirheadsGreenApple,7.55
26,16,CaramelApplePops,2.04
26,30,DoritosNachoCheese,0.27
26,115,SlimJim,0.99
26,19,CheetosPuffs,0.55
26,141,TwizzlersStrawberry,6.48
26,100,RaisinetsMilkChocolate,7.51
26,103,ReesesPeanutButterCup,8.02
26,52,HostessCupcakes,0.46
26,31,Dots,3.53
26,6,AirheadsWatermelon,4.01
26,135,SwedishFishAssorted,0.54
26,1,100Grand,0.46
26,24,ChipsAhoy,8
26,132,SunchipsGardenSalsa,8.38
26,127,Spree,1.03
26,82,MilkyWay,8.03
26,55,JuniorMints,1.01
26,86,MunchiesNachoCheese,9.05
26,39,GhirardelliCaramelSquares,9.05
26,140,TwixPeanutButter,2.01
26,142,WarHeads,4.01
26,61,KettleSalt&VinegarChips,3.03
26,42,GiantSweeTarts,0.52
26,99,PringlesSourCreamOnion,1.04
26,48,Grandma'sPeanutButterCookies,9.02
26,81,MilkDuds,9.4
26,101,Razzles,4
26,53,HostessPowderedDonut,4.49
26,65,LaysCheesyGarlicBread,6.51
26,118,SnickersDarkChocolate,6.01
26,112,Skittles,2.02
26,138,TrailMix,0.1
26,32,DoveCaramelMilkChocolate,5
26,9,BlowPopBlueRaspberry,7.03
26,83,MilkyWayCaramel,8.2
26,114,SkittlesTropical,8.01
26,57,KeeblerRainbowCookies,5.03
26,63,KitKatWhiteChocolate,0.49
26,50,HeathBar,6.02
26,136,Take5,6.47
26,40,GhirardelliDarkChocolateSquares,8.02
26,68,LaysSourCreamAndOnion,8.01
26,25,CombosCheddar,1.04
26,89,NerdsStrawberryGrape,7
26,122,SnydersOriginalNibblers,8.44
26,35,FamousAmos,6.03
26,125,SourPunchStrawsApple,8.56
26,11,BlowPopSourApple,1.62
26,43,Gobstoppers,2
26,97,PringlesCheddar,0.52
26,70,LifeSaversGummies,8.22
26,23,ChexMixTraditional,7.47
26,36,Fritos,1.99
26,93,PopcornWhiteCheddar,2.01
26,73,LindtMilkChocolate,7.03
26,144,YorkPeppermintPatty,2
26,95,PopcornersKettle,0.53
26,107,RoldGoldTinyTwistPretzels,0.53
26,134,SwedishFish,4.53
26,38,Funyuns,5
26,20,Cheez-it,3.54
26,143,Whoppers,9.03
26,66,LaysClassic,9.7
26,60,KettleSalt&PepperChips,1.56
26,15,ButterfingerBites,1.49
26,37,FritosBBQ,0.46
26,117,SnickersAlmond,0.54
27,124,SourPatchKids,2.01
27,92,Pez,8.53
27,62,KitKat,9.13
27,106,RitzBitsPeanutButter,9.31
27,74,M&M'sMilkChocolate,9.06
27,64,LaffyTaffySourApple,9.03
27,57,KeeblerRainbowCookies,1.97
27,122,SnydersOriginalNibblers,3.49
27,17,CheesePeanutButterCrackers,7.06
27,108,RufflesCheddarSourCreamChips,4.03
27,110,Shockers,5.64
27,87,MunchiesPeanutButter,5.5
27,121,SnydersMiniPretzels,2.1
27,115,SlimJim,7.99
27,97,PringlesCheddar,3.39
27,112,Skittles,1.81
27,76,M&M'sPeanuts,1.99
27,132,SunchipsGardenSalsa,8.38
27,7,AlmondJoy,9.06
27,99,PringlesSourCreamOnion,7.56
27,83,MilkyWayCaramel,7.51
27,19,CheetosPuffs,6.5
27,82,MilkyWay,9.52
27,59,KettleJalapenoChips,6.65
27,101,Razzles,5
27,41,GhirardelliMilkChocolateSquares,4.01
27,52,HostessCupcakes,7.49
27,5,AirheadsGreenApple,8.53
27,141,TwizzlersStrawberry,8.6
27,14,Butterfinger,9.23
27,43,Gobstoppers,6.48
27,26,CombosPizzeria,6.65
27,6,AirheadsWatermelon,7.57
27,61,KettleSalt&VinegarChips,8.05
27,142,WarHeads,5.39
27,65,LaysCheesyGarlicBread,7.46
27,131,SunchipsFrenchOnion,5.98
27,103,ReesesPeanutButterCup,4.44
27,85,MunchiesJalapenoCheddar,7.51
27,75,M&M'sMint,7.46
27,98,PringlesOriginal,7.01
27,113,SkittlesSours,4.5
27,95,PopcornersKettle,3.02
27,30,DoritosNachoCheese,9.56
27,129,StarburstTropical,3.35
27,54,JuniorCaramels,5.08
27,104,ReesesPieces,3.39
27,10,BlowPopCherry,3.5
27,136,Take5,4.54
27,80,MilanoCookies,6.08
27,94,PopcornersJalapeno,8.54
27,16,CaramelApplePops,8.01
27,50,HeathBar,9.61
27,118,SnickersDarkChocolate,4.04
27,78,MentosRainbow,6.52
27,140,TwixPeanutButter,9.21
27,135,SwedishFishAssorted,6.03
27,13,BunchaCrunch,9.5
27,1,100Grand,4.01
27,25,CombosCheddar,8.58
27,102,Reese'sBigCup,9.47
27,84,MilkyWayDark,8.02
27,96,PopcornersWhiteCheddar,5.43
27,34,DoveMilk&PeanutButterBites,8.02
27,133,SunchipsOriginal,6.03
27,39,GhirardelliCaramelSquares,7.49
27,139,Twix,6.44
27,90,Oreos,6.54
27,44,GoldfishCheddar,7.52
27,35,FamousAmos,7.52
27,114,SkittlesTropical,6.48
27,2,3Musketeers,7.58
27,88,NerdsRope,8.68
27,51,HostessChocolateDonuts,3
27,71,LifesaversGummiesSours,2.95
27,91,OreosGolden,4.01
27,31,Dots,2.49
27,9,BlowPopBlueRaspberry,7.02
27,21,CheezitWhiteCheddar,6.57
27,23,ChexMixTraditional,8.05
27,33,DoveDarkChocolateBites,6.1
27,79,Mike&IkeZours,8.48
27,143,Whoppers,6.01
27,53,HostessPowderedDonut,8.03
27,63,KitKatWhiteChocolate,2.95
27,45,Goobers,3.28
27,28,DoritoSpicyChili,2.03
27,3,AirheadsBlueRaspberry,6.49
27,46,Grandma'sChocolateChipCookies,5.02
27,107,RoldGoldTinyTwistPretzels,9.09
27,137,Toblerone,4.5
27,144,YorkPeppermintPatty,3.93
27,116,Snickers,6.51
27,119,SnickersPeanutButter,3.03
27,20,Cheez-it,4.02
27,22,ChexMixCheddar,6
27,120,SnydersHoneyMustardOnionNibblerPretzels,9.01
27,73,LindtMilkChocolate,9.01
27,36,Fritos,9.05
27,18,CheetosCrunchy,0.32
27,86,MunchiesNachoCheese,4
27,69,LaysSweetSouthernHeatBarbecue,4.01
27,27,Crunch,6.02
27,47,Grandma'sOatmealRaisinCookies,6.31
27,128,Starburst,6.06
27,56,KeeblerFudgeStripes,4.04
27,24,ChipsAhoy,7.43
27,4,AirheadsCherry,9
27,81,MilkDuds,1.49
27,138,TrailMix,5.01
27,55,JuniorMints,8.02
27,93,PopcornWhiteCheddar,5.98
27,100,RaisinetsMilkChocolate,9.47
27,66,LaysClassic,6.48
27,38,Funyuns,9.03
27,15,ButterfingerBites,8.45
27,77,M&M'sPretzel,7.49
27,60,KettleSalt&PepperChips,8.05
27,134,SwedishFish,4.44
27,127,Spree,8.56
27,105,RitzBitsCheese,7.03
27,40,GhirardelliDarkChocolateSquares,7
27,111,SkittleWildberry,6.61
27,126,SourPunchStrawsStrawberry,9
27,49,GummyWormsSour,8.6
27,58,KettleBBQChips,8.99
27,68,LaysSourCreamAndOnion,5.48
27,8,BabyRuth,9.24
27,37,FritosBBQ,7.23
27,89,NerdsStrawberryGrape,8.41
27,125,SourPunchStrawsApple,7.01
27,130,SunchipsCheddar,8
27,29,DoritosCoolRanch,8.54
27,12,BlowPopWatermelon,9.45
27,11,BlowPopSourApple,9.04
27,32,DoveCaramelMilkChocolate,2.13
27,42,GiantSweeTarts,6.48
27,72,LindtDarkChocolate,4.38
27,109,Runts,8.23
27,70,LifeSaversGummies,6.02
27,123,SnydersPretzelSticks,0.09
27,48,Grandma'sPeanutButterCookies,6.03
27,67,LaysDillPickle,8.51
27,117,SnickersAlmond,9.29
28,29,DoritosCoolRanch,7.58
28,134,SwedishFish,6.98
28,54,JuniorCaramels,9.52
28,129,StarburstTropical,2.5
28,101,Razzles,4.54
28,41,GhirardelliMilkChocolateSquares,7.38
28,71,LifesaversGummiesSours,3.6
28,136,Take5,5.23
28,138,TrailMix,4
28,92,Pez,1.99
28,24,ChipsAhoy,2.04
28,6,AirheadsWatermelon,2.59
28,80,MilanoCookies,7.16
28,109,Runts,7.46
28,77,M&M'sPretzel,7.15
28,15,ButterfingerBites,3.02
28,48,Grandma'sPeanutButterCookies,0.17
28,19,CheetosPuffs,2.97
28,12,BlowPopWatermelon,3.39
28,132,SunchipsGardenSalsa,0.5
28,5,AirheadsGreenApple,0.97
28,140,TwixPeanutButter,2
28,110,Shockers,2.06
28,39,GhirardelliCaramelSquares,5.21
28,45,Goobers,2.05
28,81,MilkDuds,1.06
28,49,GummyWormsSour,8.02
28,74,M&M'sMilkChocolate,0.43
28,56,KeeblerFudgeStripes,0.98
28,126,SourPunchStrawsStrawberry,6.11
28,123,SnydersPretzelSticks,3.16
28,118,SnickersDarkChocolate,7.6
28,135,SwedishFishAssorted,6.56
28,108,RufflesCheddarSourCreamChips,7.48
28,102,Reese'sBigCup,5.01
28,112,Skittles,4.72
28,131,SunchipsFrenchOnion,1.1
28,100,RaisinetsMilkChocolate,5.02
28,3,AirheadsBlueRaspberry,8
28,105,RitzBitsCheese,7.48
28,7,AlmondJoy,7.06
28,78,MentosRainbow,4.13
28,59,KettleJalapenoChips,5.65
28,82,MilkyWay,6.04
28,25,CombosCheddar,3.63
28,114,SkittlesTropical,3.93
28,22,ChexMixCheddar,0
28,141,TwizzlersStrawberry,4.06
28,43,Gobstoppers,6.47
28,62,KitKat,3.97
28,113,SkittlesSours,8.57
28,9,BlowPopBlueRaspberry,7.37
28,40,GhirardelliDarkChocolateSquares,7.78
28,96,PopcornersWhiteCheddar,2.04
28,73,LindtMilkChocolate,2.61
28,124,SourPatchKids,7.04
28,21,CheezitWhiteCheddar,5.06
28,37,FritosBBQ,1.03
28,133,SunchipsOriginal,1.38
28,97,PringlesCheddar,2.99
28,66,LaysClassic,2.03
28,32,DoveCaramelMilkChocolate,8.68
28,69,LaysSweetSouthernHeatBarbecue,7.48
28,28,DoritoSpicyChili,3
28,116,Snickers,6
28,4,AirheadsCherry,3.03
28,50,HeathBar,0
28,26,CombosPizzeria,1.71
28,61,KettleSalt&VinegarChips,2.05
28,103,ReesesPeanutButterCup,5.44
28,58,KettleBBQChips,5.01
28,27,Crunch,6.65
28,1,100Grand,7.03
28,30,DoritosNachoCheese,9.06
28,121,SnydersMiniPretzels,4.62
28,128,Starburst,9.21
28,137,Toblerone,5.55
28,53,HostessPowderedDonut,7.44
28,90,Oreos,5.6
28,14,Butterfinger,7.99
28,120,SnydersHoneyMustardOnionNibblerPretzels,4.9
28,85,MunchiesJalapenoCheddar,5.98
28,52,HostessCupcakes,5.33
28,89,NerdsStrawberryGrape,4.79
28,11,BlowPopSourApple,0.27
28,67,LaysDillPickle,0.2
28,75,M&M'sMint,1.05
28,87,MunchiesPeanutButter,3.4
28,122,SnydersOriginalNibblers,7.82
28,31,Dots,6.68
28,33,DoveDarkChocolateBites,5.94
28,13,BunchaCrunch,7.78
28,57,KeeblerRainbowCookies,8
28,70,LifeSaversGummies,3.93
28,84,MilkyWayDark,10
28,17,CheesePeanutButterCrackers,6.45
28,20,Cheez-it,5.96
28,86,MunchiesNachoCheese,8.08
28,60,KettleSalt&PepperChips,7.69
28,76,M&M'sPeanuts,0.01
28,51,HostessChocolateDonuts,5
28,91,OreosGolden,6.29
28,127,Spree,9.03
28,139,Twix,10
28,98,PringlesOriginal,0.88
28,99,PringlesSourCreamOnion,8.11
28,63,KitKatWhiteChocolate,3.55
28,79,Mike&IkeZours,9.56
28,93,PopcornWhiteCheddar,5.97
28,10,BlowPopCherry,4.97
28,94,PopcornersJalapeno,3.95
28,36,Fritos,9.52
28,8,BabyRuth,8.03
28,83,MilkyWayCaramel,5.03
28,144,YorkPeppermintPatty,0.04
28,111,SkittleWildberry,8.42
28,38,Funyuns,5.09
28,125,SourPunchStrawsApple,5.07
28,35,FamousAmos,6.59
28,64,LaffyTaffySourApple,2.02
28,44,GoldfishCheddar,4.58
28,142,WarHeads,2.98
28,42,GiantSweeTarts,5.22
28,16,CaramelApplePops,7.99
28,143,Whoppers,4.06
28,46,Grandma'sChocolateChipCookies,5.11
28,72,LindtDarkChocolate,6.25
28,117,SnickersAlmond,9.02
28,130,SunchipsCheddar,5.99
28,65,LaysCheesyGarlicBread,9.22
28,95,PopcornersKettle,7.31
28,119,SnickersPeanutButter,3.91
28,115,SlimJim,7.58
28,68,LaysSourCreamAndOnion,3.79
28,55,JuniorMints,3.06
28,88,NerdsRope,6.04
28,47,Grandma'sOatmealRaisinCookies,8
28,34,DoveMilk&PeanutButterBites,5.62
28,104,ReesesPieces,7.56
28,107,RoldGoldTinyTwistPretzels,6.52
28,23,ChexMixTraditional,7.13
28,2,3Musketeers,4.11
28,18,CheetosCrunchy,4
28,106,RitzBitsPeanutButter,5.19
29,118,SnickersDarkChocolate,8.38
29,25,CombosCheddar,6.56
29,122,SnydersOriginalNibblers,3.26
29,137,Toblerone,5.41
29,31,Dots,4.08
29,101,Razzles,3.68
29,94,PopcornersJalapeno,6.06
29,6,AirheadsWatermelon,6.22
29,135,SwedishFishAssorted,1.75
29,141,TwizzlersStrawberry,3.63
29,36,Fritos,2.95
29,55,JuniorMints,3.05
29,66,LaysClassic,7.28
29,43,Gobstoppers,7.39
29,51,HostessChocolateDonuts,6.14
29,70,LifeSaversGummies,4.75
29,126,SourPunchStrawsStrawberry,4.09
29,133,SunchipsOriginal,5.32
29,97,PringlesCheddar,4.57
29,75,M&M'sMint,5.27
29,127,Spree,5.82
29,123,SnydersPretzelSticks,3.31
29,124,SourPatchKids,4.06
29,21,CheezitWhiteCheddar,5.79
29,116,Snickers,2.2
29,67,LaysDillPickle,2.71
29,114,SkittlesTropical,6.79
29,39,GhirardelliCaramelSquares,6.15
29,92,Pez,4.56
29,49,GummyWormsSour,5.73
29,98,PringlesOriginal,6.16
29,56,KeeblerFudgeStripes,6.51
29,103,ReesesPeanutButterCup,6.67
29,41,GhirardelliMilkChocolateSquares,6.57
29,83,MilkyWayCaramel,5.1
29,87,MunchiesPeanutButter,4.01
29,102,Reese'sBigCup,5.4
29,109,Runts,5.72
29,91,OreosGolden,7.14
29,16,CaramelApplePops,6.59
29,108,RufflesCheddarSourCreamChips,7.19
29,132,SunchipsGardenSalsa,6.16
29,11,BlowPopSourApple,3.6
29,8,BabyRuth,3.69
29,81,MilkDuds,3.14
29,1,100Grand,7.31
29,99,PringlesSourCreamOnion,6.81
29,85,MunchiesJalapenoCheddar,7.42
29,30,DoritosNachoCheese,4.78
29,80,MilanoCookies,7.18
29,27,Crunch,6.47
29,18,CheetosCrunchy,7.51
29,100,RaisinetsMilkChocolate,6.71
29,88,NerdsRope,8.01
29,12,BlowPopWatermelon,5.29
29,64,LaffyTaffySourApple,4.98
29,10,BlowPopCherry,4.73
29,46,Grandma'sChocolateChipCookies,5
29,79,Mike&IkeZours,6.61
29,120,SnydersHoneyMustardOnionNibblerPretzels,5.27
29,140,TwixPeanutButter,4.63
29,128,Starburst,8.22
29,20,Cheez-it,6.86
29,37,FritosBBQ,5.26
29,62,KitKat,3.73
29,59,KettleJalapenoChips,4.39
29,130,SunchipsCheddar,5.03
29,38,Funyuns,3.92
29,84,MilkyWayDark,4.93
29,144,YorkPeppermintPatty,5.91
29,28,DoritoSpicyChili,3.69
29,23,ChexMixTraditional,6.66
29,17,CheesePeanutButterCrackers,6.97
29,111,SkittleWildberry,5.56
29,54,JuniorCaramels,4.95
29,90,Oreos,6.86
29,4,AirheadsCherry,3.44
29,138,TrailMix,4.21
29,143,Whoppers,2.84
29,63,KitKatWhiteChocolate,6.74
29,14,Butterfinger,7.96
29,139,Twix,7.92
29,26,CombosPizzeria,7.61
29,110,Shockers,6.7
29,113,SkittlesSours,4.77
29,74,M&M'sMilkChocolate,4.93
29,86,MunchiesNachoCheese,5.07
29,72,LindtDarkChocolate,5.5
29,33,DoveDarkChocolateBites,4.78
29,125,SourPunchStrawsApple,5.12
29,40,GhirardelliDarkChocolateSquares,5.96
29,2,3Musketeers,3.05
29,134,SwedishFish,4.76
29,32,DoveCaramelMilkChocolate,1.56
29,69,LaysSweetSouthernHeatBarbecue,2.48
29,89,NerdsStrawberryGrape,2.42
29,34,DoveMilk&PeanutButterBites,5.84
29,47,Grandma'sOatmealRaisinCookies,4.92
29,53,HostessPowderedDonut,3.99
29,19,CheetosPuffs,8.64
29,93,PopcornWhiteCheddar,3.15
29,15,ButterfingerBites,7.11
29,106,RitzBitsPeanutButter,7.66
29,121,SnydersMiniPretzels,7.21
29,71,LifesaversGummiesSours,3.29
29,76,M&M'sPeanuts,3.65
29,136,Take5,2.68
29,73,LindtMilkChocolate,4.99
29,29,DoritosCoolRanch,2.62
29,112,Skittles,2.81
29,95,PopcornersKettle,4.37
29,13,BunchaCrunch,5.37
29,24,ChipsAhoy,2.69
29,96,PopcornersWhiteCheddar,3.8
29,68,LaysSourCreamAndOnion,6.28
29,48,Grandma'sPeanutButterCookies,6.77
29,129,StarburstTropical,5.26
29,82,MilkyWay,5.47
29,58,KettleBBQChips,7.15
29,78,MentosRainbow,6.46
29,104,ReesesPieces,2.25
29,9,BlowPopBlueRaspberry,4.57
29,42,GiantSweeTarts,5.11
29,60,KettleSalt&PepperChips,4.5
29,5,AirheadsGreenApple,4.56
29,7,AlmondJoy,5.45
29,35,FamousAmos,3
29,119,SnickersPeanutButter,4.53
29,22,ChexMixCheddar,2.11
29,50,HeathBar,5.38
29,61,KettleSalt&VinegarChips,3.96
29,65,LaysCheesyGarlicBread,5.26
29,131,SunchipsFrenchOnion,3.97
29,52,HostessCupcakes,5.64
29,105,RitzBitsCheese,5.3
29,3,AirheadsBlueRaspberry,6.14
29,115,SlimJim,8.2
29,57,KeeblerRainbowCookies,5.27
29,117,SnickersAlmond,8.1
29,142,WarHeads,8.01
29,77,M&M'sPretzel,5.22
29,44,GoldfishCheddar,1.79
29,45,Goobers,7.57
29,107,RoldGoldTinyTwistPretzels,7
30,81,MilkDuds,3.47
30,51,HostessChocolateDonuts,6.07
30,46,Grandma'sChocolateChipCookies,6.01
30,13,BunchaCrunch,5.51
30,45,Goobers,5.51
30,136,Take5,5.54
30,49,GummyWormsSour,3.47
30,69,LaysSweetSouthernHeatBarbecue,3.02
30,70,LifeSaversGummies,2.03
30,92,Pez,1.5
30,112,Skittles,1.07
30,53,HostessPowderedDonut,1.01
30,31,Dots,2.01
30,65,LaysCheesyGarlicBread,3.5
30,104,ReesesPieces,3.99
30,47,Grandma'sOatmealRaisinCookies,2.01
30,126,SourPunchStrawsStrawberry,7.52
30,89,NerdsStrawberryGrape,5.92
30,7,AlmondJoy,4.45
30,95,PopcornersKettle,5.05
30,85,MunchiesJalapenoCheddar,3.43
30,28,DoritoSpicyChili,7.54
30,43,Gobstoppers,6.07
30,116,Snickers,3.55
30,87,MunchiesPeanutButter,2.95
30,50,HeathBar,2.96
30,130,SunchipsCheddar,2.55
30,79,Mike&IkeZours,5.55
30,137,Toblerone,6.01
30,21,CheezitWhiteCheddar,5.96
30,44,GoldfishCheddar,1.53
30,90,Oreos,5.55
30,134,SwedishFish,3.54
30,35,FamousAmos,4.07
30,129,StarburstTropical,4
30,94,PopcornersJalapeno,4.04
30,72,LindtDarkChocolate,6.03
30,139,Twix,5.55
30,61,KettleSalt&VinegarChips,6.51
30,39,GhirardelliCaramelSquares,5.61
30,32,DoveCaramelMilkChocolate,4.4
30,102,Reese'sBigCup,6.03
30,109,Runts,6.55
30,1,100Grand,4.48
30,107,RoldGoldTinyTwistPretzels,1.52
30,125,SourPunchStrawsApple,2.96
30,122,SnydersOriginalNibblers,2.04
30,17,CheesePeanutButterCrackers,2.52
30,110,Shockers,8.01
30,5,AirheadsGreenApple,5.99
30,59,KettleJalapenoChips,3
30,97,PringlesCheddar,5.99
30,119,SnickersPeanutButter,3.42
30,106,RitzBitsPeanutButter,2.07
30,101,Razzles,2.47
30,99,PringlesSourCreamOnion,5.94
30,36,Fritos,4.53
30,74,M&M'sMilkChocolate,6.04
30,34,DoveMilk&PeanutButterBites,9.48
30,135,SwedishFishAssorted,6.99
30,118,SnickersDarkChocolate,8.95
30,71,LifesaversGummiesSours,6.93
30,78,MentosRainbow,7.07
30,124,SourPatchKids,5.97
30,105,RitzBitsCheese,8.55
30,98,PringlesOriginal,5
30,76,M&M'sPeanuts,7.04
30,83,MilkyWayCaramel,6.07
30,64,LaffyTaffySourApple,7.01
30,75,M&M'sMint,7.52
30,128,Starburst,6.52
30,15,ButterfingerBites,5
30,6,AirheadsWatermelon,4.01
30,2,3Musketeers,6.97
30,141,TwizzlersStrawberry,4.07
30,111,SkittleWildberry,4.02
30,58,KettleBBQChips,7.04
30,9,BlowPopBlueRaspberry,6.04
30,132,SunchipsGardenSalsa,4.49
30,56,KeeblerFudgeStripes,9
30,8,BabyRuth,1
30,133,SunchipsOriginal,5.45
30,88,NerdsRope,5
30,96,PopcornersWhiteCheddar,7.02
30,63,KitKatWhiteChocolate,4.57
30,16,CaramelApplePops,5.61
30,113,SkittlesSours,7.02
30,40,GhirardelliDarkChocolateSquares,7.57
30,77,M&M'sPretzel,6
30,68,LaysSourCreamAndOnion,5.51
30,4,AirheadsCherry,2.03
30,120,SnydersHoneyMustardOnionNibblerPretzels,4.99
30,80,MilanoCookies,6.47
30,38,Funyuns,5.54
30,55,JuniorMints,5.49
30,108,RufflesCheddarSourCreamChips,5.5
30,93,PopcornWhiteCheddar,8.01
30,114,SkittlesTropical,4.98
30,144,YorkPeppermintPatty,6.43
30,48,Grandma'sPeanutButterCookies,0.14
30,67,LaysDillPickle,3.99
30,73,LindtMilkChocolate,6.04
30,143,Whoppers,4.04
30,131,SunchipsFrenchOnion,7.5
30,14,Butterfinger,6.47
30,19,CheetosPuffs,5.58
30,29,DoritosCoolRanch,3.98
30,30,DoritosNachoCheese,9.04
30,115,SlimJim,5.02
30,123,SnydersPretzelSticks,5.48
30,11,BlowPopSourApple,6.98
30,3,AirheadsBlueRaspberry,6.03
30,42,GiantSweeTarts,6.99
30,103,ReesesPeanutButterCup,8.07
30,91,OreosGolden,0.29
30,27,Crunch,6.07
30,138,TrailMix,2
30,66,LaysClassic,5.55
30,57,KeeblerRainbowCookies,4.47
30,117,SnickersAlmond,7.47
30,37,FritosBBQ,1.56
30,62,KitKat,3.99
30,20,Cheez-it,2.09
30,26,CombosPizzeria,5.49
30,60,KettleSalt&PepperChips,4.55
30,22,ChexMixCheddar,4.47
30,18,CheetosCrunchy,3.59
30,100,RaisinetsMilkChocolate,7.03
30,25,CombosCheddar,5.98
30,41,GhirardelliMilkChocolateSquares,7.48
30,33,DoveDarkChocolateBites,7.96
30,86,MunchiesNachoCheese,8
30,82,MilkyWay,7.99
30,10,BlowPopCherry,4.49
30,84,MilkyWayDark,4.54
30,54,JuniorCaramels,3.46
30,121,SnydersMiniPretzels,5.04
30,127,Spree,0.98
30,142,WarHeads,6.48
30,23,ChexMixTraditional,3.49
30,24,ChipsAhoy,3.43
30,52,HostessCupcakes,5.53
30,140,TwixPeanutButter,4.53
30,12,BlowPopWatermelon,2.49
31,46,Grandma'sChocolateChipCookies,3.97
31,122,SnydersOriginalNibblers,3.92
31,115,SlimJim,4.56
31,112,Skittles,6.86
31,26,CombosPizzeria,7.27
31,72,LindtDarkChocolate,1.5
31,13,BunchaCrunch,8.41
31,111,SkittleWildberry,2.15
31,59,KettleJalapenoChips,5.11
31,75,M&M'sMint,6.38
31,138,TrailMix,5.35
31,67,LaysDillPickle,0.6
31,32,DoveCaramelMilkChocolate,1.11
31,83,MilkyWayCaramel,6.79
31,134,SwedishFish,3.15
31,98,PringlesOriginal,9.28
31,17,CheesePeanutButterCrackers,3.12
31,68,LaysSourCreamAndOnion,0.72
31,57,KeeblerRainbowCookies,5.87
31,69,LaysSweetSouthernHeatBarbecue,6.59
31,47,Grandma'sOatmealRaisinCookies,3.33
31,125,SourPunchStrawsApple,1.46
31,130,SunchipsCheddar,7.94
31,48,Grandma'sPeanutButterCookies,6.08
31,30,DoritosNachoCheese,1.02
31,27,Crunch,0.04
31,97,PringlesCheddar,3.52
31,76,M&M'sPeanuts,7.05
31,90,Oreos,4.27
31,5,AirheadsGreenApple,7.51
31,108,RufflesCheddarSourCreamChips,1.55
31,9,BlowPopBlueRaspberry,6.04
31,123,SnydersPretzelSticks,8.8
31,131,SunchipsFrenchOnion,5.01
31,56,KeeblerFudgeStripes,3.43
31,62,KitKat,8.03
31,23,ChexMixTraditional,9.36
31,102,Reese'sBigCup,4.2
31,42,GiantSweeTarts,2.65
31,50,HeathBar,8.22
31,51,HostessChocolateDonuts,5.86
31,109,Runts,0.92
31,126,SourPunchStrawsStrawberry,2.09
31,1,100Grand,8.73
31,34,DoveMilk&PeanutButterBites,0.73
31,55,JuniorMints,2.98
31,129,StarburstTropical,0
31,84,MilkyWayDark,2.49
31,16,CaramelApplePops,6.33
31,31,Dots,5.66
31,142,WarHeads,5.05
31,15,ButterfingerBites,6.03
31,120,SnydersHoneyMustardOnionNibblerPretzels,4.65
31,88,NerdsRope,4.11
31,100,RaisinetsMilkChocolate,3.29
31,24,ChipsAhoy,9.07
31,144,YorkPeppermintPatty,3.54
31,19,CheetosPuffs,9.88
31,60,KettleSalt&PepperChips,7.19
31,11,BlowPopSourApple,8.17
31,136,Take5,7.57
31,6,AirheadsWatermelon,8.14
31,114,SkittlesTropical,8.08
31,37,FritosBBQ,5.27
31,18,CheetosCrunchy,0
31,87,MunchiesPeanutButter,6.44
31,64,LaffyTaffySourApple,3.79
31,39,GhirardelliCaramelSquares,2.92
31,38,Funyuns,8.99
31,110,Shockers,1.34
31,94,PopcornersJalapeno,4.41
31,45,Goobers,7.85
31,8,BabyRuth,6.96
31,3,AirheadsBlueRaspberry,4.28
31,79,Mike&IkeZours,2.91
31,4,AirheadsCherry,2.37
31,78,MentosRainbow,5.48
31,63,KitKatWhiteChocolate,8.26
31,2,3Musketeers,0.76
31,66,LaysClassic,9.57
31,36,Fritos,3.07
31,22,ChexMixCheddar,2.01
31,107,RoldGoldTinyTwistPretzels,2.98
31,43,Gobstoppers,4.2
31,12,BlowPopWatermelon,2.41
31,65,LaysCheesyGarlicBread,0.33
31,133,SunchipsOriginal,1.69
31,33,DoveDarkChocolateBites,5.17
31,58,KettleBBQChips,2.29
31,77,M&M'sPretzel,7.08
31,143,Whoppers,6.69
31,29,DoritosCoolRanch,1.43
31,25,CombosCheddar,3.52
31,28,DoritoSpicyChili,0.18
31,140,TwixPeanutButter,7.21
31,91,OreosGolden,2.11
31,14,Butterfinger,2.46
31,74,M&M'sMilkChocolate,3.22
31,92,Pez,4.45
31,96,PopcornersWhiteCheddar,5.1
31,53,HostessPowderedDonut,2.4
31,81,MilkDuds,2.39
31,82,MilkyWay,3.32
31,101,Razzles,2.51
31,80,MilanoCookies,5.57
31,99,PringlesSourCreamOnion,4.89
31,49,GummyWormsSour,9.69
31,137,Toblerone,4.61
31,71,LifesaversGummiesSours,1.47
31,103,ReesesPeanutButterCup,1.57
31,85,MunchiesJalapenoCheddar,6.51
31,119,SnickersPeanutButter,3.45
31,20,Cheez-it,5.18
31,61,KettleSalt&VinegarChips,1.53
31,116,Snickers,0
31,86,MunchiesNachoCheese,3.03
31,89,NerdsStrawberryGrape,1.36
31,35,FamousAmos,1.95
31,127,Spree,3.26
31,10,BlowPopCherry,8.27
31,41,GhirardelliMilkChocolateSquares,6.93
31,113,SkittlesSours,7.08
31,124,SourPatchKids,7.43
31,7,AlmondJoy,7.1
31,135,SwedishFishAssorted,6.47
31,70,LifeSaversGummies,4.75
31,93,PopcornWhiteCheddar,2
31,106,RitzBitsPeanutButter,7.73
31,132,SunchipsGardenSalsa,3.44
31,95,PopcornersKettle,7.46
31,21,CheezitWhiteCheddar,8.33
31,104,ReesesPieces,6.53
31,73,LindtMilkChocolate,9.18
31,139,Twix,8.05
31,52,HostessCupcakes,9.58
31,117,SnickersAlmond,4.07
31,118,SnickersDarkChocolate,7.54
31,128,Starburst,5.01
31,105,RitzBitsCheese,1.71
31,54,JuniorCaramels,2.7
31,141,TwizzlersStrawberry,5.39
31,40,GhirardelliDarkChocolateSquares,1.03
31,44,GoldfishCheddar,5.01
31,121,SnydersMiniPretzels,4.58
32,30,DoritosNachoCheese,7.14
32,98,PringlesOriginal,6.25
32,91,OreosGolden,8.3
32,123,SnydersPretzelSticks,8.73
32,9,BlowPopBlueRaspberry,6.19
32,104,ReesesPieces,6.93
32,132,SunchipsGardenSalsa,4.74
32,38,Funyuns,7.06
32,103,ReesesPeanutButterCup,4.03
32,64,LaffyTaffySourApple,3.09
32,76,M&M'sPeanuts,4.25
32,108,RufflesCheddarSourCreamChips,7.49
32,96,PopcornersWhiteCheddar,5.04
32,140,TwixPeanutButter,8.56
32,116,Snickers,8.48
32,25,CombosCheddar,7.01
32,65,LaysCheesyGarlicBread,2
32,6,AirheadsWatermelon,4.49
32,29,DoritosCoolRanch,5.95
32,107,RoldGoldTinyTwistPretzels,5
32,136,Take5,3.01
32,13,BunchaCrunch,6.2
32,19,CheetosPuffs,5.62
32,17,CheesePeanutButterCrackers,4.07
32,126,SourPunchStrawsStrawberry,7.89
32,78,MentosRainbow,1.53
32,112,Skittles,7.5
32,111,SkittleWildberry,6.03
32,139,Twix,4.03
32,43,Gobstoppers,7
32,69,LaysSweetSouthernHeatBarbecue,8.29
32,130,SunchipsCheddar,7.22
32,80,MilanoCookies,8.45
32,124,SourPatchKids,7.52
32,101,Razzles,6
32,46,Grandma'sChocolateChipCookies,4.98
32,131,SunchipsFrenchOnion,3.41
32,84,MilkyWayDark,5.75
32,73,LindtMilkChocolate,5.22
32,41,GhirardelliMilkChocolateSquares,7.31
32,86,MunchiesNachoCheese,6.31
32,57,KeeblerRainbowCookies,0.7
32,31,Dots,2.02
32,138,TrailMix,4.5
32,94,PopcornersJalapeno,2.99
32,54,JuniorCaramels,6.99
32,117,SnickersAlmond,0.63
32,119,SnickersPeanutButter,7.78
32,36,Fritos,3.98
32,71,LifesaversGummiesSours,9.77
32,47,Grandma'sOatmealRaisinCookies,9.84
32,10,BlowPopCherry,9.65
32,20,Cheez-it,9.71
32,22,ChexMixCheddar,8.53
32,63,KitKatWhiteChocolate,9.07
32,90,Oreos,6.17
32,77,M&M'sPretzel,3.16
32,95,PopcornersKettle,2.34
32,133,SunchipsOriginal,1.7
32,68,LaysSourCreamAndOnion,2.42
32,34,DoveMilk&PeanutButterBites,3.05
32,137,Toblerone,8.57
32,135,SwedishFishAssorted,8.34
32,125,SourPunchStrawsApple,1.53
32,23,ChexMixTraditional,4.96
32,51,HostessChocolateDonuts,2.44
32,142,WarHeads,2.51
32,11,BlowPopSourApple,3.06
32,52,HostessCupcakes,2.15
32,49,GummyWormsSour,7.68
32,88,NerdsRope,4.41
32,74,M&M'sMilkChocolate,8.33
32,100,RaisinetsMilkChocolate,7.06
32,62,KitKat,5.49
32,87,MunchiesPeanutButter,2.01
32,59,KettleJalapenoChips,3.47
32,12,BlowPopWatermelon,5.99
32,15,ButterfingerBites,3.12
32,129,StarburstTropical,3.45
32,66,LaysClassic,6.62
32,44,GoldfishCheddar,7.74
32,83,MilkyWayCaramel,5.05
32,93,PopcornWhiteCheddar,6.36
32,58,KettleBBQChips,7.51
32,2,3Musketeers,0.55
32,37,FritosBBQ,5.07
32,72,LindtDarkChocolate,3.34
32,121,SnydersMiniPretzels,7.23
32,50,HeathBar,3.02
32,48,Grandma'sPeanutButterCookies,8.46
32,110,Shockers,6
32,85,MunchiesJalapenoCheddar,2.14
32,3,AirheadsBlueRaspberry,5.22
32,4,AirheadsCherry,0.43
32,7,AlmondJoy,1
32,134,SwedishFish,2.08
32,60,KettleSalt&PepperChips,4.3
32,113,SkittlesSours,6
32,40,GhirardelliDarkChocolateSquares,3.12
32,27,Crunch,7.26
32,18,CheetosCrunchy,1.11
32,33,DoveDarkChocolateBites,9.9
32,114,SkittlesTropical,9.86
32,53,HostessPowderedDonut,9.28
32,143,Whoppers,7.05
32,21,CheezitWhiteCheddar,3.16
32,1,100Grand,4.01
32,120,SnydersHoneyMustardOnionNibblerPretzels,4.26
32,109,Runts,3.29
32,14,Butterfinger,5.63
32,56,KeeblerFudgeStripes,6.63
32,42,GiantSweeTarts,5.96
32,28,DoritoSpicyChili,6.6
32,97,PringlesCheddar,7.93
32,127,Spree,5.05
32,92,Pez,5.26
32,67,LaysDillPickle,6.37
32,26,CombosPizzeria,8.04
32,39,GhirardelliCaramelSquares,8.62
32,81,MilkDuds,3.08
32,70,LifeSaversGummies,2.16
32,55,JuniorMints,4.13
32,128,Starburst,3.01
32,89,NerdsStrawberryGrape,6.3
32,102,Reese'sBigCup,7.39
32,141,TwizzlersStrawberry,4.05
32,75,M&M'sMint,4.51
32,32,DoveCaramelMilkChocolate,9.06
32,45,Goobers,6.27
32,35,FamousAmos,6.11
32,105,RitzBitsCheese,2.54
32,16,CaramelApplePops,6.02
32,115,SlimJim,3.96
32,24,ChipsAhoy,6.6
32,8,BabyRuth,5.53
32,79,Mike&IkeZours,5.02
32,82,MilkyWay,7.49
32,99,PringlesSourCreamOnion,0.88
32,118,SnickersDarkChocolate,5.01
32,61,KettleSalt&VinegarChips,7.5
32,122,SnydersOriginalNibblers,7.13
32,144,YorkPeppermintPatty,4.27
32,106,RitzBitsPeanutButter,2.13
32,5,AirheadsGreenApple,9.3
33,25,CombosCheddar,4
33,106,RitzBitsPeanutButter,8
33,143,Whoppers,6.5
33,116,Snickers,9
33,64,LaffyTaffySourApple,4
33,110,Shockers,4
33,48,Grandma'sPeanutButterCookies,5
33,46,Grandma'sChocolateChipCookies,3
33,103,ReesesPeanutButterCup,3
33,136,Take5,4.99
33,56,KeeblerFudgeStripes,1.99
33,68,LaysSourCreamAndOnion,3
33,74,M&M'sMilkChocolate,5
33,115,SlimJim,4
33,97,PringlesCheddar,4
33,73,LindtMilkChocolate,3
33,84,MilkyWayDark,4
33,28,DoritoSpicyChili,8
33,3,AirheadsBlueRaspberry,7.99
33,69,LaysSweetSouthernHeatBarbecue,8
33,125,SourPunchStrawsApple,8
33,51,HostessChocolateDonuts,6
33,44,GoldfishCheddar,6
33,105,RitzBitsCheese,8.5
33,128,Starburst,6
33,10,BlowPopCherry,6
33,33,DoveDarkChocolateBites,7.5
33,72,LindtDarkChocolate,10
33,66,LaysClassic,9.5
33,104,ReesesPieces,9.8
33,114,SkittlesTropical,3
33,18,CheetosCrunchy,10
33,79,Mike&IkeZours,8
33,122,SnydersOriginalNibblers,9
33,12,BlowPopWatermelon,6
33,43,Gobstoppers,3.51
33,38,Funyuns,5
33,9,BlowPopBlueRaspberry,5
33,101,Razzles,10
33,85,MunchiesJalapenoCheddar,8.5
33,111,SkittleWildberry,9.9
33,55,JuniorMints,4
33,127,Spree,4
33,91,OreosGolden,8
33,24,ChipsAhoy,4.5
33,141,TwizzlersStrawberry,8.5
33,135,SwedishFishAssorted,2
33,139,Twix,4
33,75,M&M'sMint,8
33,20,Cheez-it,5
33,89,NerdsStrawberryGrape,5
33,117,SnickersAlmond,8
33,118,SnickersDarkChocolate,3
33,11,BlowPopSourApple,7
33,112,Skittles,2
33,15,ButterfingerBites,6.5
33,6,AirheadsWatermelon,5.99
33,23,ChexMixTraditional,10
33,13,BunchaCrunch,7
33,60,KettleSalt&PepperChips,6
33,32,DoveCaramelMilkChocolate,4
33,29,DoritosCoolRanch,9
33,7,AlmondJoy,9
33,49,GummyWormsSour,1.5
33,131,SunchipsFrenchOnion,5
33,70,LifeSaversGummies,8
33,61,KettleSalt&VinegarChips,2
33,4,AirheadsCherry,5.5
33,19,CheetosPuffs,10
33,35,FamousAmos,5
33,59,KettleJalapenoChips,7
33,41,GhirardelliMilkChocolateSquares,9
33,78,MentosRainbow,10
33,113,SkittlesSours,10
33,123,SnydersPretzelSticks,4
33,63,KitKatWhiteChocolate,8
33,58,KettleBBQChips,7
33,45,Goobers,4
33,99,PringlesSourCreamOnion,4.5
33,39,GhirardelliCaramelSquares,4
33,92,Pez,9.02
33,124,SourPatchKids,10
33,31,Dots,9
33,137,Toblerone,7
33,26,CombosPizzeria,7
33,88,NerdsRope,6.5
33,120,SnydersHoneyMustardOnionNibblerPretzels,5.5
33,130,SunchipsCheddar,5
33,36,Fritos,5
33,50,HeathBar,10
33,138,TrailMix,6
33,121,SnydersMiniPretzels,4
33,52,HostessCupcakes,7
33,22,ChexMixCheddar,3
33,65,LaysCheesyGarlicBread,4
33,8,BabyRuth,4.5
33,17,CheesePeanutButterCrackers,4.5
33,21,CheezitWhiteCheddar,5
33,62,KitKat,5
33,47,Grandma'sOatmealRaisinCookies,4
33,133,SunchipsOriginal,3
33,76,M&M'sPeanuts,10
33,67,LaysDillPickle,10
33,107,RoldGoldTinyTwistPretzels,8
33,109,Runts,6
33,30,DoritosNachoCheese,4
33,90,Oreos,5
33,37,FritosBBQ,5
33,129,StarburstTropical,4
33,144,YorkPeppermintPatty,2
33,87,MunchiesPeanutButter,7
33,80,MilanoCookies,9
33,142,WarHeads,10
33,71,LifesaversGummiesSours,7.5
33,93,PopcornWhiteCheddar,5
33,140,TwixPeanutButter,7
33,1,100Grand,6
33,96,PopcornersWhiteCheddar,6
33,53,HostessPowderedDonut,5
33,82,MilkyWay,6
33,98,PringlesOriginal,7
33,14,Butterfinger,2
33,119,SnickersPeanutButter,6
33,54,JuniorCaramels,7
33,102,Reese'sBigCup,6.5
33,57,KeeblerRainbowCookies,7
33,16,CaramelApplePops,3
33,34,DoveMilk&PeanutButterBites,7.51
33,81,MilkDuds,5
33,126,SourPunchStrawsStrawberry,10
33,77,M&M'sPretzel,7
33,134,SwedishFish,8.5
33,100,RaisinetsMilkChocolate,5
33,95,PopcornersKettle,6
33,5,AirheadsGreenApple,6
33,83,MilkyWayCaramel,4.5
33,108,RufflesCheddarSourCreamChips,9.5
33,86,MunchiesNachoCheese,9
33,94,PopcornersJalapeno,8
33,42,GiantSweeTarts,6.5
33,2,3Musketeers,5
33,40,GhirardelliDarkChocolateSquares,5.5
33,27,Crunch,5
33,132,SunchipsGardenSalsa,1
34,65,LaysCheesyGarlicBread,4.96
34,61,KettleSalt&VinegarChips,7.46
34,105,RitzBitsCheese,8.7
34,19,CheetosPuffs,5.28
34,10,BlowPopCherry,6.57
34,83,MilkyWayCaramel,8.31
34,126,SourPunchStrawsStrawberry,6.28
34,85,MunchiesJalapenoCheddar,2.59
34,31,Dots,4.51
34,17,CheesePeanutButterCrackers,5.51
34,29,DoritosCoolRanch,4.47
34,30,DoritosNachoCheese,5.62
34,93,PopcornWhiteCheddar,3.53
34,128,Starburst,0.72
34,18,CheetosCrunchy,1.03
34,60,KettleSalt&PepperChips,2.38
34,58,KettleBBQChips,1.51
34,89,NerdsStrawberryGrape,5.42
34,91,OreosGolden,3.45
34,28,DoritoSpicyChili,7.52
34,2,3Musketeers,9.53
34,127,Spree,8.44
34,95,PopcornersKettle,6.06
34,109,Runts,7.42
34,80,MilanoCookies,5.43
34,113,SkittlesSours,5
34,100,RaisinetsMilkChocolate,5.56
34,102,Reese'sBigCup,9.41
34,4,AirheadsCherry,8.02
34,72,LindtDarkChocolate,8
34,52,HostessCupcakes,3.48
34,71,LifesaversGummiesSours,7.49
34,116,Snickers,6.52
34,132,SunchipsGardenSalsa,7.27
34,12,BlowPopWatermelon,8.68
34,23,ChexMixTraditional,3.47
34,39,GhirardelliCaramelSquares,8.45
34,73,LindtMilkChocolate,6.54
34,74,M&M'sMilkChocolate,7.55
34,26,CombosPizzeria,8.01
34,46,Grandma'sChocolateChipCookies,8.72
34,138,TrailMix,4.37
34,8,BabyRuth,6.13
34,82,MilkyWay,7.45
34,3,AirheadsBlueRaspberry,5.37
34,40,GhirardelliDarkChocolateSquares,6
34,5,AirheadsGreenApple,8.56
34,69,LaysSweetSouthernHeatBarbecue,7.54
34,79,Mike&IkeZours,8.4
34,20,Cheez-it,6.35
34,15,ButterfingerBites,5.16
34,139,Twix,4.98
34,75,M&M'sMint,7.42
34,47,Grandma'sOatmealRaisinCookies,6.43
34,14,Butterfinger,5.69
34,32,DoveCaramelMilkChocolate,7.44
34,106,RitzBitsPeanutButter,7.55
34,70,LifeSaversGummies,6.51
34,129,StarburstTropical,3.46
34,135,SwedishFishAssorted,5.51
34,53,HostessPowderedDonut,4.02
34,7,AlmondJoy,5.72
34,49,GummyWormsSour,6.65
34,92,Pez,5.24
34,11,BlowPopSourApple,3.99
34,88,NerdsRope,5.17
34,114,SkittlesTropical,3.51
34,121,SnydersMiniPretzels,6.64
34,50,HeathBar,5
34,94,PopcornersJalapeno,4.41
34,27,Crunch,6.55
34,108,RufflesCheddarSourCreamChips,6.04
34,104,ReesesPieces,7.58
34,54,JuniorCaramels,5.66
34,34,DoveMilk&PeanutButterBites,2.38
34,1,100Grand,3.61
34,16,CaramelApplePops,5.63
34,111,SkittleWildberry,4.14
34,144,YorkPeppermintPatty,5.5
34,6,AirheadsWatermelon,5.43
34,123,SnydersPretzelSticks,5.46
34,86,MunchiesNachoCheese,7.46
34,76,M&M'sPeanuts,6.01
34,136,Take5,4.4
34,78,MentosRainbow,4
34,143,Whoppers,3.56
34,57,KeeblerRainbowCookies,4.35
34,133,SunchipsOriginal,10
34,120,SnydersHoneyMustardOnionNibblerPretzels,7
34,124,SourPatchKids,3.4
34,51,HostessChocolateDonuts,8.52
34,98,PringlesOriginal,3.19
34,90,Oreos,7
34,115,SlimJim,3.67
34,42,GiantSweeTarts,4.53
34,24,ChipsAhoy,3.35
34,97,PringlesCheddar,8.48
34,44,GoldfishCheddar,4.4
34,35,FamousAmos,8.63
34,96,PopcornersWhiteCheddar,5.61
34,110,Shockers,3.53
34,140,TwixPeanutButter,6.72
34,48,Grandma'sPeanutButterCookies,8.52
34,36,Fritos,7.54
34,25,CombosCheddar,3.02
34,9,BlowPopBlueRaspberry,5
34,59,KettleJalapenoChips,7.32
34,67,LaysDillPickle,4.57
34,101,Razzles,4.47
34,56,KeeblerFudgeStripes,4.63
34,137,Toblerone,5.01
34,87,MunchiesPeanutButter,3.48
34,141,TwizzlersStrawberry,7.01
34,45,Goobers,5.94
34,13,BunchaCrunch,6.54
34,112,Skittles,7.59
34,63,KitKatWhiteChocolate,6.44
34,62,KitKat,6.23
34,142,WarHeads,6.71
34,33,DoveDarkChocolateBites,4.57
34,99,PringlesSourCreamOnion,5.04
34,103,ReesesPeanutButterCup,8.55
34,81,MilkDuds,6.59
34,38,Funyuns,7.65
34,64,LaffyTaffySourApple,7.75
34,134,SwedishFish,6.01
34,118,SnickersDarkChocolate,4.52
34,122,SnydersOriginalNibblers,6
34,22,ChexMixCheddar,6.45
34,41,GhirardelliMilkChocolateSquares,7.37
34,130,SunchipsCheddar,5.47
34,117,SnickersAlmond,10
34,55,JuniorMints,5.44
34,66,LaysClassic,7.33
34,119,SnickersPeanutButter,8.55
34,84,MilkyWayDark,5.03
34,43,Gobstoppers,4.55
34,131,SunchipsFrenchOnion,9.01
34,125,SourPunchStrawsApple,8
34,21,CheezitWhiteCheddar,4.52
34,107,RoldGoldTinyTwistPretzels,4.28
34,68,LaysSourCreamAndOnion,7.59
34,37,FritosBBQ,5.3
34,77,M&M'sPretzel,6.51
35,67,LaysDillPickle,2.42
35,41,GhirardelliMilkChocolateSquares,6.09
35,39,GhirardelliCaramelSquares,1.43
35,26,CombosPizzeria,1.27
35,30,DoritosNachoCheese,1.01
35,103,ReesesPeanutButterCup,0.68
35,65,LaysCheesyGarlicBread,6.25
35,121,SnydersMiniPretzels,7.33
35,128,Starburst,1.58
35,55,JuniorMints,0.47
35,99,PringlesSourCreamOnion,0.61
35,14,Butterfinger,0.64
35,61,KettleSalt&VinegarChips,6.42
35,78,MentosRainbow,7.12
35,64,LaffyTaffySourApple,7.65
35,76,M&M'sPeanuts,0.27
35,130,SunchipsCheddar,0.75
35,107,RoldGoldTinyTwistPretzels,0
35,35,FamousAmos,0
35,102,Reese'sBigCup,10
35,49,GummyWormsSour,3.48
35,94,PopcornersJalapeno,3.14
35,116,Snickers,2.46
35,51,HostessChocolateDonuts,6.56
35,9,BlowPopBlueRaspberry,1.36
35,86,MunchiesNachoCheese,1.36
35,82,MilkyWay,8.28
35,110,Shockers,9.42
35,88,NerdsRope,10
35,114,SkittlesTropical,6.09
35,75,M&M'sMint,7.4
35,36,Fritos,8.79
35,135,SwedishFishAssorted,6.62
35,3,AirheadsBlueRaspberry,8.66
35,25,CombosCheddar,2.95
35,1,100Grand,8.3
35,17,CheesePeanutButterCrackers,8.66
35,23,ChexMixTraditional,6.6
35,90,Oreos,9.05
35,15,ButterfingerBites,6.27
35,28,DoritoSpicyChili,8.01
35,115,SlimJim,4.2
35,91,OreosGolden,4.69
35,83,MilkyWayCaramel,10
35,118,SnickersDarkChocolate,6.2
35,59,KettleJalapenoChips,3.7
35,32,DoveCaramelMilkChocolate,8.3
35,97,PringlesCheddar,3.12
35,48,Grandma'sPeanutButterCookies,2.11
35,40,GhirardelliDarkChocolateSquares,5.74
35,137,Toblerone,5.76
35,33,DoveDarkChocolateBites,1.71
35,105,RitzBitsCheese,6.25
35,120,SnydersHoneyMustardOnionNibblerPretzels,7.78
35,70,LifeSaversGummies,5.63
35,124,SourPatchKids,10
35,74,M&M'sMilkChocolate,5.46
35,4,AirheadsCherry,9.75
35,95,PopcornersKettle,10
35,29,DoritosCoolRanch,7.3
35,5,AirheadsGreenApple,5.96
35,6,AirheadsWatermelon,9.11
35,77,M&M'sPretzel,8.47
35,45,Goobers,1.56
35,53,HostessPowderedDonut,0.98
35,109,Runts,7.52
35,43,Gobstoppers,2
35,132,SunchipsGardenSalsa,1.49
35,80,MilanoCookies,9.55
35,81,MilkDuds,4.83
35,73,LindtMilkChocolate,5.75
35,87,MunchiesPeanutButter,6.87
35,54,JuniorCaramels,9.13
35,42,GiantSweeTarts,7.75
35,11,BlowPopSourApple,4.68
35,27,Crunch,5.27
35,62,KitKat,8.61
35,47,Grandma'sOatmealRaisinCookies,2.01
35,63,KitKatWhiteChocolate,2.71
35,143,Whoppers,10
35,93,PopcornWhiteCheddar,10
35,24,ChipsAhoy,8.41
35,85,MunchiesJalapenoCheddar,8.95
35,20,Cheez-it,6.28
35,60,KettleSalt&PepperChips,1.07
35,140,TwixPeanutButter,0.95
35,112,Skittles,1.16
35,134,SwedishFish,3.5
35,12,BlowPopWatermelon,6.98
35,52,HostessCupcakes,8.66
35,34,DoveMilk&PeanutButterBites,8.76
35,66,LaysClassic,7.27
35,138,TrailMix,10
35,89,NerdsStrawberryGrape,6.44
35,19,CheetosPuffs,9.31
35,72,LindtDarkChocolate,5.46
35,69,LaysSweetSouthernHeatBarbecue,3.34
35,127,Spree,5.41
35,125,SourPunchStrawsApple,0.44
35,56,KeeblerFudgeStripes,6.58
35,44,GoldfishCheddar,0.74
35,13,BunchaCrunch,9.43
35,131,SunchipsFrenchOnion,9.33
35,31,Dots,8.32
35,37,FritosBBQ,0.71
35,133,SunchipsOriginal,3.64
35,79,Mike&IkeZours,6.07
35,108,RufflesCheddarSourCreamChips,1.63
35,111,SkittleWildberry,3.94
35,68,LaysSourCreamAndOnion,1.69
35,2,3Musketeers,8.58
35,22,ChexMixCheddar,6.62
35,141,TwizzlersStrawberry,6.26
35,136,Take5,7.62
35,100,RaisinetsMilkChocolate,1.67
35,57,KeeblerRainbowCookies,7.56
35,123,SnydersPretzelSticks,7.78
35,144,YorkPeppermintPatty,7.4
35,10,BlowPopCherry,8.64
35,38,Funyuns,0
35,8,BabyRuth,5.02
35,122,SnydersOriginalNibblers,6.61
35,58,KettleBBQChips,7.27
35,92,Pez,6.28
35,21,CheezitWhiteCheddar,0.87
35,18,CheetosCrunchy,3.92
35,16,CaramelApplePops,3.57
35,113,SkittlesSours,5.89
35,126,SourPunchStrawsStrawberry,9.23
35,117,SnickersAlmond,8.08
35,98,PringlesOriginal,2.7
35,101,Razzles,10
35,7,AlmondJoy,5.7
35,71,LifesaversGummiesSours,8.22
35,129,StarburstTropical,8.15
35,46,Grandma'sChocolateChipCookies,6.65
35,106,RitzBitsPeanutButter,9.36
35,50,HeathBar,3.69
35,104,ReesesPieces,9.27
35,139,Twix,8.15
35,96,PopcornersWhiteCheddar,5.71
35,142,WarHeads,1.7
35,119,SnickersPeanutButter,7.4
35,84,MilkyWayDark,7.35
36,96,PopcornersWhiteCheddar,8.47
36,78,MentosRainbow,7.46
36,30,DoritosNachoCheese,0.79
36,136,Take5,6.56
36,69,LaysSweetSouthernHeatBarbecue,3.26
36,3,AirheadsBlueRaspberry,5.64
36,121,SnydersMiniPretzels,7.97
36,46,Grandma'sChocolateChipCookies,4.86
36,70,LifeSaversGummies,0.57
36,23,ChexMixTraditional,0.28
36,26,CombosPizzeria,0.2
36,115,SlimJim,0.2
36,138,TrailMix,6.17
36,41,GhirardelliMilkChocolateSquares,7.71
36,28,DoritoSpicyChili,7.53
36,109,Runts,0.4
36,80,MilanoCookies,1.12
36,15,ButterfingerBites,4.35
36,140,TwixPeanutButter,9.15
36,110,Shockers,0.38
36,43,Gobstoppers,2.68
36,104,ReesesPieces,6.29
36,17,CheesePeanutButterCrackers,6.98
36,76,M&M'sPeanuts,2.81
36,97,PringlesCheddar,3.58
36,10,BlowPopCherry,4.53
36,20,Cheez-it,8.14
36,44,GoldfishCheddar,3.47
36,114,SkittlesTropical,5.17
36,4,AirheadsCherry,2.8
36,82,MilkyWay,1.49
36,144,YorkPeppermintPatty,6.68
36,130,SunchipsCheddar,8.23
36,108,RufflesCheddarSourCreamChips,4.51
36,142,WarHeads,8.47
36,116,Snickers,4.5
36,66,LaysClassic,0.25
36,85,MunchiesJalapenoCheddar,0.16
36,25,CombosCheddar,9.23
36,39,GhirardelliCaramelSquares,8.62
36,74,M&M'sMilkChocolate,8.01
36,22,ChexMixCheddar,0.89
36,83,MilkyWayCaramel,0.98
36,111,SkittleWildberry,0.96
36,8,BabyRuth,4.01
36,143,Whoppers,0.16
36,125,SourPunchStrawsApple,2.01
36,93,PopcornWhiteCheddar,0.11
36,45,Goobers,8.03
36,21,CheezitWhiteCheddar,8.34
36,59,KettleJalapenoChips,0.41
36,53,HostessPowderedDonut,0.31
36,87,MunchiesPeanutButter,0.08
36,32,DoveCaramelMilkChocolate,5.17
36,57,KeeblerRainbowCookies,8.45
36,56,KeeblerFudgeStripes,2.86
36,133,SunchipsOriginal,6.7
36,90,Oreos,2.84
36,129,StarburstTropical,3.44
36,27,Crunch,7.41
36,92,Pez,6.17
36,52,HostessCupcakes,6.39
36,106,RitzBitsPeanutButter,5.29
36,47,Grandma'sOatmealRaisinCookies,1.78
36,54,JuniorCaramels,5.82
36,9,BlowPopBlueRaspberry,5.38
36,123,SnydersPretzelSticks,5.79
36,6,AirheadsWatermelon,2.39
36,81,MilkDuds,0.57
36,118,SnickersDarkChocolate,7.6
36,127,Spree,7.4
36,113,SkittlesSours,10
36,102,Reese'sBigCup,9.04
36,62,KitKat,6.99
36,95,PopcornersKettle,6.35
36,122,SnydersOriginalNibblers,6.28
36,134,SwedishFish,3.15
36,128,Starburst,1
36,71,LifesaversGummiesSours,6.6
36,49,GummyWormsSour,9.6
36,11,BlowPopSourApple,5.31
36,13,BunchaCrunch,7.69
36,7,AlmondJoy,7.21
36,73,LindtMilkChocolate,8.63
36,139,Twix,1.44
36,120,SnydersHoneyMustardOnionNibblerPretzels,1.56
36,100,RaisinetsMilkChocolate,0.56
36,98,PringlesOriginal,2.67
36,24,ChipsAhoy,1.29
36,37,FritosBBQ,7.59
36,34,DoveMilk&PeanutButterBites,7.16
36,64,LaffyTaffySourApple,0.18
36,99,PringlesSourCreamOnion,0.83
36,135,SwedishFishAssorted,0.55
36,58,KettleBBQChips,2.19
36,50,HeathBar,3.99
36,88,NerdsRope,3.51
36,132,SunchipsGardenSalsa,2.54
36,55,JuniorMints,1.4
36,72,LindtDarkChocolate,4.28
36,105,RitzBitsCheese,0.47
36,1,100Grand,7.24
36,2,3Musketeers,9.11
36,35,FamousAmos,3.42
36,103,ReesesPeanutButterCup,4.26
36,77,M&M'sPretzel,2.11
36,60,KettleSalt&PepperChips,0.23
36,16,CaramelApplePops,7.38
36,117,SnickersAlmond,1.86
36,94,PopcornersJalapeno,5.51
36,101,Razzles,6.28
36,42,GiantSweeTarts,2.39
36,40,GhirardelliDarkChocolateSquares,5.74
36,141,TwizzlersStrawberry,6.56
36,19,CheetosPuffs,0
36,67,LaysDillPickle,7.86
36,31,Dots,8.89
36,131,SunchipsFrenchOnion,8.63
36,79,Mike&IkeZours,9.5
36,29,DoritosCoolRanch,2.62
36,65,LaysCheesyGarlicBread,0.26
36,61,KettleSalt&VinegarChips,0.49
36,137,Toblerone,0.47
36,5,AirheadsGreenApple,7.56
36,48,Grandma'sPeanutButterCookies,5.98
36,12,BlowPopWatermelon,6.27
36,107,RoldGoldTinyTwistPretzels,0.4
36,68,LaysSourCreamAndOnion,6.8
36,14,Butterfinger,8.19
36,18,CheetosCrunchy,7.45
36,86,MunchiesNachoCheese,0.79
36,124,SourPatchKids,6.59
36,89,NerdsStrawberryGrape,6.06
36,38,Funyuns,6.58
36,84,MilkyWayDark,5.49
36,119,SnickersPeanutButter,6.95
36,91,OreosGolden,9.88
36,36,Fritos,6.43
36,63,KitKatWhiteChocolate,9.02
36,126,SourPunchStrawsStrawberry,7.97
36,51,HostessChocolateDonuts,0.56
36,112,Skittles,4.24
36,75,M&M'sMint,5.22
36,33,DoveDarkChocolateBites,8.38
37,59,KettleJalapenoChips,4.99
37,37,FritosBBQ,1.05
37,111,SkittleWildberry,4.89
37,136,Take5,0
37,135,SwedishFishAssorted,0
37,19,CheetosPuffs,0
37,77,M&M'sPretzel,0
37,103,ReesesPeanutButterCup,0
37,36,Fritos,0
37,56,KeeblerFudgeStripes,0
37,140,TwixPeanutButter,2.06
37,58,KettleBBQChips,0
37,104,ReesesPieces,3.98
37,70,LifeSaversGummies,9.03
37,55,JuniorMints,7.98
37,132,SunchipsGardenSalsa,0
37,61,KettleSalt&VinegarChips,0
37,137,Toblerone,0
37,65,LaysCheesyGarlicBread,0
37,18,CheetosCrunchy,0
37,138,TrailMix,1.98
37,144,YorkPeppermintPatty,3.19
37,54,JuniorCaramels,0
37,64,LaffyTaffySourApple,2.04
37,97,PringlesCheddar,0
37,74,M&M'sMilkChocolate,0
37,94,PopcornersJalapeno,4.99
37,68,LaysSourCreamAndOnion,8.49
37,50,HeathBar,5.44
37,66,LaysClassic,0
37,99,PringlesSourCreamOnion,0
37,75,M&M'sMint,6.88
37,81,MilkDuds,0
37,44,GoldfishCheddar,6.61
37,83,MilkyWayCaramel,1.02
37,131,SunchipsFrenchOnion,0
37,98,PringlesOriginal,7.02
37,69,LaysSweetSouthernHeatBarbecue,1.06
37,78,MentosRainbow,9
37,114,SkittlesTropical,1.77
37,76,M&M'sPeanuts,4.99
37,32,DoveCaramelMilkChocolate,0
37,71,LifesaversGummiesSours,0.05
37,4,AirheadsCherry,0
37,86,MunchiesNachoCheese,0
37,27,Crunch,0
37,49,GummyWormsSour,0
37,26,CombosPizzeria,0
37,20,Cheez-it,0.3
37,38,Funyuns,6.03
37,46,Grandma'sChocolateChipCookies,0
37,101,Razzles,3.98
37,21,CheezitWhiteCheddar,0
37,9,BlowPopBlueRaspberry,0
37,25,CombosCheddar,0
37,120,SnydersHoneyMustardOnionNibblerPretzels,0
37,41,GhirardelliMilkChocolateSquares,2.6
37,87,MunchiesPeanutButter,1.98
37,3,AirheadsBlueRaspberry,5
37,53,HostessPowderedDonut,0
37,2,3Musketeers,3.97
37,63,KitKatWhiteChocolate,6.97
37,60,KettleSalt&PepperChips,6.97
37,39,GhirardelliCaramelSquares,0
37,126,SourPunchStrawsStrawberry,0.01
37,8,BabyRuth,0
37,89,NerdsStrawberryGrape,0
37,116,Snickers,1.04
37,52,HostessCupcakes,3.93
37,14,Butterfinger,0
37,82,MilkyWay,0
37,88,NerdsRope,3.46
37,31,Dots,7.88
37,122,SnydersOriginalNibblers,4.04
37,113,SkittlesSours,0
37,43,Gobstoppers,4.03
37,84,MilkyWayDark,5.01
37,139,Twix,2.07
37,110,Shockers,0
37,13,BunchaCrunch,3.41
37,24,ChipsAhoy,5.14
37,109,Runts,4.02
37,47,Grandma'sOatmealRaisinCookies,0
37,121,SnydersMiniPretzels,1.07
37,143,Whoppers,0.84
37,118,SnickersDarkChocolate,0.4
37,85,MunchiesJalapenoCheddar,0
37,51,HostessChocolateDonuts,0
37,29,DoritosCoolRanch,0
37,17,CheesePeanutButterCrackers,3.02
37,15,ButterfingerBites,0
37,12,BlowPopWatermelon,0
37,102,Reese'sBigCup,1.95
37,30,DoritosNachoCheese,0
37,72,LindtDarkChocolate,0
37,112,Skittles,0.09
37,96,PopcornersWhiteCheddar,2.93
37,115,SlimJim,0
37,28,DoritoSpicyChili,1.01
37,67,LaysDillPickle,0
37,11,BlowPopSourApple,0
37,127,Spree,7.46
37,22,ChexMixCheddar,7.06
37,100,RaisinetsMilkChocolate,7
37,34,DoveMilk&PeanutButterBites,0
37,91,OreosGolden,0
37,40,GhirardelliDarkChocolateSquares,0
37,1,100Grand,3.97
37,92,Pez,0
37,33,DoveDarkChocolateBites,0
37,133,SunchipsOriginal,2.04
37,10,BlowPopCherry,0
37,73,LindtMilkChocolate,1.46
37,7,AlmondJoy,0.98
37,119,SnickersPeanutButter,0.07
37,16,CaramelApplePops,1.98
37,93,PopcornWhiteCheddar,1
37,124,SourPatchKids,0
37,80,MilanoCookies,5.99
37,129,StarburstTropical,1.94
37,108,RufflesCheddarSourCreamChips,0
37,48,Grandma'sPeanutButterCookies,0.31
37,95,PopcornersKettle,0
37,107,RoldGoldTinyTwistPretzels,0.07
37,42,GiantSweeTarts,0
37,123,SnydersPretzelSticks,0
37,134,SwedishFish,0
37,105,RitzBitsCheese,0
37,130,SunchipsCheddar,0
37,141,TwizzlersStrawberry,3.51
37,23,ChexMixTraditional,1.08
37,90,Oreos,5.03
37,57,KeeblerRainbowCookies,0
37,128,Starburst,0
37,35,FamousAmos,0
37,106,RitzBitsPeanutButter,10
37,117,SnickersAlmond,9.97
37,125,SourPunchStrawsApple,0
37,45,Goobers,7.06
37,62,KitKat,0
37,142,WarHeads,0
37,79,Mike&IkeZours,0
37,5,AirheadsGreenApple,4.04
37,6,AirheadsWatermelon,0
38,55,JuniorMints,5.91
38,92,Pez,1.84
38,59,KettleJalapenoChips,1.31
38,103,ReesesPeanutButterCup,1.63
38,102,Reese'sBigCup,2.72
38,27,Crunch,1.36
38,144,YorkPeppermintPatty,4.34
38,107,RoldGoldTinyTwistPretzels,1.86
38,12,BlowPopWatermelon,2.58
38,88,NerdsRope,1.05
38,48,Grandma'sPeanutButterCookies,1.57
38,114,SkittlesTropical,1.94
38,91,OreosGolden,2.37
38,106,RitzBitsPeanutButter,2.9
38,129,StarburstTropical,1.48
38,63,KitKatWhiteChocolate,0
38,93,PopcornWhiteCheddar,8.07
38,25,CombosCheddar,5.65
38,137,Toblerone,2.77
38,79,Mike&IkeZours,2.15
38,122,SnydersOriginalNibblers,2.2
38,111,SkittleWildberry,1.57
38,110,Shockers,2.67
38,7,AlmondJoy,9.77
38,44,GoldfishCheddar,5.21
38,34,DoveMilk&PeanutButterBites,6.42
38,1,100Grand,5.31
38,141,TwizzlersStrawberry,7.72
38,116,Snickers,10
38,47,Grandma'sOatmealRaisinCookies,8.36
38,136,Take5,2.94
38,53,HostessPowderedDonut,5.66
38,41,GhirardelliMilkChocolateSquares,1.54
38,40,GhirardelliDarkChocolateSquares,7.1
38,24,ChipsAhoy,9.3
38,143,Whoppers,6.17
38,28,DoritoSpicyChili,5.76
38,31,Dots,3.98
38,19,CheetosPuffs,3.33
38,15,ButterfingerBites,1.84
38,117,SnickersAlmond,3.66
38,30,DoritosNachoCheese,4.45
38,43,Gobstoppers,1.48
38,119,SnickersPeanutButter,8.47
38,101,Razzles,0.46
38,96,PopcornersWhiteCheddar,8.86
38,13,BunchaCrunch,9.48
38,39,GhirardelliCaramelSquares,6.57
38,57,KeeblerRainbowCookies,1.93
38,126,SourPunchStrawsStrawberry,7.29
38,67,LaysDillPickle,3.63
38,17,CheesePeanutButterCrackers,6
38,50,HeathBar,3.14
38,32,DoveCaramelMilkChocolate,0.88
38,90,Oreos,0.43
38,81,MilkDuds,5.83
38,20,Cheez-it,7.58
38,112,Skittles,2.6
38,130,SunchipsCheddar,5.43
38,75,M&M'sMint,8.51
38,69,LaysSweetSouthernHeatBarbecue,2.81
38,98,PringlesOriginal,7.46
38,5,AirheadsGreenApple,3.61
38,70,LifeSaversGummies,1.84
38,26,CombosPizzeria,8.83
38,21,CheezitWhiteCheddar,6.87
38,6,AirheadsWatermelon,1.69
38,108,RufflesCheddarSourCreamChips,3.61
38,71,LifesaversGummiesSours,7.29
38,115,SlimJim,1.44
38,65,LaysCheesyGarlicBread,1.72
38,104,ReesesPieces,1.38
38,52,HostessCupcakes,1.58
38,29,DoritosCoolRanch,4.83
38,142,WarHeads,0
38,123,SnydersPretzelSticks,1.69
38,42,GiantSweeTarts,0.49
38,139,Twix,3.32
38,11,BlowPopSourApple,2.32
38,58,KettleBBQChips,6.19
38,95,PopcornersKettle,1.18
38,64,LaffyTaffySourApple,7.1
38,74,M&M'sMilkChocolate,1.25
38,73,LindtMilkChocolate,2.4
38,118,SnickersDarkChocolate,7.87
38,62,KitKat,6.68
38,54,JuniorCaramels,7.9
38,127,Spree,1.3
38,84,MilkyWayDark,4.23
38,38,Funyuns,10
38,133,SunchipsOriginal,9.8
38,135,SwedishFishAssorted,1.74
38,23,ChexMixTraditional,0.58
38,80,MilanoCookies,8.05
38,49,GummyWormsSour,6.57
38,87,MunchiesPeanutButter,7.6
38,51,HostessChocolateDonuts,6.64
38,60,KettleSalt&PepperChips,6.8
38,4,AirheadsCherry,5.32
38,86,MunchiesNachoCheese,1.23
38,120,SnydersHoneyMustardOnionNibblerPretzels,2.13
38,68,LaysSourCreamAndOnion,5.27
38,18,CheetosCrunchy,4.96
38,10,BlowPopCherry,1.25
38,85,MunchiesJalapenoCheddar,7.99
38,109,Runts,9.36
38,99,PringlesSourCreamOnion,3.23
38,9,BlowPopBlueRaspberry,7.8
38,94,PopcornersJalapeno,1.65
38,22,ChexMixCheddar,1.69
38,61,KettleSalt&VinegarChips,1.41
38,134,SwedishFish,1.42
38,82,MilkyWay,1.87
38,105,RitzBitsCheese,3.64
38,138,TrailMix,9.29
38,124,SourPatchKids,9.66
38,131,SunchipsFrenchOnion,7.17
38,100,RaisinetsMilkChocolate,5.57
38,83,MilkyWayCaramel,7.03
38,46,Grandma'sChocolateChipCookies,1.43
38,72,LindtDarkChocolate,6.37
38,125,SourPunchStrawsApple,2.66
38,66,LaysClassic,2.76
38,97,PringlesCheddar,0.69
38,16,CaramelApplePops,0.35
38,140,TwixPeanutButter,0.14
38,37,FritosBBQ,2.19
38,78,MentosRainbow,1.07
38,36,Fritos,2.09
38,113,SkittlesSours,8.75
38,33,DoveDarkChocolateBites,7.17
38,76,M&M'sPeanuts,8.48
38,132,SunchipsGardenSalsa,5.58
38,77,M&M'sPretzel,0.94
38,89,NerdsStrawberryGrape,1.8
38,35,FamousAmos,3.19
38,8,BabyRuth,3.09
38,3,AirheadsBlueRaspberry,6.14
38,2,3Musketeers,4.98
38,121,SnydersMiniPretzels,2.68
38,128,Starburst,0.17
38,45,Goobers,2.87
38,56,KeeblerFudgeStripes,3.57
38,14,Butterfinger,0
39,115,SlimJim,1.57
39,70,LifeSaversGummies,3.52
39,9,BlowPopBlueRaspberry,0.33
39,68,LaysSourCreamAndOnion,0.48
39,34,DoveMilk&PeanutButterBites,0.27
39,53,HostessPowderedDonut,0.35
39,15,ButterfingerBites,0.57
39,101,Razzles,4.54
39,96,PopcornersWhiteCheddar,0.5
39,43,Gobstoppers,0.31
39,129,StarburstTropical,0.41
39,110,Shockers,0.24
39,135,SwedishFishAssorted,0.29
39,25,CombosCheddar,0.49
39,143,Whoppers,0.67
39,47,Grandma'sOatmealRaisinCookies,0.02
39,77,M&M'sPretzel,1.48
39,22,ChexMixCheddar,5.43
39,131,SunchipsFrenchOnion,3.44
39,16,CaramelApplePops,1.45
39,126,SourPunchStrawsStrawberry,1.43
39,142,WarHeads,0.53
39,11,BlowPopSourApple,0.46
39,122,SnydersOriginalNibblers,8.53
39,17,CheesePeanutButterCrackers,0.5
39,81,MilkDuds,0.35
39,75,M&M'sMint,2.43
39,46,Grandma'sChocolateChipCookies,1.57
39,95,PopcornersKettle,1.43
39,89,NerdsStrawberryGrape,1.53
39,100,RaisinetsMilkChocolate,0.49
39,49,GummyWormsSour,5.48
39,2,3Musketeers,1.54
39,85,MunchiesJalapenoCheddar,1.51
39,139,Twix,8.55
39,83,MilkyWayCaramel,1.49
39,41,GhirardelliMilkChocolateSquares,1.53
39,74,M&M'sMilkChocolate,0.44
39,138,TrailMix,6.51
39,97,PringlesCheddar,6.61
39,111,SkittleWildberry,7.58
39,36,Fritos,0.54
39,103,ReesesPeanutButterCup,0.57
39,8,BabyRuth,5.43
39,42,GiantSweeTarts,0.58
39,105,RitzBitsCheese,7.46
39,123,SnydersPretzelSticks,8.57
39,3,AirheadsBlueRaspberry,3.41
39,57,KeeblerRainbowCookies,0.47
39,102,Reese'sBigCup,0.52
39,54,JuniorCaramels,1.51
39,45,Goobers,0.49
39,26,CombosPizzeria,0.82
39,24,ChipsAhoy,0.63
39,82,MilkyWay,0.56
39,121,SnydersMiniPretzels,0.44
39,88,NerdsRope,4.62
39,120,SnydersHoneyMustardOnionNibblerPretzels,3.48
39,12,BlowPopWatermelon,3.65
39,40,GhirardelliDarkChocolateSquares,4.49
39,62,KitKat,5.57
39,48,Grandma'sPeanutButterCookies,2.54
39,35,FamousAmos,0.47
39,91,OreosGolden,0.4
39,52,HostessCupcakes,9.82
39,118,SnickersDarkChocolate,9.98
39,109,Runts,6.45
39,38,Funyuns,8.03
39,134,SwedishFish,7.03
39,76,M&M'sPeanuts,1.53
39,6,AirheadsWatermelon,4.45
39,108,RufflesCheddarSourCreamChips,2.55
39,69,LaysSweetSouthernHeatBarbecue,6.4
39,84,MilkyWayDark,8.49
39,61,KettleSalt&VinegarChips,2.54
39,99,PringlesSourCreamOnion,7.45
39,7,AlmondJoy,7
39,113,SkittlesSours,6.46
39,10,BlowPopCherry,0.3
39,79,Mike&IkeZours,0.53
39,5,AirheadsGreenApple,2.5
39,4,AirheadsCherry,8.01
39,1,100Grand,5.55
39,55,JuniorMints,7.06
39,66,LaysClassic,0.78
39,65,LaysCheesyGarlicBread,2.49
39,39,GhirardelliCaramelSquares,0.84
39,94,PopcornersJalapeno,0.4
39,59,KettleJalapenoChips,1.53
39,58,KettleBBQChips,0.48
39,86,MunchiesNachoCheese,0.52
39,18,CheetosCrunchy,0.46
39,114,SkittlesTropical,2.56
39,32,DoveCaramelMilkChocolate,3.51
39,30,DoritosNachoCheese,5.4
39,87,MunchiesPeanutButter,3.55
39,112,Skittles,8.56
39,104,ReesesPieces,8.45
39,23,ChexMixTraditional,8.49
39,13,BunchaCrunch,1.48
39,136,Take5,1.6
39,130,SunchipsCheddar,1.51
39,67,LaysDillPickle,1.47
39,127,Spree,0.47
39,132,SunchipsGardenSalsa,0.51
39,124,SourPatchKids,0.59
39,19,CheetosPuffs,0.45
39,106,RitzBitsPeanutButter,0.79
39,29,DoritosCoolRanch,0.4
39,90,Oreos,1.56
39,125,SourPunchStrawsApple,9
39,73,LindtMilkChocolate,9.77
39,28,DoritoSpicyChili,9.65
39,20,Cheez-it,6.51
39,71,LifesaversGummiesSours,1
39,117,SnickersAlmond,9.49
39,44,GoldfishCheddar,8.59
39,116,Snickers,7.54
39,56,KeeblerFudgeStripes,3.56
39,119,SnickersPeanutButter,0.31
39,141,TwizzlersStrawberry,0.31
39,78,MentosRainbow,0.5
39,27,Crunch,0.44
39,80,MilanoCookies,0.43
39,63,KitKatWhiteChocolate,0.4
39,60,KettleSalt&PepperChips,0.12
39,33,DoveDarkChocolateBites,0.43
39,137,Toblerone,3.44
39,128,Starburst,3.98
39,50,HeathBar,1.47
39,14,Butterfinger,1.47
39,93,PopcornWhiteCheddar,0.39
39,107,RoldGoldTinyTwistPretzels,1.49
39,92,Pez,0.43
39,72,LindtDarkChocolate,0.52
39,37,FritosBBQ,1.62
39,133,SunchipsOriginal,9.51
39,98,PringlesOriginal,0.58
39,31,Dots,1.27
39,21,CheezitWhiteCheddar,2.58
39,64,LaffyTaffySourApple,0.42
39,140,TwixPeanutButter,0.07
39,51,HostessChocolateDonuts,7.57
39,144,YorkPeppermintPatty,0.51
40,47,Grandma'sOatmealRaisinCookies,1.9
40,139,Twix,3.46
40,3,AirheadsBlueRaspberry,1.99
40,43,Gobstoppers,1.09
40,46,Grandma'sChocolateChipCookies,1.84
40,39,GhirardelliCaramelSquares,2.19
40,92,Pez,0.06
40,102,Reese'sBigCup,1.38
40,44,GoldfishCheddar,0.36
40,97,PringlesCheddar,0.27
40,45,Goobers,0.39
40,23,ChexMixTraditional,0.57
40,54,JuniorCaramels,0.17
40,33,DoveDarkChocolateBites,1.82
40,9,BlowPopBlueRaspberry,2.67
40,140,TwixPeanutButter,3
40,106,RitzBitsPeanutButter,9.96
40,125,SourPunchStrawsApple,8.46
40,88,NerdsRope,8.08
40,42,GiantSweeTarts,9.33
40,4,AirheadsCherry,0.05
40,52,HostessCupcakes,8.15
40,99,PringlesSourCreamOnion,8.04
40,27,Crunch,7.17
40,35,FamousAmos,0.13
40,8,BabyRuth,0.96
40,30,DoritosNachoCheese,4.29
40,126,SourPunchStrawsStrawberry,6.9
40,114,SkittlesTropical,9.64
40,57,KeeblerRainbowCookies,4.63
40,109,Runts,0.06
40,95,PopcornersKettle,0.65
40,82,MilkyWay,9.43
40,29,DoritosCoolRanch,6.97
40,64,LaffyTaffySourApple,0.75
40,59,KettleJalapenoChips,7.29
40,143,Whoppers,0.17
40,134,SwedishFish,0.24
40,62,KitKat,3.77
40,108,RufflesCheddarSourCreamChips,9.57
40,71,LifesaversGummiesSours,7.9
40,117,SnickersAlmond,3.01
40,111,SkittleWildberry,2.01
40,89,NerdsStrawberryGrape,8.82
40,142,WarHeads,0.18
40,11,BlowPopSourApple,0.87
40,80,MilanoCookies,1.03
40,55,JuniorMints,0.72
40,83,MilkyWayCaramel,3.82
40,132,SunchipsGardenSalsa,0.54
40,77,M&M'sPretzel,5.56
40,81,MilkDuds,1.13
40,56,KeeblerFudgeStripes,2.1
40,107,RoldGoldTinyTwistPretzels,0.98
40,105,RitzBitsCheese,6.45
40,121,SnydersMiniPretzels,7.76
40,18,CheetosCrunchy,6.85
40,15,ButterfingerBites,7.74
40,61,KettleSalt&VinegarChips,9.81
40,129,StarburstTropical,9.93
40,14,Butterfinger,9.92
40,119,SnickersPeanutButter,7.15
40,72,LindtDarkChocolate,0.03
40,138,TrailMix,2.6
40,98,PringlesOriginal,5.3
40,123,SnydersPretzelSticks,5.5
40,6,AirheadsWatermelon,6.14
40,137,Toblerone,8.45
40,70,LifeSaversGummies,9.17
40,94,PopcornersJalapeno,2.77
40,130,SunchipsCheddar,3.15
40,133,SunchipsOriginal,9.93
40,10,BlowPopCherry,6.49
40,141,TwizzlersStrawberry,8.03
40,120,SnydersHoneyMustardOnionNibblerPretzels,5.79
40,74,M&M'sMilkChocolate,5.14
40,116,Snickers,7.35
40,101,Razzles,0.85
40,67,LaysDillPickle,4.67
40,25,CombosCheddar,8.8
40,103,ReesesPeanutButterCup,1.45
40,73,LindtMilkChocolate,1.88
40,65,LaysCheesyGarlicBread,2.37
40,131,SunchipsFrenchOnion,3.33
40,112,Skittles,0.01
40,91,OreosGolden,1.84
40,127,Spree,9.86
40,12,BlowPopWatermelon,2.38
40,136,Take5,1.27
40,32,DoveCaramelMilkChocolate,9.21
40,21,CheezitWhiteCheddar,4.4
40,128,Starburst,2.46
40,87,MunchiesPeanutButter,10
40,28,DoritoSpicyChili,9.39
40,113,SkittlesSours,0.54
40,60,KettleSalt&PepperChips,6.01
40,13,BunchaCrunch,7.24
40,41,GhirardelliMilkChocolateSquares,6.2
40,24,ChipsAhoy,5.38
40,144,YorkPeppermintPatty,9.89
40,69,LaysSweetSouthernHeatBarbecue,0.14
40,34,DoveMilk&PeanutButterBites,6.42
40,115,SlimJim,8.41
40,66,LaysClassic,6.71
40,51,HostessChocolateDonuts,0
40,96,PopcornersWhiteCheddar,8.69
40,90,Oreos,7.22
40,5,AirheadsGreenApple,7.82
40,122,SnydersOriginalNibblers,1.93
40,68,LaysSourCreamAndOnion,4.65
40,135,SwedishFishAssorted,0.97
40,17,CheesePeanutButterCrackers,1.71
40,85,MunchiesJalapenoCheddar,6.99
40,53,HostessPowderedDonut,1.73
40,1,100Grand,5.98
40,16,CaramelApplePops,7.11
40,76,M&M'sPeanuts,1.08
40,63,KitKatWhiteChocolate,7.06
40,93,PopcornWhiteCheddar,7.49
40,79,Mike&IkeZours,8.84
40,38,Funyuns,9.02
40,7,AlmondJoy,5.17
40,124,SourPatchKids,7.37
40,19,CheetosPuffs,4.18
40,20,Cheez-it,4.32
40,104,ReesesPieces,1.87
40,48,Grandma'sPeanutButterCookies,5.6
40,40,GhirardelliDarkChocolateSquares,6.92
40,118,SnickersDarkChocolate,3.8
40,58,KettleBBQChips,9.66
40,110,Shockers,5.56
40,49,GummyWormsSour,9.31
40,86,MunchiesNachoCheese,8.25
40,78,MentosRainbow,1.15
40,26,CombosPizzeria,2.49
40,31,Dots,6.29
40,2,3Musketeers,1.95
40,75,M&M'sMint,8.08
40,37,FritosBBQ,4.45
40,84,MilkyWayDark,6.29
40,22,ChexMixCheddar,0.66
40,36,Fritos,2.68
40,50,HeathBar,1.44
40,100,RaisinetsMilkChocolate,7.97
41,76,M&M'sPeanuts,0.9
41,47,Grandma'sOatmealRaisinCookies,5.88
41,56,KeeblerFudgeStripes,2.69
41,132,SunchipsGardenSalsa,2.54
41,12,BlowPopWatermelon,2.58
41,77,M&M'sPretzel,3.6
41,82,MilkyWay,0.16
41,48,Grandma'sPeanutButterCookies,1.49
41,68,LaysSourCreamAndOnion,3.83
41,117,SnickersAlmond,5.06
41,31,Dots,3.32
41,115,SlimJim,4.48
41,126,SourPunchStrawsStrawberry,8.31
41,32,DoveCaramelMilkChocolate,1.65
41,8,BabyRuth,0.3
41,118,SnickersDarkChocolate,0.01
41,96,PopcornersWhiteCheddar,0.27
41,111,SkittleWildberry,2.52
41,105,RitzBitsCheese,0.93
41,27,Crunch,7.49
41,6,AirheadsWatermelon,1.47
41,104,ReesesPieces,2.37
41,86,MunchiesNachoCheese,2.79
41,90,Oreos,5.16
41,130,SunchipsCheddar,1.67
41,94,PopcornersJalapeno,0.06
41,141,TwizzlersStrawberry,9.32
41,60,KettleSalt&PepperChips,2.85
41,54,JuniorCaramels,3.42
41,52,HostessCupcakes,5.5
41,58,KettleBBQChips,0.84
41,59,KettleJalapenoChips,6.5
41,64,LaffyTaffySourApple,7.43
41,139,Twix,6.66
41,85,MunchiesJalapenoCheddar,5.64
41,65,LaysCheesyGarlicBread,0.38
41,14,Butterfinger,0.13
41,45,Goobers,0.05
41,142,WarHeads,6.71
41,15,ButterfingerBites,4.83
41,5,AirheadsGreenApple,5.44
41,33,DoveDarkChocolateBites,0.38
41,22,ChexMixCheddar,0.72
41,63,KitKatWhiteChocolate,8.48
41,135,SwedishFishAssorted,0.48
41,24,ChipsAhoy,3.43
41,123,SnydersPretzelSticks,1.03
41,138,TrailMix,0.33
41,61,KettleSalt&VinegarChips,0.79
41,72,LindtDarkChocolate,0.71
41,57,KeeblerRainbowCookies,0.23
41,119,SnickersPeanutButter,0.22
41,112,Skittles,0.18
41,43,Gobstoppers,1.11
41,113,SkittlesSours,2.61
41,3,AirheadsBlueRaspberry,4.02
41,122,SnydersOriginalNibblers,6.57
41,137,Toblerone,1.35
41,99,PringlesSourCreamOnion,0.65
41,78,MentosRainbow,0.43
41,95,PopcornersKettle,0.6
41,13,BunchaCrunch,8.51
41,80,MilanoCookies,2.27
41,30,DoritosNachoCheese,1.61
41,67,LaysDillPickle,0.07
41,89,NerdsStrawberryGrape,0.9
41,131,SunchipsFrenchOnion,0.18
41,50,HeathBar,0
41,1,100Grand,0.26
41,4,AirheadsCherry,0.62
41,91,OreosGolden,0.47
41,98,PringlesOriginal,4.57
41,128,Starburst,7.27
41,75,M&M'sMint,9.34
41,19,CheetosPuffs,4.15
41,49,GummyWormsSour,1
41,16,CaramelApplePops,1.61
41,38,Funyuns,0.86
41,109,Runts,0.78
41,35,FamousAmos,6.48
41,10,BlowPopCherry,2.47
41,44,GoldfishCheddar,5.54
41,74,M&M'sMilkChocolate,5.11
41,66,LaysClassic,2.52
41,100,RaisinetsMilkChocolate,0.17
41,46,Grandma'sChocolateChipCookies,0.28
41,21,CheezitWhiteCheddar,0.2
41,34,DoveMilk&PeanutButterBites,0.2
41,40,GhirardelliDarkChocolateSquares,3.18
41,2,3Musketeers,7.81
41,133,SunchipsOriginal,3.37
41,103,ReesesPeanutButterCup,0.75
41,97,PringlesCheddar,7.48
41,41,GhirardelliMilkChocolateSquares,0.18
41,9,BlowPopBlueRaspberry,0.18
41,92,Pez,0.21
41,87,MunchiesPeanutButter,0.11
41,83,MilkyWayCaramel,0.67
41,18,CheetosCrunchy,0.17
41,23,ChexMixTraditional,0.08
41,51,HostessChocolateDonuts,0.25
41,108,RufflesCheddarSourCreamChips,0.43
41,20,Cheez-it,0.5
41,125,SourPunchStrawsApple,0.6
41,70,LifeSaversGummies,1.23
41,55,JuniorMints,0.5
41,106,RitzBitsPeanutButter,8.86
41,127,Spree,0.24
41,140,TwixPeanutButter,0.95
41,17,CheesePeanutButterCrackers,0.38
41,114,SkittlesTropical,8.58
41,144,YorkPeppermintPatty,9.42
41,93,PopcornWhiteCheddar,2.51
41,129,StarburstTropical,7.35
41,25,CombosCheddar,0.01
41,39,GhirardelliCaramelSquares,0.85
41,143,Whoppers,0.43
41,121,SnydersMiniPretzels,1.2
41,71,LifesaversGummiesSours,0.83
41,28,DoritoSpicyChili,0.18
41,11,BlowPopSourApple,9.11
41,37,FritosBBQ,6.47
41,53,HostessPowderedDonut,6.38
41,124,SourPatchKids,3.84
41,42,GiantSweeTarts,0.67
41,134,SwedishFish,0.31
41,84,MilkyWayDark,0.09
41,110,Shockers,9.47
41,136,Take5,5.36
41,81,MilkDuds,0.38
41,69,LaysSweetSouthernHeatBarbecue,0.28
41,36,Fritos,0.49
41,88,NerdsRope,0.35
41,79,Mike&IkeZours,5.38
41,29,DoritosCoolRanch,4.51
41,26,CombosPizzeria,0.52
41,120,SnydersHoneyMustardOnionNibblerPretzels,0.66
41,116,Snickers,0.63
41,7,AlmondJoy,8.39
41,102,Reese'sBigCup,0.35
41,62,KitKat,0.78
41,73,LindtMilkChocolate,0.57
41,107,RoldGoldTinyTwistPretzels,1.08
41,101,Razzles,4.5
42,38,Funyuns,9.99
42,81,MilkDuds,5.7
42,141,TwizzlersStrawberry,9.18
42,128,Starburst,9.33
42,112,Skittles,5.82
42,94,PopcornersJalapeno,9.35
42,104,ReesesPieces,2.24
42,66,LaysClassic,1.66
42,97,PringlesCheddar,4.51
42,129,StarburstTropical,7.89
42,20,Cheez-it,7.2
42,136,Take5,7.76
42,140,TwixPeanutButter,2.05
42,105,RitzBitsCheese,2.04
42,50,HeathBar,2.64
42,29,DoritosCoolRanch,9.75
42,8,BabyRuth,1.68
42,109,Runts,9.69
42,82,MilkyWay,2.64
42,114,SkittlesTropical,6.36
42,46,Grandma'sChocolateChipCookies,1.95
42,22,ChexMixCheddar,1.86
42,54,JuniorCaramels,7.49
42,56,KeeblerFudgeStripes,2.43
42,144,YorkPeppermintPatty,1.79
42,100,RaisinetsMilkChocolate,2.45
42,59,KettleJalapenoChips,8.25
42,15,ButterfingerBites,9.77
42,65,LaysCheesyGarlicBread,5.42
42,45,Goobers,4.72
42,18,CheetosCrunchy,4.39
42,42,GiantSweeTarts,2.89
42,44,GoldfishCheddar,8.99
42,43,Gobstoppers,4.59
42,60,KettleSalt&PepperChips,2.53
42,62,KitKat,6.38
42,75,M&M'sMint,3.4
42,98,PringlesOriginal,2.01
42,131,SunchipsFrenchOnion,3.77
42,111,SkittleWildberry,9.54
42,47,Grandma'sOatmealRaisinCookies,6.41
42,117,SnickersAlmond,5.37
42,28,DoritoSpicyChili,3.36
42,58,KettleBBQChips,5.87
42,11,BlowPopSourApple,1.89
42,41,GhirardelliMilkChocolateSquares,2.22
42,107,RoldGoldTinyTwistPretzels,6.34
42,5,AirheadsGreenApple,1.62
42,68,LaysSourCreamAndOnion,9.62
42,120,SnydersHoneyMustardOnionNibblerPretzels,9.64
42,7,AlmondJoy,1.76
42,4,AirheadsCherry,9.84
42,67,LaysDillPickle,2.72
42,13,BunchaCrunch,2.26
42,21,CheezitWhiteCheddar,2.54
42,25,CombosCheddar,1.94
42,121,SnydersMiniPretzels,2.39
42,63,KitKatWhiteChocolate,7.56
42,49,GummyWormsSour,2.2
42,71,LifesaversGummiesSours,6.73
42,1,100Grand,3.43
42,134,SwedishFish,7.61
42,14,Butterfinger,1.39
42,137,Toblerone,6.65
42,55,JuniorMints,1.6
42,142,WarHeads,7.57
42,31,Dots,2.56
42,143,Whoppers,5.23
42,118,SnickersDarkChocolate,2.2
42,89,NerdsStrawberryGrape,8.42
42,87,MunchiesPeanutButter,9.55
42,32,DoveCaramelMilkChocolate,4.9
42,40,GhirardelliDarkChocolateSquares,5.46
42,103,ReesesPeanutButterCup,3.67
42,110,Shockers,3.46
42,79,Mike&IkeZours,1.61
42,132,SunchipsGardenSalsa,3.43
42,99,PringlesSourCreamOnion,6.64
42,96,PopcornersWhiteCheddar,4.47
42,126,SourPunchStrawsStrawberry,8.39
42,102,Reese'sBigCup,3
42,57,KeeblerRainbowCookies,1.78
42,116,Snickers,2.2
42,74,M&M'sMilkChocolate,1.72
42,35,FamousAmos,2.36
42,70,LifeSaversGummies,2.47
42,84,MilkyWayDark,1.84
42,53,HostessPowderedDonut,6.62
42,124,SourPatchKids,3.63
42,125,SourPunchStrawsApple,9.93
42,138,TrailMix,7.54
42,95,PopcornersKettle,5.82
42,51,HostessChocolateDonuts,7.7
42,115,SlimJim,2.01
42,27,Crunch,1.42
42,16,CaramelApplePops,4.76
42,23,ChexMixTraditional,1.73
42,133,SunchipsOriginal,9.03
42,33,DoveDarkChocolateBites,9.94
42,90,Oreos,2.4
42,108,RufflesCheddarSourCreamChips,3.33
42,73,LindtMilkChocolate,0.66
42,61,KettleSalt&VinegarChips,0.71
42,113,SkittlesSours,0.08
42,101,Razzles,1.62
42,86,MunchiesNachoCheese,1.39
42,6,AirheadsWatermelon,7.61
42,9,BlowPopBlueRaspberry,6.96
42,127,Spree,2.39
42,34,DoveMilk&PeanutButterBites,2.6
42,2,3Musketeers,4.73
42,78,MentosRainbow,3.01
42,106,RitzBitsPeanutButter,2.58
42,30,DoritosNachoCheese,2.56
42,139,Twix,10
42,80,MilanoCookies,2.79
42,93,PopcornWhiteCheddar,3.32
42,64,LaffyTaffySourApple,3.08
42,52,HostessCupcakes,0.72
42,72,LindtDarkChocolate,3.54
42,10,BlowPopCherry,5.9
42,130,SunchipsCheddar,2.63
42,119,SnickersPeanutButter,6.45
42,76,M&M'sPeanuts,9.82
42,69,LaysSweetSouthernHeatBarbecue,3.92
42,12,BlowPopWatermelon,8.76
42,26,CombosPizzeria,4.8
42,122,SnydersOriginalNibblers,7.99
42,3,AirheadsBlueRaspberry,8.52
42,88,NerdsRope,2.83
42,91,OreosGolden,3.35
42,39,GhirardelliCaramelSquares,3.39
42,19,CheetosPuffs,4.76
42,24,ChipsAhoy,9.26
42,85,MunchiesJalapenoCheddar,8.22
42,123,SnydersPretzelSticks,2.49
42,77,M&M'sPretzel,2.4
42,135,SwedishFishAssorted,3.5
42,92,Pez,7.25
42,37,FritosBBQ,1.33
42,36,Fritos,9.01
42,83,MilkyWayCaramel,3.58
42,17,CheesePeanutButterCrackers,3.58
42,48,Grandma'sPeanutButterCookies,1.37
43,16,CaramelApplePops,5.74
43,53,HostessPowderedDonut,7.98
43,68,LaysSourCreamAndOnion,1.99
43,78,MentosRainbow,2.01
43,120,SnydersHoneyMustardOnionNibblerPretzels,2
43,74,M&M'sMilkChocolate,1.99
43,131,SunchipsFrenchOnion,7.64
43,86,MunchiesNachoCheese,6.74
43,59,KettleJalapenoChips,1.62
43,135,SwedishFishAssorted,1.62
43,8,BabyRuth,3.91
43,130,SunchipsCheddar,2.33
43,136,Take5,6.19
43,12,BlowPopWatermelon,7.72
43,92,Pez,8.26
43,138,TrailMix,5.29
43,63,KitKatWhiteChocolate,5.59
43,40,GhirardelliDarkChocolateSquares,7
43,88,NerdsRope,8.08
43,37,FritosBBQ,4.28
43,50,HeathBar,7.09
43,60,KettleSalt&PepperChips,3.99
43,106,RitzBitsPeanutButter,4.01
43,42,GiantSweeTarts,3.57
43,44,GoldfishCheddar,6.4
43,76,M&M'sPeanuts,4.03
43,94,PopcornersJalapeno,6.84
43,82,MilkyWay,1.28
43,51,HostessChocolateDonuts,3.47
43,46,Grandma'sChocolateChipCookies,5.92
43,27,Crunch,3.38
43,125,SourPunchStrawsApple,6.41
43,52,HostessCupcakes,6.82
43,132,SunchipsGardenSalsa,9.14
43,107,RoldGoldTinyTwistPretzels,3.62
43,41,GhirardelliMilkChocolateSquares,7.05
43,129,StarburstTropical,0.8
43,123,SnydersPretzelSticks,7.86
43,116,Snickers,8.22
43,69,LaysSweetSouthernHeatBarbecue,8.78
43,121,SnydersMiniPretzels,8.21
43,102,Reese'sBigCup,2.25
43,137,Toblerone,3.93
43,66,LaysClassic,4.13
43,13,BunchaCrunch,8.06
43,97,PringlesCheddar,5.18
43,75,M&M'sMint,3.77
43,35,FamousAmos,3.09
43,24,ChipsAhoy,2.71
43,89,NerdsStrawberryGrape,7.63
43,32,DoveCaramelMilkChocolate,7.09
43,33,DoveDarkChocolateBites,6.21
43,14,Butterfinger,6.42
43,58,KettleBBQChips,7.17
43,112,Skittles,0.83
43,72,LindtDarkChocolate,5.33
43,127,Spree,6.1
43,108,RufflesCheddarSourCreamChips,0.26
43,77,M&M'sPretzel,4.18
43,45,Goobers,7.75
43,43,Gobstoppers,7.19
43,20,Cheez-it,9.97
43,34,DoveMilk&PeanutButterBites,9.49
43,26,CombosPizzeria,2.5
43,133,SunchipsOriginal,7.56
43,118,SnickersDarkChocolate,5.21
43,93,PopcornWhiteCheddar,7.31
43,73,LindtMilkChocolate,4.69
43,141,TwizzlersStrawberry,0.44
43,143,Whoppers,3.92
43,110,Shockers,2.88
43,28,DoritoSpicyChili,9.42
43,15,ButterfingerBites,9.56
43,128,Starburst,7.64
43,81,MilkDuds,2.89
43,83,MilkyWayCaramel,8.47
43,126,SourPunchStrawsStrawberry,9.09
43,48,Grandma'sPeanutButterCookies,2.91
43,119,SnickersPeanutButter,4.19
43,17,CheesePeanutButterCrackers,7.27
43,57,KeeblerRainbowCookies,7.65
43,90,Oreos,8.51
43,5,AirheadsGreenApple,8.32
43,84,MilkyWayDark,8.79
43,38,Funyuns,3.21
43,31,Dots,3.96
43,109,Runts,6.6
43,39,GhirardelliCaramelSquares,6.32
43,4,AirheadsCherry,5.11
43,18,CheetosCrunchy,6.99
43,21,CheezitWhiteCheddar,8.72
43,117,SnickersAlmond,1.12
43,122,SnydersOriginalNibblers,7
43,23,ChexMixTraditional,4.39
43,104,ReesesPieces,7.47
43,19,CheetosPuffs,7.02
43,80,MilanoCookies,3.89
43,71,LifesaversGummiesSours,6.01
43,54,JuniorCaramels,6.07
43,70,LifeSaversGummies,6.31
43,64,LaffyTaffySourApple,2.24
43,142,WarHeads,7.26
43,49,GummyWormsSour,9.08
43,96,PopcornersWhiteCheddar,8
43,91,OreosGolden,7.01
43,114,SkittlesTropical,6.21
43,22,ChexMixCheddar,5.47
43,55,JuniorMints,6.22
43,103,ReesesPeanutButterCup,2.62
43,87,MunchiesPeanutButter,2.91
43,29,DoritosCoolRanch,1.61
43,9,BlowPopBlueRaspberry,1.88
43,3,AirheadsBlueRaspberry,1.26
43,113,SkittlesSours,2.48
43,11,BlowPopSourApple,3
43,56,KeeblerFudgeStripes,9.29
43,100,RaisinetsMilkChocolate,9.53
43,85,MunchiesJalapenoCheddar,9.49
43,10,BlowPopCherry,9.22
43,101,Razzles,3.51
43,115,SlimJim,3.95
43,140,TwixPeanutButter,3.99
43,62,KitKat,6.84
43,36,Fritos,3.02
43,139,Twix,3.58
43,25,CombosCheddar,1.94
43,111,SkittleWildberry,3.63
43,79,Mike&IkeZours,0.95
43,134,SwedishFish,2.08
43,6,AirheadsWatermelon,6.92
43,65,LaysCheesyGarlicBread,5.56
43,7,AlmondJoy,6.51
43,47,Grandma'sOatmealRaisinCookies,7.86
43,1,100Grand,7.09
43,105,RitzBitsCheese,5.81
43,30,DoritosNachoCheese,8.77
43,144,YorkPeppermintPatty,9.34
43,98,PringlesOriginal,2.33
43,61,KettleSalt&VinegarChips,9.46
43,67,LaysDillPickle,7.43
43,2,3Musketeers,6.11
43,124,SourPatchKids,2.3
43,95,PopcornersKettle,7.64
43,99,PringlesSourCreamOnion,0.88
44,33,DoveDarkChocolateBites,0
44,140,TwixPeanutButter,1.27
44,88,NerdsRope,4.99
44,109,Runts,5.09
44,14,Butterfinger,0.28
44,21,CheezitWhiteCheddar,0.06
44,2,3Musketeers,0.01
44,34,DoveMilk&PeanutButterBites,2.66
44,18,CheetosCrunchy,0.15
44,79,Mike&IkeZours,0.01
44,91,OreosGolden,0.44
44,103,ReesesPeanutButterCup,0.04
44,35,FamousAmos,5.6
44,15,ButterfingerBites,3.21
44,11,BlowPopSourApple,2.78
44,83,MilkyWayCaramel,7.34
44,78,MentosRainbow,4.36
44,126,SourPunchStrawsStrawberry,3.09
44,132,SunchipsGardenSalsa,6.36
44,97,PringlesCheddar,0.03
44,99,PringlesSourCreamOnion,0.27
44,66,LaysClassic,2.3
44,25,CombosCheddar,0.02
44,16,CaramelApplePops,3.78
44,59,KettleJalapenoChips,0
44,110,Shockers,0
44,45,Goobers,9.52
44,65,LaysCheesyGarlicBread,9.51
44,68,LaysSourCreamAndOnion,7.02
44,139,Twix,2.62
44,24,ChipsAhoy,0.97
44,64,LaffyTaffySourApple,0.15
44,121,SnydersMiniPretzels,10
44,122,SnydersOriginalNibblers,8.47
44,82,MilkyWay,1.51
44,27,Crunch,0.05
44,7,AlmondJoy,8.51
44,41,GhirardelliMilkChocolateSquares,1.54
44,6,AirheadsWatermelon,0.03
44,8,BabyRuth,9.97
44,73,LindtMilkChocolate,8.35
44,37,FritosBBQ,0.04
44,61,KettleSalt&VinegarChips,1.43
44,52,HostessCupcakes,0.07
44,76,M&M'sPeanuts,2.41
44,9,BlowPopBlueRaspberry,6.04
44,69,LaysSweetSouthernHeatBarbecue,0.02
44,105,RitzBitsCheese,6.45
44,70,LifeSaversGummies,2.52
44,63,KitKatWhiteChocolate,1.28
44,43,Gobstoppers,9.36
44,141,TwizzlersStrawberry,6.13
44,47,Grandma'sOatmealRaisinCookies,0.31
44,13,BunchaCrunch,0.1
44,39,GhirardelliCaramelSquares,0.02
44,125,SourPunchStrawsApple,8.69
44,26,CombosPizzeria,0.18
44,67,LaysDillPickle,9.97
44,19,CheetosPuffs,7.97
44,96,PopcornersWhiteCheddar,7.02
44,101,Razzles,8.06
44,48,Grandma'sPeanutButterCookies,9.96
44,104,ReesesPieces,0.06
44,50,HeathBar,0.09
44,56,KeeblerFudgeStripes,5.74
44,12,BlowPopWatermelon,2.28
44,62,KitKat,5.94
44,28,DoritoSpicyChili,9.39
44,40,GhirardelliDarkChocolateSquares,8.37
44,129,StarburstTropical,0.12
44,117,SnickersAlmond,1.91
44,42,GiantSweeTarts,9.98
44,138,TrailMix,9.98
44,17,CheesePeanutButterCrackers,8.02
44,10,BlowPopCherry,0
44,114,SkittlesTropical,9.57
44,94,PopcornersJalapeno,5.45
44,137,Toblerone,0.07
44,106,RitzBitsPeanutButter,1.14
44,51,HostessChocolateDonuts,7.22
44,58,KettleBBQChips,0.02
44,102,Reese'sBigCup,5.12
44,84,MilkyWayDark,0.44
44,1,100Grand,1.69
44,135,SwedishFishAssorted,0.13
44,23,ChexMixTraditional,0.01
44,81,MilkDuds,0.55
44,77,M&M'sPretzel,0.65
44,74,M&M'sMilkChocolate,5.4
44,124,SourPatchKids,9.96
44,86,MunchiesNachoCheese,6.11
44,143,Whoppers,0
44,4,AirheadsCherry,6.56
44,133,SunchipsOriginal,0.02
44,90,Oreos,0.06
44,107,RoldGoldTinyTwistPretzels,3.34
44,53,HostessPowderedDonut,2.5
44,130,SunchipsCheddar,0.12
44,116,Snickers,6.14
44,123,SnydersPretzelSticks,0.07
44,108,RufflesCheddarSourCreamChips,0.22
44,120,SnydersHoneyMustardOnionNibblerPretzels,0.07
44,119,SnickersPeanutButter,7.51
44,134,SwedishFish,7.44
44,29,DoritosCoolRanch,1.49
44,118,SnickersDarkChocolate,8.32
44,71,LifesaversGummiesSours,0.02
44,136,Take5,1.57
44,30,DoritosNachoCheese,0.24
44,38,Funyuns,0.23
44,92,Pez,0.19
44,22,ChexMixCheddar,0.97
44,98,PringlesOriginal,3.03
44,57,KeeblerRainbowCookies,0.74
44,144,YorkPeppermintPatty,0.01
44,32,DoveCaramelMilkChocolate,9.3
44,49,GummyWormsSour,8.64
44,111,SkittleWildberry,9.46
44,44,GoldfishCheddar,9.02
44,75,M&M'sMint,0.02
44,31,Dots,0
44,112,Skittles,0.03
44,60,KettleSalt&PepperChips,0.05
44,95,PopcornersKettle,6.5
44,100,RaisinetsMilkChocolate,1.42
44,5,AirheadsGreenApple,3.26
44,36,Fritos,0.04
44,87,MunchiesPeanutButter,6.81
44,46,Grandma'sChocolateChipCookies,6.47
44,93,PopcornWhiteCheddar,0.05
44,89,NerdsStrawberryGrape,0.12
44,113,SkittlesSours,0
44,72,LindtDarkChocolate,0.04
44,3,AirheadsBlueRaspberry,0.9
44,55,JuniorMints,0.02
44,115,SlimJim,0.06
44,128,Starburst,4.37
44,142,WarHeads,2.6
44,20,Cheez-it,5.06
44,85,MunchiesJalapenoCheddar,7.6
44,131,SunchipsFrenchOnion,0.04
44,127,Spree,0.02
44,80,MilanoCookies,0.29
44,54,JuniorCaramels,0.05
45,88,NerdsRope,10
45,63,KitKatWhiteChocolate,9.55
45,90,Oreos,9.96
45,139,Twix,2.21
45,39,GhirardelliCaramelSquares,5.8
45,29,DoritosCoolRanch,6.45
45,4,AirheadsCherry,5.42
45,100,RaisinetsMilkChocolate,6.09
45,14,Butterfinger,3.93
45,61,KettleSalt&VinegarChips,0.56
45,126,SourPunchStrawsStrawberry,2.44
45,130,SunchipsCheddar,2.37
45,86,MunchiesNachoCheese,0.01
45,125,SourPunchStrawsApple,3.93
45,28,DoritoSpicyChili,7.15
45,16,CaramelApplePops,2.42
45,80,MilanoCookies,0
45,52,HostessCupcakes,7.17
45,47,Grandma'sOatmealRaisinCookies,8.47
45,20,Cheez-it,7.48
45,104,ReesesPieces,8.2
45,48,Grandma'sPeanutButterCookies,7.4
45,31,Dots,9.92
45,50,HeathBar,10
45,13,BunchaCrunch,8.64
45,129,StarburstTropical,6.87
45,96,PopcornersWhiteCheddar,3.13
45,111,SkittleWildberry,5.03
45,53,HostessPowderedDonut,3.01
45,68,LaysSourCreamAndOnion,9.26
45,38,Funyuns,0.25
45,72,LindtDarkChocolate,8.98
45,43,Gobstoppers,7.52
45,118,SnickersDarkChocolate,0.04
45,62,KitKat,10
45,102,Reese'sBigCup,10
45,77,M&M'sPretzel,1.48
45,73,LindtMilkChocolate,3.26
45,136,Take5,8
45,99,PringlesSourCreamOnion,8.26
45,11,BlowPopSourApple,8.58
45,98,PringlesOriginal,1.26
45,133,SunchipsOriginal,7.63
45,70,LifeSaversGummies,8
45,78,MentosRainbow,0
45,58,KettleBBQChips,8.02
45,33,DoveDarkChocolateBites,0
45,60,KettleSalt&PepperChips,0.01
45,113,SkittlesSours,8.37
45,19,CheetosPuffs,8.71
45,135,SwedishFishAssorted,6.63
45,66,LaysClassic,7.66
45,15,ButterfingerBites,5.01
45,59,KettleJalapenoChips,9.33
45,65,LaysCheesyGarlicBread,4.06
45,27,Crunch,8.45
45,23,ChexMixTraditional,10
45,97,PringlesCheddar,9.98
45,9,BlowPopBlueRaspberry,6.42
45,35,FamousAmos,7.52
45,87,MunchiesPeanutButter,10
45,91,OreosGolden,8.57
45,67,LaysDillPickle,7.01
45,79,Mike&IkeZours,7.42
45,6,AirheadsWatermelon,9.95
45,119,SnickersPeanutButter,5.06
45,120,SnydersHoneyMustardOnionNibblerPretzels,2.37
45,22,ChexMixCheddar,4.39
45,112,Skittles,9.98
45,115,SlimJim,4.41
45,18,CheetosCrunchy,5.51
45,17,CheesePeanutButterCrackers,9.83
45,103,ReesesPeanutButterCup,9.97
45,55,JuniorMints,1.02
45,138,TrailMix,8.21
45,101,Razzles,0.01
45,109,Runts,3.47
45,144,YorkPeppermintPatty,6.66
45,76,M&M'sPeanuts,5.57
45,74,M&M'sMilkChocolate,0.01
45,114,SkittlesTropical,7.75
45,8,BabyRuth,8.68
45,131,SunchipsFrenchOnion,5.02
45,134,SwedishFish,7.47
45,94,PopcornersJalapeno,0.45
45,84,MilkyWayDark,0.05
45,37,FritosBBQ,0
45,56,KeeblerFudgeStripes,7
45,1,100Grand,7.78
45,64,LaffyTaffySourApple,4.99
45,32,DoveCaramelMilkChocolate,7.02
45,110,Shockers,0
45,54,JuniorCaramels,10
45,3,AirheadsBlueRaspberry,1.1
45,69,LaysSweetSouthernHeatBarbecue,2
45,92,Pez,2.55
45,45,Goobers,6.78
45,89,NerdsStrawberryGrape,8.47
45,137,Toblerone,3.57
45,26,CombosPizzeria,0
45,95,PopcornersKettle,1.98
45,143,Whoppers,0.02
45,2,3Musketeers,0
45,57,KeeblerRainbowCookies,0.03
45,7,AlmondJoy,9.75
45,122,SnydersOriginalNibblers,0
45,85,MunchiesJalapenoCheddar,3.52
45,10,BlowPopCherry,10
45,34,DoveMilk&PeanutButterBites,8.15
45,49,GummyWormsSour,5.56
45,142,WarHeads,6.46
45,141,TwizzlersStrawberry,6.36
45,83,MilkyWayCaramel,5.38
45,40,GhirardelliDarkChocolateSquares,7.67
45,128,Starburst,1.9
45,75,M&M'sMint,7
45,71,LifesaversGummiesSours,6.53
45,81,MilkDuds,8.39
45,108,RufflesCheddarSourCreamChips,0.06
45,24,ChipsAhoy,0
45,93,PopcornWhiteCheddar,4.02
45,107,RoldGoldTinyTwistPretzels,2.2
45,124,SourPatchKids,3.97
45,51,HostessChocolateDonuts,8.7
45,25,CombosCheddar,7.06
45,5,AirheadsGreenApple,4.55
45,42,GiantSweeTarts,9.23
45,116,Snickers,7.49
45,36,Fritos,7.6
45,127,Spree,9.37
45,41,GhirardelliMilkChocolateSquares,0
45,82,MilkyWay,9.79
45,46,Grandma'sChocolateChipCookies,2.56
45,117,SnickersAlmond,5.56
45,30,DoritosNachoCheese,4.52
45,105,RitzBitsCheese,9.97
45,44,GoldfishCheddar,8
45,106,RitzBitsPeanutButter,9.74
45,121,SnydersMiniPretzels,3.99
45,21,CheezitWhiteCheddar,0
45,123,SnydersPretzelSticks,5.43
45,12,BlowPopWatermelon,2.48
45,140,TwixPeanutButter,9.57
45,132,SunchipsGardenSalsa,6.37
46,137,Toblerone,2.4
46,83,MilkyWayCaramel,8.17
46,10,BlowPopCherry,0.36
46,9,BlowPopBlueRaspberry,0.53
46,43,Gobstoppers,0.61
46,91,OreosGolden,0
46,57,KeeblerRainbowCookies,4.38
46,5,AirheadsGreenApple,3.18
46,53,HostessPowderedDonut,1.99
46,90,Oreos,0.98
46,70,LifeSaversGummies,2.6
46,23,ChexMixTraditional,0.12
46,32,DoveCaramelMilkChocolate,2.28
46,131,SunchipsFrenchOnion,4
46,54,JuniorCaramels,5.21
46,74,M&M'sMilkChocolate,1.68
46,108,RufflesCheddarSourCreamChips,1.27
46,61,KettleSalt&VinegarChips,3
46,19,CheetosPuffs,3.03
46,65,LaysCheesyGarlicBread,7.31
46,111,SkittleWildberry,9.42
46,97,PringlesCheddar,4.46
46,8,BabyRuth,7.8
46,79,Mike&IkeZours,4.87
46,95,PopcornersKettle,2.85
46,67,LaysDillPickle,1.56
46,136,Take5,3
46,133,SunchipsOriginal,7.25
46,40,GhirardelliDarkChocolateSquares,6.45
46,59,KettleJalapenoChips,6.23
46,81,MilkDuds,0
46,18,CheetosCrunchy,4.65
46,68,LaysSourCreamAndOnion,10
46,51,HostessChocolateDonuts,10
46,14,Butterfinger,10
46,27,Crunch,0.47
46,49,GummyWormsSour,5.26
46,62,KitKat,2.28
46,102,Reese'sBigCup,10
46,86,MunchiesNachoCheese,10
46,1,100Grand,10
46,138,TrailMix,0.42
46,33,DoveDarkChocolateBites,1
46,72,LindtDarkChocolate,10
46,89,NerdsStrawberryGrape,0.87
46,128,Starburst,2.17
46,143,Whoppers,2.43
46,11,BlowPopSourApple,5.52
46,52,HostessCupcakes,4.43
46,139,Twix,3.37
46,120,SnydersHoneyMustardOnionNibblerPretzels,5
46,71,LifesaversGummiesSours,3.99
46,134,SwedishFish,3.67
46,24,ChipsAhoy,2.99
46,77,M&M'sPretzel,7.25
46,124,SourPatchKids,6.15
46,55,JuniorMints,6.13
46,31,Dots,10
46,45,Goobers,6.01
46,135,SwedishFishAssorted,9.47
46,121,SnydersMiniPretzels,3.01
46,66,LaysClassic,4.57
46,94,PopcornersJalapeno,5.56
46,117,SnickersAlmond,0
46,113,SkittlesSours,3.01
46,63,KitKatWhiteChocolate,8.57
46,87,MunchiesPeanutButter,4.15
46,6,AirheadsWatermelon,3
46,64,LaffyTaffySourApple,7.31
46,140,TwixPeanutButter,0.16
46,125,SourPunchStrawsApple,0.21
46,20,Cheez-it,10
46,96,PopcornersWhiteCheddar,10
46,34,DoveMilk&PeanutButterBites,7.69
46,123,SnydersPretzelSticks,9.3
46,2,3Musketeers,8.59
46,13,BunchaCrunch,6.15
46,100,RaisinetsMilkChocolate,0
46,15,ButterfingerBites,3.16
46,25,CombosCheddar,10
46,56,KeeblerFudgeStripes,1
46,118,SnickersDarkChocolate,6.22
46,129,StarburstTropical,2.99
46,38,Funyuns,4.74
46,104,ReesesPieces,1.92
46,115,SlimJim,0.13
46,99,PringlesSourCreamOnion,0
46,46,Grandma'sChocolateChipCookies,0.68
46,73,LindtMilkChocolate,0.34
46,75,M&M'sMint,5.5
46,88,NerdsRope,0.88
46,112,Skittles,0
46,60,KettleSalt&PepperChips,10
46,132,SunchipsGardenSalsa,7.82
46,30,DoritosNachoCheese,3.19
46,106,RitzBitsPeanutButter,6.99
46,29,DoritosCoolRanch,3.03
46,105,RitzBitsCheese,10
46,16,CaramelApplePops,5.7
46,36,Fritos,9.26
46,101,Razzles,0
46,92,Pez,6.62
46,80,MilanoCookies,10
46,26,CombosPizzeria,5.3
46,69,LaysSweetSouthernHeatBarbecue,4.48
46,35,FamousAmos,6.42
46,37,FritosBBQ,8.85
46,114,SkittlesTropical,4.01
46,78,MentosRainbow,0
46,116,Snickers,0
46,84,MilkyWayDark,1
46,22,ChexMixCheddar,1.17
46,3,AirheadsBlueRaspberry,5.58
46,7,AlmondJoy,2.76
46,130,SunchipsCheddar,3.27
46,82,MilkyWay,2.71
46,48,Grandma'sPeanutButterCookies,6.34
46,50,HeathBar,6.22
46,17,CheesePeanutButterCrackers,8.06
46,109,Runts,4.5
46,141,TwizzlersStrawberry,6.87
46,142,WarHeads,8.73
46,12,BlowPopWatermelon,10
46,58,KettleBBQChips,7.23
46,85,MunchiesJalapenoCheddar,4.76
46,44,GoldfishCheddar,4.24
46,47,Grandma'sOatmealRaisinCookies,0.49
46,28,DoritoSpicyChili,0.76
46,76,M&M'sPeanuts,1.22
46,126,SourPunchStrawsStrawberry,10
46,107,RoldGoldTinyTwistPretzels,5.24
46,119,SnickersPeanutButter,8.22
46,127,Spree,10
46,42,GiantSweeTarts,0.36
46,144,YorkPeppermintPatty,1.75
46,4,AirheadsCherry,4.23
46,39,GhirardelliCaramelSquares,9.99
46,21,CheezitWhiteCheddar,10
46,41,GhirardelliMilkChocolateSquares,3.54
46,98,PringlesOriginal,5.1
46,93,PopcornWhiteCheddar,0
46,122,SnydersOriginalNibblers,1.34
46,110,Shockers,1.24
46,103,ReesesPeanutButterCup,10
