subject,study,image,rating
1,1,100grand,1
1,1,3musketeers,0.72
1,1,airheadsblueraspberry,1.27
1,1,airheadscherry,1.02
1,1,airheadswatermelon,1.49
1,1,babyruth,0.28
1,1,blowpopcherry,1.49
1,1,blowpopsourapple,0.76
1,1,blowpopwatermelon,1.73
1,1,bunchacrunch,0.2
1,1,butterfingerbites,0.99
1,1,caramelapplepops,0.52
1,1,cheesepeanutbuttercrackers,0.13
1,1,cheetospuffs,1.49
1,1,cheez-it,0.01
1,1,cheezitwhitecheddar,0.74
1,1,chexmixcheddar,0.48
1,1,chexmixtraditional,1.49
1,1,combospizzeria,1.71
1,1,crunch,0.78
1,1,doritoscoolranch,0.74
1,1,doritosnachocheese,0.98
1,1,doritospicychili,1
1,1,dots,1.74
1,1,dovecaramelmilkchocolate,1.5
1,1,dovedarkchocolatebites,1.02
1,1,famousamos,1.49
1,1,fritos,2.01
1,1,funyuns,0.99
1,1,ghirardellicaramelsquares,0.03
1,1,gobstoppers,0.25
1,1,grandma'speanutbuttercookies,1.49
1,1,gummywormssour,2.49
1,1,heathbar,1
1,1,hostesschocolatedonuts,1.98
1,1,hostesscupcakes,0.78
1,1,hostesspowdereddonut,1
1,1,juniorcaramels,1
1,1,keeblerrainbowcookies,0.1
1,1,kettlebbqchips,0.99
1,1,kettlejalapenochips,0.97
1,1,kettlesalt&pepperchips,1.25
1,1,kettlesalt&vinegarchips,0.98
1,1,kitkat,1.98
1,1,laffytaffysourapple,1.51
1,1,layscheesygarlicbread,0.52
1,1,laysclassic,0.76
1,1,layssourcreamandonion,0.52
1,1,lifesaversgummies,1.02
1,1,lifesaversgummiessours,0.21
1,1,lindtdarkchocolate,1.73
1,1,lindtmilkchocolate,1.24
1,1,m&m'smilkchocolate,0.43
1,1,m&m'smint,0.52
1,1,m&m'spretzel,0.72
1,1,mentosrainbow,1.98
1,1,milkduds,1.51
1,1,munchiesjalapenocheddar,1.77
1,1,munchiesnachocheese,1.01
1,1,munchiespeanutbutter,1
1,1,nerdsrope,1.28
1,1,oreos,2.02
1,1,oreosgolden,1.98
1,1,pez,1.01
1,1,popcornersjalapeno,0.99
1,1,popcornwhitecheddar,0.24
1,1,pringlescheddar,0.04
1,1,pringlesoriginal,0.27
1,1,pringlessourcreamonion,1.51
1,1,raisinetsmilkchocolate,1.49
1,1,razzles,0.2
1,1,reese'sbigcup,2
1,1,ritzbitscheese,0.51
1,1,ritzbitspeanutbutter,0.52
1,1,skittles,1.49
1,1,skittlessours,1
1,1,skittlestropical,2.01
1,1,skittlewildberry,1.28
1,1,snydershoneymustardonionnibblerpretzels,1.49
1,1,snydersminipretzels,0.51
1,1,snydersoriginalnibblers,0.99
1,1,sourpatchkids,0.47
1,1,sourpunchstrawsapple,0.05
1,1,spree,1.75
1,1,starburst,0.24
1,1,sunchipscheddar,0.5
1,1,sunchipsoriginal,1.49
1,1,swedishfish,1.27
1,1,swedishfishassorted,2.18
1,1,take5,0.5
1,1,toblerone,1.03
1,1,trailmix,0.5
1,1,twizzlersstrawberry,0.28
1,1,warheads,1.26
1,1,whoppers,2.27
1,1,yorkpeppermintpatty,2.02
2,1,100grand,0.49
2,1,airheadsblueraspberry,0.23
2,1,airheadsgreenapple,1
2,1,airheadswatermelon,3.01
2,1,almondjoy,2.99
2,1,babyruth,1.99
2,1,blowpopblueraspberry,2.48
2,1,blowpopwatermelon,1
2,1,caramelapplepops,0.99
2,1,cheesepeanutbuttercrackers,3.26
2,1,cheetospuffs,0.23
2,1,cheezitwhitecheddar,1.5
2,1,chexmixtraditional,1
2,1,comboscheddar,2
2,1,combospizzeria,1.5
2,1,doritospicychili,3.01
2,1,dovecaramelmilkchocolate,0.77
2,1,dovedarkchocolatebites,0.99
2,1,dovemilk&peanutbutterbites,0.74
2,1,famousamos,0.78
2,1,fritosbbq,0.98
2,1,funyuns,2.99
2,1,ghirardellicaramelsquares,1.22
2,1,giantsweetarts,1.48
2,1,gobstoppers,3.01
2,1,goobers,0.73
2,1,grandma'schocolatechipcookies,2.98
2,1,heathbar,1
2,1,hostesschocolatedonuts,0.49
2,1,hostesscupcakes,0.49
2,1,hostesspowdereddonut,3.49
2,1,juniormints,3.23
2,1,keeblerfudgestripes,1
2,1,kettlebbqchips,1
2,1,kettlejalapenochips,1.21
2,1,kettlesalt&vinegarchips,2.5
2,1,laysclassic,0.5
2,1,laysdillpickle,0.99
2,1,layssourcreamandonion,1.24
2,1,layssweetsouthernheatbarbecue,3.5
2,1,lifesaversgummies,1.49
2,1,lifesaversgummiessours,0.5
2,1,m&m'smilkchocolate,3
2,1,m&m'smint,3.51
2,1,m&m'speanuts,1.52
2,1,m&m'spretzel,1.5
2,1,mentosrainbow,0.25
2,1,mike&ikezours,0.49
2,1,milkduds,3.5
2,1,milkyway,0.5
2,1,munchiespeanutbutter,0.23
2,1,nerdsrope,0.73
2,1,nerdsstrawberrygrape,0.5
2,1,oreos,1.49
2,1,pez,1.5
2,1,popcornersjalapeno,0.99
2,1,popcornerswhitecheddar,1
2,1,popcornwhitecheddar,2.98
2,1,pringlescheddar,0.49
2,1,pringlesoriginal,1.49
2,1,pringlessourcreamonion,1.01
2,1,raisinetsmilkchocolate,0.99
2,1,razzles,1.27
2,1,reesespeanutbuttercup,2.99
2,1,reesespieces,0.49
2,1,ritzbitscheese,0.72
2,1,runts,0.98
2,1,shockers,2.5
2,1,skittlessours,0.23
2,1,skittlestropical,3.99
2,1,skittlewildberry,0.78
2,1,slimjim,1.24
2,1,snickers,0.75
2,1,snickersalmond,1.5
2,1,snickerspeanutbutter,0.49
2,1,snydershoneymustardonionnibblerpretzels,2
2,1,snydersoriginalnibblers,0.73
2,1,snyderspretzelsticks,3
2,1,sourpunchstrawsstrawberry,1
2,1,spree,3.01
2,1,starburst,2
2,1,starbursttropical,0.98
2,1,sunchipscheddar,0.99
2,1,sunchipsfrenchonion,2.75
2,1,sunchipsgardensalsa,2.99
2,1,take5,0.49
2,1,toblerone,1.49
2,1,twix,2.01
2,1,twixpeanutbutter,3
2,1,twizzlersstrawberry,1.5
2,1,warheads,3.73
3,1,3musketeers,3.02
3,1,airheadsgreenapple,0.55
3,1,blowpopcherry,0.54
3,1,blowpopwatermelon,1.48
3,1,bunchacrunch,2.49
3,1,butterfingerbites,3.48
3,1,caramelapplepops,0.99
3,1,cheez-it,3.53
3,1,cheezitwhitecheddar,0.49
3,1,chexmixcheddar,1.03
3,1,chexmixtraditional,0.48
3,1,chipsahoy,2.01
3,1,combospizzeria,1.99
3,1,crunch,1
3,1,doritoscoolranch,3.01
3,1,dovecaramelmilkchocolate,2.99
3,1,dovedarkchocolatebites,1.48
3,1,fritosbbq,0.47
3,1,funyuns,3.47
3,1,ghirardellimilkchocolatesquares,0.96
3,1,giantsweetarts,2
3,1,goldfishcheddar,2.01
3,1,goobers,2.49
3,1,grandma'schocolatechipcookies,1.99
3,1,heathbar,1.99
3,1,hostesschocolatedonuts,1.01
3,1,juniormints,0.97
3,1,kettlebbqchips,1.51
3,1,kettlesalt&pepperchips,2
3,1,kitkat,0.48
3,1,kitkatwhitechocolate,3.58
3,1,layscheesygarlicbread,1.98
3,1,laysclassic,1.04
3,1,laysdillpickle,0.51
3,1,lifesaversgummiessours,0.99
3,1,lindtdarkchocolate,2.48
3,1,m&m'smint,2.01
3,1,m&m'spretzel,3.01
3,1,mike&ikezours,1.48
3,1,milkyway,3.01
3,1,milkywaycaramel,1.98
3,1,milkywaydark,3.01
3,1,munchiespeanutbutter,1.99
3,1,nerdsrope,1.48
3,1,oreos,1.98
3,1,oreosgolden,1
3,1,popcornersjalapeno,1.5
3,1,popcornerswhitecheddar,0.49
3,1,pringlescheddar,1.99
3,1,razzles,2
3,1,reesespeanutbuttercup,0.51
3,1,reesespieces,0.98
3,1,rufflescheddarsourcreamchips,1
3,1,runts,0.52
3,1,skittles,1.5
3,1,skittlestropical,1.02
3,1,snickers,2.99
3,1,snickerspeanutbutter,0.52
3,1,snydershoneymustardonionnibblerpretzels,1.49
3,1,snydersminipretzels,2.5
3,1,snyderspretzelsticks,0.96
3,1,sourpatchkids,0.46
3,1,sourpunchstrawsapple,1.98
3,1,take5,0.5
3,1,whoppers,3.97
4,1,airheadscherry,0.99
4,1,airheadsgreenapple,1.97
4,1,almondjoy,0.99
4,1,babyruth,1.49
4,1,blowpopblueraspberry,1.5
4,1,blowpopcherry,1.49
4,1,blowpopwatermelon,1.5
4,1,bunchacrunch,0.5
4,1,butterfingerbites,1.02
4,1,caramelapplepops,1.03
4,1,cheesepeanutbuttercrackers,0.5
4,1,cheetoscrunchy,0.49
4,1,cheetospuffs,0.99
4,1,cheez-it,0.5
4,1,cheezitwhitecheddar,0.5
4,1,chexmixtraditional,1.99
4,1,chipsahoy,1
4,1,comboscheddar,0.98
4,1,crunch,0.99
4,1,doritoscoolranch,0.99
4,1,doritosnachocheese,1.51
4,1,doritospicychili,1.04
4,1,dovemilk&peanutbutterbites,2
4,1,famousamos,0.49
4,1,fritos,3
4,1,fritosbbq,0.49
4,1,funyuns,1.99
4,1,gobstoppers,0.98
4,1,goobers,1
4,1,grandma'soatmealraisincookies,2
4,1,grandma'speanutbuttercookies,0.51
4,1,gummywormssour,1
4,1,heathbar,0.99
4,1,hostesschocolatedonuts,1
4,1,hostesscupcakes,0.52
4,1,hostesspowdereddonut,2
4,1,juniorcaramels,0.51
4,1,keeblerfudgestripes,0.99
4,1,keeblerrainbowcookies,1.52
4,1,kettlejalapenochips,1.01
4,1,kettlesalt&pepperchips,0.49
4,1,kitkat,0.51
4,1,kitkatwhitechocolate,1.47
4,1,laffytaffysourapple,1.52
4,1,layscheesygarlicbread,0.48
4,1,layssourcreamandonion,1
4,1,lifesaversgummiessours,0.51
4,1,lindtdarkchocolate,1.5
4,1,m&m'smilkchocolate,0.5
4,1,m&m'speanuts,1.49
4,1,m&m'spretzel,1.01
4,1,mentosrainbow,1.5
4,1,mike&ikezours,0.48
4,1,milkywaycaramel,1.51
4,1,milkywaydark,0.99
4,1,munchiesnachocheese,1
4,1,munchiespeanutbutter,2
4,1,nerdsrope,1.54
4,1,nerdsstrawberrygrape,1.5
4,1,oreosgolden,0.5
4,1,pez,2
4,1,popcornersjalapeno,0.99
4,1,popcornerswhitecheddar,1.51
4,1,popcornwhitecheddar,1
4,1,pringlescheddar,0.52
4,1,pringlesoriginal,0.98
4,1,razzles,1.52
4,1,reese'sbigcup,0.99
4,1,reesespeanutbuttercup,1
4,1,reesespieces,0.51
4,1,ritzbitspeanutbutter,1
4,1,roldgoldtinytwistpretzels,1.01
4,1,rufflescheddarsourcreamchips,0.5
4,1,shockers,1.5
4,1,skittles,0.51
4,1,skittlessours,2
4,1,slimjim,0.49
4,1,snickers,0.5
4,1,snickersalmond,0.99
4,1,snickersdarkchocolate,0.49
4,1,snydershoneymustardonionnibblerpretzels,0.99
4,1,sourpatchkids,1
4,1,sourpunchstrawsapple,1.99
4,1,sourpunchstrawsstrawberry,1
4,1,starbursttropical,0.48
4,1,sunchipscheddar,0.99
4,1,sunchipsfrenchonion,1.01
4,1,sunchipsgardensalsa,0.49
4,1,swedishfishassorted,0.99
4,1,toblerone,1.5
4,1,trailmix,0.48
4,1,twix,0.51
4,1,twixpeanutbutter,1.5
4,1,warheads,1.48
4,1,whoppers,1.49
4,1,yorkpeppermintpatty,1.48
6,1,airheadsblueraspberry,1.42
6,1,airheadswatermelon,1.52
6,1,blowpopblueraspberry,0.47
6,1,butterfinger,0.47
6,1,butterfingerbites,3.01
6,1,caramelapplepops,0.49
6,1,cheesepeanutbuttercrackers,2.51
6,1,cheetoscrunchy,0.01
6,1,chexmixtraditional,1.45
6,1,crunch,0.45
6,1,dovemilk&peanutbutterbites,0.03
6,1,fritos,2.5
6,1,fritosbbq,2.52
6,1,funyuns,1.48
6,1,gobstoppers,1.93
6,1,hostesschocolatedonuts,2.45
6,1,kettlebbqchips,1.42
6,1,kitkatwhitechocolate,0.5
6,1,lifesaversgummiessours,3.01
6,1,lindtdarkchocolate,1.97
6,1,m&m'speanuts,2.01
6,1,milanocookies,2.41
6,1,milkywaycaramel,1.08
6,1,milkywaydark,0.97
6,1,nerdsstrawberrygrape,2.47
6,1,oreosgolden,3.98
6,1,popcornersjalapeno,1.42
6,1,popcornerswhitecheddar,2.02
6,1,pringlesoriginal,2.07
6,1,ritzbitspeanutbutter,1.46
6,1,runts,1.49
6,1,skittlestropical,1.5
6,1,skittlewildberry,0.53
6,1,snickerspeanutbutter,2.49
6,1,snydershoneymustardonionnibblerpretzels,2
6,1,snydersminipretzels,2
6,1,snydersoriginalnibblers,3.48
6,1,snyderspretzelsticks,1.02
6,1,spree,1.43
6,1,sunchipscheddar,1.42
6,1,toblerone,1.02
6,1,twix,3.48
6,1,warheads,3
7,1,100grand,0.7
7,1,3musketeers,1.32
7,1,airheadsblueraspberry,1.26
7,1,airheadswatermelon,0.77
7,1,almondjoy,1.66
7,1,babyruth,1.27
7,1,blowpopsourapple,1.27
7,1,butterfinger,1.78
7,1,butterfingerbites,0.28
7,1,chexmixcheddar,0.19
7,1,chexmixtraditional,0.63
7,1,chipsahoy,0.75
7,1,comboscheddar,0.99
7,1,crunch,0.5
7,1,doritoscoolranch,0.99
7,1,doritospicychili,0.82
7,1,dovedarkchocolatebites,0.5
7,1,famousamos,0.77
7,1,fritos,1.78
7,1,fritosbbq,1.28
7,1,funyuns,0.2
7,1,ghirardellicaramelsquares,1.3
7,1,ghirardellidarkchocolatesquares,0.82
7,1,giantsweetarts,0.5
7,1,goldfishcheddar,1.23
7,1,grandma'soatmealraisincookies,1.08
7,1,heathbar,0.48
7,1,hostesschocolatedonuts,1.79
7,1,hostesscupcakes,0.37
7,1,hostesspowdereddonut,1.32
7,1,juniorcaramels,1.8
7,1,juniormints,0.69
7,1,keeblerrainbowcookies,1.77
7,1,kettlebbqchips,0.49
7,1,kettlejalapenochips,0.82
7,1,kettlesalt&pepperchips,1.16
7,1,laffytaffysourapple,0.8
7,1,lifesaversgummies,1.72
7,1,m&m'smilkchocolate,0.25
7,1,m&m'smint,0.5
7,1,m&m'spretzel,0.35
7,1,milanocookies,0.2
7,1,munchiesjalapenocheddar,0.31
7,1,nerdsrope,0.85
7,1,oreos,1.21
7,1,oreosgolden,0.49
7,1,pringlesoriginal,0.81
7,1,razzles,1.55
7,1,reesespeanutbuttercup,0.99
7,1,ritzbitscheese,1.22
7,1,skittles,1.27
7,1,skittlessours,0.67
7,1,skittlestropical,1.73
7,1,skittlewildberry,0.73
7,1,snickersalmond,0.69
7,1,snickersdarkchocolate,1.82
7,1,snickerspeanutbutter,1
7,1,sourpunchstrawsapple,1.18
7,1,sourpunchstrawsstrawberry,1.21
7,1,spree,0.42
7,1,starburst,1.25
7,1,sunchipscheddar,1.29
7,1,sunchipsfrenchonion,1.27
7,1,swedishfish,1.25
7,1,swedishfishassorted,0.74
7,1,trailmix,0.49
7,1,twix,1.28
7,1,twixpeanutbutter,1.63
8,1,100grand,2.02
8,1,airheadsblueraspberry,1.5
8,1,airheadsgreenapple,0.49
8,1,airheadswatermelon,0.99
8,1,babyruth,0.47
8,1,blowpopcherry,0.99
8,1,blowpopsourapple,1
8,1,blowpopwatermelon,1.5
8,1,bunchacrunch,0.5
8,1,butterfinger,2.51
8,1,butterfingerbites,0.47
8,1,cheesepeanutbuttercrackers,0.48
8,1,cheetoscrunchy,0.51
8,1,cheetospuffs,1.48
8,1,cheez-it,0.49
8,1,cheezitwhitecheddar,0.5
8,1,chipsahoy,2
8,1,comboscheddar,0.5
8,1,combospizzeria,0.98
8,1,doritoscoolranch,0.51
8,1,doritospicychili,0.49
8,1,dovecaramelmilkchocolate,0.98
8,1,dovedarkchocolatebites,1.02
8,1,dovemilk&peanutbutterbites,0.49
8,1,fritosbbq,0.53
8,1,funyuns,0.98
8,1,ghirardellicaramelsquares,2
8,1,ghirardellidarkchocolatesquares,0.52
8,1,ghirardellimilkchocolatesquares,0.49
8,1,giantsweetarts,0.98
8,1,gobstoppers,0.51
8,1,goldfishcheddar,1.99
8,1,goobers,1.98
8,1,grandma'schocolatechipcookies,2.48
8,1,grandma'soatmealraisincookies,1.49
8,1,grandma'speanutbuttercookies,0.45
8,1,gummywormssour,0.48
8,1,hostesschocolatedonuts,1.98
8,1,hostesscupcakes,0.52
8,1,hostesspowdereddonut,0.99
8,1,juniormints,0.5
8,1,keeblerrainbowcookies,2.49
8,1,kettlebbqchips,1.99
8,1,kettlejalapenochips,0.49
8,1,kettlesalt&pepperchips,1
8,1,kettlesalt&vinegarchips,0.51
8,1,kitkat,0.48
8,1,laffytaffysourapple,0.5
8,1,laysdillpickle,0.99
8,1,lifesaversgummies,1.52
8,1,lifesaversgummiessours,1.98
8,1,lindtmilkchocolate,0.48
8,1,m&m'smilkchocolate,0.5
8,1,m&m'smint,0.49
8,1,m&m'speanuts,2.49
8,1,m&m'spretzel,0.5
8,1,mentosrainbow,1.01
8,1,mike&ikezours,0.5
8,1,milanocookies,0.98
8,1,milkywaycaramel,0.48
8,1,milkywaydark,3
8,1,munchiespeanutbutter,0.49
8,1,nerdsrope,0.48
8,1,popcornersjalapeno,2
8,1,popcornerskettle,0.49
8,1,popcornerswhitecheddar,2.5
8,1,popcornwhitecheddar,0.51
8,1,raisinetsmilkchocolate,2
8,1,razzles,1.98
8,1,reese'sbigcup,1.98
8,1,roldgoldtinytwistpretzels,0.49
8,1,runts,0.99
8,1,skittlessours,0.51
8,1,skittlestropical,2
8,1,snickers,2.02
8,1,snickerspeanutbutter,1
8,1,snydersoriginalnibblers,1.98
8,1,snyderspretzelsticks,0.5
8,1,sourpatchkids,1
8,1,spree,1.5
8,1,starburst,0.51
8,1,sunchipscheddar,1.01
8,1,sunchipsgardensalsa,0.48
8,1,swedishfish,2.49
8,1,swedishfishassorted,1.48
8,1,take5,1.99
8,1,trailmix,2
8,1,twix,0.98
8,1,twixpeanutbutter,0.49
8,1,twizzlersstrawberry,0.5
8,1,whoppers,0.52
8,1,yorkpeppermintpatty,2.98
9,1,3musketeers,0.52
9,1,airheadsblueraspberry,0.99
9,1,airheadsgreenapple,1.01
9,1,babyruth,0.48
9,1,blowpopblueraspberry,1.01
9,1,blowpopcherry,0.48
9,1,blowpopsourapple,0.51
9,1,blowpopwatermelon,0.48
9,1,caramelapplepops,0.97
9,1,cheesepeanutbuttercrackers,1.01
9,1,cheetoscrunchy,1.51
9,1,cheetospuffs,0.98
9,1,cheez-it,0.97
9,1,cheezitwhitecheddar,0.51
9,1,dovecaramelmilkchocolate,1.5
9,1,funyuns,1.02
9,1,ghirardellimilkchocolatesquares,0.47
9,1,goobers,0.93
9,1,grandma'soatmealraisincookies,0.49
9,1,gummywormssour,1.48
9,1,hostesspowdereddonut,0.97
9,1,keeblerfudgestripes,1.48
9,1,keeblerrainbowcookies,0.52
9,1,kettlejalapenochips,0.98
9,1,kettlesalt&vinegarchips,1.47
9,1,kitkatwhitechocolate,1.52
9,1,laffytaffysourapple,0.97
9,1,layscheesygarlicbread,0.48
9,1,laysdillpickle,1.02
9,1,layssourcreamandonion,1.02
9,1,munchiesjalapenocheddar,0.98
9,1,nerdsrope,1.5
9,1,popcornersjalapeno,1.03
9,1,popcornerswhitecheddar,0.51
9,1,shockers,0.51
9,1,skittlessours,0.98
9,1,skittlewildberry,0.49
9,1,snickers,0.99
9,1,snydersminipretzels,0.48
9,1,starburst,1.02
9,1,sunchipsfrenchonion,0.04
9,1,swedishfish,0.99
9,1,twixpeanutbutter,0.52
9,1,whoppers,1
9,1,yorkpeppermintpatty,0.47
10,1,airheadsblueraspberry,1.5
10,1,airheadscherry,2.49
10,1,airheadsgreenapple,1.75
10,1,airheadswatermelon,2.5
10,1,almondjoy,1
10,1,babyruth,0.49
10,1,bunchacrunch,1
10,1,butterfingerbites,1
10,1,caramelapplepops,0.99
10,1,cheesepeanutbuttercrackers,1.49
10,1,cheetospuffs,1.23
10,1,chipsahoy,1
10,1,combospizzeria,0.5
10,1,crunch,2.52
10,1,doritoscoolranch,1.99
10,1,dots,0.38
10,1,dovecaramelmilkchocolate,1
10,1,dovemilk&peanutbutterbites,1.49
10,1,fritosbbq,1
10,1,funyuns,0.99
10,1,ghirardellimilkchocolatesquares,1
10,1,giantsweetarts,1.07
10,1,gobstoppers,0.5
10,1,goldfishcheddar,0.49
10,1,goobers,0.29
10,1,grandma'schocolatechipcookies,1
10,1,grandma'soatmealraisincookies,1
10,1,grandma'speanutbuttercookies,2.21
10,1,gummywormssour,1.48
10,1,heathbar,2.48
10,1,hostesschocolatedonuts,1.99
10,1,hostesscupcakes,0.74
10,1,hostesspowdereddonut,2.99
10,1,juniormints,1
10,1,keeblerfudgestripes,2.98
10,1,keeblerrainbowcookies,1.01
10,1,kettlebbqchips,0.99
10,1,kettlejalapenochips,2.5
10,1,kettlesalt&vinegarchips,2.78
10,1,kitkat,1
10,1,laffytaffysourapple,0.99
10,1,layscheesygarlicbread,2.99
10,1,laysclassic,0.99
10,1,laysdillpickle,2.5
10,1,layssourcreamandonion,1.99
10,1,layssweetsouthernheatbarbecue,1.23
10,1,lifesaversgummies,1.51
10,1,lifesaversgummiessours,0.98
10,1,lindtmilkchocolate,2.77
10,1,m&m'smilkchocolate,0.99
10,1,m&m'smint,0.5
10,1,m&m'speanuts,2.99
10,1,m&m'spretzel,0.24
10,1,mike&ikezours,1.75
10,1,milanocookies,1.26
10,1,milkduds,1.49
10,1,milkywaycaramel,0.99
10,1,milkywaydark,0.99
10,1,munchiesjalapenocheddar,0.78
10,1,munchiesnachocheese,0.99
10,1,munchiespeanutbutter,1.5
10,1,nerdsstrawberrygrape,0.22
10,1,oreos,0.49
10,1,oreosgolden,1
10,1,pez,1
10,1,popcornerskettle,0.99
10,1,pringlescheddar,0.99
10,1,pringlessourcreamonion,0.99
10,1,raisinetsmilkchocolate,2.24
10,1,reese'sbigcup,0.99
10,1,reesespieces,1
10,1,ritzbitscheese,1
10,1,skittles,2.01
10,1,skittlessours,1.48
10,1,skittlewildberry,0.99
10,1,slimjim,1
10,1,snickers,1.5
10,1,snickersalmond,0.98
10,1,snickersdarkchocolate,1.49
10,1,snydershoneymustardonionnibblerpretzels,1.49
10,1,snydersminipretzels,0.99
10,1,snydersoriginalnibblers,1.24
10,1,sourpatchkids,0.99
10,1,sourpunchstrawsapple,0.5
10,1,sourpunchstrawsstrawberry,0.99
10,1,starbursttropical,1.49
10,1,sunchipscheddar,0.99
10,1,sunchipsoriginal,0.74
10,1,swedishfish,0.99
10,1,toblerone,2
10,1,trailmix,2.99
10,1,twix,1.51
10,1,twixpeanutbutter,0.99
10,1,twizzlersstrawberry,1.23
10,1,warheads,3
10,1,whoppers,1.48
10,1,yorkpeppermintpatty,0.49
11,1,3musketeers,1.72
11,1,airheadsblueraspberry,1.66
11,1,airheadscherry,1.07
11,1,airheadsgreenapple,1.04
11,1,airheadswatermelon,1.12
11,1,babyruth,2.51
11,1,blowpopsourapple,1.58
11,1,blowpopwatermelon,1.88
11,1,bunchacrunch,2.98
11,1,caramelapplepops,0.48
11,1,cheesepeanutbuttercrackers,2.93
11,1,cheetospuffs,1.44
11,1,cheez-it,1.03
11,1,cheezitwhitecheddar,1.05
11,1,chexmixcheddar,2.49
11,1,chexmixtraditional,1.28
11,1,doritoscoolranch,2.41
11,1,doritosnachocheese,2.43
11,1,doritospicychili,2.02
11,1,dots,1.08
11,1,famousamos,1.53
11,1,fritos,1.54
11,1,funyuns,2.97
11,1,ghirardellidarkchocolatesquares,1.99
11,1,ghirardellimilkchocolatesquares,1.91
11,1,gobstoppers,1.99
11,1,grandma'schocolatechipcookies,0.52
11,1,grandma'soatmealraisincookies,1.51
11,1,grandma'speanutbuttercookies,2.69
11,1,gummywormssour,1.25
11,1,heathbar,1.63
11,1,hostesspowdereddonut,0.47
11,1,juniorcaramels,1
11,1,keeblerfudgestripes,2.06
11,1,keeblerrainbowcookies,1.91
11,1,kettlejalapenochips,1.05
11,1,kettlesalt&vinegarchips,1.63
11,1,kitkat,1.52
11,1,kitkatwhitechocolate,1.45
11,1,laffytaffysourapple,2.13
11,1,layscheesygarlicbread,2.48
11,1,laysclassic,1.01
11,1,layssourcreamandonion,1.94
11,1,lindtdarkchocolate,1.63
11,1,lindtmilkchocolate,1.56
11,1,m&m'smint,0.03
11,1,m&m'speanuts,1.35
11,1,m&m'spretzel,2.07
11,1,mike&ikezours,2.44
11,1,milanocookies,1.69
11,1,milkduds,1.68
11,1,milkyway,1.52
11,1,milkywaydark,1.71
11,1,munchiesnachocheese,3.05
11,1,munchiespeanutbutter,1.43
11,1,nerdsstrawberrygrape,1.43
11,1,oreos,0.89
11,1,popcornersjalapeno,1.73
11,1,popcornerswhitecheddar,1.44
11,1,popcornwhitecheddar,2.04
11,1,pringlesoriginal,0.98
11,1,pringlessourcreamonion,1.08
11,1,raisinetsmilkchocolate,1.48
11,1,razzles,0.48
11,1,reesespeanutbuttercup,1.65
11,1,ritzbitspeanutbutter,1.62
11,1,rufflescheddarsourcreamchips,1.89
11,1,shockers,1.06
11,1,skittles,1.03
11,1,skittlewildberry,2.23
11,1,slimjim,1.03
11,1,snickers,1.33
11,1,snickersalmond,1.98
11,1,snickersdarkchocolate,1.3
11,1,snickerspeanutbutter,0.86
11,1,snydershoneymustardonionnibblerpretzels,2.48
11,1,snydersminipretzels,1.74
11,1,snyderspretzelsticks,1.95
11,1,sourpatchkids,1.94
11,1,sourpunchstrawsstrawberry,2.52
11,1,starburst,2.45
11,1,starbursttropical,1.02
11,1,sunchipscheddar,1.02
11,1,sunchipsfrenchonion,2.45
11,1,sunchipsgardensalsa,1.01
11,1,sunchipsoriginal,1.53
11,1,swedishfish,2.43
11,1,swedishfishassorted,1.38
11,1,trailmix,1.69
11,1,twix,0.06
11,1,twixpeanutbutter,1.04
11,1,warheads,0.87
11,1,whoppers,2.44
11,1,yorkpeppermintpatty,1.07
12,1,100grand,1.49
12,1,3musketeers,3.02
12,1,airheadsblueraspberry,2.01
12,1,airheadsgreenapple,1.48
12,1,airheadswatermelon,1.5
12,1,almondjoy,2.5
12,1,blowpopsourapple,2
12,1,blowpopwatermelon,1
12,1,bunchacrunch,1.15
12,1,butterfinger,0.52
12,1,butterfingerbites,2.01
12,1,cheesepeanutbuttercrackers,1.5
12,1,cheetoscrunchy,1
12,1,cheez-it,1.51
12,1,chexmixcheddar,0.48
12,1,chipsahoy,1.5
12,1,combospizzeria,0.5
12,1,crunch,1
12,1,doritoscoolranch,0.48
12,1,doritosnachocheese,2
12,1,dovecaramelmilkchocolate,0.98
12,1,dovedarkchocolatebites,0.53
12,1,famousamos,0.49
12,1,fritos,0.5
12,1,fritosbbq,2.53
12,1,ghirardellicaramelsquares,0.53
12,1,ghirardellidarkchocolatesquares,1
12,1,ghirardellimilkchocolatesquares,1.98
12,1,gobstoppers,0.49
12,1,goldfishcheddar,2.5
12,1,grandma'schocolatechipcookies,0.56
12,1,grandma'soatmealraisincookies,1.51
12,1,grandma'speanutbuttercookies,0.57
12,1,heathbar,0.5
12,1,hostesschocolatedonuts,1.48
12,1,hostesscupcakes,1.5
12,1,hostesspowdereddonut,2.01
12,1,juniorcaramels,0.04
12,1,keeblerfudgestripes,0.5
12,1,keeblerrainbowcookies,0.51
12,1,kettlebbqchips,1
12,1,kettlesalt&pepperchips,0.49
12,1,kettlesalt&vinegarchips,3.01
12,1,kitkat,0.48
12,1,layscheesygarlicbread,0.49
12,1,laysdillpickle,0.72
12,1,layssourcreamandonion,0.99
12,1,layssweetsouthernheatbarbecue,0.97
12,1,lifesaversgummies,0.49
12,1,lindtdarkchocolate,1.99
12,1,m&m'smilkchocolate,0.31
12,1,m&m'smint,0.98
12,1,m&m'speanuts,2
12,1,m&m'spretzel,2.99
12,1,mentosrainbow,1.51
12,1,mike&ikezours,2.53
12,1,milanocookies,0.48
12,1,milkduds,2.01
12,1,milkyway,1.51
12,1,milkywaydark,1.49
12,1,munchiesjalapenocheddar,1.01
12,1,munchiesnachocheese,0.52
12,1,munchiespeanutbutter,0.5
12,1,nerdsstrawberrygrape,1.99
12,1,oreosgolden,0.96
12,1,pez,1.48
12,1,popcornersjalapeno,0.51
12,1,popcornerskettle,0.92
12,1,popcornerswhitecheddar,1.99
12,1,popcornwhitecheddar,2.51
12,1,pringlescheddar,1.49
12,1,pringlessourcreamonion,1.98
12,1,raisinetsmilkchocolate,2.02
12,1,razzles,1.02
12,1,reesespeanutbuttercup,1.51
12,1,ritzbitspeanutbutter,0.48
12,1,rufflescheddarsourcreamchips,0.5
12,1,runts,1.51
12,1,skittlewildberry,2.48
12,1,snickersalmond,0.5
12,1,snickerspeanutbutter,0.49
12,1,snydershoneymustardonionnibblerpretzels,0.98
12,1,snydersoriginalnibblers,0.54
12,1,snyderspretzelsticks,1
12,1,spree,1.5
12,1,starburst,2.53
12,1,starbursttropical,1.01
12,1,sunchipsgardensalsa,3
12,1,sunchipsoriginal,1.5
12,1,swedishfish,1.98
12,1,take5,0.51
12,1,warheads,0.19
12,1,yorkpeppermintpatty,1.98
13,1,100grand,1.53
13,1,airheadscherry,1.51
13,1,airheadswatermelon,1.98
13,1,almondjoy,1.02
13,1,babyruth,1.02
13,1,blowpopsourapple,1.48
13,1,blowpopwatermelon,1.89
13,1,butterfingerbites,1.95
13,1,caramelapplepops,1.94
13,1,cheesepeanutbuttercrackers,3.03
13,1,cheetospuffs,1.98
13,1,cheez-it,1.51
13,1,cheezitwhitecheddar,1.02
13,1,chexmixcheddar,1.47
13,1,chexmixtraditional,0.98
13,1,chipsahoy,1.03
13,1,combospizzeria,0.93
13,1,doritoscoolranch,0.48
13,1,doritosnachocheese,0.96
13,1,doritospicychili,2.98
13,1,dots,0.01
13,1,dovecaramelmilkchocolate,1
13,1,dovedarkchocolatebites,2.89
13,1,dovemilk&peanutbutterbites,2.01
13,1,fritos,1.44
13,1,fritosbbq,0.96
13,1,funyuns,1.44
13,1,ghirardellicaramelsquares,2.07
13,1,ghirardellimilkchocolatesquares,0.91
13,1,giantsweetarts,1.97
13,1,gobstoppers,1.51
13,1,grandma'schocolatechipcookies,2
13,1,grandma'soatmealraisincookies,1.51
13,1,heathbar,1.5
13,1,hostesscupcakes,0.98
13,1,hostesspowdereddonut,1.49
13,1,keeblerfudgestripes,2.98
13,1,kettlebbqchips,0.93
13,1,kettlejalapenochips,1.37
13,1,kettlesalt&pepperchips,0.54
13,1,kitkat,2.1
13,1,kitkatwhitechocolate,1.97
13,1,laffytaffysourapple,1.96
13,1,laysclassic,2.97
13,1,laysdillpickle,2.98
13,1,layssourcreamandonion,2
13,1,layssweetsouthernheatbarbecue,1.27
13,1,lifesaversgummiessours,0.99
13,1,lindtdarkchocolate,2.48
13,1,m&m'smilkchocolate,1.48
13,1,m&m'smint,1.04
13,1,m&m'speanuts,1.82
13,1,m&m'spretzel,2.03
13,1,mentosrainbow,1.95
13,1,mike&ikezours,0.21
13,1,milkduds,2.57
13,1,milkywaycaramel,0.05
13,1,milkywaydark,3.18
13,1,munchiesjalapenocheddar,1.45
13,1,munchiespeanutbutter,0.5
13,1,nerdsrope,1.5
13,1,nerdsstrawberrygrape,2.86
13,1,oreos,3.04
13,1,oreosgolden,2.46
13,1,popcornersjalapeno,0.47
13,1,popcornerskettle,1.48
13,1,popcornerswhitecheddar,0.48
13,1,popcornwhitecheddar,2.06
13,1,pringlescheddar,1.56
13,1,pringlesoriginal,2.46
13,1,pringlessourcreamonion,0.59
13,1,raisinetsmilkchocolate,2.5
13,1,razzles,1.5
13,1,reese'sbigcup,1.06
13,1,reesespeanutbuttercup,2.93
13,1,ritzbitscheese,1.99
13,1,roldgoldtinytwistpretzels,1.03
13,1,runts,2.96
13,1,shockers,1.46
13,1,skittles,1.98
13,1,skittlessours,1
13,1,skittlestropical,1.48
13,1,skittlewildberry,1.46
13,1,snickers,2.4
13,1,snickersalmond,1.03
13,1,snickersdarkchocolate,1.53
13,1,snydershoneymustardonionnibblerpretzels,1.48
13,1,snydersminipretzels,2
13,1,spree,2.99
13,1,starburst,1.05
13,1,starbursttropical,1.53
13,1,sunchipsgardensalsa,2.22
13,1,sunchipsoriginal,1.44
13,1,swedishfish,0.94
13,1,swedishfishassorted,1
13,1,take5,2.57
13,1,trailmix,1.47
13,1,twixpeanutbutter,2.95
13,1,whoppers,2.01
13,1,yorkpeppermintpatty,2.49
14,1,100grand,2
14,1,airheadsgreenapple,1.99
14,1,airheadswatermelon,0.51
14,1,babyruth,0.5
14,1,blowpopblueraspberry,1.5
14,1,blowpopcherry,0.98
14,1,caramelapplepops,1.27
14,1,cheez-it,0.52
14,1,chexmixtraditional,0.5
14,1,comboscheddar,0.76
14,1,doritosnachocheese,0.99
14,1,dovemilk&peanutbutterbites,0.99
14,1,famousamos,2
14,1,fritos,0.32
14,1,ghirardellicaramelsquares,0.51
14,1,giantsweetarts,0.49
14,1,goldfishcheddar,0.49
14,1,grandma'schocolatechipcookies,1.04
14,1,grandma'soatmealraisincookies,1.51
14,1,gummywormssour,1.02
14,1,keeblerrainbowcookies,1.5
14,1,kettlesalt&vinegarchips,0.51
14,1,kitkat,1.02
14,1,laffytaffysourapple,1.01
14,1,layscheesygarlicbread,0.48
14,1,laysclassic,1.51
14,1,laysdillpickle,0.5
14,1,layssourcreamandonion,1.01
14,1,lifesaversgummiessours,0.51
14,1,m&m'smint,0.49
14,1,m&m'spretzel,0.48
14,1,mentosrainbow,1
14,1,milanocookies,1.5
14,1,munchiesjalapenocheddar,1
14,1,munchiesnachocheese,1.49
14,1,munchiespeanutbutter,0.5
14,1,nerdsrope,0.23
14,1,nerdsstrawberrygrape,1.51
14,1,oreosgolden,1.5
14,1,pez,0.99
14,1,popcornerskettle,1.5
14,1,pringlessourcreamonion,0.51
14,1,raisinetsmilkchocolate,1.49
14,1,reesespieces,0.99
14,1,ritzbitscheese,0.5
14,1,shockers,0.49
14,1,skittlessours,0.99
14,1,skittlewildberry,0.5
14,1,slimjim,1.48
14,1,snickerspeanutbutter,1.99
14,1,spree,1.5
14,1,starbursttropical,1
14,1,sunchipsfrenchonion,0.98
14,1,swedishfish,0.98
14,1,swedishfishassorted,1
14,1,trailmix,0.49
14,1,twix,1
14,1,twixpeanutbutter,1
14,1,warheads,1.51
14,1,whoppers,1.5
15,1,100grand,0.99
15,1,3musketeers,0.5
15,1,airheadsblueraspberry,1.51
15,1,babyruth,1
15,1,blowpopcherry,1
15,1,blowpopsourapple,1
15,1,blowpopwatermelon,1.5
15,1,bunchacrunch,1.51
15,1,caramelapplepops,1
15,1,cheetospuffs,0.53
15,1,cheez-it,1
15,1,cheezitwhitecheddar,1
15,1,chexmixcheddar,0.99
15,1,chexmixtraditional,0.01
15,1,chipsahoy,0.99
15,1,comboscheddar,1
15,1,combospizzeria,0.48
15,1,doritoscoolranch,0.5
15,1,doritosnachocheese,1
15,1,doritospicychili,0.99
15,1,dots,1
15,1,dovecaramelmilkchocolate,0.5
15,1,dovedarkchocolatebites,1
15,1,dovemilk&peanutbutterbites,0.5
15,1,fritos,0.99
15,1,fritosbbq,0.51
15,1,ghirardellicaramelsquares,0.5
15,1,ghirardellidarkchocolatesquares,1.51
15,1,giantsweetarts,0.49
15,1,goobers,0.99
15,1,grandma'soatmealraisincookies,1.5
15,1,grandma'speanutbuttercookies,0.5
15,1,gummywormssour,0.99
15,1,heathbar,1
15,1,hostesspowdereddonut,1
15,1,juniorcaramels,1.5
15,1,juniormints,1.49
15,1,keeblerfudgestripes,1
15,1,keeblerrainbowcookies,1
15,1,kettlebbqchips,0.51
15,1,kettlejalapenochips,1
15,1,kettlesalt&pepperchips,0.49
15,1,kitkat,0.49
15,1,laffytaffysourapple,1.01
15,1,layscheesygarlicbread,1
15,1,laysclassic,0.52
15,1,layssweetsouthernheatbarbecue,0.5
15,1,lifesaversgummies,0.99
15,1,lifesaversgummiessours,0.98
15,1,lindtdarkchocolate,1.01
15,1,lindtmilkchocolate,0.99
15,1,m&m'smilkchocolate,0.5
15,1,m&m'smint,0.01
15,1,m&m'speanuts,0.51
15,1,m&m'spretzel,1
15,1,milkduds,1
15,1,milkyway,1.5
15,1,milkywaycaramel,1.01
15,1,milkywaydark,1.51
15,1,munchiesjalapenocheddar,1.5
15,1,munchiespeanutbutter,0.49
15,1,nerdsstrawberrygrape,1
15,1,oreos,1
15,1,pez,0.5
15,1,pringlessourcreamonion,1.5
15,1,raisinetsmilkchocolate,0.99
15,1,reese'sbigcup,1.01
15,1,reesespieces,0.5
15,1,ritzbitscheese,0.98
15,1,ritzbitspeanutbutter,0.5
15,1,rufflescheddarsourcreamchips,0.01
15,1,runts,0.98
15,1,skittles,0.99
15,1,skittlessours,1
15,1,skittlestropical,0.5
15,1,skittlewildberry,1.49
15,1,slimjim,0.5
15,1,snickers,1.5
15,1,snickersdarkchocolate,1
15,1,snickerspeanutbutter,1
15,1,snydershoneymustardonionnibblerpretzels,2
15,1,snydersoriginalnibblers,0.5
15,1,snyderspretzelsticks,0.99
15,1,sourpatchkids,0.5
15,1,sourpunchstrawsstrawberry,1
15,1,spree,1.5
15,1,starburst,1
15,1,starbursttropical,0.99
15,1,sunchipscheddar,1.01
15,1,sunchipsgardensalsa,0.5
15,1,sunchipsoriginal,1
15,1,swedishfish,1
15,1,swedishfishassorted,1.48
15,1,take5,1.5
15,1,trailmix,0.49
15,1,twix,1.01
15,1,twixpeanutbutter,1.48
15,1,yorkpeppermintpatty,1
16,1,airheadsblueraspberry,1.99
16,1,airheadscherry,1.02
16,1,airheadsgreenapple,3.01
16,1,airheadswatermelon,0.99
16,1,almondjoy,1.99
16,1,babyruth,1.5
16,1,blowpopblueraspberry,1.49
16,1,blowpopcherry,1.49
16,1,blowpopsourapple,2.53
16,1,blowpopwatermelon,1.48
16,1,caramelapplepops,2.5
16,1,cheesepeanutbuttercrackers,1.99
16,1,cheetospuffs,2.5
16,1,cheez-it,1.51
16,1,cheezitwhitecheddar,0.98
16,1,chexmixtraditional,2.01
16,1,chipsahoy,1.98
16,1,crunch,3.48
16,1,doritoscoolranch,1.97
16,1,doritosnachocheese,0.99
16,1,dots,1.5
16,1,dovedarkchocolatebites,2.48
16,1,dovemilk&peanutbutterbites,2.5
16,1,famousamos,1.98
16,1,fritos,1.01
16,1,fritosbbq,2.99
16,1,funyuns,1.99
16,1,ghirardellidarkchocolatesquares,1.99
16,1,goldfishcheddar,1.98
16,1,goobers,2.52
16,1,grandma'schocolatechipcookies,2.52
16,1,grandma'speanutbuttercookies,1.99
16,1,hostesscupcakes,2
16,1,hostesspowdereddonut,0.5
16,1,juniormints,2.99
16,1,keeblerfudgestripes,2.5
16,1,keeblerrainbowcookies,1.73
16,1,kettlejalapenochips,1.76
16,1,kettlesalt&pepperchips,1.5
16,1,kettlesalt&vinegarchips,0.5
16,1,kitkat,0.83
16,1,laffytaffysourapple,1.98
16,1,layscheesygarlicbread,1.98
16,1,laysclassic,1.01
16,1,layssweetsouthernheatbarbecue,0.52
16,1,lifesaversgummies,2
16,1,lindtdarkchocolate,1.48
16,1,lindtmilkchocolate,1.03
16,1,m&m'speanuts,2
16,1,m&m'spretzel,1.49
16,1,mentosrainbow,1.98
16,1,mike&ikezours,0.99
16,1,milkduds,1.5
16,1,milkyway,1.49
16,1,milkywaycaramel,2.99
16,1,milkywaydark,1.49
16,1,munchiespeanutbutter,1.49
16,1,nerdsrope,0.52
16,1,oreos,1.99
16,1,popcornersjalapeno,1.5
16,1,popcornerskettle,1.51
16,1,popcornwhitecheddar,1.02
16,1,pringlescheddar,1.5
16,1,pringlesoriginal,2.5
16,1,pringlessourcreamonion,1.5
16,1,raisinetsmilkchocolate,1.49
16,1,reesespieces,1.98
16,1,ritzbitscheese,3.18
16,1,roldgoldtinytwistpretzels,1.5
16,1,shockers,1
16,1,skittles,1.01
16,1,skittlessours,2.51
16,1,skittlestropical,1.5
16,1,skittlewildberry,2
16,1,slimjim,1.5
16,1,snickersalmond,2.5
16,1,snickersdarkchocolate,2
16,1,snickerspeanutbutter,1.01
16,1,snydershoneymustardonionnibblerpretzels,1.5
16,1,snydersminipretzels,2.01
16,1,sourpunchstrawsstrawberry,1.01
16,1,spree,1
16,1,sunchipsfrenchonion,1.5
16,1,sunchipsgardensalsa,2
16,1,sunchipsoriginal,2.49
16,1,swedishfish,1.99
16,1,take5,2.5
16,1,toblerone,0.5
16,1,trailmix,1.49
16,1,twixpeanutbutter,1.5
16,1,warheads,1.96
16,1,whoppers,0.99
16,1,yorkpeppermintpatty,1.51
17,1,100grand,1.49
17,1,airheadscherry,1.53
17,1,babyruth,1.47
17,1,blowpopblueraspberry,1.49
17,1,bunchacrunch,1.5
17,1,butterfinger,2.49
17,1,cheesepeanutbuttercrackers,2.48
17,1,cheezitwhitecheddar,1.01
17,1,chipsahoy,0.5
17,1,comboscheddar,3.03
17,1,combospizzeria,2.49
17,1,doritoscoolranch,0.51
17,1,doritosnachocheese,0.5
17,1,doritospicychili,1
17,1,dovecaramelmilkchocolate,0.98
17,1,dovemilk&peanutbutterbites,1.03
17,1,funyuns,0.97
17,1,ghirardellidarkchocolatesquares,0.98
17,1,gobstoppers,2.48
17,1,goldfishcheddar,1.53
17,1,goobers,1.01
17,1,grandma'schocolatechipcookies,0.98
17,1,grandma'soatmealraisincookies,1.48
17,1,gummywormssour,0.99
17,1,hostesschocolatedonuts,0.99
17,1,hostesscupcakes,0.48
17,1,hostesspowdereddonut,0.5
17,1,juniorcaramels,2.52
17,1,juniormints,1.52
17,1,keeblerfudgestripes,1.99
17,1,kettlebbqchips,2.5
17,1,kettlejalapenochips,1.48
17,1,kettlesalt&vinegarchips,0.98
17,1,kitkat,1
17,1,laffytaffysourapple,0.51
17,1,layscheesygarlicbread,1
17,1,laysclassic,1.02
17,1,laysdillpickle,2.02
17,1,layssweetsouthernheatbarbecue,1.49
17,1,lifesaversgummies,1.49
17,1,lifesaversgummiessours,1.51
17,1,m&m'speanuts,1.49
17,1,mentosrainbow,1.48
17,1,mike&ikezours,1.06
17,1,milanocookies,1.01
17,1,munchiesjalapenocheddar,0.98
17,1,munchiesnachocheese,1.02
17,1,munchiespeanutbutter,2.48
17,1,nerdsrope,2.48
17,1,oreos,0.55
17,1,pez,0.52
17,1,popcornersjalapeno,1.5
17,1,popcornerskettle,1.49
17,1,popcornwhitecheddar,0.5
17,1,pringlessourcreamonion,1.48
17,1,razzles,1.02
17,1,reese'sbigcup,0.98
17,1,reesespeanutbuttercup,1.47
17,1,reesespieces,0.99
17,1,ritzbitscheese,1.5
17,1,roldgoldtinytwistpretzels,2.01
17,1,rufflescheddarsourcreamchips,1.01
17,1,shockers,3.01
17,1,skittlewildberry,2.49
17,1,slimjim,1
17,1,snickers,0.5
17,1,snickersalmond,0.99
17,1,snickerspeanutbutter,1.5
17,1,sourpunchstrawsapple,2
17,1,spree,0.96
17,1,starburst,0.99
17,1,sunchipsfrenchonion,3.02
17,1,swedishfish,0.99
17,1,toblerone,1.53
17,1,trailmix,1.01
17,1,twizzlersstrawberry,0.99
17,1,whoppers,1
17,1,yorkpeppermintpatty,0.5
18,1,100grand,0.86
18,1,airheadsblueraspberry,0.93
18,1,airheadsgreenapple,1.01
18,1,airheadswatermelon,0.31
18,1,almondjoy,0.5
18,1,babyruth,0.45
18,1,blowpopblueraspberry,0.89
18,1,blowpopcherry,0.81
18,1,cheesepeanutbuttercrackers,0.48
18,1,cheetoscrunchy,0.42
18,1,cheetospuffs,0.51
18,1,cheez-it,0.79
18,1,cheezitwhitecheddar,0.65
18,1,chexmixcheddar,0.13
18,1,chexmixtraditional,0.49
18,1,comboscheddar,0.23
18,1,combospizzeria,0.5
18,1,doritoscoolranch,0.11
18,1,doritosnachocheese,0.36
18,1,dovecaramelmilkchocolate,0.74
18,1,dovedarkchocolatebites,0.52
18,1,famousamos,0.51
18,1,fritos,1
18,1,ghirardellicaramelsquares,0.55
18,1,ghirardellidarkchocolatesquares,0.49
18,1,ghirardellimilkchocolatesquares,0.5
18,1,giantsweetarts,0.5
18,1,goldfishcheddar,1.01
18,1,grandma'speanutbuttercookies,0.82
18,1,hostesscupcakes,0.75
18,1,juniorcaramels,0.48
18,1,juniormints,0.18
18,1,keeblerfudgestripes,0.11
18,1,keeblerrainbowcookies,0.47
18,1,kettlebbqchips,0.76
18,1,kettlejalapenochips,0.7
18,1,kitkatwhitechocolate,1
18,1,laffytaffysourapple,1
18,1,laysdillpickle,0.98
18,1,layssourcreamandonion,0.15
18,1,layssweetsouthernheatbarbecue,0.58
18,1,lifesaversgummiessours,1
18,1,lindtdarkchocolate,0.85
18,1,m&m'smilkchocolate,1.07
18,1,m&m'smint,0.36
18,1,mentosrainbow,0.36
18,1,mike&ikezours,0.41
18,1,milanocookies,0.31
18,1,milkyway,0.88
18,1,milkywaycaramel,0.46
18,1,milkywaydark,0.86
18,1,munchiesjalapenocheddar,0.73
18,1,munchiesnachocheese,0.2
18,1,munchiespeanutbutter,0.5
18,1,nerdsrope,0.51
18,1,nerdsstrawberrygrape,0.8
18,1,oreos,0.09
18,1,pez,0.17
18,1,popcornersjalapeno,1
18,1,popcornerskettle,0.18
18,1,popcornwhitecheddar,0.99
18,1,pringlesoriginal,0.17
18,1,pringlessourcreamonion,1
18,1,raisinetsmilkchocolate,0.68
18,1,reesespeanutbuttercup,0.09
18,1,reesespieces,0.88
18,1,ritzbitspeanutbutter,0.85
18,1,rufflescheddarsourcreamchips,0.46
18,1,shockers,0.51
18,1,skittles,0.56
18,1,skittlessours,0.42
18,1,skittlestropical,0.48
18,1,snickerspeanutbutter,0.31
18,1,snydershoneymustardonionnibblerpretzels,0.19
18,1,snydersminipretzels,0.72
18,1,snyderspretzelsticks,0.83
18,1,sourpatchkids,0.42
18,1,sourpunchstrawsapple,0.45
18,1,starbursttropical,0.48
18,1,sunchipscheddar,0.34
18,1,sunchipsfrenchonion,0.08
18,1,sunchipsgardensalsa,0.27
18,1,sunchipsoriginal,0.36
18,1,swedishfish,0.35
18,1,swedishfishassorted,0.13
18,1,take5,0.5
18,1,twix,0.32
18,1,twizzlersstrawberry,0.84
18,1,warheads,0.48
18,1,whoppers,0.35
19,1,100grand,1.05
19,1,airheadscherry,0.4
19,1,airheadsgreenapple,0.48
19,1,babyruth,0.98
19,1,blowpopblueraspberry,0.45
19,1,blowpopsourapple,0.43
19,1,blowpopwatermelon,0.85
19,1,bunchacrunch,0.41
19,1,butterfinger,1.01
19,1,butterfingerbites,0.7
19,1,caramelapplepops,0.57
19,1,cheez-it,0.48
19,1,cheezitwhitecheddar,0.93
19,1,chexmixtraditional,0.98
19,1,comboscheddar,0.28
19,1,crunch,0.38
19,1,doritosnachocheese,0.74
19,1,doritospicychili,0.99
19,1,dots,0.15
19,1,dovedarkchocolatebites,0.07
19,1,famousamos,0.76
19,1,funyuns,1.01
19,1,ghirardellicaramelsquares,0.15
19,1,ghirardellidarkchocolatesquares,1.26
19,1,giantsweetarts,0.79
19,1,goobers,0.53
19,1,grandma'schocolatechipcookies,0.36
19,1,grandma'soatmealraisincookies,0.35
19,1,grandma'speanutbuttercookies,1.18
19,1,gummywormssour,0.18
19,1,heathbar,0.62
19,1,hostesschocolatedonuts,0.66
19,1,hostesscupcakes,0.12
19,1,juniorcaramels,0.77
19,1,keeblerfudgestripes,0.96
19,1,keeblerrainbowcookies,0.49
19,1,kettlebbqchips,0.38
19,1,kettlejalapenochips,0.65
19,1,kettlesalt&vinegarchips,0.8
19,1,kitkat,1.09
19,1,kitkatwhitechocolate,0.51
19,1,laffytaffysourapple,0.72
19,1,layscheesygarlicbread,0.18
19,1,laysdillpickle,0.95
19,1,layssweetsouthernheatbarbecue,0.08
19,1,lifesaversgummies,0.13
19,1,lifesaversgummiessours,1.58
19,1,lindtdarkchocolate,0.79
19,1,m&m'smilkchocolate,0.75
19,1,m&m'smint,1.66
19,1,m&m'speanuts,0.04
19,1,mentosrainbow,0.5
19,1,mike&ikezours,0.16
19,1,milanocookies,1.02
19,1,milkduds,1.03
19,1,milkyway,0.89
19,1,milkywaycaramel,0.57
19,1,milkywaydark,0.98
19,1,munchiesjalapenocheddar,0.74
19,1,munchiespeanutbutter,0.75
19,1,nerdsstrawberrygrape,0.99
19,1,oreos,0.92
19,1,oreosgolden,0.58
19,1,popcornersjalapeno,0.19
19,1,popcornerskettle,0.59
19,1,pringlesoriginal,0.49
19,1,pringlessourcreamonion,0.11
19,1,raisinetsmilkchocolate,0.21
19,1,razzles,0.53
19,1,reese'sbigcup,0.18
19,1,reesespeanutbuttercup,1
19,1,reesespieces,0.68
19,1,ritzbitscheese,0.88
19,1,ritzbitspeanutbutter,0.04
19,1,rufflescheddarsourcreamchips,0.99
19,1,shockers,0.49
19,1,skittles,0.05
19,1,skittlestropical,0.11
19,1,skittlewildberry,0.99
19,1,slimjim,0.78
19,1,snickers,1.41
19,1,snickersalmond,0.09
19,1,snickersdarkchocolate,0.29
19,1,snydersminipretzels,0.12
19,1,snydersoriginalnibblers,0.7
19,1,sourpunchstrawsapple,0.7
19,1,sourpunchstrawsstrawberry,0.47
19,1,starbursttropical,1.45
19,1,sunchipsfrenchonion,0.3
19,1,sunchipsgardensalsa,0.49
19,1,swedishfish,0.26
19,1,swedishfishassorted,1
19,1,take5,0.66
19,1,trailmix,0.18
19,1,twix,0.08
19,1,twizzlersstrawberry,0.98
19,1,warheads,0.98
19,1,whoppers,0.04
20,1,3musketeers,0.49
20,1,airheadsblueraspberry,1.02
20,1,airheadsgreenapple,1.52
20,1,almondjoy,2.03
20,1,babyruth,0.97
20,1,blowpopblueraspberry,1.51
20,1,blowpopcherry,1.52
20,1,blowpopsourapple,0.99
20,1,blowpopwatermelon,1.52
20,1,bunchacrunch,1.5
20,1,butterfingerbites,1.51
20,1,cheetoscrunchy,1.51
20,1,cheez-it,0.49
20,1,chexmixtraditional,0.48
20,1,chipsahoy,1.02
20,1,combospizzeria,1.52
20,1,crunch,2.02
20,1,doritoscoolranch,1.48
20,1,doritosnachocheese,2.99
20,1,doritospicychili,1.5
20,1,dots,2.53
20,1,dovecaramelmilkchocolate,2.03
20,1,dovedarkchocolatebites,1.5
20,1,funyuns,0.49
20,1,ghirardellidarkchocolatesquares,1.49
20,1,giantsweetarts,0.49
20,1,gobstoppers,2
20,1,goldfishcheddar,1
20,1,goobers,1.01
20,1,grandma'schocolatechipcookies,1.02
20,1,grandma'speanutbuttercookies,0.97
20,1,gummywormssour,0.5
20,1,hostesschocolatedonuts,0.5
20,1,hostesscupcakes,1.52
20,1,hostesspowdereddonut,2.01
20,1,juniorcaramels,2.03
20,1,juniormints,1.49
20,1,keeblerfudgestripes,0.48
20,1,keeblerrainbowcookies,0.99
20,1,kettlebbqchips,1.5
20,1,kettlesalt&pepperchips,1.49
20,1,kitkat,0.98
20,1,kitkatwhitechocolate,2.49
20,1,laffytaffysourapple,1.51
20,1,layscheesygarlicbread,1.03
20,1,laysclassic,1.49
20,1,layssourcreamandonion,1
20,1,layssweetsouthernheatbarbecue,0.49
20,1,lifesaversgummiessours,1.01
20,1,lindtdarkchocolate,1.49
20,1,m&m'smilkchocolate,1.02
20,1,m&m'smint,0.49
20,1,m&m'spretzel,1.5
20,1,mentosrainbow,0.95
20,1,milanocookies,1.54
20,1,milkduds,3.01
20,1,milkywaycaramel,2.48
20,1,milkywaydark,1.48
20,1,munchiesjalapenocheddar,1.48
20,1,nerdsrope,0.96
20,1,oreos,1
20,1,popcornersjalapeno,1.01
20,1,popcornerskettle,1.51
20,1,popcornwhitecheddar,2.02
20,1,pringlescheddar,2.98
20,1,pringlesoriginal,3
20,1,pringlessourcreamonion,0.5
20,1,raisinetsmilkchocolate,2
20,1,reese'sbigcup,1.5
20,1,reesespeanutbuttercup,1
20,1,ritzbitspeanutbutter,1.51
20,1,rufflescheddarsourcreamchips,2
20,1,runts,1.99
20,1,shockers,0.49
20,1,skittlessours,1.52
20,1,skittlewildberry,1.47
20,1,snickers,2
20,1,snickersalmond,3
20,1,snickerspeanutbutter,0.49
20,1,snydershoneymustardonionnibblerpretzels,0.48
20,1,snydersoriginalnibblers,1.01
20,1,snyderspretzelsticks,0.49
20,1,sourpatchkids,0.46
20,1,sourpunchstrawsapple,3.03
20,1,spree,1.53
20,1,starburst,0.49
20,1,starbursttropical,0.52
20,1,sunchipsfrenchonion,0.93
20,1,sunchipsgardensalsa,2.48
20,1,sunchipsoriginal,1.48
20,1,swedishfish,1.99
20,1,swedishfishassorted,1.48
20,1,take5,2
20,1,toblerone,0.48
20,1,twixpeanutbutter,3.02
20,1,twizzlersstrawberry,1.51
20,1,warheads,1
20,1,yorkpeppermintpatty,1.5
21,1,3musketeers,1.08
21,1,airheadsblueraspberry,2.03
21,1,airheadscherry,0.49
21,1,airheadswatermelon,1.01
21,1,babyruth,0.06
21,1,blowpopblueraspberry,2.01
21,1,blowpopcherry,2.01
21,1,blowpopsourapple,0.99
21,1,blowpopwatermelon,0.01
21,1,bunchacrunch,1.01
21,1,butterfinger,1.5
21,1,cheetoscrunchy,0.98
21,1,cheetospuffs,0.49
21,1,cheez-it,0.48
21,1,cheezitwhitecheddar,0.54
21,1,chexmixcheddar,1.06
21,1,combospizzeria,1.99
21,1,crunch,1.02
21,1,doritosnachocheese,1.02
21,1,doritospicychili,0.51
21,1,dovecaramelmilkchocolate,0.49
21,1,dovemilk&peanutbutterbites,2.48
21,1,fritosbbq,1.99
21,1,ghirardellicaramelsquares,0.49
21,1,ghirardellimilkchocolatesquares,0.51
21,1,gobstoppers,0.56
21,1,goldfishcheddar,1
21,1,goobers,1.01
21,1,grandma'soatmealraisincookies,0.56
21,1,grandma'speanutbuttercookies,1.6
21,1,gummywormssour,1
21,1,heathbar,1.58
21,1,hostesschocolatedonuts,1
21,1,hostesscupcakes,1.48
21,1,hostesspowdereddonut,0.49
21,1,juniorcaramels,0.51
21,1,juniormints,1
21,1,keeblerfudgestripes,0.55
21,1,kettlejalapenochips,0.99
21,1,kettlesalt&pepperchips,0.01
21,1,kettlesalt&vinegarchips,1.07
21,1,kitkat,1.03
21,1,kitkatwhitechocolate,1.12
21,1,laffytaffysourapple,0.99
21,1,laysclassic,0.07
21,1,laysdillpickle,2.52
21,1,layssweetsouthernheatbarbecue,1.5
21,1,lifesaversgummies,0.49
21,1,lifesaversgummiessours,0.48
21,1,lindtdarkchocolate,1.02
21,1,m&m'smint,1.49
21,1,m&m'speanuts,0.08
21,1,mike&ikezours,0.99
21,1,milanocookies,1.98
21,1,milkyway,0.99
21,1,milkywaycaramel,0.98
21,1,milkywaydark,0.5
21,1,munchiesjalapenocheddar,0.51
21,1,munchiespeanutbutter,0.5
21,1,nerdsrope,0.62
21,1,nerdsstrawberrygrape,0.99
21,1,oreos,2.25
21,1,oreosgolden,2.08
21,1,popcornerskettle,1.48
21,1,pringlescheddar,2
21,1,pringlesoriginal,1.99
21,1,pringlessourcreamonion,0.99
21,1,raisinetsmilkchocolate,1.55
21,1,razzles,0.53
21,1,reesespieces,2.12
21,1,roldgoldtinytwistpretzels,0.48
21,1,rufflescheddarsourcreamchips,0.98
21,1,shockers,1.48
21,1,skittlewildberry,3.15
21,1,slimjim,0.49
21,1,snickersdarkchocolate,1.49
21,1,snickerspeanutbutter,0.49
21,1,snydershoneymustardonionnibblerpretzels,0.98
21,1,snydersminipretzels,1.5
21,1,snydersoriginalnibblers,0.49
21,1,snyderspretzelsticks,1.48
21,1,sourpatchkids,0.48
21,1,sourpunchstrawsapple,1.03
21,1,spree,0.01
21,1,starburst,2
21,1,starbursttropical,0.99
21,1,sunchipscheddar,1.01
21,1,sunchipsfrenchonion,3
21,1,swedishfish,2
21,1,swedishfishassorted,1.03
21,1,take5,2.08
21,1,toblerone,1
21,1,trailmix,0.99
21,1,twixpeanutbutter,1.58
21,1,twizzlersstrawberry,1.1
21,1,warheads,0.5
21,1,whoppers,0.5
22,1,100grand,1
22,1,3musketeers,0.82
22,1,airheadsblueraspberry,0.93
22,1,airheadsgreenapple,0.99
22,1,airheadswatermelon,1.49
22,1,blowpopblueraspberry,0.5
22,1,blowpopwatermelon,1.98
22,1,butterfinger,0.99
22,1,caramelapplepops,0.98
22,1,cheesepeanutbuttercrackers,0.48
22,1,cheetospuffs,1.03
22,1,cheez-it,0.48
22,1,cheezitwhitecheddar,0.98
22,1,chexmixtraditional,0.48
22,1,chipsahoy,1.02
22,1,combospizzeria,0.98
22,1,doritosnachocheese,0.99
22,1,dots,1.04
22,1,dovecaramelmilkchocolate,1.01
22,1,dovedarkchocolatebites,0.49
22,1,dovemilk&peanutbutterbites,1.01
22,1,famousamos,0.98
22,1,fritos,0.5
22,1,funyuns,1.52
22,1,ghirardellimilkchocolatesquares,1.03
22,1,giantsweetarts,0.98
22,1,gobstoppers,1.98
22,1,grandma'soatmealraisincookies,0.52
22,1,grandma'speanutbuttercookies,0.24
22,1,gummywormssour,1.01
22,1,heathbar,1.03
22,1,hostesscupcakes,1.01
22,1,juniorcaramels,1
22,1,juniormints,1.02
22,1,keeblerrainbowcookies,1
22,1,kettlesalt&vinegarchips,0.69
22,1,kitkatwhitechocolate,1.02
22,1,laffytaffysourapple,1.02
22,1,layscheesygarlicbread,1.02
22,1,laysdillpickle,0.99
22,1,lifesaversgummiessours,0.49
22,1,m&m'smilkchocolate,0.98
22,1,m&m'speanuts,0.95
22,1,m&m'spretzel,0.97
22,1,mentosrainbow,1
22,1,mike&ikezours,1.48
22,1,milanocookies,0.99
22,1,milkyway,2.49
22,1,milkywaydark,0.98
22,1,munchiesjalapenocheddar,1.02
22,1,munchiesnachocheese,2.01
22,1,munchiespeanutbutter,0.99
22,1,nerdsstrawberrygrape,0.55
22,1,oreos,0.99
22,1,oreosgolden,1.97
22,1,popcornersjalapeno,0.49
22,1,popcornwhitecheddar,0.23
22,1,pringlesoriginal,0.98
22,1,raisinetsmilkchocolate,0.98
22,1,razzles,1
22,1,reesespieces,1.01
22,1,ritzbitscheese,1.01
22,1,ritzbitspeanutbutter,1.3
22,1,rufflescheddarsourcreamchips,0.98
22,1,runts,0.95
22,1,shockers,1
22,1,skittlessours,0.99
22,1,skittlestropical,0.98
22,1,skittlewildberry,0.99
22,1,slimjim,0.99
22,1,snickers,0.96
22,1,snickersalmond,1.02
22,1,snickersdarkchocolate,1.03
22,1,snickerspeanutbutter,0.49
22,1,snydershoneymustardonionnibblerpretzels,1.01
22,1,snydersminipretzels,1
22,1,snydersoriginalnibblers,0.54
22,1,snyderspretzelsticks,1.01
22,1,sourpatchkids,0.28
22,1,sourpunchstrawsapple,2.48
22,1,sourpunchstrawsstrawberry,0.99
22,1,spree,2.02
22,1,starburst,1
22,1,sunchipscheddar,1.01
22,1,sunchipsfrenchonion,0.51
22,1,sunchipsoriginal,1.01
22,1,swedishfish,0.99
22,1,swedishfishassorted,1.02
22,1,take5,1.01
22,1,toblerone,1.49
22,1,twix,1.48
22,1,whoppers,0.25
22,1,yorkpeppermintpatty,1
23,1,100grand,0.5
23,1,3musketeers,0.5
23,1,airheadsblueraspberry,0.98
23,1,airheadscherry,2.51
23,1,airheadsgreenapple,1.98
23,1,babyruth,0.49
23,1,blowpopblueraspberry,0.5
23,1,blowpopcherry,0.99
23,1,blowpopsourapple,0.51
23,1,blowpopwatermelon,0.49
23,1,butterfinger,1.05
23,1,cheesepeanutbuttercrackers,2.04
23,1,cheetoscrunchy,0.98
23,1,cheetospuffs,0.49
23,1,cheez-it,0.48
23,1,cheezitwhitecheddar,2
23,1,chexmixcheddar,1.49
23,1,chexmixtraditional,1.48
23,1,comboscheddar,1.51
23,1,combospizzeria,2.03
23,1,doritoscoolranch,1.49
23,1,doritosnachocheese,2
23,1,doritospicychili,2
23,1,dots,0.48
23,1,dovecaramelmilkchocolate,0.97
23,1,dovedarkchocolatebites,1.01
23,1,dovemilk&peanutbutterbites,0.48
23,1,famousamos,0.48
23,1,fritos,0.49
23,1,fritosbbq,0.48
23,1,ghirardellidarkchocolatesquares,1.99
23,1,gobstoppers,0.99
23,1,grandma'speanutbuttercookies,0.53
23,1,gummywormssour,1.49
23,1,heathbar,0.49
23,1,hostesschocolatedonuts,0.49
23,1,hostesscupcakes,0.48
23,1,hostesspowdereddonut,2
23,1,juniorcaramels,0.5
23,1,juniormints,1.99
23,1,keeblerrainbowcookies,1
23,1,kettlebbqchips,2.5
23,1,kettlejalapenochips,0.49
23,1,kettlesalt&pepperchips,1.99
23,1,kettlesalt&vinegarchips,0.5
23,1,laffytaffysourapple,0.5
23,1,layscheesygarlicbread,0.51
23,1,laysdillpickle,0.44
23,1,lifesaversgummies,0.98
23,1,lifesaversgummiessours,0.49
23,1,m&m'smilkchocolate,1
23,1,m&m'smint,1.02
23,1,m&m'speanuts,1.5
23,1,mentosrainbow,0.51
23,1,mike&ikezours,0.54
23,1,milkduds,0.99
23,1,milkyway,0.5
23,1,milkywaycaramel,0.5
23,1,milkywaydark,0.48
23,1,munchiesnachocheese,0.5
23,1,nerdsrope,1.53
23,1,oreos,0.99
23,1,popcornerskettle,1
23,1,pringlescheddar,0.98
23,1,pringlesoriginal,0.43
23,1,pringlessourcreamonion,0.52
23,1,raisinetsmilkchocolate,0.98
23,1,razzles,0.99
23,1,reesespeanutbuttercup,0.98
23,1,ritzbitscheese,1.54
23,1,ritzbitspeanutbutter,1.49
23,1,roldgoldtinytwistpretzels,1.5
23,1,rufflescheddarsourcreamchips,1.99
23,1,runts,0.99
23,1,skittles,0.49
23,1,skittlessours,2.01
23,1,skittlestropical,1.99
23,1,slimjim,2.49
23,1,snickers,0.99
23,1,snickersalmond,1
23,1,snickersdarkchocolate,0.99
23,1,snickerspeanutbutter,0.5
23,1,snydershoneymustardonionnibblerpretzels,0.49
23,1,snydersminipretzels,1.01
23,1,snydersoriginalnibblers,0.49
23,1,snyderspretzelsticks,0.98
23,1,sourpatchkids,1.5
23,1,sourpunchstrawsstrawberry,0.99
23,1,spree,0.49
23,1,starburst,2
23,1,sunchipscheddar,0.49
23,1,sunchipsgardensalsa,1.49
23,1,sunchipsoriginal,0.47
23,1,swedishfishassorted,0.5
23,1,toblerone,0.42
23,1,trailmix,0.97
23,1,twix,0.99
23,1,twixpeanutbutter,1.51
23,1,twizzlersstrawberry,1
24,1,100grand,1.5
24,1,3musketeers,1.28
24,1,airheadsblueraspberry,1.77
24,1,airheadscherry,1.23
24,1,babyruth,1.01
24,1,blowpopcherry,1.22
24,1,blowpopsourapple,1
24,1,butterfinger,0.99
24,1,butterfingerbites,0.78
24,1,caramelapplepops,1.51
24,1,cheez-it,0.73
24,1,chexmixcheddar,1.5
24,1,chexmixtraditional,0.73
24,1,comboscheddar,2.22
24,1,combospizzeria,1.24
24,1,crunch,1.25
24,1,doritosnachocheese,1.49
24,1,dovedarkchocolatebites,1.5
24,1,dovemilk&peanutbutterbites,1.5
24,1,famousamos,0.76
24,1,fritos,0.99
24,1,ghirardellicaramelsquares,0.98
24,1,giantsweetarts,0.75
24,1,gobstoppers,0.24
24,1,grandma'soatmealraisincookies,0.99
24,1,grandma'speanutbuttercookies,0.76
24,1,heathbar,0.5
24,1,hostesschocolatedonuts,0.72
24,1,juniorcaramels,0.71
24,1,kettlebbqchips,1
24,1,kettlejalapenochips,0.5
24,1,kettlesalt&vinegarchips,0.5
24,1,laffytaffysourapple,1.83
24,1,layscheesygarlicbread,0.99
24,1,laysclassic,1.3
24,1,laysdillpickle,0.72
24,1,layssweetsouthernheatbarbecue,0.99
24,1,m&m'smilkchocolate,1.5
24,1,m&m'smint,0.5
24,1,m&m'spretzel,0.23
24,1,mentosrainbow,1.5
24,1,milanocookies,0.99
24,1,milkywaydark,1.49
24,1,oreosgolden,0.5
24,1,popcornersjalapeno,0.99
24,1,popcornerswhitecheddar,1.27
24,1,popcornwhitecheddar,1.5
24,1,pringlescheddar,0.73
24,1,raisinetsmilkchocolate,0.99
24,1,razzles,0.99
24,1,reese'sbigcup,0.49
24,1,ritzbitscheese,1.24
24,1,roldgoldtinytwistpretzels,1.27
24,1,shockers,1.49
24,1,skittlestropical,1.24
24,1,snickerspeanutbutter,2.51
24,1,snydersminipretzels,0.8
24,1,snyderspretzelsticks,0.52
24,1,sourpatchkids,1
24,1,spree,0.49
24,1,sunchipscheddar,0.99
24,1,sunchipsfrenchonion,1
24,1,sunchipsgardensalsa,1.5
24,1,sunchipsoriginal,1
24,1,swedishfish,1.48
24,1,take5,0.5
24,1,toblerone,1.5
24,1,twix,1.49
24,1,twizzlersstrawberry,1
24,1,whoppers,0.99
25,1,3musketeers,3.01
25,1,airheadsblueraspberry,1.99
25,1,airheadscherry,0.98
25,1,airheadsgreenapple,0.48
25,1,airheadswatermelon,1.94
25,1,almondjoy,1.5
25,1,babyruth,0.96
25,1,blowpopsourapple,1.01
25,1,butterfinger,0.94
25,1,butterfingerbites,1.96
25,1,caramelapplepops,0.99
25,1,cheetoscrunchy,1.5
25,1,cheetospuffs,2.03
25,1,cheez-it,0.94
25,1,cheezitwhitecheddar,1.03
25,1,chexmixtraditional,2.03
25,1,chipsahoy,0.99
25,1,comboscheddar,0.5
25,1,crunch,0.97
25,1,doritoscoolranch,0.45
25,1,doritospicychili,0.96
25,1,dots,1.03
25,1,dovecaramelmilkchocolate,0.97
25,1,famousamos,1.49
25,1,fritos,1.05
25,1,fritosbbq,0.93
25,1,funyuns,1.06
25,1,giantsweetarts,1.43
25,1,gobstoppers,0.99
25,1,goldfishcheddar,2.01
25,1,goobers,2.01
25,1,grandma'schocolatechipcookies,1.99
25,1,grandma'soatmealraisincookies,0.48
25,1,heathbar,1.97
25,1,hostesscupcakes,1.04
25,1,hostesspowdereddonut,1.48
25,1,juniorcaramels,1.95
25,1,juniormints,1.01
25,1,keeblerfudgestripes,1.53
25,1,kettlebbqchips,2
25,1,kettlejalapenochips,1.48
25,1,kettlesalt&pepperchips,1.53
25,1,kitkat,1.53
25,1,laffytaffysourapple,1.5
25,1,laysclassic,1.52
25,1,laysdillpickle,1.57
25,1,layssourcreamandonion,1.08
25,1,layssweetsouthernheatbarbecue,1.54
25,1,lifesaversgummies,2.53
25,1,lifesaversgummiessours,2.05
25,1,lindtdarkchocolate,0.99
25,1,lindtmilkchocolate,0.48
25,1,m&m'smilkchocolate,1.03
25,1,m&m'speanuts,0.99
25,1,mike&ikezours,2.06
25,1,milkduds,1.47
25,1,milkyway,1.48
25,1,milkywaycaramel,2.07
25,1,milkywaydark,1.51
25,1,munchiespeanutbutter,0.98
25,1,nerdsrope,1.54
25,1,oreos,0.97
25,1,pez,1.99
25,1,popcornerswhitecheddar,2
25,1,popcornwhitecheddar,0.47
25,1,pringlescheddar,0.97
25,1,pringlesoriginal,0.98
25,1,pringlessourcreamonion,1.53
25,1,razzles,2.04
25,1,reesespeanutbuttercup,0.98
25,1,reesespieces,0.99
25,1,ritzbitscheese,0.95
25,1,roldgoldtinytwistpretzels,1.98
25,1,rufflescheddarsourcreamchips,0.95
25,1,shockers,1.5
25,1,skittles,2.05
25,1,skittlessours,0.99
25,1,skittlestropical,1.06
25,1,snickers,1.02
25,1,snickersalmond,2.48
25,1,snickersdarkchocolate,0.97
25,1,snydershoneymustardonionnibblerpretzels,0.51
25,1,snyderspretzelsticks,1.52
25,1,sourpatchkids,1
25,1,sourpunchstrawsapple,3.04
25,1,sourpunchstrawsstrawberry,1.95
25,1,spree,1.99
25,1,starburst,2
25,1,starbursttropical,1.01
25,1,sunchipsfrenchonion,1.55
25,1,swedishfish,1.98
25,1,take5,1.49
25,1,trailmix,1.01
25,1,twix,1.49
25,1,twixpeanutbutter,0.92
25,1,warheads,0.94
25,1,whoppers,2.04
25,1,yorkpeppermintpatty,2.03
26,1,3musketeers,1.99
26,1,airheadsblueraspberry,1.55
26,1,airheadscherry,1.49
26,1,airheadswatermelon,1.99
26,1,almondjoy,1.99
26,1,babyruth,1.49
26,1,blowpopblueraspberry,1.46
26,1,blowpopcherry,0.98
26,1,blowpopwatermelon,1.01
26,1,bunchacrunch,2
26,1,butterfinger,2.02
26,1,butterfingerbites,1.49
26,1,cheetoscrunchy,1.99
26,1,cheetospuffs,1.48
26,1,cheez-it,1.5
26,1,cheezitwhitecheddar,1.49
26,1,chipsahoy,1.49
26,1,combospizzeria,1.99
26,1,crunch,0.98
26,1,doritoscoolranch,0.98
26,1,doritospicychili,1
26,1,dots,1
26,1,dovedarkchocolatebites,0.95
26,1,famousamos,2.47
26,1,fritos,2.01
26,1,fritosbbq,0.99
26,1,gobstoppers,1.46
26,1,grandma'schocolatechipcookies,3
26,1,grandma'soatmealraisincookies,1.72
26,1,grandma'speanutbuttercookies,1.5
26,1,gummywormssour,1.48
26,1,heathbar,1.49
26,1,hostesschocolatedonuts,1.98
26,1,hostesscupcakes,2
26,1,hostesspowdereddonut,1.48
26,1,juniormints,1.98
26,1,kettlebbqchips,1
26,1,kettlesalt&pepperchips,1.47
26,1,kettlesalt&vinegarchips,1
26,1,kitkat,1.27
26,1,kitkatwhitechocolate,1.47
26,1,laffytaffysourapple,0.97
26,1,layscheesygarlicbread,1
26,1,laysclassic,1
26,1,laysdillpickle,1.99
26,1,lifesaversgummies,0.98
26,1,lifesaversgummiessours,1.49
26,1,lindtdarkchocolate,1.25
26,1,m&m'smint,1.98
26,1,m&m'speanuts,1.48
26,1,m&m'spretzel,1
26,1,milanocookies,1.47
26,1,milkyway,1.02
26,1,milkywaycaramel,2.99
26,1,milkywaydark,1.98
26,1,munchiesjalapenocheddar,1.46
26,1,munchiesnachocheese,2.48
26,1,oreos,1.46
26,1,pez,1.74
26,1,popcornersjalapeno,1.95
26,1,popcornerskettle,2
26,1,popcornwhitecheddar,1.71
26,1,pringlessourcreamonion,1.03
26,1,raisinetsmilkchocolate,2.48
26,1,razzles,1.99
26,1,reese'sbigcup,1.02
26,1,reesespeanutbuttercup,1.46
26,1,reesespieces,0.97
26,1,ritzbitscheese,2
26,1,runts,1.96
26,1,shockers,1
26,1,skittles,0.77
26,1,skittlestropical,1
26,1,skittlewildberry,1.99
26,1,snickersdarkchocolate,0.98
26,1,snickerspeanutbutter,1.5
26,1,snydershoneymustardonionnibblerpretzels,0.97
26,1,snydersoriginalnibblers,2.48
26,1,snyderspretzelsticks,0.77
26,1,sourpunchstrawsapple,0.98
26,1,sourpunchstrawsstrawberry,1.18
26,1,starburst,0.98
26,1,starbursttropical,0.99
26,1,sunchipsfrenchonion,0.98
26,1,sunchipsoriginal,1.49
26,1,take5,2.49
26,1,toblerone,1.96
26,1,trailmix,1.49
26,1,twixpeanutbutter,1.5
26,1,twizzlersstrawberry,1.98
26,1,warheads,1
26,1,whoppers,1
26,1,yorkpeppermintpatty,1.48
27,1,100grand,0.49
27,1,3musketeers,1.99
27,1,airheadsblueraspberry,1.99
27,1,airheadscherry,1.49
27,1,airheadsgreenapple,1.51
27,1,almondjoy,0.48
27,1,babyruth,1.02
27,1,blowpopblueraspberry,0.49
27,1,blowpopsourapple,0.99
27,1,blowpopwatermelon,0.48
27,1,bunchacrunch,0.51
27,1,butterfinger,0.99
27,1,cheetoscrunchy,1.48
27,1,cheez-it,0.5
27,1,cheezitwhitecheddar,0.49
27,1,chexmixcheddar,0.5
27,1,chexmixtraditional,1
27,1,comboscheddar,0.5
27,1,combospizzeria,1
27,1,crunch,1
27,1,doritoscoolranch,2.5
27,1,doritosnachocheese,0.49
27,1,dovecaramelmilkchocolate,1.48
27,1,dovedarkchocolatebites,0.98
27,1,dovemilk&peanutbutterbites,0.99
27,1,funyuns,0.98
27,1,ghirardellicaramelsquares,1.98
27,1,ghirardellidarkchocolatesquares,1.49
27,1,ghirardellimilkchocolatesquares,0.5
27,1,giantsweetarts,0.98
27,1,goldfishcheddar,1
27,1,goobers,0.5
27,1,grandma'schocolatechipcookies,2
27,1,grandma'soatmealraisincookies,0.49
27,1,hostesspowdereddonut,0.49
27,1,keeblerrainbowcookies,1
27,1,kettlejalapenochips,0.5
27,1,kettlesalt&vinegarchips,1
27,1,kitkat,1.5
27,1,kitkatwhitechocolate,1.49
27,1,laffytaffysourapple,0.5
27,1,laysdillpickle,0.02
27,1,layssourcreamandonion,1.5
27,1,lifesaversgummies,1.01
27,1,lifesaversgummiessours,0.99
27,1,lindtdarkchocolate,0.49
27,1,lindtmilkchocolate,1.51
27,1,m&m'speanuts,1.49
27,1,m&m'spretzel,0.98
27,1,mike&ikezours,0.5
27,1,milanocookies,1.51
27,1,milkduds,0.49
27,1,milkyway,0.5
27,1,milkywaycaramel,0.5
27,1,milkywaydark,1.99
27,1,munchiesjalapenocheddar,1.99
27,1,munchiesnachocheese,0.5
27,1,nerdsstrawberrygrape,0.51
27,1,oreosgolden,0.99
27,1,pez,1.49
27,1,popcornersjalapeno,0.5
27,1,popcornerskettle,1.48
27,1,popcornerswhitecheddar,0.49
27,1,popcornwhitecheddar,0.98
27,1,pringlescheddar,0.15
27,1,pringlesoriginal,1
27,1,raisinetsmilkchocolate,0.49
27,1,razzles,0.49
27,1,reese'sbigcup,1.5
27,1,reesespeanutbuttercup,0.99
27,1,ritzbitspeanutbutter,0.5
27,1,rufflescheddarsourcreamchips,0.5
27,1,shockers,0.98
27,1,skittlessours,0.99
27,1,skittlestropical,0.5
27,1,skittlewildberry,0.99
27,1,slimjim,0.5
27,1,snickersdarkchocolate,2
27,1,snickerspeanutbutter,0.49
27,1,snydershoneymustardonionnibblerpretzels,1
27,1,snydersminipretzels,1
27,1,snyderspretzelsticks,0.5
27,1,sourpatchkids,0.5
27,1,sourpunchstrawsapple,1.5
27,1,sourpunchstrawsstrawberry,1.49
27,1,spree,0.99
27,1,starburst,1.49
27,1,starbursttropical,1.99
27,1,sunchipscheddar,0.49
27,1,sunchipsfrenchonion,1.49
27,1,sunchipsoriginal,1.99
27,1,swedishfish,1
27,1,swedishfishassorted,2.5
27,1,trailmix,0.99
27,1,twix,1
27,1,whoppers,1.5
28,1,100grand,1.56
28,1,airheadscherry,1.18
28,1,airheadsgreenapple,1.5
28,1,airheadswatermelon,1.08
28,1,almondjoy,1.12
28,1,babyruth,1.51
28,1,blowpopblueraspberry,1.01
28,1,blowpopcherry,1.05
28,1,blowpopsourapple,1.94
28,1,bunchacrunch,2.97
28,1,butterfinger,1.53
28,1,butterfingerbites,2.01
28,1,caramelapplepops,1.59
28,1,cheesepeanutbuttercrackers,0.66
28,1,cheetoscrunchy,1.47
28,1,cheez-it,0.97
28,1,cheezitwhitecheddar,1.98
28,1,chexmixtraditional,1.51
28,1,chipsahoy,1.21
28,1,comboscheddar,0.59
28,1,combospizzeria,1.09
28,1,crunch,0.68
28,1,doritoscoolranch,1.31
28,1,doritosnachocheese,0.99
28,1,doritospicychili,1.35
28,1,dots,0.56
28,1,dovecaramelmilkchocolate,1.51
28,1,dovedarkchocolatebites,1.18
28,1,dovemilk&peanutbutterbites,1.52
28,1,fritosbbq,1.97
28,1,ghirardellicaramelsquares,2.03
28,1,ghirardellidarkchocolatesquares,1.53
28,1,giantsweetarts,1.4
28,1,gobstoppers,1.45
28,1,goldfishcheddar,1.42
28,1,goobers,1.51
28,1,grandma'schocolatechipcookies,1.98
28,1,heathbar,2.05
28,1,hostesschocolatedonuts,1.04
28,1,juniormints,1.48
28,1,keeblerfudgestripes,2.53
28,1,keeblerrainbowcookies,2.06
28,1,kettlebbqchips,1.04
28,1,kettlejalapenochips,1.86
28,1,kettlesalt&pepperchips,1.16
28,1,kettlesalt&vinegarchips,2.04
28,1,kitkat,1.06
28,1,kitkatwhitechocolate,1.92
28,1,laffytaffysourapple,1.6
28,1,layscheesygarlicbread,1.49
28,1,layssourcreamandonion,1.73
28,1,layssweetsouthernheatbarbecue,1.48
28,1,lifesaversgummiessours,0.93
28,1,lindtdarkchocolate,1.1
28,1,lindtmilkchocolate,1.22
28,1,milkduds,1.5
28,1,munchiespeanutbutter,1.89
28,1,nerdsrope,1.98
28,1,nerdsstrawberrygrape,1.53
28,1,oreos,1.48
28,1,pez,1.57
28,1,popcornersjalapeno,1.08
28,1,popcornerskettle,1.05
28,1,popcornerswhitecheddar,1.54
28,1,pringlescheddar,1.46
28,1,pringlesoriginal,1.93
28,1,pringlessourcreamonion,2.56
28,1,raisinetsmilkchocolate,2.06
28,1,razzles,2
28,1,reese'sbigcup,2.48
28,1,reesespeanutbuttercup,1.42
28,1,reesespieces,2.03
28,1,runts,1.55
28,1,shockers,0.59
28,1,skittles,1.23
28,1,slimjim,1.54
28,1,snickers,1.18
28,1,snickersdarkchocolate,2.63
28,1,snydershoneymustardonionnibblerpretzels,1.04
28,1,snydersminipretzels,2.97
28,1,snydersoriginalnibblers,2.03
28,1,snyderspretzelsticks,1.03
28,1,sourpatchkids,1.71
28,1,sourpunchstrawsapple,1.53
28,1,spree,1.98
28,1,starburst,1.59
28,1,starbursttropical,2.47
28,1,sunchipsfrenchonion,1.03
28,1,sunchipsgardensalsa,0.88
28,1,swedishfish,2.03
28,1,swedishfishassorted,1.02
28,1,trailmix,2.53
28,1,twixpeanutbutter,2.45
28,1,twizzlersstrawberry,1.49
28,1,warheads,1.01
28,1,yorkpeppermintpatty,1.42
29,1,100grand,0.96
29,1,3musketeers,1.5
29,1,airheadsblueraspberry,1.46
29,1,airheadscherry,0.03
29,1,almondjoy,1.2
29,1,babyruth,0.68
29,1,blowpopblueraspberry,1.31
29,1,blowpopwatermelon,0.5
29,1,bunchacrunch,1.95
29,1,butterfinger,0.12
29,1,cheesepeanutbuttercrackers,1.06
29,1,cheetoscrunchy,0.57
29,1,cheetospuffs,1.47
29,1,cheez-it,0.05
29,1,chexmixcheddar,0.04
29,1,chipsahoy,1.03
29,1,comboscheddar,1.54
29,1,doritoscoolranch,1.55
29,1,doritosnachocheese,1.04
29,1,dovecaramelmilkchocolate,0.47
29,1,dovedarkchocolatebites,0.41
29,1,dovemilk&peanutbutterbites,1.56
29,1,famousamos,0.98
29,1,fritos,0.06
29,1,funyuns,1.5
29,1,ghirardellicaramelsquares,1.99
29,1,ghirardellidarkchocolatesquares,1.52
29,1,ghirardellimilkchocolatesquares,0.15
29,1,giantsweetarts,1.11
29,1,goldfishcheddar,1.17
29,1,goobers,0.07
29,1,grandma'soatmealraisincookies,1.5
29,1,gummywormssour,0.04
29,1,heathbar,2
29,1,hostesschocolatedonuts,0.35
29,1,hostesspowdereddonut,1.56
29,1,juniormints,1.2
29,1,keeblerfudgestripes,1.39
29,1,keeblerrainbowcookies,1.88
29,1,kettlebbqchips,0.29
29,1,kettlesalt&pepperchips,1.03
29,1,layscheesygarlicbread,0.49
29,1,laysclassic,0.06
29,1,laysdillpickle,1.61
29,1,layssourcreamandonion,1.43
29,1,layssweetsouthernheatbarbecue,1
29,1,lifesaversgummiessours,1.55
29,1,lindtmilkchocolate,0.98
29,1,m&m'smilkchocolate,0.01
29,1,m&m'smint,0.93
29,1,m&m'speanuts,1.05
29,1,mike&ikezours,1.4
29,1,milanocookies,0.13
29,1,milkduds,0.48
29,1,milkywaydark,0.51
29,1,munchiesjalapenocheddar,1.32
29,1,munchiesnachocheese,0.63
29,1,munchiespeanutbutter,0.01
29,1,nerdsrope,0.04
29,1,nerdsstrawberrygrape,1.38
29,1,oreos,1.25
29,1,oreosgolden,0.57
29,1,popcornersjalapeno,1.02
29,1,popcornerskettle,1.37
29,1,popcornerswhitecheddar,0.68
29,1,popcornwhitecheddar,1.03
29,1,pringlesoriginal,0.02
29,1,pringlessourcreamonion,0.55
29,1,raisinetsmilkchocolate,0.67
29,1,razzles,0.17
29,1,reese'sbigcup,0.01
29,1,ritzbitscheese,0.72
29,1,roldgoldtinytwistpretzels,0.54
29,1,runts,0.55
29,1,skittlessours,1.23
29,1,skittlestropical,1.45
29,1,snickers,0.07
29,1,snickersalmond,0.01
29,1,snickerspeanutbutter,0.01
29,1,snydershoneymustardonionnibblerpretzels,1.52
29,1,snydersminipretzels,0.76
29,1,snydersoriginalnibblers,1.01
29,1,snyderspretzelsticks,0.06
29,1,sourpatchkids,0.57
29,1,sourpunchstrawsapple,1.01
29,1,spree,0.53
29,1,starburst,1.37
29,1,starbursttropical,0.08
29,1,sunchipscheddar,1.32
29,1,sunchipsfrenchonion,0.02
29,1,sunchipsgardensalsa,1.5
29,1,swedishfish,0.14
29,1,swedishfishassorted,0.02
29,1,trailmix,0.08
29,1,twizzlersstrawberry,0.51
29,1,warheads,1.02
29,1,yorkpeppermintpatty,1.07
30,1,3musketeers,0.19
30,1,airheadscherry,0.51
30,1,airheadswatermelon,1.49
30,1,blowpopblueraspberry,0.52
30,1,blowpopsourapple,0.52
30,1,butterfinger,0.48
30,1,butterfingerbites,1.5
30,1,caramelapplepops,0.99
30,1,cheesepeanutbuttercrackers,2.01
30,1,cheetoscrunchy,0.5
30,1,cheetospuffs,1.98
30,1,cheez-it,1.21
30,1,cheezitwhitecheddar,0.74
30,1,chexmixcheddar,0.18
30,1,chipsahoy,0.24
30,1,crunch,1.01
30,1,doritoscoolranch,0.26
30,1,dots,0.98
30,1,dovedarkchocolatebites,1.95
30,1,fritos,0.48
30,1,ghirardellicaramelsquares,0.49
30,1,ghirardellimilkchocolatesquares,1.49
30,1,giantsweetarts,0.99
30,1,gobstoppers,0.22
30,1,goldfishcheddar,2
30,1,goobers,0.98
30,1,grandma'schocolatechipcookies,2.99
30,1,grandma'soatmealraisincookies,1.51
30,1,gummywormssour,0.24
30,1,hostesschocolatedonuts,0.48
30,1,juniormints,0.51
30,1,keeblerrainbowcookies,2
30,1,kettlebbqchips,0.5
30,1,kettlejalapenochips,2.02
30,1,kettlesalt&vinegarchips,1.51
30,1,kitkatwhitechocolate,0.15
30,1,layscheesygarlicbread,1.51
30,1,layssourcreamandonion,0.11
30,1,layssweetsouthernheatbarbecue,0.17
30,1,lifesaversgummiessours,0.97
30,1,lindtdarkchocolate,0.49
30,1,lindtmilkchocolate,0.25
30,1,m&m'speanuts,1.5
30,1,m&m'spretzel,0.32
30,1,mentosrainbow,1.03
30,1,mike&ikezours,0.81
30,1,milkduds,0.25
30,1,milkyway,2
30,1,milkywaycaramel,1.99
30,1,munchiesjalapenocheddar,1.23
30,1,munchiesnachocheese,0.29
30,1,munchiespeanutbutter,0.99
30,1,nerdsstrawberrygrape,0.73
30,1,oreos,1.73
30,1,oreosgolden,1.5
30,1,pez,1.22
30,1,popcornersjalapeno,1.5
30,1,popcornwhitecheddar,0.49
30,1,pringlesoriginal,0.23
30,1,raisinetsmilkchocolate,1.52
30,1,razzles,0.48
30,1,reese'sbigcup,0.72
30,1,ritzbitscheese,1.99
30,1,ritzbitspeanutbutter,2.04
30,1,rufflescheddarsourcreamchips,0.23
30,1,runts,0.18
30,1,shockers,0.99
30,1,skittlestropical,0.28
30,1,skittlewildberry,1.64
30,1,slimjim,0.79
30,1,snickers,0.51
30,1,snickersalmond,2.51
30,1,snickersdarkchocolate,1.5
30,1,snickerspeanutbutter,1.46
30,1,snydershoneymustardonionnibblerpretzels,0.18
30,1,snydersminipretzels,0.74
30,1,snydersoriginalnibblers,0.27
30,1,sourpatchkids,1.02
30,1,sourpunchstrawsapple,0.99
30,1,sourpunchstrawsstrawberry,0.33
30,1,starbursttropical,0.51
30,1,sunchipscheddar,1.49
30,1,sunchipsoriginal,3.02
30,1,swedishfish,0.26
30,1,swedishfishassorted,0.99
30,1,take5,0.19
30,1,toblerone,0.54
30,1,trailmix,1.48
30,1,twix,0.77
30,1,twixpeanutbutter,1
30,1,twizzlersstrawberry,1.19
30,1,warheads,0.98
30,1,yorkpeppermintpatty,0.5
31,1,100grand,0.98
31,1,3musketeers,2.01
31,1,airheadsblueraspberry,0.07
31,1,airheadswatermelon,0.47
31,1,babyruth,1.49
31,1,blowpopblueraspberry,1.5
31,1,blowpopcherry,2
31,1,blowpopsourapple,0.5
31,1,blowpopwatermelon,1.01
31,1,bunchacrunch,0.98
31,1,caramelapplepops,1.47
31,1,cheesepeanutbuttercrackers,1.47
31,1,cheetoscrunchy,1.51
31,1,cheezitwhitecheddar,1.98
31,1,chexmixtraditional,0.48
31,1,chipsahoy,0.49
31,1,comboscheddar,0.49
31,1,combospizzeria,0.51
31,1,crunch,0.48
31,1,doritoscoolranch,0.98
31,1,doritosnachocheese,0.51
31,1,doritospicychili,1.5
31,1,dots,0.5
31,1,dovemilk&peanutbutterbites,0.54
31,1,fritos,1.01
31,1,fritosbbq,1
31,1,funyuns,0.5
31,1,ghirardellicaramelsquares,0.98
31,1,ghirardellidarkchocolatesquares,1
31,1,giantsweetarts,0.98
31,1,gobstoppers,1.03
31,1,goldfishcheddar,0.98
31,1,grandma'soatmealraisincookies,0.5
31,1,grandma'speanutbuttercookies,1.5
31,1,hostesschocolatedonuts,0.5
31,1,hostesspowdereddonut,0.49
31,1,juniorcaramels,0.01
31,1,juniormints,0.51
31,1,keeblerfudgestripes,1.01
31,1,kettlejalapenochips,1.48
31,1,kettlesalt&pepperchips,1.02
31,1,kitkat,0.52
31,1,kitkatwhitechocolate,0.99
31,1,layscheesygarlicbread,0.5
31,1,laysclassic,1.99
31,1,lifesaversgummiessours,0.49
31,1,lindtdarkchocolate,1.54
31,1,lindtmilkchocolate,1.01
31,1,m&m'smilkchocolate,1.53
31,1,m&m'spretzel,0.48
31,1,mentosrainbow,1
31,1,mike&ikezours,0.51
31,1,milanocookies,1.99
31,1,milkyway,0.5
31,1,milkywaycaramel,1.01
31,1,milkywaydark,1.48
31,1,munchiespeanutbutter,1.03
31,1,nerdsstrawberrygrape,1.51
31,1,oreos,1.5
31,1,oreosgolden,0.99
31,1,popcornersjalapeno,0.47
31,1,popcornerskettle,2.51
31,1,popcornerswhitecheddar,1.01
31,1,popcornwhitecheddar,1.45
31,1,pringlescheddar,0.01
31,1,pringlessourcreamonion,0.98
31,1,raisinetsmilkchocolate,0.53
31,1,razzles,1.02
31,1,reese'sbigcup,1.98
31,1,reesespieces,1
31,1,roldgoldtinytwistpretzels,0.5
31,1,rufflescheddarsourcreamchips,0.48
31,1,skittles,1
31,1,skittlessours,0.98
31,1,skittlestropical,1.51
31,1,skittlewildberry,0.95
31,1,slimjim,0.98
31,1,snickers,0.51
31,1,snickerspeanutbutter,0.49
31,1,snydershoneymustardonionnibblerpretzels,0.51
31,1,snydersminipretzels,1.98
31,1,sourpunchstrawsapple,0.51
31,1,spree,0.49
31,1,starburst,0.47
31,1,starbursttropical,0.49
31,1,sunchipscheddar,0.53
31,1,sunchipsfrenchonion,0.04
31,1,take5,1.48
31,1,toblerone,1.49
31,1,twixpeanutbutter,0.52
31,1,twizzlersstrawberry,0.54
31,1,warheads,1
31,1,whoppers,0.48
31,1,yorkpeppermintpatty,0.5
32,1,3musketeers,1.49
32,1,airheadscherry,1.48
32,1,airheadsgreenapple,1.55
32,1,almondjoy,0.43
32,1,babyruth,2.03
32,1,blowpopcherry,0.98
32,1,blowpopsourapple,0.47
32,1,blowpopwatermelon,0.99
32,1,bunchacrunch,0.99
32,1,butterfinger,0.17
32,1,butterfingerbites,1.03
32,1,caramelapplepops,0.18
32,1,cheesepeanutbuttercrackers,1.37
32,1,cheetoscrunchy,1.5
32,1,cheez-it,0.95
32,1,cheezitwhitecheddar,1.03
32,1,chexmixtraditional,1
32,1,chipsahoy,0.56
32,1,comboscheddar,1
32,1,combospizzeria,0.52
32,1,doritoscoolranch,0.96
32,1,doritospicychili,1.5
32,1,dovedarkchocolatebites,0.48
32,1,dovemilk&peanutbutterbites,0.46
32,1,famousamos,1.82
32,1,fritos,0.49
32,1,fritosbbq,1
32,1,funyuns,0.98
32,1,ghirardellidarkchocolatesquares,1.49
32,1,ghirardellimilkchocolatesquares,1.49
32,1,giantsweetarts,0.98
32,1,grandma'schocolatechipcookies,1.53
32,1,grandma'soatmealraisincookies,0.99
32,1,gummywormssour,1
32,1,heathbar,0.5
32,1,hostesschocolatedonuts,1
32,1,hostesspowdereddonut,1.46
32,1,juniormints,0.98
32,1,keeblerfudgestripes,1.01
32,1,keeblerrainbowcookies,1
32,1,kettlesalt&pepperchips,0.49
32,1,kettlesalt&vinegarchips,1
32,1,kitkat,0.99
32,1,kitkatwhitechocolate,1
32,1,laffytaffysourapple,1.44
32,1,layscheesygarlicbread,0.5
32,1,laysclassic,0.99
32,1,layssourcreamandonion,0.48
32,1,lifesaversgummiessours,1.7
32,1,lindtdarkchocolate,0.99
32,1,m&m'smilkchocolate,1.02
32,1,m&m'speanuts,0.48
32,1,m&m'spretzel,0.28
32,1,mentosrainbow,1.95
32,1,milanocookies,0.51
32,1,milkywaycaramel,1.99
32,1,milkywaydark,1.49
32,1,munchiesjalapenocheddar,1.49
32,1,munchiespeanutbutter,0.73
32,1,nerdsstrawberrygrape,1.01
32,1,oreos,0.98
32,1,oreosgolden,0.98
32,1,pez,0.23
32,1,popcornerskettle,1.5
32,1,popcornwhitecheddar,0.52
32,1,pringlescheddar,0.49
32,1,pringlesoriginal,0.25
32,1,raisinetsmilkchocolate,1.49
32,1,razzles,0.98
32,1,reese'sbigcup,0.99
32,1,ritzbitscheese,2
32,1,ritzbitspeanutbutter,0.99
32,1,roldgoldtinytwistpretzels,1
32,1,shockers,0.47
32,1,skittlessours,0.98
32,1,skittlewildberry,1.5
32,1,slimjim,0.26
32,1,snickers,0.28
32,1,snydershoneymustardonionnibblerpretzels,0.52
32,1,snydersminipretzels,1
32,1,snyderspretzelsticks,1.38
32,1,sourpatchkids,1.5
32,1,sourpunchstrawsapple,0.48
32,1,sourpunchstrawsstrawberry,0.48
32,1,starburst,1.5
32,1,starbursttropical,0.48
32,1,sunchipsfrenchonion,0.19
32,1,sunchipsgardensalsa,1.49
32,1,swedishfishassorted,0.82
32,1,toblerone,0.99
32,1,twix,0.89
32,1,twixpeanutbutter,0.89
32,1,twizzlersstrawberry,1.02
32,1,warheads,1.5
32,1,yorkpeppermintpatty,1.49
33,1,100grand,1.76
33,1,airheadsblueraspberry,0.72
33,1,airheadscherry,1.01
33,1,almondjoy,0.98
33,1,babyruth,1.02
33,1,blowpopblueraspberry,1.51
33,1,blowpopcherry,0.65
33,1,blowpopsourapple,1.5
33,1,bunchacrunch,0.49
33,1,butterfingerbites,0.48
33,1,cheesepeanutbuttercrackers,0.91
33,1,cheetoscrunchy,1.52
33,1,cheetospuffs,1.2
33,1,cheezitwhitecheddar,2.02
33,1,chexmixcheddar,1
33,1,chexmixtraditional,1.09
33,1,chipsahoy,1.47
33,1,comboscheddar,0.76
33,1,combospizzeria,2.51
33,1,crunch,1.19
33,1,doritoscoolranch,1.49
33,1,doritospicychili,1.68
33,1,dots,1.4
33,1,dovecaramelmilkchocolate,1.58
33,1,dovedarkchocolatebites,0.73
33,1,dovemilk&peanutbutterbites,0.51
33,1,fritosbbq,0.52
33,1,funyuns,1.22
33,1,giantsweetarts,1.25
33,1,gobstoppers,1.11
33,1,grandma'soatmealraisincookies,0.52
33,1,gummywormssour,0.96
33,1,hostesscupcakes,0.77
33,1,juniorcaramels,1.51
33,1,keeblerfudgestripes,1.5
33,1,keeblerrainbowcookies,1.48
33,1,kettlebbqchips,1.5
33,1,kettlejalapenochips,0.74
33,1,kitkat,2.48
33,1,kitkatwhitechocolate,1.51
33,1,layscheesygarlicbread,0.76
33,1,laysclassic,0.52
33,1,laysdillpickle,1.51
33,1,layssweetsouthernheatbarbecue,1.23
33,1,lifesaversgummies,1.53
33,1,lindtdarkchocolate,0.51
33,1,m&m'smilkchocolate,1.03
33,1,m&m'smint,2
33,1,m&m'speanuts,1.03
33,1,mentosrainbow,1
33,1,milanocookies,1.01
33,1,milkduds,2.49
33,1,milkyway,2.48
33,1,milkywaycaramel,1.5
33,1,munchiesjalapenocheddar,1.23
33,1,munchiesnachocheese,1
33,1,nerdsrope,2.48
33,1,nerdsstrawberrygrape,2.01
33,1,oreosgolden,0.42
33,1,pez,0.99
33,1,popcornersjalapeno,0.49
33,1,popcornerswhitecheddar,1.98
33,1,popcornwhitecheddar,0.98
33,1,pringlescheddar,1.02
33,1,raisinetsmilkchocolate,0.9
33,1,razzles,0.98
33,1,reese'sbigcup,0.52
33,1,reesespeanutbuttercup,0.49
33,1,ritzbitscheese,1.11
33,1,ritzbitspeanutbutter,3.03
33,1,roldgoldtinytwistpretzels,1.98
33,1,runts,0.49
33,1,shockers,2.47
33,1,skittles,0.51
33,1,skittlessours,1.26
33,1,skittlewildberry,0.49
33,1,snickersalmond,0.99
33,1,snydersminipretzels,1
33,1,snydersoriginalnibblers,2.51
33,1,sourpatchkids,1.49
33,1,sourpunchstrawsapple,0.49
33,1,sourpunchstrawsstrawberry,1.5
33,1,spree,1.49
33,1,starbursttropical,0.51
33,1,sunchipsfrenchonion,0.42
33,1,sunchipsgardensalsa,2.54
33,1,sunchipsoriginal,1
33,1,swedishfishassorted,2.48
33,1,take5,1
33,1,toblerone,0.99
33,1,trailmix,1.21
33,1,twixpeanutbutter,1.04
33,1,twizzlersstrawberry,1.53
33,1,warheads,0.48
33,1,whoppers,0.53
33,1,yorkpeppermintpatty,1.49
34,1,100grand,1.5
34,1,airheadscherry,0.49
34,1,babyruth,1.01
34,1,blowpopcherry,1.51
34,1,blowpopwatermelon,2.51
34,1,butterfinger,0.98
34,1,butterfingerbites,0.5
34,1,caramelapplepops,0.51
34,1,cheesepeanutbuttercrackers,0.51
34,1,cheetoscrunchy,1.51
34,1,cheetospuffs,2.01
34,1,cheez-it,1.99
34,1,chexmixtraditional,1.01
34,1,chipsahoy,0.48
34,1,combospizzeria,1.98
34,1,crunch,1.48
34,1,doritoscoolranch,0.96
34,1,doritosnachocheese,1.52
34,1,dovecaramelmilkchocolate,1
34,1,dovedarkchocolatebites,0.5
34,1,famousamos,0.5
34,1,ghirardellimilkchocolatesquares,2.01
34,1,gobstoppers,0.97
34,1,goldfishcheddar,2.51
34,1,hostesscupcakes,2.49
34,1,hostesspowdereddonut,1.52
34,1,juniorcaramels,0.96
34,1,juniormints,0.49
34,1,keeblerrainbowcookies,1.52
34,1,kettlejalapenochips,2.01
34,1,laysdillpickle,1.48
34,1,layssweetsouthernheatbarbecue,1.49
34,1,lindtdarkchocolate,1
34,1,lindtmilkchocolate,2.5
34,1,m&m'spretzel,2.01
34,1,mentosrainbow,0.49
34,1,milkyway,0.49
34,1,milkywaydark,2.5
34,1,munchiesnachocheese,0.48
34,1,pez,1.5
34,1,popcornerswhitecheddar,1.49
34,1,ritzbitscheese,2.51
34,1,skittles,0.46
34,1,slimjim,0.5
34,1,snickers,0.51
34,1,snickersalmond,3.01
34,1,snickerspeanutbutter,0.98
34,1,snydersminipretzels,1.99
34,1,snydersoriginalnibblers,0.99
34,1,spree,1.5
34,1,starburst,2.01
34,1,sunchipscheddar,1.01
34,1,sunchipsoriginal,1.01
34,1,swedishfish,1.02
34,1,take5,0.98
34,1,whoppers,0.51
35,1,3musketeers,0.47
35,1,airheadsblueraspberry,2.48
35,1,airheadswatermelon,0.97
35,1,almondjoy,1.49
35,1,blowpopblueraspberry,1.03
35,1,blowpopcherry,1.5
35,1,blowpopsourapple,1
35,1,blowpopwatermelon,1.51
35,1,bunchacrunch,2.48
35,1,butterfinger,0.97
35,1,cheetoscrunchy,1.49
35,1,cheezitwhitecheddar,1.48
35,1,chexmixcheddar,0.73
35,1,chipsahoy,1.48
35,1,combospizzeria,1.98
35,1,crunch,0.49
35,1,dovecaramelmilkchocolate,1.33
35,1,fritos,0.78
35,1,fritosbbq,0.47
35,1,funyuns,0.98
35,1,ghirardellimilkchocolatesquares,0.94
35,1,giantsweetarts,0.86
35,1,goldfishcheddar,1.41
35,1,grandma'speanutbuttercookies,0.49
35,1,heathbar,1
35,1,hostesschocolatedonuts,0.95
35,1,hostesscupcakes,2.02
35,1,hostesspowdereddonut,2
35,1,juniorcaramels,0.99
35,1,juniormints,0.95
35,1,kettlesalt&vinegarchips,1.49
35,1,kitkat,1.98
35,1,laffytaffysourapple,0.76
35,1,layscheesygarlicbread,0.76
35,1,laysclassic,1.22
35,1,layssourcreamandonion,2.02
35,1,lifesaversgummiessours,1.5
35,1,lindtdarkchocolate,1.54
35,1,lindtmilkchocolate,1.5
35,1,m&m'smilkchocolate,1.51
35,1,m&m'speanuts,1.26
35,1,m&m'spretzel,2
35,1,mentosrainbow,1.49
35,1,mike&ikezours,1.98
35,1,milkduds,2.49
35,1,milkyway,0.51
35,1,milkywaycaramel,1.01
35,1,milkywaydark,1.49
35,1,munchiesnachocheese,1.49
35,1,nerdsrope,1.96
35,1,nerdsstrawberrygrape,0.98
35,1,popcornersjalapeno,0.66
35,1,popcornerskettle,1.46
35,1,popcornerswhitecheddar,1
35,1,pringlescheddar,1.56
35,1,pringlesoriginal,2
35,1,raisinetsmilkchocolate,1.51
35,1,razzles,1.48
35,1,reesespeanutbuttercup,0.47
35,1,roldgoldtinytwistpretzels,2.52
35,1,shockers,0.49
35,1,skittles,0.17
35,1,skittlestropical,1.79
35,1,skittlewildberry,0.96
35,1,slimjim,1.56
35,1,snickers,1.51
35,1,snickerspeanutbutter,0.61
35,1,snydersminipretzels,2.02
35,1,snydersoriginalnibblers,1
35,1,snyderspretzelsticks,2.01
35,1,sourpunchstrawsapple,1.51
35,1,sourpunchstrawsstrawberry,1.51
35,1,spree,0.46
35,1,starburst,0.52
35,1,starbursttropical,1.25
35,1,sunchipscheddar,1.99
35,1,sunchipsfrenchonion,1.5
35,1,sunchipsgardensalsa,1.99
35,1,swedishfish,1.48
35,1,swedishfishassorted,1.67
35,1,toblerone,0.76
35,1,trailmix,1.29
35,1,twix,0.99
35,1,warheads,0.8
36,1,airheadsblueraspberry,1.03
36,1,airheadsgreenapple,0.98
36,1,airheadswatermelon,1.48
36,1,almondjoy,1.01
36,1,babyruth,1.48
36,1,blowpopblueraspberry,1.49
36,1,blowpopcherry,1.51
36,1,blowpopsourapple,0.98
36,1,bunchacrunch,0.49
36,1,butterfinger,1.49
36,1,butterfingerbites,1.01
36,1,caramelapplepops,0.98
36,1,cheesepeanutbuttercrackers,0.47
36,1,cheetoscrunchy,1
36,1,cheetospuffs,0.98
36,1,cheez-it,1.01
36,1,chexmixtraditional,0.75
36,1,chipsahoy,0.94
36,1,comboscheddar,0.51
36,1,doritoscoolranch,1.01
36,1,doritosnachocheese,1
36,1,doritospicychili,1
36,1,dovecaramelmilkchocolate,1.53
36,1,dovedarkchocolatebites,1.49
36,1,fritos,0.98
36,1,fritosbbq,1.3
36,1,funyuns,0.49
36,1,ghirardellicaramelsquares,1.51
36,1,ghirardellimilkchocolatesquares,0.99
36,1,gobstoppers,0.98
36,1,goldfishcheddar,1.24
36,1,goobers,0.99
36,1,grandma'schocolatechipcookies,0.68
36,1,grandma'soatmealraisincookies,0.98
36,1,grandma'speanutbuttercookies,1
36,1,gummywormssour,0.5
36,1,heathbar,0.49
36,1,hostesschocolatedonuts,0.75
36,1,hostesscupcakes,0.99
36,1,keeblerrainbowcookies,0.49
36,1,kettlesalt&vinegarchips,1.01
36,1,kitkatwhitechocolate,0.98
36,1,layscheesygarlicbread,1.46
36,1,laysdillpickle,1.5
36,1,layssourcreamandonion,1.02
36,1,lifesaversgummies,1
36,1,lindtdarkchocolate,0.49
36,1,m&m'smint,0.5
36,1,m&m'speanuts,1.31
36,1,m&m'spretzel,0.98
36,1,mentosrainbow,0.97
36,1,mike&ikezours,0.99
36,1,milanocookies,0.96
36,1,milkduds,1.5
36,1,milkyway,1.02
36,1,milkywaycaramel,1.49
36,1,milkywaydark,1.5
36,1,munchiesjalapenocheddar,0.99
36,1,munchiesnachocheese,1
36,1,nerdsstrawberrygrape,1.5
36,1,oreos,1.5
36,1,oreosgolden,0.49
36,1,popcornerswhitecheddar,1.01
36,1,popcornwhitecheddar,0.49
36,1,pringlescheddar,0.97
36,1,pringlesoriginal,1.48
36,1,raisinetsmilkchocolate,0.52
36,1,razzles,0.95
36,1,reese'sbigcup,0.99
36,1,ritzbitspeanutbutter,1.51
36,1,rufflescheddarsourcreamchips,0.48
36,1,runts,0.98
36,1,shockers,1
36,1,skittlessours,1.53
36,1,skittlestropical,1
36,1,slimjim,1.03
36,1,snickersalmond,1.49
36,1,snickerspeanutbutter,0.49
36,1,snydershoneymustardonionnibblerpretzels,1.03
36,1,snydersminipretzels,0.49
36,1,snydersoriginalnibblers,0.99
36,1,snyderspretzelsticks,0.99
36,1,sourpatchkids,1.53
36,1,sourpunchstrawsapple,1
36,1,starbursttropical,0.99
36,1,sunchipscheddar,1.52
36,1,sunchipsfrenchonion,0.99
36,1,sunchipsgardensalsa,1
36,1,sunchipsoriginal,1.48
36,1,swedishfish,0.99
36,1,take5,0.97
36,1,trailmix,0.49
36,1,twix,1.02
36,1,twixpeanutbutter,0.49
36,1,twizzlersstrawberry,1.49
36,1,warheads,0.49
36,1,whoppers,1.53
36,1,yorkpeppermintpatty,0.98
37,1,100grand,0.3
37,1,3musketeers,0.49
37,1,airheadsblueraspberry,1.19
37,1,airheadscherry,1.66
37,1,airheadsgreenapple,0.3
37,1,airheadswatermelon,1.76
37,1,blowpopblueraspberry,0.49
37,1,blowpopcherry,0.23
37,1,butterfinger,1
37,1,caramelapplepops,0.8
37,1,cheesepeanutbuttercrackers,1.34
37,1,cheetospuffs,1
37,1,cheez-it,1.3
37,1,cheezitwhitecheddar,1.31
37,1,chexmixcheddar,1.02
37,1,chipsahoy,1.48
37,1,comboscheddar,0.5
37,1,doritoscoolranch,0.59
37,1,doritosnachocheese,0.21
37,1,dovecaramelmilkchocolate,1.54
37,1,fritos,1.02
37,1,fritosbbq,0.08
37,1,funyuns,0.53
37,1,ghirardellidarkchocolatesquares,0.16
37,1,ghirardellimilkchocolatesquares,1.6
37,1,giantsweetarts,0.29
37,1,gobstoppers,0.82
37,1,goldfishcheddar,1.74
37,1,goobers,1.99
37,1,grandma'schocolatechipcookies,0.49
37,1,grandma'speanutbuttercookies,0.99
37,1,heathbar,0.77
37,1,hostesschocolatedonuts,0.23
37,1,hostesscupcakes,0.66
37,1,hostesspowdereddonut,0.96
37,1,juniorcaramels,1
37,1,juniormints,0.49
37,1,keeblerfudgestripes,0.26
37,1,kettlebbqchips,1.47
37,1,kettlejalapenochips,0.23
37,1,kettlesalt&pepperchips,1.82
37,1,kettlesalt&vinegarchips,1.25
37,1,kitkat,0.75
37,1,layscheesygarlicbread,0.16
37,1,laysdillpickle,2.49
37,1,layssweetsouthernheatbarbecue,0.28
37,1,lifesaversgummies,0.02
37,1,lindtmilkchocolate,1.02
37,1,m&m'smilkchocolate,0.17
37,1,m&m'smint,1
37,1,m&m'spretzel,1.95
37,1,mentosrainbow,1.15
37,1,milanocookies,1.5
37,1,milkywaydark,0.72
37,1,munchiesjalapenocheddar,1.2
37,1,munchiesnachocheese,1.35
37,1,munchiespeanutbutter,2.03
37,1,nerdsrope,1.03
37,1,nerdsstrawberrygrape,0.17
37,1,oreos,1.98
37,1,oreosgolden,0.32
37,1,pez,0.03
37,1,popcornersjalapeno,0.59
37,1,popcornerskettle,1.74
37,1,popcornerswhitecheddar,1.5
37,1,popcornwhitecheddar,0.88
37,1,pringlescheddar,0.73
37,1,pringlesoriginal,0.49
37,1,pringlessourcreamonion,1.11
37,1,reesespieces,0.4
37,1,ritzbitspeanutbutter,1.26
37,1,runts,1.48
37,1,shockers,1.98
37,1,skittles,0.99
37,1,skittlewildberry,1.12
37,1,slimjim,1.32
37,1,snickers,1.04
37,1,snickersalmond,0.7
37,1,snickersdarkchocolate,1.48
37,1,snickerspeanutbutter,1.98
37,1,snydershoneymustardonionnibblerpretzels,1.74
37,1,snydersminipretzels,0.56
37,1,snyderspretzelsticks,1.76
37,1,sourpatchkids,0.5
37,1,sourpunchstrawsstrawberry,1.73
37,1,spree,0.49
37,1,starburst,1.71
37,1,starbursttropical,0.25
37,1,sunchipsfrenchonion,1.13
37,1,sunchipsgardensalsa,0.16
37,1,swedishfishassorted,1.29
37,1,take5,1.01
37,1,toblerone,0.68
37,1,trailmix,0.5
37,1,twixpeanutbutter,1.48
37,1,twizzlersstrawberry,1.15
37,1,warheads,1.08
37,1,yorkpeppermintpatty,0.51
38,1,100grand,0.25
38,1,babyruth,0.48
38,1,blowpopcherry,0.5
38,1,butterfingerbites,0.5
38,1,cheez-it,1.01
38,1,chexmixcheddar,0.5
38,1,chipsahoy,0.48
38,1,doritosnachocheese,0.5
38,1,dovemilk&peanutbutterbites,0.5
38,1,ghirardellicaramelsquares,0.48
38,1,ghirardellidarkchocolatesquares,1
38,1,grandma'speanutbuttercookies,0.48
38,1,keeblerrainbowcookies,0.52
38,1,layssweetsouthernheatbarbecue,0.48
38,1,mike&ikezours,0.49
38,1,nerdsstrawberrygrape,0.48
38,1,reese'sbigcup,0.49
38,1,reesespieces,1
38,1,ritzbitscheese,0.98
38,1,skittlestropical,0.5
38,1,slimjim,0.48
38,1,snickers,0.48
38,1,snickersalmond,0.5
38,1,snickerspeanutbutter,0.48
38,1,sourpatchkids,0.98
38,1,swedishfishassorted,0.48
38,1,whoppers,1
39,1,100grand,1
39,1,3musketeers,1.23
39,1,airheadsblueraspberry,0.49
39,1,airheadsgreenapple,1.29
39,1,airheadswatermelon,0.81
39,1,babyruth,0.75
39,1,blowpopblueraspberry,1
39,1,blowpopsourapple,0.5
39,1,blowpopwatermelon,1.99
39,1,butterfinger,1.51
39,1,butterfingerbites,1
39,1,caramelapplepops,1
39,1,cheesepeanutbuttercrackers,1.23
39,1,cheetoscrunchy,0.98
39,1,cheetospuffs,1.49
39,1,cheez-it,0.74
39,1,cheezitwhitecheddar,0.49
39,1,chexmixcheddar,0.98
39,1,chexmixtraditional,0.48
39,1,chipsahoy,1.29
39,1,comboscheddar,0.82
39,1,combospizzeria,0.98
39,1,crunch,0.99
39,1,doritoscoolranch,1
39,1,doritosnachocheese,0.75
39,1,doritospicychili,1.5
39,1,dots,0.99
39,1,dovecaramelmilkchocolate,1.01
39,1,dovedarkchocolatebites,0.97
39,1,dovemilk&peanutbutterbites,1.25
39,1,famousamos,0.87
39,1,fritosbbq,1
39,1,ghirardellidarkchocolatesquares,0.77
39,1,gobstoppers,1.01
39,1,goldfishcheddar,0.99
39,1,goobers,1.5
39,1,grandma'soatmealraisincookies,0.5
39,1,grandma'speanutbuttercookies,0.48
39,1,heathbar,0.73
39,1,juniorcaramels,0.98
39,1,juniormints,0.79
39,1,keeblerrainbowcookies,0.97
39,1,kettlebbqchips,0.7
39,1,kettlesalt&pepperchips,0.75
39,1,kettlesalt&vinegarchips,1.49
39,1,kitkat,0.49
39,1,laffytaffysourapple,2.02
39,1,layscheesygarlicbread,0.47
39,1,laysdillpickle,1.01
39,1,layssourcreamandonion,0.48
39,1,layssweetsouthernheatbarbecue,1.28
39,1,lindtdarkchocolate,0.99
39,1,lindtmilkchocolate,0.99
39,1,m&m'smilkchocolate,0.98
39,1,m&m'speanuts,0.99
39,1,mentosrainbow,1.01
39,1,mike&ikezours,0.98
39,1,milanocookies,1.76
39,1,milkduds,1.27
39,1,milkywaycaramel,1.02
39,1,nerdsrope,1
39,1,popcornersjalapeno,0.99
39,1,popcornerskettle,0.49
39,1,popcornerswhitecheddar,0.99
39,1,popcornwhitecheddar,1.01
39,1,pringlescheddar,0.99
39,1,pringlesoriginal,0.51
39,1,pringlessourcreamonion,1.5
39,1,reesespeanutbuttercup,1
39,1,reesespieces,1.81
39,1,ritzbitscheese,0.75
39,1,ritzbitspeanutbutter,1.77
39,1,rufflescheddarsourcreamchips,0.49
39,1,runts,0.51
39,1,skittles,0.98
39,1,skittlessours,1.25
39,1,skittlestropical,1.51
39,1,slimjim,1.78
39,1,snickers,1.23
39,1,snickersalmond,1.5
39,1,snickersdarkchocolate,1
39,1,snickerspeanutbutter,0.77
39,1,snydersminipretzels,0.74
39,1,sourpunchstrawsapple,0.99
39,1,spree,1.24
39,1,starburst,1.28
39,1,sunchipscheddar,1.5
39,1,sunchipsfrenchonion,0.75
39,1,sunchipsoriginal,0.77
39,1,swedishfish,0.73
39,1,take5,0.77
39,1,twixpeanutbutter,1.75
39,1,twizzlersstrawberry,0.7
39,1,warheads,0.47
40,1,airheadscherry,0.51
40,1,almondjoy,1.05
40,1,blowpopcherry,1.5
40,1,blowpopsourapple,1.04
40,1,bunchacrunch,1.01
40,1,butterfinger,0.52
40,1,cheesepeanutbuttercrackers,1
40,1,cheetoscrunchy,0.49
40,1,chexmixtraditional,0.49
40,1,comboscheddar,1.5
40,1,combospizzeria,1.57
40,1,crunch,0.49
40,1,doritoscoolranch,1.01
40,1,doritosnachocheese,1
40,1,doritospicychili,1
40,1,dovedarkchocolatebites,1.56
40,1,dovemilk&peanutbutterbites,1.52
40,1,famousamos,1.53
40,1,grandma'soatmealraisincookies,1.05
40,1,grandma'speanutbuttercookies,1.52
40,1,heathbar,1.07
40,1,hostesscupcakes,0.83
40,1,kettlejalapenochips,0.91
40,1,kitkat,1.05
40,1,laffytaffysourapple,1.24
40,1,laysdillpickle,1.52
40,1,lifesaversgummiessours,2.01
40,1,lindtdarkchocolate,1
40,1,m&m'smilkchocolate,1
40,1,m&m'speanuts,0.98
40,1,mike&ikezours,0.99
40,1,milanocookies,0.5
40,1,milkduds,1.49
40,1,milkywaycaramel,1.56
40,1,munchiesnachocheese,2
40,1,nerdsstrawberrygrape,1.05
40,1,oreos,1.06
40,1,oreosgolden,1.01
40,1,pez,1.03
40,1,popcornerskettle,0.99
40,1,popcornwhitecheddar,2
40,1,pringlescheddar,1.49
40,1,pringlesoriginal,1
40,1,reese'sbigcup,2.04
40,1,reesespieces,0.99
40,1,ritzbitscheese,0.54
40,1,roldgoldtinytwistpretzels,1.5
40,1,runts,0.5
40,1,skittlewildberry,1.08
40,1,snickers,0.98
40,1,snickersdarkchocolate,2.01
40,1,snickerspeanutbutter,1.12
40,1,snydersminipretzels,0.49
40,1,sourpatchkids,1
40,1,sourpunchstrawsapple,1.52
40,1,sourpunchstrawsstrawberry,1.44
40,1,spree,1.08
40,1,starburst,1.52
40,1,sunchipsfrenchonion,1
40,1,swedishfish,1.07
40,1,swedishfishassorted,1.61
40,1,toblerone,0.52
40,1,twixpeanutbutter,0.57
40,1,twizzlersstrawberry,2.01
41,1,100grand,0.99
41,1,3musketeers,1.99
41,1,airheadsblueraspberry,0.97
41,1,airheadscherry,0.51
41,1,airheadsgreenapple,0.45
41,1,airheadswatermelon,0.99
41,1,almondjoy,1.48
41,1,blowpopsourapple,1.01
41,1,butterfinger,0.99
41,1,caramelapplepops,0.66
41,1,cheesepeanutbuttercrackers,1
41,1,cheetoscrunchy,1.27
41,1,cheez-it,0.82
41,1,chipsahoy,0.99
41,1,combospizzeria,1
41,1,crunch,0.98
41,1,doritospicychili,0.49
41,1,dovecaramelmilkchocolate,0.37
41,1,dovedarkchocolatebites,2.04
41,1,famousamos,1.52
41,1,fritos,0.52
41,1,fritosbbq,0.5
41,1,ghirardellimilkchocolatesquares,1.02
41,1,giantsweetarts,0.99
41,1,gobstoppers,2
41,1,goldfishcheddar,0.22
41,1,goobers,1.02
41,1,grandma'schocolatechipcookies,1.5
41,1,gummywormssour,1.5
41,1,hostesschocolatedonuts,0.48
41,1,hostesscupcakes,1.47
41,1,hostesspowdereddonut,0.51
41,1,keeblerfudgestripes,1.5
41,1,kettlebbqchips,1.01
41,1,kettlejalapenochips,0.49
41,1,kettlesalt&vinegarchips,0.51
41,1,kitkat,1.07
41,1,kitkatwhitechocolate,0.98
41,1,laffytaffysourapple,0.48
41,1,laysclassic,1.01
41,1,laysdillpickle,0.48
41,1,layssourcreamandonion,0.98
41,1,lifesaversgummies,0.49
41,1,lifesaversgummiessours,1.5
41,1,lindtdarkchocolate,1.47
41,1,lindtmilkchocolate,1.5
41,1,m&m'smint,1.46
41,1,m&m'speanuts,1.99
41,1,m&m'spretzel,0.48
41,1,milanocookies,0.59
41,1,milkduds,1.01
41,1,milkywaydark,1.02
41,1,munchiesnachocheese,1.01
41,1,munchiespeanutbutter,1.48
41,1,nerdsstrawberrygrape,0.56
41,1,oreosgolden,1.02
41,1,pez,0.5
41,1,popcornersjalapeno,1.01
41,1,popcornerswhitecheddar,1.74
41,1,popcornwhitecheddar,1.51
41,1,pringlescheddar,0.79
41,1,pringlesoriginal,1.48
41,1,pringlessourcreamonion,1.51
41,1,razzles,1
41,1,reese'sbigcup,2
41,1,reesespeanutbuttercup,0.99
41,1,ritzbitscheese,0.5
41,1,roldgoldtinytwistpretzels,0.53
41,1,rufflescheddarsourcreamchips,1.49
41,1,skittles,1.01
41,1,skittlestropical,0.99
41,1,skittlewildberry,0.93
41,1,snickers,0.49
41,1,snickersalmond,0.5
41,1,snydershoneymustardonionnibblerpretzels,1.98
41,1,snydersminipretzels,1
41,1,snydersoriginalnibblers,1
41,1,snyderspretzelsticks,0.51
41,1,sourpunchstrawsstrawberry,0.99
41,1,spree,1.01
41,1,starburst,0.98
41,1,sunchipscheddar,1.31
41,1,sunchipsfrenchonion,0.49
41,1,sunchipsgardensalsa,2
41,1,sunchipsoriginal,0.47
41,1,swedishfishassorted,1.01
41,1,take5,0.99
41,1,trailmix,0.67
41,1,twix,1.51
41,1,twizzlersstrawberry,0.49
41,1,warheads,1
41,1,whoppers,1.51
41,1,yorkpeppermintpatty,1.5
42,1,airheadsblueraspberry,0.5
42,1,airheadscherry,0.97
42,1,airheadsgreenapple,1.49
42,1,babyruth,0.98
42,1,blowpopblueraspberry,2.99
42,1,blowpopcherry,2
42,1,blowpopsourapple,1.98
42,1,blowpopwatermelon,1.99
42,1,butterfingerbites,2.03
42,1,caramelapplepops,1.05
42,1,cheesepeanutbuttercrackers,1.02
42,1,cheetoscrunchy,3.52
42,1,cheez-it,1.51
42,1,chexmixtraditional,1.99
42,1,comboscheddar,0.48
42,1,combospizzeria,1.5
42,1,doritoscoolranch,1.5
42,1,doritospicychili,1.98
42,1,dots,2.02
42,1,dovecaramelmilkchocolate,1.03
42,1,dovemilk&peanutbutterbites,0.99
42,1,ghirardellidarkchocolatesquares,0.5
42,1,ghirardellimilkchocolatesquares,0.99
42,1,gobstoppers,1.97
42,1,goobers,1.98
42,1,grandma'schocolatechipcookies,0.48
42,1,grandma'soatmealraisincookies,1.01
42,1,grandma'speanutbuttercookies,2.03
42,1,heathbar,1.04
42,1,hostesscupcakes,1.5
42,1,hostesspowdereddonut,1
42,1,juniormints,2.03
42,1,keeblerfudgestripes,3.01
42,1,kettlebbqchips,1
42,1,kettlesalt&pepperchips,0.99
42,1,kitkat,3
42,1,kitkatwhitechocolate,3.98
42,1,laffytaffysourapple,1.49
42,1,layscheesygarlicbread,1.02
42,1,laysdillpickle,1.03
42,1,layssourcreamandonion,2.04
42,1,lifesaversgummies,1.02
42,1,lindtdarkchocolate,2.98
42,1,lindtmilkchocolate,2.07
42,1,m&m'smilkchocolate,0.52
42,1,m&m'smint,1.46
42,1,m&m'speanuts,1.56
42,1,m&m'spretzel,1.96
42,1,mentosrainbow,1.97
42,1,milkyway,1.04
42,1,munchiesjalapenocheddar,1.51
42,1,munchiesnachocheese,2
42,1,munchiespeanutbutter,2.02
42,1,nerdsrope,0.48
42,1,oreos,0.98
42,1,pez,1.01
42,1,popcornersjalapeno,0.46
42,1,popcornerskettle,0.99
42,1,popcornerswhitecheddar,1.01
42,1,popcornwhitecheddar,1.5
42,1,pringlesoriginal,1.99
42,1,pringlessourcreamonion,2
42,1,raisinetsmilkchocolate,1.99
42,1,reese'sbigcup,1.48
42,1,reesespeanutbuttercup,0.98
42,1,reesespieces,1.04
42,1,ritzbitscheese,0.5
42,1,ritzbitspeanutbutter,1.5
42,1,roldgoldtinytwistpretzels,1.02
42,1,rufflescheddarsourcreamchips,1.05
42,1,shockers,1.01
42,1,skittles,1
42,1,skittlestropical,0.54
42,1,skittlewildberry,0.99
42,1,snickers,2.52
42,1,snickersalmond,2.03
42,1,snickersdarkchocolate,2
42,1,snickerspeanutbutter,4
42,1,snyderspretzelsticks,1
42,1,sourpatchkids,0.5
42,1,sourpunchstrawsapple,1.53
42,1,sourpunchstrawsstrawberry,1.98
42,1,spree,0.98
42,1,sunchipscheddar,1.52
42,1,sunchipsfrenchonion,1.5
42,1,swedishfish,0.97
42,1,swedishfishassorted,1.01
42,1,toblerone,3
42,1,trailmix,2.08
42,1,twix,1.47
42,1,twixpeanutbutter,3.49
42,1,twizzlersstrawberry,1.98
42,1,warheads,1.04
42,1,whoppers,0.99
42,1,yorkpeppermintpatty,1.99
43,1,airheadscherry,2.5
43,1,airheadsgreenapple,0.92
43,1,blowpopcherry,1.48
43,1,blowpopsourapple,0.48
43,1,butterfingerbites,2.48
43,1,caramelapplepops,2.16
43,1,cheetospuffs,1.98
43,1,cheez-it,0.72
43,1,cheezitwhitecheddar,2.71
43,1,chexmixcheddar,0.28
43,1,comboscheddar,1.62
43,1,crunch,1.01
43,1,doritoscoolranch,2.48
43,1,dots,1.75
43,1,dovedarkchocolatebites,2.72
43,1,fritos,1.01
43,1,funyuns,1.01
43,1,gobstoppers,1.79
43,1,goldfishcheddar,1.24
43,1,grandma'speanutbuttercookies,1.98
43,1,gummywormssour,0.36
43,1,heathbar,1.73
43,1,hostesschocolatedonuts,0.98
43,1,hostesscupcakes,2.98
43,1,juniormints,2.49
43,1,keeblerfudgestripes,2.48
43,1,kettlesalt&vinegarchips,1.94
43,1,kitkat,0.99
43,1,kitkatwhitechocolate,0.53
43,1,layscheesygarlicbread,0.98
43,1,laysclassic,2.03
43,1,laysdillpickle,1.02
43,1,layssweetsouthernheatbarbecue,2.27
43,1,lindtmilkchocolate,1.47
43,1,m&m'speanuts,2.33
43,1,mike&ikezours,2.99
43,1,milanocookies,2.97
43,1,milkyway,3.49
43,1,milkywaycaramel,1.49
43,1,milkywaydark,0.5
43,1,munchiesjalapenocheddar,1.52
43,1,munchiesnachocheese,1
43,1,nerdsstrawberrygrape,3.46
43,1,oreos,1.02
43,1,pez,2.51
43,1,popcornersjalapeno,1.01
43,1,pringlesoriginal,2.24
43,1,razzles,3.12
43,1,reese'sbigcup,0.73
43,1,reesespeanutbuttercup,1.6
43,1,reesespieces,1.01
43,1,ritzbitscheese,0.99
43,1,rufflescheddarsourcreamchips,2.1
43,1,runts,1.27
43,1,shockers,1.27
43,1,skittles,1.52
43,1,skittlestropical,2.49
43,1,skittlewildberry,2.72
43,1,slimjim,0.69
43,1,snickers,2.22
43,1,snickersalmond,0.99
43,1,snickersdarkchocolate,1.01
43,1,snydersoriginalnibblers,1.48
43,1,sourpatchkids,1.49
43,1,sourpunchstrawsapple,0.8
43,1,sourpunchstrawsstrawberry,0.29
43,1,starbursttropical,1.03
43,1,sunchipscheddar,2.24
43,1,sunchipsoriginal,1
43,1,swedishfish,0.14
43,1,take5,1.53
43,1,toblerone,0.74
43,1,twix,0.88
43,1,twixpeanutbutter,1.83
43,1,warheads,2.97
43,1,whoppers,3.16
44,1,100grand,1.01
44,1,3musketeers,0.99
44,1,airheadscherry,0.29
44,1,almondjoy,0.01
44,1,babyruth,0.98
44,1,blowpopblueraspberry,0.98
44,1,blowpopcherry,0.76
44,1,blowpopsourapple,1
44,1,blowpopwatermelon,1.19
44,1,butterfinger,0.01
44,1,butterfingerbites,1
44,1,caramelapplepops,1.5
44,1,cheesepeanutbuttercrackers,1.25
44,1,cheetoscrunchy,0.51
44,1,cheez-it,0.52
44,1,chexmixcheddar,1.02
44,1,chexmixtraditional,0.48
44,1,chipsahoy,1.24
44,1,combospizzeria,0.27
44,1,crunch,1.01
44,1,doritoscoolranch,0.49
44,1,doritosnachocheese,1.01
44,1,dots,0.21
44,1,dovedarkchocolatebites,2.01
44,1,dovemilk&peanutbutterbites,1.01
44,1,famousamos,1.48
44,1,fritos,0.98
44,1,ghirardellicaramelsquares,1
44,1,gobstoppers,0.98
44,1,goldfishcheddar,0.07
44,1,grandma'soatmealraisincookies,1.51
44,1,grandma'speanutbuttercookies,1.01
44,1,gummywormssour,0.26
44,1,heathbar,0.51
44,1,hostesschocolatedonuts,1.49
44,1,hostesscupcakes,0.52
44,1,juniormints,1.48
44,1,keeblerfudgestripes,0.25
44,1,keeblerrainbowcookies,0.21
44,1,kettlebbqchips,1.01
44,1,kettlejalapenochips,1.48
44,1,kitkat,0.48
44,1,kitkatwhitechocolate,0.48
44,1,laffytaffysourapple,0.49
44,1,layscheesygarlicbread,1.48
44,1,laysclassic,0.27
44,1,layssourcreamandonion,0.99
44,1,lifesaversgummies,0.49
44,1,lindtmilkchocolate,0.98
44,1,m&m'smilkchocolate,1.01
44,1,m&m'speanuts,0.12
44,1,m&m'spretzel,0.47
44,1,mentosrainbow,1
44,1,mike&ikezours,0.25
44,1,milanocookies,0.98
44,1,milkduds,1
44,1,milkyway,0.99
44,1,milkywaycaramel,1.03
44,1,munchiesjalapenocheddar,0.5
44,1,munchiesnachocheese,1.01
44,1,munchiespeanutbutter,0.52
44,1,nerdsrope,0.99
44,1,oreos,2
44,1,popcornersjalapeno,2.01
44,1,popcornerskettle,2.02
44,1,popcornerswhitecheddar,0.5
44,1,popcornwhitecheddar,1.98
44,1,pringlescheddar,2
44,1,raisinetsmilkchocolate,1
44,1,razzles,0.5
44,1,reese'sbigcup,0.28
44,1,reesespieces,1.02
44,1,ritzbitscheese,1.49
44,1,ritzbitspeanutbutter,0.5
44,1,roldgoldtinytwistpretzels,1.01
44,1,runts,1
44,1,shockers,1.99
44,1,skittles,1.02
44,1,skittlessours,0.22
44,1,skittlestropical,0.76
44,1,slimjim,0.73
44,1,snickers,1.02
44,1,snickersalmond,1.16
44,1,snickersdarkchocolate,0.49
44,1,snickerspeanutbutter,0.49
44,1,snydershoneymustardonionnibblerpretzels,0.99
44,1,snyderspretzelsticks,2.5
44,1,sourpatchkids,0.48
44,1,sourpunchstrawsstrawberry,1.49
44,1,spree,1.02
44,1,starburst,0.99
44,1,swedishfish,1.02
44,1,take5,0.99
44,1,trailmix,0.5
44,1,twix,0.49
44,1,twixpeanutbutter,0.49
44,1,twizzlersstrawberry,0.98
45,1,3musketeers,0.76
45,1,airheadsgreenapple,0.73
45,1,airheadswatermelon,0.99
45,1,almondjoy,1.51
45,1,babyruth,0.23
45,1,blowpopblueraspberry,0.83
45,1,blowpopsourapple,0.5
45,1,blowpopwatermelon,0.75
45,1,butterfinger,0.99
45,1,butterfingerbites,0.99
45,1,caramelapplepops,0.5
45,1,cheetoscrunchy,0.74
45,1,cheetospuffs,0.5
45,1,cheez-it,0.15
45,1,cheezitwhitecheddar,0.5
45,1,chexmixcheddar,0.82
45,1,chexmixtraditional,0.74
45,1,comboscheddar,0.23
45,1,combospizzeria,0.77
45,1,crunch,0.74
45,1,doritoscoolranch,1
45,1,doritosnachocheese,0.51
45,1,dots,0.24
45,1,dovecaramelmilkchocolate,0.5
45,1,dovedarkchocolatebites,0.27
45,1,ghirardellicaramelsquares,0.27
45,1,ghirardellimilkchocolatesquares,0.49
45,1,giantsweetarts,0.49
45,1,gobstoppers,0.76
45,1,grandma'schocolatechipcookies,0.81
45,1,grandma'speanutbuttercookies,0.74
45,1,heathbar,0.99
45,1,hostesschocolatedonuts,0.49
45,1,hostesspowdereddonut,0.49
45,1,keeblerfudgestripes,0.77
45,1,keeblerrainbowcookies,1
45,1,kettlebbqchips,0.76
45,1,kettlesalt&pepperchips,0.51
45,1,kettlesalt&vinegarchips,1.5
45,1,kitkat,0.5
45,1,kitkatwhitechocolate,1.01
45,1,laffytaffysourapple,0.8
45,1,laysclassic,0.8
45,1,laysdillpickle,0.76
45,1,m&m'smilkchocolate,0.74
45,1,m&m'smint,0.9
45,1,m&m'speanuts,0.24
45,1,m&m'spretzel,0.76
45,1,mentosrainbow,0.73
45,1,mike&ikezours,0.76
45,1,milkywaydark,1.34
45,1,munchiesjalapenocheddar,0.24
45,1,nerdsstrawberrygrape,0.5
45,1,oreosgolden,0.99
45,1,popcornersjalapeno,0.51
45,1,popcornerskettle,0.77
45,1,pringlesoriginal,0.5
45,1,pringlessourcreamonion,0.49
45,1,razzles,0.86
45,1,reesespeanutbuttercup,0.78
45,1,roldgoldtinytwistpretzels,1
45,1,runts,1.22
45,1,shockers,0.77
45,1,skittles,0.75
45,1,skittlewildberry,0.5
45,1,slimjim,1.5
45,1,snickers,0.5
45,1,snickersalmond,0.5
45,1,snickersdarkchocolate,0.75
45,1,snickerspeanutbutter,0.5
45,1,sourpunchstrawsapple,1.01
45,1,sourpunchstrawsstrawberry,0.74
45,1,starburst,0.5
45,1,sunchipscheddar,1.28
45,1,sunchipsgardensalsa,0.51
45,1,swedishfish,0.5
45,1,swedishfishassorted,0.51
45,1,toblerone,0.88
45,1,trailmix,0.51
45,1,twixpeanutbutter,1
45,1,twizzlersstrawberry,0.75
45,1,warheads,0.49
45,1,whoppers,0.5
46,1,blowpopblueraspberry,0.5
46,1,blowpopsourapple,0.43
46,1,caramelapplepops,0.49
46,1,cheetospuffs,0.52
46,1,cheezitwhitecheddar,0.73
46,1,chexmixcheddar,1.02
46,1,dots,0.26
46,1,ghirardellicaramelsquares,0.53
46,1,hostesschocolatedonuts,1.93
46,1,hostesscupcakes,1.03
46,1,kettlejalapenochips,0.5
46,1,laysclassic,2
46,1,m&m'speanuts,0.99
46,1,nerdsstrawberrygrape,1.13
46,1,pez,0.09
46,1,popcornerskettle,0.48
46,1,pringlescheddar,1.07
46,1,reese'sbigcup,1.03
46,1,reesespeanutbuttercup,2.04
46,1,reesespieces,2.03
46,1,snickersalmond,0.69
46,1,sourpunchstrawsstrawberry,0.5
46,1,starburst,2.02
46,1,swedishfish,1.58
46,1,warheads,0.55
46,1,whoppers,2.08
47,1,100grand,0.37
47,1,airheadsblueraspberry,1.99
47,1,airheadswatermelon,0.48
47,1,almondjoy,1.98
47,1,babyruth,1.51
47,1,blowpopcherry,0.99
47,1,blowpopsourapple,0.51
47,1,bunchacrunch,2.08
47,1,butterfingerbites,0.51
47,1,caramelapplepops,0.53
47,1,cheesepeanutbuttercrackers,1.97
47,1,cheetoscrunchy,0.48
47,1,cheetospuffs,1.98
47,1,cheez-it,1.98
47,1,chipsahoy,0.94
47,1,comboscheddar,0.99
47,1,combospizzeria,2.03
47,1,crunch,0.53
47,1,doritoscoolranch,0.54
47,1,doritosnachocheese,0.48
47,1,doritospicychili,1.01
47,1,dots,0.08
47,1,dovecaramelmilkchocolate,0.49
47,1,fritos,0.42
47,1,funyuns,0.49
47,1,ghirardellimilkchocolatesquares,2.02
47,1,giantsweetarts,0.52
47,1,gobstoppers,1.51
47,1,goldfishcheddar,2.48
47,1,goobers,0.03
47,1,grandma'schocolatechipcookies,0.5
47,1,grandma'soatmealraisincookies,0.01
47,1,grandma'speanutbuttercookies,0.49
47,1,gummywormssour,2.53
47,1,hostesschocolatedonuts,0.95
47,1,hostesscupcakes,0.04
47,1,hostesspowdereddonut,0.47
47,1,juniorcaramels,0.47
47,1,juniormints,0.43
47,1,keeblerfudgestripes,0.51
47,1,keeblerrainbowcookies,1.44
47,1,kettlejalapenochips,1.5
47,1,kettlesalt&pepperchips,1.52
47,1,kitkat,0.5
47,1,laffytaffysourapple,0.98
47,1,laysdillpickle,1.5
47,1,layssweetsouthernheatbarbecue,2.52
47,1,lifesaversgummiessours,0.5
47,1,lindtdarkchocolate,1.5
47,1,lindtmilkchocolate,0.5
47,1,m&m'smilkchocolate,0.5
47,1,m&m'smint,1.5
47,1,m&m'speanuts,0.48
47,1,m&m'spretzel,0.52
47,1,mentosrainbow,0.23
47,1,mike&ikezours,2
47,1,milanocookies,0.48
47,1,milkyway,1.49
47,1,milkywaycaramel,0.5
47,1,munchiesjalapenocheddar,1
47,1,munchiespeanutbutter,1.99
47,1,nerdsrope,0.98
47,1,oreosgolden,0.99
47,1,popcornerskettle,1.98
47,1,popcornwhitecheddar,0.52
47,1,pringlescheddar,1.52
47,1,pringlesoriginal,0.17
47,1,pringlessourcreamonion,1.99
47,1,raisinetsmilkchocolate,1.48
47,1,razzles,0.53
47,1,reesespeanutbuttercup,0.51
47,1,reesespieces,0.98
47,1,ritzbitscheese,2.03
47,1,rufflescheddarsourcreamchips,0.47
47,1,shockers,0.02
47,1,skittlessours,0.45
47,1,skittlestropical,1.5
47,1,skittlewildberry,1.5
47,1,snickers,0.99
47,1,snickersalmond,0.49
47,1,snickerspeanutbutter,1.01
47,1,snydershoneymustardonionnibblerpretzels,2
47,1,snyderspretzelsticks,0.98
47,1,sourpunchstrawsapple,0.4
47,1,spree,2.02
47,1,starburst,2.98
47,1,sunchipscheddar,2.94
47,1,sunchipsfrenchonion,1.24
47,1,swedishfish,2.48
47,1,swedishfishassorted,0.98
47,1,take5,0.48
47,1,trailmix,2.96
47,1,twix,1.97
47,1,twixpeanutbutter,1.42
47,1,twizzlersstrawberry,1.51
47,1,whoppers,0.51
47,1,yorkpeppermintpatty,0.53
48,1,almondjoy,0.5
48,1,blowpopcherry,0.99
48,1,butterfingerbites,1.99
48,1,cheetospuffs,0.98
48,1,chexmixcheddar,0.99
48,1,chipsahoy,0.99
48,1,dovedarkchocolatebites,1.49
48,1,ghirardellimilkchocolatesquares,1
48,1,grandma'speanutbuttercookies,0.99
48,1,heathbar,2.99
48,1,keeblerrainbowcookies,2.49
48,1,layscheesygarlicbread,2
48,1,mentosrainbow,0.99
48,1,munchiesnachocheese,0.99
48,1,oreosgolden,1.01
48,1,popcornerswhitecheddar,1.5
48,1,pringlesoriginal,0.99
48,1,raisinetsmilkchocolate,0.98
48,1,reese'sbigcup,1.99
48,1,reesespieces,0.98
48,1,ritzbitscheese,0.99
48,1,roldgoldtinytwistpretzels,1.02
48,1,skittles,0.98
48,1,skittlessours,1
48,1,snickerspeanutbutter,1
48,1,snydersoriginalnibblers,0.99
48,1,sunchipscheddar,0.98
48,1,sunchipsgardensalsa,1
49,1,3musketeers,0.43
49,1,almondjoy,0.52
49,1,blowpopblueraspberry,0.57
49,1,blowpopcherry,0.48
49,1,combospizzeria,0.49
49,1,crunch,0.47
49,1,ghirardellidarkchocolatesquares,0.54
49,1,grandma'schocolatechipcookies,0.47
49,1,heathbar,0.48
49,1,hostesschocolatedonuts,0.49
49,1,juniormints,0.49
49,1,keeblerfudgestripes,0.49
49,1,kettlejalapenochips,0.03
49,1,kitkat,0.53
49,1,kitkatwhitechocolate,0.5
49,1,laffytaffysourapple,0.46
49,1,layssourcreamandonion,0.55
49,1,m&m'smint,0.53
49,1,m&m'speanuts,0.46
49,1,m&m'spretzel,0.4
49,1,munchiesjalapenocheddar,0.48
49,1,popcornwhitecheddar,0.5
49,1,ritzbitscheese,0.53
49,1,ritzbitspeanutbutter,0.53
49,1,snickers,0.49
49,1,snickerspeanutbutter,0.48
49,1,sourpatchkids,0.53
49,1,starbursttropical,0.44
49,1,sunchipscheddar,0.57
49,1,swedishfish,0.5
49,1,yorkpeppermintpatty,0.45
50,1,100grand,1.01
50,1,3musketeers,0.99
50,1,airheadsblueraspberry,0.76
50,1,airheadscherry,2.48
50,1,airheadsgreenapple,0.48
50,1,airheadswatermelon,0.98
50,1,almondjoy,1.02
50,1,blowpopblueraspberry,0.51
50,1,blowpopsourapple,0.94
50,1,blowpopwatermelon,1.51
50,1,butterfinger,2.26
50,1,butterfingerbites,2.5
50,1,caramelapplepops,0.51
50,1,cheez-it,1.99
50,1,cheezitwhitecheddar,0.98
50,1,chexmixcheddar,1.02
50,1,chexmixtraditional,0.99
50,1,chipsahoy,0.76
50,1,crunch,0.99
50,1,dots,0.53
50,1,dovecaramelmilkchocolate,0.23
50,1,dovedarkchocolatebites,0.5
50,1,dovemilk&peanutbutterbites,2.49
50,1,famousamos,2
50,1,fritos,1
50,1,fritosbbq,0.98
50,1,funyuns,0.98
50,1,ghirardellicaramelsquares,0.32
50,1,ghirardellidarkchocolatesquares,1.51
50,1,ghirardellimilkchocolatesquares,2.46
50,1,gobstoppers,1
50,1,goldfishcheddar,1.01
50,1,goobers,1.01
50,1,grandma'schocolatechipcookies,0.48
50,1,grandma'soatmealraisincookies,0.51
50,1,gummywormssour,0.48
50,1,heathbar,1.01
50,1,hostesscupcakes,0.32
50,1,hostesspowdereddonut,0.51
50,1,juniorcaramels,1.32
50,1,keeblerrainbowcookies,1.01
50,1,kettlebbqchips,0.98
50,1,kettlejalapenochips,0.99
50,1,kettlesalt&pepperchips,0.78
50,1,kettlesalt&vinegarchips,1.49
50,1,kitkat,2.98
50,1,kitkatwhitechocolate,0.77
50,1,laffytaffysourapple,0.51
50,1,layscheesygarlicbread,0.98
50,1,laysclassic,0.34
50,1,layssweetsouthernheatbarbecue,0.18
50,1,lifesaversgummiessours,0.23
50,1,lindtdarkchocolate,0.48
50,1,m&m'smint,0.49
50,1,mentosrainbow,2.02
50,1,milkduds,2.48
50,1,milkyway,1
50,1,milkywaycaramel,1.01
50,1,milkywaydark,0.52
50,1,munchiesjalapenocheddar,0.97
50,1,munchiesnachocheese,0.52
50,1,nerdsstrawberrygrape,0.55
50,1,oreos,1
50,1,oreosgolden,0.47
50,1,popcornersjalapeno,0.48
50,1,popcornerskettle,0.53
50,1,popcornerswhitecheddar,0.99
50,1,pringlesoriginal,0.29
50,1,pringlessourcreamonion,1.01
50,1,raisinetsmilkchocolate,0.74
50,1,razzles,0.5
50,1,reesespeanutbuttercup,1.02
50,1,reesespieces,2.5
50,1,ritzbitspeanutbutter,1.03
50,1,rufflescheddarsourcreamchips,0.99
50,1,shockers,0.78
50,1,skittles,1.03
50,1,slimjim,0.98
50,1,snickerspeanutbutter,1
50,1,snydersminipretzels,0.83
50,1,snydersoriginalnibblers,2.53
50,1,snyderspretzelsticks,2.98
50,1,sourpatchkids,0.47
50,1,sourpunchstrawsstrawberry,0.51
50,1,starburst,0.78
50,1,sunchipscheddar,0.83
50,1,sunchipsgardensalsa,0.47
50,1,sunchipsoriginal,1.98
50,1,swedishfish,0.97
50,1,trailmix,0.26
50,1,twix,0.48
50,1,twixpeanutbutter,2.53
50,1,twizzlersstrawberry,0.34
50,1,warheads,0.3
50,1,whoppers,0.5
50,1,yorkpeppermintpatty,1
51,1,airheadscherry,0.97
51,1,blowpopcherry,0.48
51,1,blowpopwatermelon,0.98
51,1,butterfingerbites,0.48
51,1,cheetoscrunchy,1
51,1,cheez-it,0.49
51,1,cheezitwhitecheddar,1.03
51,1,dots,1.01
51,1,dovemilk&peanutbutterbites,0.48
51,1,fritos,1.03
51,1,fritosbbq,0.53
51,1,ghirardellicaramelsquares,0.49
51,1,ghirardellimilkchocolatesquares,0.49
51,1,giantsweetarts,1.01
51,1,grandma'schocolatechipcookies,0.51
51,1,grandma'speanutbuttercookies,0.48
51,1,heathbar,0.48
51,1,hostesscupcakes,0.47
51,1,juniormints,0.98
51,1,keeblerfudgestripes,1
51,1,kettlesalt&vinegarchips,0.98
51,1,kitkat,0.52
51,1,layscheesygarlicbread,1.01
51,1,lifesaversgummies,0.5
51,1,lindtmilkchocolate,0.51
51,1,mike&ikezours,1.08
51,1,milanocookies,0.99
51,1,milkduds,0.46
51,1,munchiesjalapenocheddar,0.99
51,1,munchiesnachocheese,0.5
51,1,munchiespeanutbutter,0.98
51,1,oreosgolden,0.98
51,1,popcornerswhitecheddar,0.99
51,1,pringlesoriginal,0.51
51,1,raisinetsmilkchocolate,0.96
51,1,shockers,0.49
51,1,skittles,0.98
51,1,skittlessours,0.51
51,1,skittlewildberry,1.49
51,1,snickersdarkchocolate,1.49
51,1,snickerspeanutbutter,0.98
51,1,spree,1
51,1,starburst,1.48
51,1,swedishfishassorted,0.49
51,1,toblerone,0.53
51,1,trailmix,0.98
51,1,twix,1.02
51,1,whoppers,0.48
52,2,100grand,0.98
52,2,3musketeers,0.99
52,2,airheadsblueraspberry,1
52,2,airheadscherry,0.99
52,2,airheadsgreenapple,0.99
52,2,almondjoy,0.21
52,2,babyruth,0.21
52,2,blowpopcherry,0.98
52,2,blowpopsourapple,1.47
52,2,bunchacrunch,0.99
52,2,butterfinger,1.48
52,2,cheesepeanutbuttercrackers,1.47
52,2,cheetoscrunchy,1.49
52,2,cheetospuffs,0.99
52,2,cheezitwhitecheddar,1
52,2,chexmixcheddar,2.5
52,2,chipsahoy,0.99
52,2,crunch,0.99
52,2,doritosnachocheese,1.47
52,2,doritospicychili,1
52,2,dots,2
52,2,dovecaramelmilkchocolate,1.99
52,2,dovemilk&peanutbutterbites,0.5
52,2,funyuns,1.28
52,2,giantsweetarts,0.98
52,2,gobstoppers,1.48
52,2,goldfishcheddar,1.49
52,2,grandma'schocolatechipcookies,1
52,2,grandma'soatmealraisincookies,0.99
52,2,gummywormssour,1.49
52,2,heathbar,0.98
52,2,hostesschocolatedonuts,1.51
52,2,hostesscupcakes,1.27
52,2,juniorcaramels,2
52,2,juniormints,1.51
52,2,keeblerfudgestripes,1.49
52,2,keeblerrainbowcookies,1.49
52,2,kettlebbqchips,1.13
52,2,kettlesalt&pepperchips,1.99
52,2,laffytaffysourapple,0.99
52,2,laysdillpickle,1.01
52,2,layssourcreamandonion,1
52,2,lindtmilkchocolate,2
52,2,m&m'smilkchocolate,1.01
52,2,m&m'smint,1.48
52,2,m&m'speanuts,1.22
52,2,m&m'spretzel,0.99
52,2,mentosrainbow,1
52,2,milkduds,0.99
52,2,milkyway,0.98
52,2,milkywaycaramel,1
52,2,munchiespeanutbutter,1.5
52,2,nerdsrope,0.98
52,2,nerdsstrawberrygrape,1
52,2,oreos,0.99
52,2,pez,1.01
52,2,popcornersjalapeno,0.99
52,2,popcornerskettle,0.99
52,2,popcornerswhitecheddar,0.98
52,2,popcornwhitecheddar,0.99
52,2,pringlescheddar,0.98
52,2,pringlesoriginal,0.99
53,2,100grand,1
53,2,3musketeers,0.5
53,2,airheadsblueraspberry,0.49
53,2,airheadscherry,0.51
53,2,airheadsgreenapple,0.51
53,2,airheadswatermelon,2.01
53,2,almondjoy,0.51
53,2,babyruth,0.5
53,2,blowpopblueraspberry,1.49
53,2,blowpopcherry,1
53,2,blowpopsourapple,2
53,2,blowpopwatermelon,1.5
53,2,bunchacrunch,1.98
53,2,butterfinger,2.01
53,2,butterfingerbites,1.99
53,2,caramelapplepops,1.5
53,2,cheesepeanutbuttercrackers,2.51
53,2,cheetoscrunchy,2.5
53,2,cheetospuffs,1.99
53,2,cheez-it,1.75
53,2,cheezitwhitecheddar,0.99
53,2,chexmixcheddar,1.5
53,2,chexmixtraditional,1.49
53,2,chipsahoy,1.51
53,2,comboscheddar,0.49
53,2,crunch,2.01
53,2,doritoscoolranch,1.99
53,2,doritosnachocheese,2
53,2,doritospicychili,1.5
53,2,dots,0.5
53,2,dovecaramelmilkchocolate,0.51
53,2,dovemilk&peanutbutterbites,0.99
53,2,famousamos,1.49
53,2,fritos,1
53,2,fritosbbq,1
53,2,funyuns,1
53,2,ghirardellicaramelsquares,2.5
53,2,ghirardellidarkchocolatesquares,2.49
53,2,giantsweetarts,1.99
53,2,gobstoppers,2
53,2,goldfishcheddar,1.5
53,2,goobers,2.98
53,2,grandma'schocolatechipcookies,1.48
53,2,grandma'soatmealraisincookies,1
53,2,grandma'speanutbuttercookies,0.48
53,2,gummywormssour,1.01
53,2,heathbar,0.99
53,2,hostesschocolatedonuts,1.5
53,2,hostesscupcakes,0.99
53,2,hostesspowdereddonut,1.53
53,2,juniorcaramels,1.5
53,2,keeblerrainbowcookies,1.49
53,2,kettlebbqchips,1
53,2,kettlesalt&pepperchips,2.5
53,2,kitkat,1.49
53,2,kitkatwhitechocolate,1.98
53,2,laffytaffysourapple,1.5
53,2,laysclassic,0.99
53,2,laysdillpickle,2
53,2,layssourcreamandonion,1.01
53,2,layssweetsouthernheatbarbecue,1
53,2,lifesaversgummiessours,2.49
53,2,lindtdarkchocolate,1.98
53,2,lindtmilkchocolate,1.5
53,2,m&m'smint,1
53,2,m&m'speanuts,1.99
53,2,mentosrainbow,1.49
53,2,mike&ikezours,2.5
53,2,milanocookies,1.49
53,2,milkyway,2
53,2,milkywaycaramel,1.47
53,2,milkywaydark,1.49
53,2,munchiesjalapenocheddar,1.5
53,2,munchiesnachocheese,2.52
53,2,munchiespeanutbutter,0.97
53,2,nerdsrope,2.5
53,2,nerdsstrawberrygrape,1.49
53,2,oreos,0.98
53,2,oreosgolden,1.5
53,2,pez,1.51
53,2,popcornersjalapeno,1.5
53,2,popcornerskettle,0.5
53,2,popcornerswhitecheddar,0.51
53,2,popcornwhitecheddar,2.99
53,2,pringlescheddar,0.99
53,2,pringlesoriginal,1.5
53,2,raisinetsmilkchocolate,0.5
54,2,100grand,0.5
54,2,3musketeers,0.49
54,2,airheadsblueraspberry,0.48
54,2,airheadsgreenapple,0.45
54,2,airheadswatermelon,0.99
54,2,blowpopblueraspberry,0.96
54,2,blowpopcherry,1.02
54,2,blowpopsourapple,1.51
54,2,blowpopwatermelon,0.5
54,2,bunchacrunch,1.5
54,2,butterfingerbites,1.48
54,2,caramelapplepops,1.79
54,2,cheetoscrunchy,1.49
54,2,cheetospuffs,0.47
54,2,cheez-it,1.25
54,2,chexmixcheddar,1.79
54,2,chexmixtraditional,1
54,2,chipsahoy,1.51
54,2,comboscheddar,1.97
54,2,combospizzeria,1.5
54,2,crunch,1.76
54,2,doritoscoolranch,1.81
54,2,doritosnachocheese,1.94
54,2,doritospicychili,0.98
54,2,dots,2
54,2,dovecaramelmilkchocolate,2
54,2,dovedarkchocolatebites,0.95
54,2,dovemilk&peanutbutterbites,1.49
54,2,famousamos,1.05
54,2,fritos,0.97
54,2,fritosbbq,1.49
54,2,funyuns,1.03
54,2,ghirardellimilkchocolatesquares,0.97
54,2,giantsweetarts,1.74
54,2,gobstoppers,0.51
54,2,goldfishcheddar,1.88
54,2,goobers,1.72
54,2,grandma'schocolatechipcookies,1.48
54,2,grandma'soatmealraisincookies,1.96
54,2,gummywormssour,0.56
54,2,heathbar,1.72
54,2,hostesschocolatedonuts,1.48
54,2,hostesscupcakes,1.78
54,2,hostesspowdereddonut,0.97
54,2,juniorcaramels,1.04
54,2,juniormints,1.47
54,2,keeblerrainbowcookies,0.98
54,2,kettlebbqchips,1.02
54,2,kettlejalapenochips,1.52
54,2,kettlesalt&pepperchips,1.96
54,2,kettlesalt&vinegarchips,0.5
54,2,kitkat,1
54,2,kitkatwhitechocolate,1.48
54,2,laffytaffysourapple,0.97
54,2,laysclassic,0.5
54,2,laysdillpickle,1.75
54,2,layssourcreamandonion,1.99
54,2,layssweetsouthernheatbarbecue,1.49
54,2,lifesaversgummies,1.82
54,2,lifesaversgummiessours,1.99
54,2,lindtmilkchocolate,1.74
54,2,m&m'smilkchocolate,1.49
54,2,m&m'smint,1.49
54,2,m&m'speanuts,1.03
54,2,mentosrainbow,1.49
54,2,milanocookies,1.23
54,2,milkduds,0.98
54,2,milkyway,0.98
54,2,milkywaycaramel,0.99
54,2,milkywaydark,1.25
54,2,munchiesjalapenocheddar,1
54,2,munchiespeanutbutter,1.53
54,2,nerdsrope,0.98
54,2,nerdsstrawberrygrape,0.73
54,2,oreos,1.51
54,2,oreosgolden,1.52
54,2,pez,1.74
54,2,popcornersjalapeno,1.49
54,2,popcornerswhitecheddar,1.27
54,2,popcornwhitecheddar,1.01
54,2,pringlescheddar,1.05
54,2,pringlesoriginal,1
54,2,pringlessourcreamonion,0.47
54,2,raisinetsmilkchocolate,1.29
55,2,100grand,2.48
55,2,almondjoy,0.99
55,2,babyruth,0.98
55,2,blowpopblueraspberry,2.51
55,2,blowpopwatermelon,1.52
55,2,bunchacrunch,1.98
55,2,caramelapplepops,1.49
55,2,cheetoscrunchy,2
55,2,cheetospuffs,1.99
55,2,cheezitwhitecheddar,1.99
55,2,chexmixcheddar,2.02
55,2,chexmixtraditional,2.02
55,2,chipsahoy,2
55,2,comboscheddar,1.01
55,2,combospizzeria,0.99
55,2,crunch,1.5
55,2,doritoscoolranch,1.99
55,2,doritosnachocheese,3.01
55,2,doritospicychili,2
55,2,dots,1.5
55,2,dovecaramelmilkchocolate,1.5
55,2,dovemilk&peanutbutterbites,1.01
55,2,fritosbbq,1
55,2,funyuns,1.48
55,2,ghirardellicaramelsquares,2.49
55,2,ghirardellidarkchocolatesquares,2.48
55,2,ghirardellimilkchocolatesquares,2.5
55,2,giantsweetarts,1.98
55,2,gobstoppers,1.98
55,2,goldfishcheddar,1.97
55,2,goobers,2
55,2,grandma'schocolatechipcookies,1.49
55,2,grandma'soatmealraisincookies,1
55,2,gummywormssour,2.49
55,2,heathbar,1.97
55,2,hostesschocolatedonuts,2.01
55,2,hostesscupcakes,1.49
55,2,hostesspowdereddonut,1.48
55,2,juniorcaramels,1.51
55,2,juniormints,2
55,2,keeblerrainbowcookies,1.99
55,2,kettlebbqchips,1.97
55,2,kettlesalt&pepperchips,1.5
55,2,kettlesalt&vinegarchips,2.48
55,2,kitkat,2.48
55,2,kitkatwhitechocolate,2.51
55,2,laffytaffysourapple,2.48
55,2,layscheesygarlicbread,1.99
55,2,laysclassic,1.01
55,2,laysdillpickle,2.02
55,2,layssourcreamandonion,1.99
55,2,layssweetsouthernheatbarbecue,2
55,2,lifesaversgummies,1.97
55,2,lifesaversgummiessours,1.98
55,2,lindtdarkchocolate,1.99
55,2,lindtmilkchocolate,1.99
55,2,mike&ikezours,1.98
55,2,milanocookies,2.01
55,2,milkduds,1.5
55,2,milkyway,2.49
55,2,milkywaycaramel,1.5
55,2,milkywaydark,2.01
55,2,munchiesnachocheese,1.99
55,2,munchiespeanutbutter,2.48
55,2,nerdsrope,2.49
55,2,nerdsstrawberrygrape,1.98
55,2,oreosgolden,1.99
55,2,pez,1.99
55,2,popcornersjalapeno,1.5
55,2,popcornwhitecheddar,2.5
55,2,pringlescheddar,2.46
55,2,pringlesoriginal,1.98
55,2,raisinetsmilkchocolate,0.99
56,2,100grand,1.01
56,2,3musketeers,1.08
56,2,airheadsblueraspberry,1.41
56,2,airheadscherry,1.53
56,2,airheadsgreenapple,1.55
56,2,almondjoy,0.5
56,2,babyruth,0.32
56,2,blowpopblueraspberry,1.08
56,2,blowpopwatermelon,1.5
56,2,bunchacrunch,1.22
56,2,butterfinger,1.43
56,2,butterfingerbites,1.72
56,2,caramelapplepops,1.18
56,2,cheesepeanutbuttercrackers,1.5
56,2,cheetoscrunchy,2
56,2,cheetospuffs,1.46
56,2,cheez-it,0.51
56,2,cheezitwhitecheddar,2.5
56,2,chexmixcheddar,1.99
56,2,chexmixtraditional,1.46
56,2,chipsahoy,1.49
56,2,comboscheddar,1.51
56,2,combospizzeria,0.71
56,2,crunch,1.49
56,2,doritoscoolranch,1.07
56,2,doritosnachocheese,0.99
56,2,doritospicychili,2
56,2,dots,0.59
56,2,dovecaramelmilkchocolate,1.14
56,2,dovemilk&peanutbutterbites,1.5
56,2,funyuns,2.51
56,2,ghirardellicaramelsquares,2.06
56,2,ghirardellidarkchocolatesquares,1.46
56,2,giantsweetarts,1.95
56,2,goldfishcheddar,1.54
56,2,goobers,1.5
56,2,grandma'schocolatechipcookies,1.5
56,2,grandma'soatmealraisincookies,0.82
56,2,grandma'speanutbuttercookies,0.32
56,2,gummywormssour,1.99
56,2,heathbar,1.18
56,2,hostesschocolatedonuts,1.97
56,2,hostesscupcakes,1.49
56,2,hostesspowdereddonut,1.49
56,2,juniorcaramels,1.22
56,2,juniormints,1.49
56,2,keeblerfudgestripes,1.49
56,2,keeblerrainbowcookies,0.7
56,2,kettlebbqchips,0.99
56,2,kettlesalt&pepperchips,1.98
56,2,kitkat,1.33
56,2,kitkatwhitechocolate,0.7
56,2,laffytaffysourapple,2
56,2,layscheesygarlicbread,1.5
56,2,laysclassic,1.27
56,2,laysdillpickle,0.83
56,2,layssourcreamandonion,1.25
56,2,layssweetsouthernheatbarbecue,1.03
56,2,lifesaversgummies,1.16
56,2,lifesaversgummiessours,1.09
56,2,lindtdarkchocolate,1.5
56,2,lindtmilkchocolate,1.49
56,2,m&m'smint,1.01
56,2,m&m'spretzel,1.29
56,2,mentosrainbow,1.08
56,2,mike&ikezours,1.95
56,2,milanocookies,1.18
56,2,milkduds,0.96
56,2,milkyway,1.13
56,2,milkywaycaramel,0.5
56,2,milkywaydark,1.46
56,2,munchiesjalapenocheddar,0.96
56,2,munchiespeanutbutter,1.53
56,2,nerdsrope,1.5
56,2,nerdsstrawberrygrape,2.01
56,2,oreos,1.42
56,2,oreosgolden,1.14
56,2,pez,1.48
56,2,popcornersjalapeno,1.53
56,2,popcornerskettle,1.6
56,2,popcornerswhitecheddar,1.5
56,2,popcornwhitecheddar,1.98
56,2,pringlessourcreamonion,1.34
56,2,raisinetsmilkchocolate,0.77
57,2,100grand,1.62
57,2,3musketeers,1.52
57,2,airheadsblueraspberry,1.5
57,2,airheadscherry,1.5
57,2,airheadsgreenapple,1.5
57,2,airheadswatermelon,1.49
57,2,almondjoy,0.5
57,2,babyruth,0.5
57,2,blowpopblueraspberry,1.99
57,2,blowpopcherry,1.52
57,2,blowpopsourapple,1.5
57,2,blowpopwatermelon,1.5
57,2,bunchacrunch,2.76
57,2,butterfinger,2.74
57,2,caramelapplepops,1.85
57,2,cheesepeanutbuttercrackers,1.48
57,2,cheetoscrunchy,2
57,2,cheetospuffs,1.5
57,2,cheez-it,1.01
57,2,cheezitwhitecheddar,1.48
57,2,chexmixcheddar,2.26
57,2,chexmixtraditional,2.51
57,2,chipsahoy,2
57,2,comboscheddar,0.99
57,2,combospizzeria,1.52
57,2,crunch,2
57,2,doritosnachocheese,1.99
57,2,doritospicychili,1.74
57,2,dots,2.24
57,2,dovecaramelmilkchocolate,0.99
57,2,dovedarkchocolatebites,1.5
57,2,dovemilk&peanutbutterbites,1
57,2,famousamos,0.57
57,2,fritos,0.95
57,2,fritosbbq,1.52
57,2,funyuns,1.99
57,2,ghirardellicaramelsquares,1.99
57,2,ghirardellidarkchocolatesquares,2.01
57,2,ghirardellimilkchocolatesquares,1.5
57,2,giantsweetarts,2
57,2,gobstoppers,1.79
57,2,goldfishcheddar,1.5
57,2,goobers,2.49
57,2,grandma'schocolatechipcookies,1.49
57,2,grandma'soatmealraisincookies,1.5
57,2,grandma'speanutbuttercookies,1.01
57,2,gummywormssour,1.76
57,2,heathbar,1.99
57,2,hostesschocolatedonuts,2.53
57,2,hostesscupcakes,1.53
57,2,hostesspowdereddonut,1.49
57,2,juniorcaramels,1.51
57,2,keeblerfudgestripes,1.49
57,2,keeblerrainbowcookies,1.51
57,2,kettlebbqchips,1.27
57,2,kettlejalapenochips,0.99
57,2,kettlesalt&pepperchips,0.99
57,2,kettlesalt&vinegarchips,1.49
57,2,kitkat,1.71
57,2,kitkatwhitechocolate,1.54
57,2,laffytaffysourapple,1.76
57,2,layscheesygarlicbread,0.99
57,2,laysclassic,1.24
57,2,laysdillpickle,1.75
57,2,layssourcreamandonion,2
57,2,layssweetsouthernheatbarbecue,1.97
57,2,lifesaversgummies,1.49
57,2,lifesaversgummiessours,2
57,2,lindtmilkchocolate,1.96
57,2,m&m'smilkchocolate,1.5
57,2,m&m'smint,1.5
57,2,m&m'speanuts,1.49
57,2,m&m'spretzel,1.89
57,2,mentosrainbow,2.51
57,2,mike&ikezours,2.23
57,2,milanocookies,1.44
57,2,milkyway,0.99
57,2,milkywaycaramel,1.6
57,2,milkywaydark,1.73
57,2,munchiespeanutbutter,1.76
57,2,nerdsrope,1.5
57,2,nerdsstrawberrygrape,1.49
57,2,oreos,1.51
57,2,oreosgolden,2.25
57,2,pez,1.98
57,2,popcornerswhitecheddar,1.47
57,2,popcornwhitecheddar,1.68
57,2,pringlescheddar,1.5
57,2,pringlesoriginal,1.47
57,2,pringlessourcreamonion,1.27
58,2,100grand,0.99
58,2,3musketeers,0.55
58,2,airheadsblueraspberry,0.6
58,2,airheadscherry,0.47
58,2,airheadsgreenapple,0.5
58,2,airheadswatermelon,0.46
58,2,almondjoy,0.47
58,2,babyruth,0.5
58,2,blowpopblueraspberry,1.07
58,2,blowpopwatermelon,0.41
58,2,bunchacrunch,1.49
58,2,butterfinger,0.99
58,2,butterfingerbites,1.45
58,2,caramelapplepops,1.47
58,2,cheetoscrunchy,0.99
58,2,cheetospuffs,0.98
58,2,cheez-it,0.95
58,2,cheezitwhitecheddar,1
58,2,chexmixcheddar,1.46
58,2,chexmixtraditional,1.44
58,2,chipsahoy,1.52
58,2,comboscheddar,0.5
58,2,combospizzeria,0.5
58,2,crunch,1.98
58,2,doritoscoolranch,1.49
58,2,doritospicychili,2.06
58,2,dots,0.47
58,2,dovecaramelmilkchocolate,0.43
58,2,dovemilk&peanutbutterbites,1.47
58,2,fritos,1.05
58,2,fritosbbq,0.53
58,2,funyuns,0.95
58,2,ghirardellidarkchocolatesquares,0.99
58,2,ghirardellimilkchocolatesquares,0.93
58,2,gobstoppers,1.52
58,2,goldfishcheddar,2.39
58,2,goobers,1.99
58,2,grandma'schocolatechipcookies,0.98
58,2,grandma'soatmealraisincookies,0.99
58,2,grandma'speanutbuttercookies,0.51
58,2,gummywormssour,1.52
58,2,heathbar,1.5
58,2,juniorcaramels,0.98
58,2,juniormints,1.05
58,2,keeblerfudgestripes,1.01
58,2,keeblerrainbowcookies,0.99
58,2,kettlebbqchips,0.97
58,2,kettlesalt&pepperchips,1.04
58,2,kettlesalt&vinegarchips,0.99
58,2,kitkat,0.51
58,2,kitkatwhitechocolate,0.5
58,2,laffytaffysourapple,0.96
58,2,laysclassic,1.03
58,2,laysdillpickle,1.01
58,2,layssourcreamandonion,2.64
58,2,layssweetsouthernheatbarbecue,1.92
58,2,lifesaversgummies,2
58,2,lifesaversgummiessours,1.98
58,2,lindtdarkchocolate,1.6
58,2,lindtmilkchocolate,1.99
58,2,m&m'speanuts,1
58,2,m&m'spretzel,1
58,2,mike&ikezours,1.46
58,2,milanocookies,1
58,2,milkduds,1
58,2,milkyway,1.02
58,2,milkywaycaramel,1.03
58,2,milkywaydark,0.96
58,2,munchiespeanutbutter,1.38
58,2,nerdsrope,1
58,2,nerdsstrawberrygrape,1.14
58,2,oreos,0.52
58,2,oreosgolden,1.02
58,2,popcornersjalapeno,2.02
58,2,popcornerskettle,1.09
58,2,popcornerswhitecheddar,1.01
58,2,popcornwhitecheddar,0.98
58,2,pringlescheddar,0.98
58,2,pringlesoriginal,0.96
59,2,100grand,1.45
59,2,3musketeers,1.46
59,2,airheadsblueraspberry,1.49
59,2,airheadscherry,1.49
59,2,airheadsgreenapple,2
59,2,almondjoy,1.03
59,2,babyruth,0.51
59,2,blowpopcherry,1.44
59,2,blowpopsourapple,1.6
59,2,blowpopwatermelon,1.49
59,2,cheesepeanutbuttercrackers,2.44
59,2,cheetoscrunchy,2.51
59,2,cheetospuffs,2.47
59,2,cheezitwhitecheddar,0.97
59,2,chexmixcheddar,3.53
59,2,chexmixtraditional,3.56
59,2,combospizzeria,0.49
59,2,crunch,3.09
59,2,dots,1.01
59,2,dovecaramelmilkchocolate,1.52
59,2,dovedarkchocolatebites,1.98
59,2,fritosbbq,0.89
59,2,funyuns,1.6
59,2,giantsweetarts,1.93
59,2,gobstoppers,2.55
59,2,goldfishcheddar,2.96
59,2,goobers,2
59,2,grandma'schocolatechipcookies,1.55
59,2,grandma'soatmealraisincookies,1.45
59,2,grandma'speanutbuttercookies,0.99
59,2,heathbar,2.98
59,2,hostesschocolatedonuts,1.98
59,2,hostesscupcakes,1.46
59,2,hostesspowdereddonut,1.48
59,2,juniorcaramels,0.93
59,2,kettlejalapenochips,2.02
59,2,kettlesalt&pepperchips,2.51
59,2,kitkat,0.98
59,2,kitkatwhitechocolate,1.5
59,2,layscheesygarlicbread,1.04
59,2,laysclassic,1.04
59,2,lindtmilkchocolate,3.02
59,2,m&m'smilkchocolate,2.51
59,2,m&m'smint,2
59,2,m&m'spretzel,1.59
59,2,mentosrainbow,3.05
59,2,milkduds,2.54
59,2,milkywaycaramel,0.95
59,2,munchiespeanutbutter,2.96
59,2,nerdsrope,1.52
59,2,nerdsstrawberrygrape,1.53
59,2,oreos,1.99
59,2,popcornerskettle,3.53
59,2,popcornerswhitecheddar,2.98
59,2,popcornwhitecheddar,2.97
59,2,pringlescheddar,1.95
59,2,pringlessourcreamonion,0.99
59,2,raisinetsmilkchocolate,1.43
60,2,100grand,2
60,2,3musketeers,0.83
60,2,airheadsblueraspberry,0.8
60,2,airheadscherry,0.97
60,2,airheadsgreenapple,1.01
60,2,airheadswatermelon,1.47
60,2,almondjoy,0.5
60,2,babyruth,0.48
60,2,blowpopblueraspberry,2
60,2,blowpopcherry,0.99
60,2,blowpopsourapple,1.77
60,2,blowpopwatermelon,1.74
60,2,bunchacrunch,2.81
60,2,butterfinger,2.97
60,2,butterfingerbites,2
60,2,caramelapplepops,2.99
60,2,cheesepeanutbuttercrackers,2.99
60,2,cheetoscrunchy,2.69
60,2,cheetospuffs,2.5
60,2,cheez-it,2
60,2,cheezitwhitecheddar,1.76
60,2,chexmixcheddar,2.77
60,2,chipsahoy,2.5
60,2,comboscheddar,2.5
60,2,combospizzeria,1.5
60,2,crunch,2.76
60,2,doritoscoolranch,2
60,2,doritosnachocheese,2.73
60,2,doritospicychili,2.78
60,2,dots,2.48
60,2,dovecaramelmilkchocolate,2.78
60,2,famousamos,2
60,2,fritos,2.98
60,2,fritosbbq,1.28
60,2,funyuns,1.52
60,2,ghirardellicaramelsquares,1.5
60,2,ghirardellidarkchocolatesquares,1.54
60,2,ghirardellimilkchocolatesquares,1.29
60,2,giantsweetarts,2.52
60,2,gobstoppers,2
60,2,goldfishcheddar,2.84
60,2,goobers,2.49
60,2,grandma'schocolatechipcookies,2.48
60,2,grandma'soatmealraisincookies,1.5
60,2,grandma'speanutbuttercookies,0.55
60,2,gummywormssour,2.48
60,2,heathbar,2.81
60,2,hostesschocolatedonuts,2.75
60,2,hostesscupcakes,1.5
60,2,hostesspowdereddonut,1.76
60,2,juniorcaramels,1.72
60,2,juniormints,1.78
60,2,keeblerfudgestripes,1.99
60,2,keeblerrainbowcookies,1.98
60,2,kettlebbqchips,1.99
60,2,kettlejalapenochips,0.83
60,2,kettlesalt&pepperchips,2.47
60,2,kettlesalt&vinegarchips,1.77
60,2,kitkat,1.5
60,2,kitkatwhitechocolate,1.75
60,2,laffytaffysourapple,1.24
60,2,laysclassic,0.99
60,2,laysdillpickle,2.5
60,2,layssourcreamandonion,2.52
60,2,layssweetsouthernheatbarbecue,2.72
60,2,lifesaversgummies,2.78
60,2,lifesaversgummiessours,2.48
60,2,lindtdarkchocolate,2.51
60,2,lindtmilkchocolate,1.97
60,2,m&m'smilkchocolate,1.27
60,2,m&m'smint,1.53
60,2,m&m'speanuts,2.03
60,2,m&m'spretzel,2.5
60,2,mentosrainbow,1.75
60,2,mike&ikezours,2.78
60,2,milanocookies,1.52
60,2,milkduds,1.74
60,2,milkyway,1.98
60,2,milkywaycaramel,1.79
60,2,milkywaydark,1.75
60,2,munchiesjalapenocheddar,1.19
60,2,munchiesnachocheese,3.01
60,2,munchiespeanutbutter,2.3
60,2,nerdsrope,1.01
60,2,nerdsstrawberrygrape,1
60,2,oreos,1.53
60,2,oreosgolden,2.68
60,2,pez,2.77
60,2,popcornersjalapeno,2.75
60,2,popcornerskettle,1.99
60,2,popcornerswhitecheddar,1.51
60,2,popcornwhitecheddar,3.02
60,2,pringlescheddar,1.77
60,2,pringlesoriginal,1.7
60,2,pringlessourcreamonion,1.49
60,2,raisinetsmilkchocolate,1.02
62,2,100grand,1.02
62,2,3musketeers,0.45
62,2,airheadsblueraspberry,0.99
62,2,airheadsgreenapple,0.52
62,2,airheadswatermelon,1.54
62,2,babyruth,0.47
62,2,blowpopblueraspberry,3.04
62,2,blowpopcherry,1.48
62,2,blowpopsourapple,3.49
62,2,blowpopwatermelon,1.02
62,2,bunchacrunch,1.99
62,2,butterfinger,2.52
62,2,butterfingerbites,1.49
62,2,caramelapplepops,2
62,2,cheesepeanutbuttercrackers,2.5
62,2,cheetoscrunchy,3.98
62,2,cheetospuffs,0.98
62,2,cheez-it,0.95
62,2,chexmixcheddar,2.51
62,2,chexmixtraditional,2.44
62,2,chipsahoy,2.5
62,2,comboscheddar,0.47
62,2,combospizzeria,0.5
62,2,crunch,2.05
62,2,doritoscoolranch,2.05
62,2,doritosnachocheese,3
62,2,doritospicychili,2.53
62,2,dots,0.43
62,2,dovecaramelmilkchocolate,0.52
62,2,dovemilk&peanutbutterbites,1.93
62,2,famousamos,1.46
62,2,fritosbbq,0.98
62,2,funyuns,1.47
62,2,ghirardellicaramelsquares,3.49
62,2,ghirardellidarkchocolatesquares,3.52
62,2,ghirardellimilkchocolatesquares,1.49
62,2,giantsweetarts,2.01
62,2,gobstoppers,1.5
62,2,goldfishcheddar,2.49
62,2,goobers,2.05
62,2,grandma'schocolatechipcookies,1.52
62,2,grandma'soatmealraisincookies,2.02
62,2,gummywormssour,2.95
62,2,heathbar,2.48
62,2,hostesschocolatedonuts,2.44
62,2,hostesscupcakes,1.97
62,2,hostesspowdereddonut,2
62,2,juniorcaramels,1.01
62,2,juniormints,1.49
62,2,keeblerfudgestripes,1.5
62,2,keeblerrainbowcookies,1.49
62,2,kettlebbqchips,1.04
62,2,kettlesalt&pepperchips,1.01
62,2,kettlesalt&vinegarchips,2.51
62,2,kitkat,1.5
62,2,kitkatwhitechocolate,1.42
62,2,laffytaffysourapple,1.03
62,2,laysclassic,0.98
62,2,layssourcreamandonion,0.96
62,2,layssweetsouthernheatbarbecue,2.43
62,2,lifesaversgummies,2.65
62,2,lifesaversgummiessours,2.47
62,2,lindtdarkchocolate,3.98
62,2,lindtmilkchocolate,2.01
62,2,m&m'smilkchocolate,0.53
62,2,m&m'speanuts,1.5
62,2,m&m'spretzel,1.5
62,2,mentosrainbow,2.02
62,2,mike&ikezours,1.98
62,2,milanocookies,2.5
62,2,milkduds,1.93
62,2,milkyway,2.96
62,2,milkywaycaramel,0.98
62,2,milkywaydark,1.55
62,2,munchiesnachocheese,3.02
62,2,munchiespeanutbutter,1.37
62,2,nerdsstrawberrygrape,1.47
62,2,oreos,1.48
62,2,oreosgolden,3.03
62,2,pez,2.48
62,2,popcornersjalapeno,2.5
62,2,popcornwhitecheddar,3.54
62,2,pringlescheddar,1.02
62,2,pringlesoriginal,1.99
62,2,pringlessourcreamonion,1
62,2,raisinetsmilkchocolate,0.55
64,2,100grand,2.98
64,2,3musketeers,2
64,2,airheadsblueraspberry,1.42
64,2,airheadscherry,1.47
64,2,airheadsgreenapple,2.98
64,2,airheadswatermelon,2.03
64,2,babyruth,2.47
64,2,blowpopblueraspberry,2.97
64,2,blowpopcherry,2.97
64,2,blowpopsourapple,2
64,2,blowpopwatermelon,1.01
64,2,bunchacrunch,3.49
64,2,butterfinger,3.49
64,2,butterfingerbites,1.49
64,2,caramelapplepops,1.98
64,2,cheesepeanutbuttercrackers,1.51
64,2,cheetoscrunchy,0.99
64,2,cheetospuffs,0.99
64,2,cheez-it,1.03
64,2,cheezitwhitecheddar,1
64,2,chexmixcheddar,2.51
64,2,chipsahoy,3.03
64,2,comboscheddar,0.96
64,2,combospizzeria,1
64,2,crunch,1.5
64,2,doritoscoolranch,1.48
64,2,doritosnachocheese,3
64,2,doritospicychili,3.01
64,2,dots,3
64,2,dovecaramelmilkchocolate,3.49
64,2,dovedarkchocolatebites,2
64,2,dovemilk&peanutbutterbites,1.02
64,2,fritos,1.49
64,2,fritosbbq,1.01
64,2,funyuns,2.5
64,2,ghirardellicaramelsquares,2.5
64,2,ghirardellidarkchocolatesquares,2.01
64,2,ghirardellimilkchocolatesquares,1.94
64,2,giantsweetarts,1.99
64,2,gobstoppers,1.55
64,2,goldfishcheddar,2.99
64,2,goobers,2.02
64,2,grandma'schocolatechipcookies,3.49
64,2,grandma'soatmealraisincookies,3.5
64,2,grandma'speanutbuttercookies,2.48
64,2,gummywormssour,2.99
64,2,heathbar,2.98
64,2,hostesschocolatedonuts,3.49
64,2,hostesscupcakes,3
64,2,hostesspowdereddonut,3.47
64,2,juniorcaramels,2.98
64,2,juniormints,2.99
64,2,keeblerfudgestripes,3.02
64,2,keeblerrainbowcookies,2.95
64,2,kettlebbqchips,3.95
64,2,kettlejalapenochips,3.52
64,2,kettlesalt&pepperchips,3.98
64,2,kettlesalt&vinegarchips,1.95
64,2,kitkat,3
64,2,kitkatwhitechocolate,1.51
64,2,laffytaffysourapple,2.99
64,2,layscheesygarlicbread,3.03
64,2,laysclassic,3.01
64,2,laysdillpickle,2.49
64,2,layssourcreamandonion,4
64,2,layssweetsouthernheatbarbecue,1.53
64,2,lifesaversgummies,0.48
64,2,lifesaversgummiessours,1.04
64,2,lindtdarkchocolate,2.96
64,2,lindtmilkchocolate,3.48
64,2,m&m'smilkchocolate,3.53
64,2,m&m'smint,3.51
64,2,m&m'speanuts,3.5
64,2,m&m'spretzel,1.99
64,2,mentosrainbow,2.97
64,2,mike&ikezours,2.98
64,2,milanocookies,2.48
64,2,milkduds,2.48
64,2,milkyway,3.01
64,2,milkywaycaramel,3.46
64,2,milkywaydark,2.96
64,2,munchiesjalapenocheddar,3.47
64,2,munchiesnachocheese,1.04
64,2,munchiespeanutbutter,3.49
64,2,nerdsrope,2.97
64,2,oreos,3.47
64,2,oreosgolden,1.51
64,2,pez,2
64,2,popcornersjalapeno,1.01
64,2,popcornerskettle,1.47
64,2,popcornerswhitecheddar,1.95
64,2,popcornwhitecheddar,4
64,2,pringlescheddar,4
64,2,pringlessourcreamonion,3.01
64,2,raisinetsmilkchocolate,2.98
65,2,100grand,0.99
65,2,blowpopcherry,0.49
65,2,blowpopsourapple,0.99
65,2,blowpopwatermelon,0.49
65,2,bunchacrunch,0.99
65,2,butterfingerbites,0.49
65,2,cheetoscrunchy,1
65,2,cheetospuffs,0.99
65,2,cheezitwhitecheddar,0.48
65,2,chexmixcheddar,1
65,2,chexmixtraditional,0.99
65,2,chipsahoy,1.5
65,2,comboscheddar,0.49
65,2,combospizzeria,0.5
65,2,crunch,1
65,2,doritospicychili,1.49
65,2,dots,0.49
65,2,dovecaramelmilkchocolate,0.5
65,2,dovemilk&peanutbutterbites,1
65,2,fritos,1
65,2,funyuns,0.99
65,2,ghirardellimilkchocolatesquares,0.99
65,2,giantsweetarts,0.5
65,2,gobstoppers,1.5
65,2,goobers,1
65,2,grandma'schocolatechipcookies,1.01
65,2,grandma'soatmealraisincookies,1
65,2,grandma'speanutbuttercookies,0.01
65,2,heathbar,0.99
65,2,hostesschocolatedonuts,0.99
65,2,hostesscupcakes,0.5
65,2,juniorcaramels,1
65,2,juniormints,0.01
65,2,keeblerfudgestripes,0.99
65,2,keeblerrainbowcookies,1.49
65,2,kettlesalt&pepperchips,0.99
65,2,kettlesalt&vinegarchips,0.5
65,2,kitkat,0.99
65,2,kitkatwhitechocolate,1
65,2,laffytaffysourapple,0.99
65,2,layscheesygarlicbread,0.5
65,2,laysclassic,0.5
65,2,laysdillpickle,1.49
65,2,layssourcreamandonion,0.49
65,2,lindtdarkchocolate,1.49
65,2,lindtmilkchocolate,1.49
65,2,m&m'smilkchocolate,0.5
65,2,m&m'smint,0.5
65,2,m&m'speanuts,0.5
65,2,m&m'spretzel,1
65,2,mentosrainbow,1.99
65,2,mike&ikezours,1.99
65,2,milkduds,0.49
65,2,milkyway,0.51
65,2,milkywaycaramel,0.99
65,2,milkywaydark,0.99
65,2,munchiesjalapenocheddar,0.5
65,2,munchiespeanutbutter,0.5
65,2,nerdsrope,0.49
65,2,nerdsstrawberrygrape,0.99
65,2,oreos,0.5
65,2,oreosgolden,1
65,2,popcornerskettle,1
65,2,popcornerswhitecheddar,0.49
65,2,popcornwhitecheddar,0.99
65,2,pringlescheddar,0.99
65,2,pringlesoriginal,0.5
66,2,100grand,0.86
66,2,3musketeers,1.07
66,2,airheadsblueraspberry,0.99
66,2,airheadscherry,0.98
66,2,airheadsgreenapple,1.03
66,2,airheadswatermelon,0.76
66,2,almondjoy,0.37
66,2,babyruth,0.19
66,2,blowpopblueraspberry,0.88
66,2,blowpopcherry,0.5
66,2,blowpopsourapple,0.72
66,2,blowpopwatermelon,0.26
66,2,bunchacrunch,0.61
66,2,butterfinger,0.49
66,2,butterfingerbites,0.88
66,2,caramelapplepops,0.57
66,2,cheesepeanutbuttercrackers,0.54
66,2,cheetoscrunchy,0.59
66,2,cheetospuffs,0.56
66,2,cheez-it,0.51
66,2,cheezitwhitecheddar,0.9
66,2,chexmixcheddar,0.53
66,2,chipsahoy,0.49
66,2,comboscheddar,0.42
66,2,combospizzeria,0.41
66,2,crunch,0.27
66,2,doritoscoolranch,0.84
66,2,doritospicychili,0.86
66,2,dots,0.3
66,2,dovecaramelmilkchocolate,0.29
66,2,dovedarkchocolatebites,0.5
66,2,dovemilk&peanutbutterbites,0.25
66,2,famousamos,0.51
66,2,fritos,0.4
66,2,fritosbbq,0.7
66,2,funyuns,0.5
66,2,ghirardellicaramelsquares,0.51
66,2,ghirardellidarkchocolatesquares,0.36
66,2,ghirardellimilkchocolatesquares,1.04
66,2,giantsweetarts,0.51
66,2,gobstoppers,0.27
66,2,goobers,1.05
66,2,grandma'schocolatechipcookies,0.99
66,2,grandma'soatmealraisincookies,0.63
66,2,grandma'speanutbuttercookies,0.33
66,2,heathbar,0.48
66,2,hostesschocolatedonuts,0.49
66,2,hostesscupcakes,0.77
66,2,hostesspowdereddonut,1
66,2,juniorcaramels,0.35
66,2,juniormints,1.04
66,2,kettlebbqchips,0.43
66,2,kettlejalapenochips,1
66,2,kettlesalt&pepperchips,0.71
66,2,kettlesalt&vinegarchips,0.33
66,2,kitkat,0.65
66,2,kitkatwhitechocolate,0.49
66,2,laffytaffysourapple,0.86
66,2,laysclassic,0.57
66,2,laysdillpickle,0.49
66,2,layssourcreamandonion,0.75
66,2,layssweetsouthernheatbarbecue,0.73
66,2,lifesaversgummies,0.26
66,2,lifesaversgummiessours,0.6
66,2,lindtdarkchocolate,0.3
66,2,lindtmilkchocolate,0.65
66,2,m&m'smilkchocolate,0.45
66,2,m&m'smint,0.38
66,2,m&m'spretzel,0.87
66,2,mentosrainbow,0.91
66,2,milanocookies,0.71
66,2,milkduds,0.39
66,2,milkyway,0.92
66,2,milkywaycaramel,0.56
66,2,milkywaydark,0.69
66,2,munchiesjalapenocheddar,0.37
66,2,munchiespeanutbutter,0.99
66,2,nerdsstrawberrygrape,1.07
66,2,oreos,0.88
66,2,oreosgolden,1.02
66,2,popcornersjalapeno,0.89
66,2,popcornerskettle,1.11
66,2,popcornerswhitecheddar,1.11
66,2,popcornwhitecheddar,1.21
66,2,pringlescheddar,1
66,2,pringlesoriginal,0.65
66,2,pringlessourcreamonion,1.05
66,2,raisinetsmilkchocolate,0.51
68,2,100grand,1.02
68,2,3musketeers,0.49
68,2,airheadsblueraspberry,0.51
68,2,airheadscherry,0.5
68,2,airheadsgreenapple,0.51
68,2,almondjoy,0.28
68,2,babyruth,0.25
68,2,blowpopcherry,0.99
68,2,blowpopwatermelon,1.47
68,2,butterfingerbites,1.27
68,2,caramelapplepops,1.52
68,2,chexmixtraditional,1.79
68,2,chipsahoy,1.49
68,2,comboscheddar,1.52
68,2,combospizzeria,1.01
68,2,crunch,1.5
68,2,dots,2.01
68,2,dovemilk&peanutbutterbites,1.53
68,2,goobers,2.5
68,2,grandma'speanutbuttercookies,1
68,2,heathbar,0.77
68,2,hostesschocolatedonuts,2
68,2,juniorcaramels,0.98
68,2,keeblerfudgestripes,0.83
68,2,kettlebbqchips,0.5
68,2,kettlesalt&vinegarchips,0.99
68,2,kitkat,1.53
68,2,laffytaffysourapple,2.02
68,2,layscheesygarlicbread,1.01
68,2,laysclassic,0.89
68,2,lindtdarkchocolate,1.5
68,2,lindtmilkchocolate,1.48
68,2,m&m'smint,1.51
68,2,m&m'speanuts,0.99
68,2,mike&ikezours,3.17
68,2,milanocookies,0.98
68,2,milkduds,0.99
68,2,milkyway,1
68,2,munchiespeanutbutter,2.49
68,2,nerdsrope,1.01
68,2,nerdsstrawberrygrape,1.02
68,2,oreos,1
68,2,popcornerskettle,1.5
68,2,popcornerswhitecheddar,1.19
68,2,pringlesoriginal,2.31
68,2,pringlessourcreamonion,0.5
69,2,100grand,1.49
69,2,babyruth,0.48
69,2,blowpopblueraspberry,0.98
69,2,blowpopsourapple,0.53
69,2,butterfinger,1.5
69,2,cheetoscrunchy,0.99
69,2,chipsahoy,1.02
69,2,dovemilk&peanutbutterbites,0.49
69,2,fritosbbq,0.47
69,2,ghirardellimilkchocolatesquares,0.98
69,2,giantsweetarts,0.49
69,2,goldfishcheddar,1.98
69,2,goobers,1.48
69,2,grandma'schocolatechipcookies,0.48
69,2,grandma'speanutbuttercookies,0.51
69,2,heathbar,0.99
69,2,hostesschocolatedonuts,1.99
69,2,hostesscupcakes,0.99
69,2,hostesspowdereddonut,0.98
69,2,kettlebbqchips,1.49
69,2,kettlesalt&pepperchips,0.99
69,2,kettlesalt&vinegarchips,0.47
69,2,kitkat,1.48
69,2,kitkatwhitechocolate,1.49
69,2,laffytaffysourapple,1.01
69,2,layscheesygarlicbread,2.05
69,2,laysclassic,0.5
69,2,lindtmilkchocolate,0.49
69,2,m&m'smilkchocolate,0.97
69,2,m&m'smint,0.98
69,2,m&m'speanuts,1
69,2,m&m'spretzel,0.5
69,2,mentosrainbow,1.52
69,2,milkyway,0.98
69,2,milkywaycaramel,1.01
69,2,milkywaydark,0.98
69,2,munchiesjalapenocheddar,1.5
69,2,munchiespeanutbutter,0.96
69,2,oreos,1.04
69,2,popcornersjalapeno,0.49
69,2,popcornerskettle,0.48
69,2,popcornerswhitecheddar,0.51
69,2,pringlescheddar,1
69,2,pringlesoriginal,1.02
69,2,raisinetsmilkchocolate,0.51
70,2,airheadsblueraspberry,0.49
70,2,airheadscherry,0.5
70,2,airheadswatermelon,2.5
70,2,almondjoy,0.98
70,2,babyruth,0.5
70,2,blowpopcherry,0.5
70,2,blowpopsourapple,2.5
70,2,blowpopwatermelon,1.98
70,2,bunchacrunch,1.49
70,2,butterfinger,1.49
70,2,butterfingerbites,0.95
70,2,caramelapplepops,1
70,2,cheesepeanutbuttercrackers,1.49
70,2,cheetoscrunchy,0.99
70,2,cheezitwhitecheddar,2.99
70,2,chexmixcheddar,1.48
70,2,chexmixtraditional,1.5
70,2,chipsahoy,1.49
70,2,comboscheddar,3.46
70,2,combospizzeria,3.48
70,2,crunch,3.49
70,2,doritoscoolranch,1.5
70,2,doritosnachocheese,1.53
70,2,doritospicychili,1.01
70,2,dots,3.5
70,2,dovecaramelmilkchocolate,3.49
70,2,dovedarkchocolatebites,0.99
70,2,dovemilk&peanutbutterbites,2.49
70,2,famousamos,1.98
70,2,fritos,1
70,2,funyuns,2.99
70,2,ghirardellimilkchocolatesquares,2.48
70,2,goldfishcheddar,1.98
70,2,goobers,1.49
70,2,grandma'schocolatechipcookies,3.01
70,2,grandma'soatmealraisincookies,2.49
70,2,gummywormssour,1.98
70,2,heathbar,1.49
70,2,hostesscupcakes,0.51
70,2,hostesspowdereddonut,0.99
70,2,juniorcaramels,2.99
70,2,juniormints,1.98
70,2,keeblerfudgestripes,2.48
70,2,keeblerrainbowcookies,2.99
70,2,kettlejalapenochips,0.98
70,2,kettlesalt&pepperchips,2.49
70,2,kettlesalt&vinegarchips,1.99
70,2,kitkat,2.5
70,2,laffytaffysourapple,2.48
70,2,laysclassic,1.5
70,2,laysdillpickle,2.49
70,2,layssourcreamandonion,2.47
70,2,layssweetsouthernheatbarbecue,1.49
70,2,lifesaversgummies,2.5
70,2,lifesaversgummiessours,1.71
70,2,lindtdarkchocolate,1.52
70,2,lindtmilkchocolate,1.99
70,2,m&m'smilkchocolate,1.25
70,2,m&m'speanuts,1.48
70,2,m&m'spretzel,2
70,2,mentosrainbow,2.49
70,2,mike&ikezours,2.49
70,2,milanocookies,3
70,2,milkduds,2.97
70,2,milkywaycaramel,2.49
70,2,milkywaydark,2.5
70,2,munchiesjalapenocheddar,2
70,2,munchiesnachocheese,1.52
70,2,munchiespeanutbutter,0.99
70,2,oreos,1.5
70,2,oreosgolden,1.5
70,2,pez,1.49
70,2,popcornwhitecheddar,4
70,2,pringlescheddar,2.5
70,2,pringlesoriginal,1.99
70,2,pringlessourcreamonion,0.99
70,2,raisinetsmilkchocolate,1.51
71,2,3musketeers,0.59
71,2,airheadsblueraspberry,0.56
71,2,airheadscherry,0.47
71,2,airheadsgreenapple,0.5
71,2,almondjoy,0.56
71,2,babyruth,0.53
71,2,bunchacrunch,1.49
71,2,butterfinger,1.57
71,2,butterfingerbites,1.53
71,2,cheesepeanutbuttercrackers,2.03
71,2,cheetoscrunchy,2.06
71,2,cheezitwhitecheddar,0.53
71,2,chexmixcheddar,1.61
71,2,chexmixtraditional,1.49
71,2,chipsahoy,1.94
71,2,crunch,1.47
71,2,doritoscoolranch,1.04
71,2,doritosnachocheese,1.6
71,2,doritospicychili,1.49
71,2,dovedarkchocolatebites,1.06
71,2,famousamos,1.16
71,2,funyuns,1.48
71,2,giantsweetarts,1.01
71,2,goobers,1.52
71,2,grandma'schocolatechipcookies,1.44
71,2,grandma'soatmealraisincookies,1.04
71,2,grandma'speanutbuttercookies,0.54
71,2,gummywormssour,1.54
71,2,heathbar,1.61
71,2,hostesschocolatedonuts,1.47
71,2,hostesscupcakes,0.99
71,2,hostesspowdereddonut,1.51
71,2,juniorcaramels,1.14
71,2,keeblerfudgestripes,1.49
71,2,kettlebbqchips,1.1
71,2,kettlejalapenochips,1.53
71,2,kettlesalt&vinegarchips,1.03
71,2,kitkat,1.11
71,2,layscheesygarlicbread,2.01
71,2,laysclassic,0.99
71,2,laysdillpickle,1.43
71,2,layssourcreamandonion,1.56
71,2,lindtdarkchocolate,1.1
71,2,lindtmilkchocolate,1.04
71,2,m&m'spretzel,0.57
71,2,mike&ikezours,2
71,2,milanocookies,1.1
71,2,milkduds,1.04
71,2,milkyway,1.57
71,2,milkywaycaramel,1.08
71,2,munchiespeanutbutter,1.04
71,2,nerdsrope,1.48
71,2,nerdsstrawberrygrape,1.52
71,2,oreos,1.08
71,2,pez,1.5
71,2,popcornersjalapeno,1.55
71,2,popcornerskettle,1.09
71,2,popcornerswhitecheddar,0.57
71,2,pringlescheddar,1.11
72,2,100grand,1.47
72,2,3musketeers,0.54
72,2,airheadscherry,0.5
72,2,airheadsgreenapple,0.6
72,2,almondjoy,0.57
72,2,babyruth,0.44
72,2,blowpopblueraspberry,1.63
72,2,blowpopwatermelon,1.98
72,2,bunchacrunch,2
72,2,butterfinger,2.07
72,2,butterfingerbites,2.03
72,2,caramelapplepops,2.59
72,2,cheesepeanutbuttercrackers,3.1
72,2,cheetoscrunchy,2.95
72,2,cheetospuffs,2.59
72,2,cheezitwhitecheddar,2.01
72,2,chexmixtraditional,1.45
72,2,chipsahoy,2.54
72,2,comboscheddar,0.56
72,2,combospizzeria,1.1
72,2,crunch,2.63
72,2,doritoscoolranch,1.98
72,2,doritosnachocheese,2.51
72,2,dots,1.03
72,2,dovecaramelmilkchocolate,0.56
72,2,dovemilk&peanutbutterbites,3.09
72,2,famousamos,3.04
72,2,funyuns,1.53
72,2,ghirardellimilkchocolatesquares,2.54
72,2,giantsweetarts,2.48
72,2,goobers,2.51
72,2,grandma'schocolatechipcookies,1.53
72,2,grandma'soatmealraisincookies,1.6
72,2,grandma'speanutbuttercookies,0.56
72,2,gummywormssour,1.55
72,2,heathbar,2.64
72,2,hostesschocolatedonuts,2.54
72,2,hostesscupcakes,1.51
72,2,hostesspowdereddonut,1.54
72,2,juniorcaramels,1.51
72,2,juniormints,2.07
72,2,keeblerfudgestripes,1.52
72,2,kettlebbqchips,0.95
72,2,kettlejalapenochips,2.01
72,2,kettlesalt&vinegarchips,1.04
72,2,kitkat,1.46
72,2,kitkatwhitechocolate,1.5
72,2,layscheesygarlicbread,2.62
72,2,laysclassic,1.41
72,2,laysdillpickle,2.07
72,2,layssourcreamandonion,3
72,2,layssweetsouthernheatbarbecue,2.57
72,2,lifesaversgummies,2.57
72,2,lindtdarkchocolate,1.48
72,2,lindtmilkchocolate,1.54
72,2,m&m'spretzel,2.56
72,2,mentosrainbow,3.06
72,2,mike&ikezours,2.14
72,2,milkduds,2.09
72,2,milkyway,1.53
72,2,munchiespeanutbutter,2.03
72,2,nerdsrope,1.96
72,2,nerdsstrawberrygrape,1.96
72,2,oreos,1.54
72,2,oreosgolden,2.57
72,2,pez,2.54
72,2,popcornersjalapeno,2.56
72,2,popcornerskettle,1.47
72,2,popcornerswhitecheddar,1.15
72,2,pringlescheddar,1.07
72,2,pringlessourcreamonion,1.54
72,2,raisinetsmilkchocolate,1.48
73,2,100grand,1.5
73,2,airheadswatermelon,0.52
73,2,blowpopblueraspberry,1.02
73,2,blowpopcherry,1.48
73,2,blowpopsourapple,1.27
73,2,blowpopwatermelon,0.99
73,2,bunchacrunch,1.49
73,2,butterfingerbites,1.5
73,2,caramelapplepops,0.98
73,2,cheesepeanutbuttercrackers,1.45
73,2,cheetoscrunchy,1.21
73,2,cheetospuffs,1.49
73,2,cheez-it,1.17
73,2,cheezitwhitecheddar,0.99
73,2,chexmixtraditional,1.98
73,2,chipsahoy,1.52
73,2,comboscheddar,0.51
73,2,combospizzeria,0.99
73,2,crunch,0.99
73,2,doritoscoolranch,0.5
73,2,doritosnachocheese,1.5
73,2,doritospicychili,0.96
73,2,dots,1.5
73,2,dovecaramelmilkchocolate,1.49
73,2,famousamos,1
73,2,fritos,0.99
73,2,fritosbbq,0.55
73,2,funyuns,1.01
73,2,ghirardellicaramelsquares,1.01
73,2,ghirardellidarkchocolatesquares,1
73,2,ghirardellimilkchocolatesquares,0.54
73,2,giantsweetarts,1.61
73,2,gobstoppers,1
73,2,goobers,2.03
73,2,grandma'schocolatechipcookies,1.46
73,2,grandma'soatmealraisincookies,1.51
73,2,gummywormssour,1.49
73,2,hostesscupcakes,0.97
73,2,hostesspowdereddonut,1.49
73,2,juniorcaramels,0.98
73,2,juniormints,1.5
73,2,keeblerfudgestripes,1.1
73,2,keeblerrainbowcookies,1.49
73,2,kettlebbqchips,0.53
73,2,kettlesalt&pepperchips,0.99
73,2,kettlesalt&vinegarchips,0.48
73,2,kitkat,1.07
73,2,kitkatwhitechocolate,1.27
73,2,laffytaffysourapple,1.02
73,2,laysdillpickle,2.01
73,2,layssourcreamandonion,1.97
73,2,lifesaversgummies,1.04
73,2,lifesaversgummiessours,1.49
73,2,lindtdarkchocolate,1.47
73,2,lindtmilkchocolate,1.5
73,2,m&m'smilkchocolate,0.99
73,2,m&m'smint,1
73,2,m&m'speanuts,0.99
73,2,m&m'spretzel,1.02
73,2,mentosrainbow,0.99
73,2,mike&ikezours,1.59
73,2,milkduds,0.99
73,2,milkyway,1.01
73,2,milkywaycaramel,1.53
73,2,milkywaydark,1.05
73,2,munchiesjalapenocheddar,1.49
73,2,munchiesnachocheese,0.5
73,2,munchiespeanutbutter,1.51
73,2,oreos,1.49
73,2,oreosgolden,1.53
73,2,pez,1.52
73,2,popcornersjalapeno,1.5
73,2,popcornerskettle,1.49
73,2,popcornerswhitecheddar,1.49
73,2,popcornwhitecheddar,2.99
73,2,pringlescheddar,1.46
73,2,pringlesoriginal,1.5
73,2,raisinetsmilkchocolate,1.49
74,2,doritospicychili,1.1
74,2,dots,0.62
74,2,dovecaramelmilkchocolate,0.49
74,2,dovemilk&peanutbutterbites,0.51
74,2,fritos,1.01
74,2,grandma'soatmealraisincookies,0.54
74,2,hostesspowdereddonut,1.05
74,2,milkywaydark,0.58
74,2,nerdsrope,0.54
74,2,pez,1
74,2,popcornwhitecheddar,1
75,2,airheadswatermelon,0.47
75,2,blowpopcherry,0.25
75,2,blowpopsourapple,1.11
75,2,blowpopwatermelon,2.22
75,2,butterfingerbites,1.95
75,2,caramelapplepops,0.96
75,2,cheesepeanutbuttercrackers,1.99
75,2,cheetoscrunchy,1.58
75,2,chipsahoy,0.34
75,2,comboscheddar,0.48
75,2,doritoscoolranch,0.4
75,2,dots,0.31
75,2,keeblerfudgestripes,1.98
75,2,kettlejalapenochips,1.01
75,2,laysclassic,0.22
75,2,layssourcreamandonion,0.66
75,2,layssweetsouthernheatbarbecue,0.27
75,2,lifesaversgummies,0.72
75,2,lifesaversgummiessours,0.45
75,2,lindtmilkchocolate,0.78
75,2,m&m'smilkchocolate,1.51
75,2,m&m'smint,0.64
75,2,m&m'speanuts,1.52
75,2,m&m'spretzel,1.83
75,2,mentosrainbow,0.98
75,2,mike&ikezours,0.24
75,2,milanocookies,0.55
75,2,milkduds,0.49
75,2,milkyway,1.2
75,2,munchiesjalapenocheddar,0.5
75,2,munchiespeanutbutter,0.54
75,2,oreosgolden,0.78
75,2,pez,0.14
75,2,popcornersjalapeno,0.65
75,2,pringlesoriginal,0.16
75,2,raisinetsmilkchocolate,0.11
78,2,3musketeers,1.02
78,2,airheadsblueraspberry,1.07
78,2,airheadscherry,1.16
78,2,airheadsgreenapple,1.09
78,2,almondjoy,0.53
78,2,babyruth,0.99
78,2,blowpopblueraspberry,1.49
78,2,bunchacrunch,1.5
78,2,butterfinger,1.02
78,2,butterfingerbites,1.43
78,2,caramelapplepops,0.5
78,2,cheesepeanutbuttercrackers,1.04
78,2,cheetoscrunchy,1.5
78,2,cheezitwhitecheddar,0.51
78,2,chexmixcheddar,0.96
78,2,chexmixtraditional,1.49
78,2,chipsahoy,1.53
78,2,comboscheddar,1.01
78,2,doritoscoolranch,1.29
78,2,doritosnachocheese,1.47
78,2,doritospicychili,0.99
78,2,dovecaramelmilkchocolate,0.55
78,2,dovedarkchocolatebites,1.48
78,2,fritosbbq,1.51
78,2,ghirardellimilkchocolatesquares,1.75
78,2,goobers,1.99
78,2,grandma'schocolatechipcookies,1.5
78,2,grandma'soatmealraisincookies,1.53
78,2,gummywormssour,1.97
78,2,heathbar,1.41
78,2,hostesschocolatedonuts,1.2
78,2,hostesscupcakes,1.47
78,2,hostesspowdereddonut,1.41
78,2,juniorcaramels,1.38
78,2,juniormints,1.49
78,2,keeblerfudgestripes,1.56
78,2,keeblerrainbowcookies,0.98
78,2,kettlebbqchips,1.48
78,2,kettlejalapenochips,1.58
78,2,kitkatwhitechocolate,1.04
78,2,laffytaffysourapple,1.06
78,2,layscheesygarlicbread,2.42
78,2,laysclassic,1.53
78,2,laysdillpickle,1
78,2,layssourcreamandonion,1.48
78,2,lifesaversgummies,2.16
78,2,lindtdarkchocolate,2.48
78,2,lindtmilkchocolate,2.2
78,2,m&m'smilkchocolate,1.12
78,2,m&m'smint,0.57
78,2,mentosrainbow,0.94
78,2,mike&ikezours,1.41
78,2,milanocookies,1.55
78,2,milkduds,2
78,2,milkyway,1.51
78,2,milkywaycaramel,0.99
78,2,milkywaydark,1
78,2,munchiesnachocheese,0.53
78,2,munchiespeanutbutter,1.5
78,2,nerdsrope,1.94
78,2,nerdsstrawberrygrape,1.76
78,2,oreos,1.52
78,2,oreosgolden,1.52
78,2,pez,1.51
78,2,popcornersjalapeno,1
78,2,popcornerskettle,0.52
78,2,popcornerswhitecheddar,1.05
78,2,popcornwhitecheddar,2.97
78,2,pringlescheddar,1.64
78,2,pringlessourcreamonion,1.76
78,2,raisinetsmilkchocolate,1.49
79,2,100grand,2.02
79,2,3musketeers,1.03
79,2,airheadscherry,1.5
79,2,airheadsgreenapple,0.48
79,2,airheadswatermelon,3.47
79,2,almondjoy,0.5
79,2,babyruth,0.51
79,2,blowpopblueraspberry,1.5
79,2,blowpopcherry,2.01
79,2,blowpopsourapple,2.04
79,2,blowpopwatermelon,2
79,2,bunchacrunch,2.96
79,2,butterfinger,1.02
79,2,butterfingerbites,2.48
79,2,caramelapplepops,2.54
79,2,cheesepeanutbuttercrackers,1.97
79,2,cheetoscrunchy,2.03
79,2,cheetospuffs,0.95
79,2,cheez-it,2.02
79,2,cheezitwhitecheddar,2.02
79,2,chexmixcheddar,1.57
79,2,chexmixtraditional,2.51
79,2,chipsahoy,1.97
79,2,comboscheddar,0.51
79,2,combospizzeria,0.54
79,2,crunch,1
79,2,doritoscoolranch,3.99
79,2,doritosnachocheese,2.96
79,2,doritospicychili,2.51
79,2,dots,1.03
79,2,dovecaramelmilkchocolate,1.1
79,2,dovedarkchocolatebites,1
79,2,dovemilk&peanutbutterbites,0.54
79,2,fritos,0.51
79,2,fritosbbq,1
79,2,funyuns,1.53
79,2,ghirardellicaramelsquares,3.05
79,2,ghirardellidarkchocolatesquares,3.57
79,2,ghirardellimilkchocolatesquares,1.02
79,2,giantsweetarts,0.99
79,2,gobstoppers,0.99
79,2,goldfishcheddar,2.5
79,2,goobers,1.54
79,2,grandma'schocolatechipcookies,3.49
79,2,grandma'soatmealraisincookies,3.43
79,2,grandma'speanutbuttercookies,1.04
79,2,gummywormssour,3.56
79,2,heathbar,2.46
79,2,hostesschocolatedonuts,1.5
79,2,hostesscupcakes,2.53
79,2,hostesspowdereddonut,1.99
79,2,juniorcaramels,3.02
79,2,juniormints,3.46
79,2,keeblerfudgestripes,1.49
79,2,keeblerrainbowcookies,1.52
79,2,kettlebbqchips,3
79,2,kettlejalapenochips,1.54
79,2,kettlesalt&pepperchips,2.05
79,2,kettlesalt&vinegarchips,1.53
79,2,kitkat,2.54
79,2,kitkatwhitechocolate,2.51
79,2,laffytaffysourapple,2.5
79,2,laysclassic,3.11
79,2,laysdillpickle,1.99
79,2,layssourcreamandonion,1.97
79,2,layssweetsouthernheatbarbecue,1.47
79,2,lifesaversgummies,1.49
79,2,lifesaversgummiessours,1.96
79,2,lindtdarkchocolate,2.98
79,2,lindtmilkchocolate,2.5
79,2,m&m'smilkchocolate,1.5
79,2,m&m'smint,2.46
79,2,m&m'speanuts,2.53
79,2,mike&ikezours,2.5
79,2,milanocookies,3.5
79,2,milkduds,3
79,2,milkyway,1.52
79,2,milkywaycaramel,1.52
79,2,milkywaydark,1.98
79,2,munchiesnachocheese,1.01
79,2,munchiespeanutbutter,2.49
79,2,nerdsrope,1.49
79,2,nerdsstrawberrygrape,1.45
79,2,oreos,2.48
79,2,pez,2.47
79,2,popcornersjalapeno,1.59
79,2,popcornerskettle,2.42
79,2,popcornerswhitecheddar,2.59
79,2,popcornwhitecheddar,2.95
79,2,pringlescheddar,1.96
79,2,pringlesoriginal,1.52
81,2,100grand,0.5
81,2,airheadscherry,0.5
81,2,airheadsgreenapple,0.48
81,2,airheadswatermelon,0.74
81,2,almondjoy,0.27
81,2,babyruth,0.24
81,2,blowpopblueraspberry,1.48
81,2,blowpopcherry,1
81,2,blowpopsourapple,1.51
81,2,blowpopwatermelon,0.73
81,2,bunchacrunch,1.98
81,2,butterfinger,1.51
81,2,butterfingerbites,0.98
81,2,caramelapplepops,1
81,2,cheesepeanutbuttercrackers,1.01
81,2,cheetoscrunchy,0.84
81,2,cheetospuffs,0.5
81,2,cheez-it,0.48
81,2,cheezitwhitecheddar,0.76
81,2,chexmixcheddar,1
81,2,chexmixtraditional,1.5
81,2,chipsahoy,1.47
81,2,comboscheddar,0.51
81,2,combospizzeria,0.51
81,2,crunch,1.48
81,2,doritoscoolranch,1.5
81,2,doritosnachocheese,1.5
81,2,doritospicychili,1.01
81,2,dovemilk&peanutbutterbites,0.99
81,2,famousamos,0.84
81,2,fritos,1.02
81,2,fritosbbq,1
81,2,funyuns,1.48
81,2,ghirardellicaramelsquares,0.98
81,2,ghirardellidarkchocolatesquares,1.49
81,2,giantsweetarts,1
81,2,gobstoppers,0.75
81,2,goldfishcheddar,1.49
81,2,goobers,1.49
81,2,grandma'schocolatechipcookies,0.99
81,2,grandma'soatmealraisincookies,0.48
81,2,grandma'speanutbuttercookies,0.35
81,2,heathbar,1
81,2,juniorcaramels,1
81,2,juniormints,0.98
81,2,keeblerfudgestripes,0.98
81,2,kettlesalt&pepperchips,0.98
81,2,kettlesalt&vinegarchips,0.99
81,2,kitkat,0.01
81,2,kitkatwhitechocolate,0.99
81,2,laffytaffysourapple,1
81,2,layscheesygarlicbread,0.47
81,2,laysdillpickle,2.02
81,2,layssourcreamandonion,1.01
81,2,layssweetsouthernheatbarbecue,1
81,2,lifesaversgummies,1.02
81,2,lifesaversgummiessours,0.98
81,2,lindtdarkchocolate,1.46
81,2,m&m'smilkchocolate,0.47
81,2,m&m'smint,0.98
81,2,m&m'speanuts,1
81,2,m&m'spretzel,0.5
81,2,mentosrainbow,0.99
81,2,mike&ikezours,1.5
81,2,milanocookies,1
81,2,milkduds,0.99
81,2,milkyway,0.99
81,2,milkywaycaramel,0.99
81,2,milkywaydark,1.01
81,2,munchiesjalapenocheddar,0.48
81,2,munchiesnachocheese,1.98
81,2,munchiespeanutbutter,0.48
81,2,nerdsrope,0.5
81,2,nerdsstrawberrygrape,0.48
81,2,oreos,0.99
81,2,oreosgolden,1.51
81,2,pez,1.01
81,2,popcornerswhitecheddar,0.98
81,2,popcornwhitecheddar,1.98
81,2,pringlescheddar,1.02
81,2,pringlesoriginal,0.99
82,2,100grand,1.5
82,2,3musketeers,1.01
82,2,airheadsblueraspberry,0.99
82,2,airheadscherry,1
82,2,airheadsgreenapple,0.99
82,2,airheadswatermelon,1.49
82,2,almondjoy,1.01
82,2,babyruth,1
82,2,blowpopcherry,1.5
82,2,blowpopsourapple,2.02
82,2,blowpopwatermelon,1.5
82,2,bunchacrunch,2.99
82,2,butterfinger,3
82,2,butterfingerbites,2
82,2,caramelapplepops,2.5
82,2,cheesepeanutbuttercrackers,2.5
82,2,cheetoscrunchy,2.5
82,2,cheez-it,1.99
82,2,cheezitwhitecheddar,1
82,2,chexmixcheddar,3.49
82,2,chexmixtraditional,3.01
82,2,chipsahoy,3
82,2,comboscheddar,0.51
82,2,combospizzeria,0.5
82,2,crunch,2.01
82,2,doritoscoolranch,3.49
82,2,doritospicychili,3.48
82,2,dots,3.01
82,2,dovedarkchocolatebites,1
82,2,dovemilk&peanutbutterbites,1.99
82,2,fritos,2.48
82,2,fritosbbq,0.99
82,2,funyuns,1.49
82,2,gobstoppers,1.99
82,2,goldfishcheddar,3.98
82,2,goobers,3.99
82,2,grandma'schocolatechipcookies,1.5
82,2,grandma'speanutbuttercookies,0.99
82,2,gummywormssour,2.99
82,2,hostesschocolatedonuts,2.98
82,2,hostesscupcakes,1.98
82,2,hostesspowdereddonut,2
82,2,juniorcaramels,1.49
82,2,juniormints,1.49
82,2,keeblerfudgestripes,1.49
82,2,keeblerrainbowcookies,1.49
82,2,kettlebbqchips,1.01
82,2,kettlejalapenochips,2
82,2,kettlesalt&pepperchips,1.52
82,2,kitkat,1.48
82,2,kitkatwhitechocolate,1.49
82,2,laffytaffysourapple,1.52
82,2,laysclassic,1.5
82,2,laysdillpickle,2.99
82,2,layssourcreamandonion,2.5
82,2,layssweetsouthernheatbarbecue,2.98
82,2,lifesaversgummies,2.99
82,2,lifesaversgummiessours,2.98
82,2,lindtdarkchocolate,2.48
82,2,lindtmilkchocolate,3
82,2,m&m'smilkchocolate,1.51
82,2,m&m'smint,1.49
82,2,m&m'speanuts,2
82,2,m&m'spretzel,2.98
82,2,mentosrainbow,3.49
82,2,milanocookies,1.5
82,2,milkyway,1.47
82,2,milkywaycaramel,1.49
82,2,milkywaydark,1.5
82,2,munchiesjalapenocheddar,1.49
82,2,munchiesnachocheese,1.99
82,2,munchiespeanutbutter,2
82,2,nerdsrope,2
82,2,nerdsstrawberrygrape,1.5
82,2,oreos,1.48
82,2,oreosgolden,2.99
82,2,pez,3.5
82,2,popcornersjalapeno,3.49
82,2,popcornerskettle,1.98
82,2,popcornerswhitecheddar,2
82,2,pringlescheddar,1.5
82,2,pringlesoriginal,1.52
82,2,raisinetsmilkchocolate,1.5
84,2,100grand,0.99
84,2,3musketeers,0.48
84,2,airheadsblueraspberry,0.49
84,2,airheadscherry,0.48
84,2,airheadsgreenapple,0.5
84,2,blowpopcherry,0.99
84,2,blowpopsourapple,1.47
84,2,blowpopwatermelon,0.99
84,2,bunchacrunch,1.49
84,2,butterfinger,1.52
84,2,butterfingerbites,1.49
84,2,caramelapplepops,0.98
84,2,cheesepeanutbuttercrackers,0.99
84,2,cheetoscrunchy,0.98
84,2,cheetospuffs,1.5
84,2,cheezitwhitecheddar,1.49
84,2,chexmixcheddar,0.99
84,2,chexmixtraditional,1.49
84,2,chipsahoy,1.5
84,2,comboscheddar,0.5
84,2,combospizzeria,1
84,2,crunch,1.49
84,2,doritoscoolranch,0.99
84,2,doritosnachocheese,1.49
84,2,doritospicychili,1.01
84,2,dots,0.48
84,2,dovecaramelmilkchocolate,0.5
84,2,dovemilk&peanutbutterbites,1.05
84,2,famousamos,1
84,2,fritosbbq,1.49
84,2,funyuns,1.5
84,2,ghirardellicaramelsquares,2
84,2,ghirardellidarkchocolatesquares,1.98
84,2,ghirardellimilkchocolatesquares,1.5
84,2,giantsweetarts,1.98
84,2,gobstoppers,2.01
84,2,goldfishcheddar,0.98
84,2,goobers,1.49
84,2,grandma'schocolatechipcookies,1.52
84,2,grandma'soatmealraisincookies,1.98
84,2,grandma'speanutbuttercookies,0.47
84,2,gummywormssour,1.49
84,2,heathbar,0.99
84,2,hostesschocolatedonuts,0.98
84,2,hostesspowdereddonut,1.5
84,2,juniormints,2.01
84,2,keeblerfudgestripes,1.47
84,2,keeblerrainbowcookies,0.98
84,2,kettlebbqchips,1.5
84,2,kettlejalapenochips,1.49
84,2,kettlesalt&pepperchips,1.97
84,2,kitkat,0.99
84,2,kitkatwhitechocolate,1.49
84,2,laffytaffysourapple,1
84,2,laysdillpickle,1.99
84,2,layssourcreamandonion,1.49
84,2,lindtdarkchocolate,1.5
84,2,lindtmilkchocolate,1.51
84,2,m&m'smilkchocolate,2
84,2,m&m'smint,1.49
84,2,m&m'speanuts,1.5
84,2,m&m'spretzel,1.01
84,2,mentosrainbow,1
84,2,mike&ikezours,0.99
84,2,milanocookies,1.5
84,2,milkduds,1.49
84,2,milkyway,1.5
84,2,milkywaycaramel,0.95
84,2,milkywaydark,0.99
84,2,munchiesjalapenocheddar,1.01
84,2,munchiespeanutbutter,1.5
84,2,nerdsrope,0.99
84,2,oreos,1.5
84,2,oreosgolden,1.5
84,2,pez,1.49
84,2,popcornersjalapeno,0.98
84,2,popcornerswhitecheddar,1.48
84,2,popcornwhitecheddar,1.99
84,2,pringlescheddar,1.5
84,2,pringlesoriginal,1.52
84,2,pringlessourcreamonion,2.99
84,2,raisinetsmilkchocolate,1.01
85,2,3musketeers,0.51
85,2,airheadsgreenapple,0.51
85,2,bunchacrunch,2
85,2,butterfinger,0.01
85,2,butterfingerbites,1
85,2,doritospicychili,1.49
85,2,funyuns,0.01
85,2,ghirardellimilkchocolatesquares,1.03
85,2,goldfishcheddar,2.01
85,2,goobers,1.48
85,2,grandma'schocolatechipcookies,0.99
85,2,grandma'soatmealraisincookies,1.01
85,2,gummywormssour,1.5
85,2,heathbar,1.5
85,2,hostesschocolatedonuts,1.49
85,2,juniorcaramels,0.49
85,2,juniormints,1
85,2,keeblerfudgestripes,0.53
85,2,keeblerrainbowcookies,0.5
85,2,kettlebbqchips,0.53
85,2,laysdillpickle,1.51
85,2,layssourcreamandonion,1.5
85,2,lifesaversgummiessours,0.01
85,2,lindtdarkchocolate,1.99
85,2,lindtmilkchocolate,1.01
85,2,m&m'smint,0.99
85,2,m&m'spretzel,1.01
85,2,mike&ikezours,1.99
85,2,milkduds,0.99
85,2,milkywaycaramel,1.01
85,2,milkywaydark,0.99
85,2,munchiesjalapenocheddar,0.97
85,2,munchiesnachocheese,1.46
85,2,oreos,0.51
85,2,pez,0.5
85,2,pringlescheddar,0.95
85,2,pringlesoriginal,0.51
85,2,raisinetsmilkchocolate,1
86,2,100grand,0.48
86,2,airheadswatermelon,1.01
86,2,blowpopblueraspberry,1
86,2,blowpopcherry,0.99
86,2,blowpopsourapple,1.5
86,2,blowpopwatermelon,0.49
86,2,bunchacrunch,1.48
86,2,butterfinger,1.99
86,2,butterfingerbites,1.5
86,2,cheesepeanutbuttercrackers,2.49
86,2,cheetoscrunchy,1.98
86,2,cheetospuffs,0.99
86,2,cheezitwhitecheddar,0.98
86,2,chipsahoy,0.99
86,2,combospizzeria,0.5
86,2,crunch,1.49
86,2,doritoscoolranch,1.49
86,2,doritosnachocheese,1
86,2,doritospicychili,1
86,2,dovecaramelmilkchocolate,0.49
86,2,dovemilk&peanutbutterbites,1.48
86,2,fritos,0.99
86,2,fritosbbq,1.48
86,2,ghirardellicaramelsquares,3
86,2,ghirardellidarkchocolatesquares,2.99
86,2,giantsweetarts,1.99
86,2,gobstoppers,2.49
86,2,grandma'schocolatechipcookies,1.49
86,2,gummywormssour,2
86,2,heathbar,1
86,2,hostesscupcakes,0.99
86,2,juniorcaramels,0.49
86,2,keeblerfudgestripes,1.99
86,2,keeblerrainbowcookies,0.5
86,2,kettlesalt&pepperchips,1.48
86,2,kitkat,0.5
86,2,layssourcreamandonion,2.48
86,2,lifesaversgummiessours,1
86,2,lindtdarkchocolate,2.02
86,2,lindtmilkchocolate,2
86,2,m&m'smilkchocolate,2.48
86,2,m&m'smint,2
86,2,m&m'speanuts,1.5
86,2,m&m'spretzel,1
86,2,mentosrainbow,0.5
86,2,milanocookies,0.99
86,2,milkduds,0.5
86,2,milkyway,0.48
86,2,milkywaycaramel,1.5
86,2,milkywaydark,0.49
86,2,munchiesjalapenocheddar,0.99
86,2,munchiespeanutbutter,0.99
86,2,nerdsrope,0.5
86,2,nerdsstrawberrygrape,0.48
86,2,oreosgolden,1.51
86,2,pez,0.51
86,2,popcornerskettle,0.48
86,2,popcornerswhitecheddar,0.48
86,2,popcornwhitecheddar,2
86,2,pringlescheddar,1.5
86,2,pringlesoriginal,1.99
86,2,pringlessourcreamonion,0.5
88,2,3musketeers,1.05
88,2,airheadsblueraspberry,0.48
88,2,airheadscherry,0.54
88,2,airheadsgreenapple,0.98
88,2,babyruth,0.02
88,2,blowpopwatermelon,0.02
88,2,bunchacrunch,0.97
88,2,butterfinger,0.99
88,2,cheesepeanutbuttercrackers,1.01
88,2,cheetoscrunchy,1.03
88,2,cheetospuffs,0.98
88,2,cheezitwhitecheddar,0.49
88,2,chexmixcheddar,1.47
88,2,chexmixtraditional,1.59
88,2,chipsahoy,1.45
88,2,crunch,0.99
88,2,doritospicychili,0.98
88,2,dovecaramelmilkchocolate,0.52
88,2,dovemilk&peanutbutterbites,1.09
88,2,famousamos,0.99
88,2,ghirardellidarkchocolatesquares,0.49
88,2,gobstoppers,1.02
88,2,grandma'speanutbuttercookies,0.53
88,2,heathbar,1.05
88,2,hostesscupcakes,1.01
88,2,hostesspowdereddonut,0.54
88,2,kettlebbqchips,0.03
88,2,layssourcreamandonion,1
88,2,layssweetsouthernheatbarbecue,0.01
88,2,lindtdarkchocolate,0.56
88,2,lindtmilkchocolate,0.48
88,2,mentosrainbow,1.5
88,2,mike&ikezours,0.95
88,2,milkyway,0.8
88,2,munchiesnachocheese,0.02
88,2,munchiespeanutbutter,0.98
88,2,nerdsrope,1.49
88,2,nerdsstrawberrygrape,1.01
88,2,oreosgolden,1.53
88,2,popcornersjalapeno,1.51
88,2,pringlescheddar,1.48
88,2,raisinetsmilkchocolate,0.02
89,2,100grand,2.47
89,2,airheadscherry,0.48
89,2,airheadsgreenapple,0.51
89,2,airheadswatermelon,0.03
89,2,almondjoy,0.03
89,2,babyruth,0.53
89,2,blowpopblueraspberry,0.97
89,2,blowpopcherry,1.53
89,2,blowpopsourapple,1.47
89,2,bunchacrunch,2.06
89,2,butterfinger,2.48
89,2,butterfingerbites,0.48
89,2,cheezitwhitecheddar,1.46
89,2,chexmixcheddar,0.57
89,2,chexmixtraditional,0.54
89,2,chipsahoy,0.57
89,2,comboscheddar,0.45
89,2,combospizzeria,0.56
89,2,crunch,1.1
89,2,doritosnachocheese,1.14
89,2,doritospicychili,0.48
89,2,dots,1.05
89,2,dovecaramelmilkchocolate,1.55
89,2,dovedarkchocolatebites,1.48
89,2,dovemilk&peanutbutterbites,1.03
89,2,fritos,1.03
89,2,fritosbbq,0.5
89,2,funyuns,0.53
89,2,ghirardellicaramelsquares,2.57
89,2,ghirardellidarkchocolatesquares,2.93
89,2,ghirardellimilkchocolatesquares,2.42
89,2,goobers,1.01
89,2,grandma'schocolatechipcookies,1.47
89,2,heathbar,1.03
89,2,hostesschocolatedonuts,0.54
89,2,hostesscupcakes,0.53
89,2,hostesspowdereddonut,3.05
89,2,keeblerfudgestripes,1.12
89,2,kettlebbqchips,1.99
89,2,kettlejalapenochips,1.03
89,2,kettlesalt&pepperchips,2.01
89,2,kettlesalt&vinegarchips,1.5
89,2,kitkat,2.11
89,2,kitkatwhitechocolate,1.43
89,2,laffytaffysourapple,1.98
89,2,laysclassic,0.02
89,2,laysdillpickle,0.54
89,2,layssourcreamandonion,2.52
89,2,layssweetsouthernheatbarbecue,2.05
89,2,lifesaversgummies,2.56
89,2,lifesaversgummiessours,2.54
89,2,lindtdarkchocolate,1.55
89,2,lindtmilkchocolate,2.61
89,2,m&m'smilkchocolate,0.96
89,2,m&m'smint,1.5
89,2,m&m'speanuts,1.08
89,2,m&m'spretzel,0.56
89,2,mentosrainbow,1.5
89,2,mike&ikezours,1
89,2,milanocookies,1.62
89,2,milkduds,1.61
89,2,milkyway,1.55
89,2,milkywaycaramel,1.51
89,2,milkywaydark,2.06
89,2,munchiesjalapenocheddar,1.06
89,2,munchiespeanutbutter,1.99
89,2,nerdsstrawberrygrape,0.03
89,2,oreos,1.43
89,2,oreosgolden,2.04
89,2,pez,2.53
89,2,popcornersjalapeno,2.47
89,2,popcornerswhitecheddar,0.06
89,2,popcornwhitecheddar,3.45
89,2,pringlescheddar,2.45
89,2,pringlesoriginal,0.53
89,2,pringlessourcreamonion,1.95
89,2,raisinetsmilkchocolate,1.02
90,2,100grand,1.99
90,2,3musketeers,0.53
90,2,airheadsblueraspberry,0.99
90,2,airheadscherry,0.52
90,2,airheadsgreenapple,0.5
90,2,airheadswatermelon,2.96
90,2,babyruth,1.52
90,2,blowpopblueraspberry,2.58
90,2,blowpopcherry,1.49
90,2,blowpopsourapple,1.98
90,2,blowpopwatermelon,2.51
90,2,bunchacrunch,2
90,2,butterfinger,2.5
90,2,butterfingerbites,1.55
90,2,cheesepeanutbuttercrackers,3
90,2,cheetoscrunchy,3.01
90,2,cheetospuffs,2.49
90,2,cheez-it,2.99
90,2,cheezitwhitecheddar,2.02
90,2,chexmixcheddar,2.49
90,2,chexmixtraditional,2
90,2,chipsahoy,2.48
90,2,comboscheddar,3.05
90,2,combospizzeria,2.48
90,2,crunch,2.96
90,2,doritoscoolranch,2.5
90,2,doritosnachocheese,2.98
90,2,doritospicychili,3
90,2,dots,2.97
90,2,dovecaramelmilkchocolate,2.99
90,2,dovedarkchocolatebites,2.97
90,2,dovemilk&peanutbutterbites,1.98
90,2,famousamos,2.99
90,2,fritos,2
90,2,fritosbbq,2.93
90,2,funyuns,3.49
90,2,ghirardellicaramelsquares,2.49
90,2,ghirardellidarkchocolatesquares,2
90,2,ghirardellimilkchocolatesquares,3.02
90,2,giantsweetarts,1.96
90,2,gobstoppers,2.02
90,2,goldfishcheddar,3.5
90,2,goobers,2.51
90,2,grandma'soatmealraisincookies,2.97
90,2,grandma'speanutbuttercookies,1.04
90,2,gummywormssour,3
90,2,heathbar,3.49
90,2,hostesschocolatedonuts,1.98
90,2,hostesscupcakes,1.99
90,2,hostesspowdereddonut,2.53
90,2,juniorcaramels,3.45
90,2,juniormints,3.49
90,2,keeblerfudgestripes,1.98
90,2,keeblerrainbowcookies,1.98
90,2,kettlebbqchips,2.49
90,2,kettlesalt&pepperchips,2.98
90,2,kitkat,1.5
90,2,kitkatwhitechocolate,1.56
90,2,laffytaffysourapple,2.01
90,2,layscheesygarlicbread,2
90,2,laysclassic,1.48
90,2,laysdillpickle,2
90,2,layssourcreamandonion,2.48
90,2,layssweetsouthernheatbarbecue,2.1
90,2,lifesaversgummies,2.5
90,2,lifesaversgummiessours,2.52
90,2,lindtdarkchocolate,3.01
90,2,lindtmilkchocolate,2.5
90,2,m&m'smilkchocolate,1.48
90,2,m&m'smint,1.51
90,2,m&m'speanuts,1.52
90,2,m&m'spretzel,2.01
90,2,mentosrainbow,3.47
90,2,mike&ikezours,2.46
90,2,milanocookies,1.99
90,2,milkduds,2
90,2,milkyway,1.54
90,2,milkywaycaramel,1.48
90,2,milkywaydark,1.5
90,2,munchiesjalapenocheddar,1.53
90,2,munchiesnachocheese,2.98
90,2,munchiespeanutbutter,3.49
90,2,nerdsrope,2.98
90,2,nerdsstrawberrygrape,2.51
90,2,oreos,1.5
90,2,oreosgolden,2.5
90,2,pez,2.5
90,2,popcornersjalapeno,3.01
90,2,popcornerskettle,3.77
90,2,popcornerswhitecheddar,3.51
90,2,popcornwhitecheddar,2.98
90,2,pringlescheddar,2.44
90,2,pringlesoriginal,2
90,2,pringlessourcreamonion,3.48
90,2,raisinetsmilkchocolate,3
91,2,100grand,0.99
91,2,3musketeers,0.5
91,2,airheadsblueraspberry,0.5
91,2,airheadscherry,0.5
91,2,airheadsgreenapple,0.48
91,2,airheadswatermelon,0.99
91,2,almondjoy,0.52
91,2,babyruth,0.47
91,2,blowpopblueraspberry,1.01
91,2,blowpopcherry,1.48
91,2,blowpopsourapple,1.49
91,2,blowpopwatermelon,1.01
91,2,bunchacrunch,1.49
91,2,butterfinger,1.01
91,2,butterfingerbites,1.01
91,2,cheesepeanutbuttercrackers,1
91,2,cheetoscrunchy,0.99
91,2,cheetospuffs,1.47
91,2,cheez-it,1.02
91,2,cheezitwhitecheddar,1.98
91,2,chexmixcheddar,0.99
91,2,combospizzeria,1.99
91,2,crunch,1.99
91,2,doritoscoolranch,1
91,2,dovecaramelmilkchocolate,2.02
91,2,dovedarkchocolatebites,0.99
91,2,dovemilk&peanutbutterbites,1.5
91,2,famousamos,1.49
91,2,fritos,1.01
91,2,fritosbbq,1.49
91,2,funyuns,1.99
91,2,ghirardellimilkchocolatesquares,0.99
91,2,giantsweetarts,0.99
91,2,gobstoppers,1.5
91,2,goldfishcheddar,0.48
91,2,grandma'schocolatechipcookies,1.45
91,2,grandma'soatmealraisincookies,1.47
91,2,grandma'speanutbuttercookies,0.49
91,2,heathbar,1.98
91,2,hostesschocolatedonuts,0.99
91,2,hostesscupcakes,0.57
91,2,hostesspowdereddonut,0.5
91,2,juniorcaramels,1.49
91,2,juniormints,1.01
91,2,keeblerfudgestripes,1.01
91,2,keeblerrainbowcookies,1.02
91,2,kettlesalt&pepperchips,1.5
91,2,kettlesalt&vinegarchips,1.51
91,2,kitkatwhitechocolate,1.52
91,2,laffytaffysourapple,1.5
91,2,laysclassic,0.42
91,2,layssweetsouthernheatbarbecue,1
91,2,lifesaversgummiessours,1
91,2,lindtdarkchocolate,0.99
91,2,lindtmilkchocolate,1.48
91,2,m&m'smint,1
91,2,m&m'speanuts,1.02
91,2,mike&ikezours,0.99
91,2,milanocookies,0.98
91,2,milkduds,0.98
91,2,milkyway,0.99
91,2,milkywaydark,1.49
91,2,munchiesjalapenocheddar,1.49
91,2,munchiespeanutbutter,0.48
91,2,nerdsrope,0.48
91,2,oreos,0.5
91,2,oreosgolden,0.99
91,2,pez,0.99
91,2,popcornerskettle,0.5
91,2,popcornerswhitecheddar,0.53
91,2,popcornwhitecheddar,2.5
91,2,pringlescheddar,1.98
91,2,pringlesoriginal,1.49
91,2,pringlessourcreamonion,0.98
91,2,raisinetsmilkchocolate,1.01
92,2,100grand,1.5
92,2,airheadsblueraspberry,0.41
92,2,airheadscherry,0.09
92,2,airheadsgreenapple,0.55
92,2,airheadswatermelon,1
92,2,almondjoy,0.54
92,2,blowpopblueraspberry,1.02
92,2,blowpopcherry,0.56
92,2,blowpopsourapple,1.01
92,2,blowpopwatermelon,0.97
92,2,bunchacrunch,1.1
92,2,butterfinger,0.74
92,2,butterfingerbites,0.51
92,2,caramelapplepops,1.68
92,2,cheesepeanutbuttercrackers,0.91
92,2,cheetoscrunchy,0.55
92,2,cheez-it,1.05
92,2,cheezitwhitecheddar,1.52
92,2,chexmixcheddar,1.03
92,2,chexmixtraditional,0.95
92,2,chipsahoy,0.96
92,2,comboscheddar,1.5
92,2,combospizzeria,1.44
92,2,crunch,0.98
92,2,doritoscoolranch,1.01
92,2,doritosnachocheese,0.46
92,2,doritospicychili,1.52
92,2,dots,2.02
92,2,dovecaramelmilkchocolate,1.5
92,2,dovedarkchocolatebites,0.05
92,2,dovemilk&peanutbutterbites,1.4
92,2,famousamos,0.51
92,2,fritos,0.46
92,2,fritosbbq,1.02
92,2,funyuns,1.56
92,2,ghirardellicaramelsquares,1.45
92,2,ghirardellidarkchocolatesquares,1.47
92,2,ghirardellimilkchocolatesquares,1.01
92,2,giantsweetarts,1.04
92,2,gobstoppers,0.97
92,2,goldfishcheddar,1
92,2,goobers,0.94
92,2,grandma'schocolatechipcookies,1.54
92,2,grandma'soatmealraisincookies,1.5
92,2,grandma'speanutbuttercookies,0.49
92,2,gummywormssour,1.53
92,2,heathbar,0.8
92,2,hostesschocolatedonuts,0.98
92,2,hostesscupcakes,1.07
92,2,juniorcaramels,1.07
92,2,keeblerfudgestripes,0.64
92,2,keeblerrainbowcookies,1.01
92,2,kettlejalapenochips,0.61
92,2,kettlesalt&pepperchips,1.85
92,2,kettlesalt&vinegarchips,0.48
92,2,kitkat,1.02
92,2,kitkatwhitechocolate,1.02
92,2,laffytaffysourapple,0.54
92,2,layscheesygarlicbread,0.2
92,2,laysclassic,0.56
92,2,layssourcreamandonion,1.07
92,2,layssweetsouthernheatbarbecue,1
92,2,lifesaversgummiessours,1.02
92,2,lindtdarkchocolate,1.05
92,2,lindtmilkchocolate,0.54
92,2,m&m'smilkchocolate,0.99
92,2,m&m'smint,0.51
92,2,m&m'speanuts,0.47
92,2,m&m'spretzel,1.02
92,2,mentosrainbow,1
92,2,mike&ikezours,0.99
92,2,milanocookies,0.55
92,2,milkduds,0.49
92,2,milkyway,0.5
92,2,milkywaycaramel,1.02
92,2,milkywaydark,0.52
92,2,nerdsrope,0.46
92,2,nerdsstrawberrygrape,0.5
92,2,oreosgolden,0.99
92,2,pez,1.48
92,2,popcornersjalapeno,1
92,2,popcornerskettle,0.97
92,2,popcornerswhitecheddar,0.98
92,2,popcornwhitecheddar,2.02
92,2,pringlescheddar,1.52
92,2,pringlesoriginal,1.5
92,2,pringlessourcreamonion,0.42
92,2,raisinetsmilkchocolate,0.5
93,2,100grand,1.99
93,2,airheadswatermelon,1
93,2,blowpopblueraspberry,2
93,2,blowpopwatermelon,2.03
93,2,cheesepeanutbuttercrackers,1.46
93,2,cheetoscrunchy,1.5
93,2,cheetospuffs,1.62
93,2,cheez-it,0.5
93,2,cheezitwhitecheddar,2.49
93,2,chexmixcheddar,0.51
93,2,chexmixtraditional,2.01
93,2,chipsahoy,1
93,2,comboscheddar,0.51
93,2,combospizzeria,0.5
93,2,crunch,1.98
93,2,doritoscoolranch,2
93,2,doritosnachocheese,1.48
93,2,doritospicychili,1.51
93,2,dots,0.48
93,2,dovecaramelmilkchocolate,0.44
93,2,dovemilk&peanutbutterbites,0.98
93,2,famousamos,0.99
93,2,fritos,1.92
93,2,funyuns,0.5
93,2,ghirardellicaramelsquares,1.44
93,2,ghirardellidarkchocolatesquares,1.52
93,2,gobstoppers,1.47
93,2,goldfishcheddar,1.97
93,2,goobers,2.51
93,2,grandma'schocolatechipcookies,2.01
93,2,grandma'soatmealraisincookies,1.5
93,2,gummywormssour,1.51
93,2,heathbar,1.49
93,2,hostesschocolatedonuts,2.03
93,2,hostesscupcakes,0.51
93,2,juniorcaramels,0.52
93,2,juniormints,0.54
93,2,keeblerfudgestripes,2
93,2,keeblerrainbowcookies,2.01
93,2,kettlejalapenochips,0.05
93,2,kettlesalt&pepperchips,3
93,2,kitkat,2
93,2,kitkatwhitechocolate,0.51
93,2,laffytaffysourapple,2
93,2,laysdillpickle,2.51
93,2,layssweetsouthernheatbarbecue,1.03
93,2,lifesaversgummies,2.53
93,2,lifesaversgummiessours,0.98
93,2,lindtmilkchocolate,2.03
93,2,m&m'smilkchocolate,2.49
93,2,m&m'smint,2.48
93,2,m&m'speanuts,1.02
93,2,m&m'spretzel,1.98
93,2,mentosrainbow,2.01
93,2,milanocookies,0.55
93,2,milkduds,0.02
93,2,milkywaycaramel,1.52
93,2,milkywaydark,0.99
93,2,munchiesnachocheese,1.47
93,2,munchiespeanutbutter,0.5
93,2,nerdsrope,0.5
93,2,nerdsstrawberrygrape,0.5
93,2,oreosgolden,1
93,2,popcornersjalapeno,2.01
93,2,popcornerskettle,0.5
93,2,popcornerswhitecheddar,0.53
93,2,popcornwhitecheddar,2
93,2,pringlescheddar,2
93,2,pringlesoriginal,2.04
93,2,raisinetsmilkchocolate,0.99
94,2,100grand,1.18
94,2,3musketeers,0.21
94,2,airheadsblueraspberry,0.24
94,2,airheadscherry,0.26
94,2,airheadsgreenapple,0.51
94,2,airheadswatermelon,2
94,2,almondjoy,0.27
94,2,babyruth,0.49
94,2,blowpopblueraspberry,1.71
94,2,blowpopcherry,1.46
94,2,blowpopsourapple,2.21
94,2,blowpopwatermelon,1.28
94,2,bunchacrunch,1.72
94,2,butterfinger,1.5
94,2,butterfingerbites,1.2
94,2,caramelapplepops,1.7
94,2,cheesepeanutbuttercrackers,1.49
94,2,cheetoscrunchy,2.98
94,2,cheetospuffs,1.2
94,2,cheezitwhitecheddar,1.51
94,2,chipsahoy,2
94,2,comboscheddar,1.01
94,2,combospizzeria,0.36
94,2,crunch,0.99
94,2,doritoscoolranch,1.5
94,2,doritosnachocheese,1.26
94,2,doritospicychili,1.51
94,2,dots,0.98
94,2,dovecaramelmilkchocolate,0.5
94,2,dovemilk&peanutbutterbites,1.03
94,2,famousamos,0.98
94,2,fritos,0.99
94,2,fritosbbq,1.32
94,2,ghirardellicaramelsquares,1.98
94,2,ghirardellidarkchocolatesquares,1.68
94,2,giantsweetarts,1.24
94,2,gobstoppers,1.02
94,2,goldfishcheddar,1.72
94,2,goobers,1.11
94,2,grandma'schocolatechipcookies,1.3
94,2,grandma'speanutbuttercookies,0.16
94,2,gummywormssour,2.23
94,2,heathbar,1.47
94,2,hostesscupcakes,1.52
94,2,juniorcaramels,1.22
94,2,juniormints,1.96
94,2,keeblerfudgestripes,1.5
94,2,keeblerrainbowcookies,1
94,2,kettlebbqchips,1.45
94,2,kettlejalapenochips,0.99
94,2,kettlesalt&pepperchips,0.74
94,2,kitkat,0.82
94,2,laffytaffysourapple,1.27
94,2,layscheesygarlicbread,1.98
94,2,laysclassic,1.25
94,2,layssourcreamandonion,1.5
94,2,layssweetsouthernheatbarbecue,1.02
94,2,lifesaversgummies,1.61
94,2,lifesaversgummiessours,1.26
94,2,lindtdarkchocolate,1.67
94,2,lindtmilkchocolate,0.81
94,2,m&m'smilkchocolate,1.51
94,2,m&m'speanuts,1.5
94,2,mentosrainbow,1.49
94,2,mike&ikezours,1.38
94,2,milanocookies,2.01
94,2,milkduds,1.27
94,2,milkyway,1.48
94,2,milkywaycaramel,1.24
94,2,milkywaydark,2
94,2,munchiesjalapenocheddar,1.34
94,2,munchiesnachocheese,3.25
94,2,munchiespeanutbutter,1.31
94,2,nerdsrope,1.47
94,2,nerdsstrawberrygrape,1
94,2,oreos,0.95
94,2,oreosgolden,1.98
94,2,pez,1.23
94,2,popcornersjalapeno,1.22
94,2,popcornerskettle,1.25
94,2,popcornwhitecheddar,2
94,2,pringlesoriginal,1.3
94,2,pringlessourcreamonion,0.98
94,2,raisinetsmilkchocolate,1.97
95,2,100grand,1
95,2,airheadsblueraspberry,0.48
95,2,airheadscherry,0.49
95,2,airheadswatermelon,1.5
95,2,almondjoy,0.5
95,2,babyruth,0.51
95,2,blowpopblueraspberry,0.5
95,2,blowpopcherry,0.51
95,2,blowpopsourapple,0.98
95,2,blowpopwatermelon,0.99
95,2,bunchacrunch,0.48
95,2,butterfingerbites,0.99
95,2,caramelapplepops,1
95,2,cheesepeanutbuttercrackers,1.01
95,2,cheetoscrunchy,1.49
95,2,cheetospuffs,0.98
95,2,cheezitwhitecheddar,1.01
95,2,chexmixcheddar,1
95,2,comboscheddar,0.49
95,2,combospizzeria,1.52
95,2,crunch,1.02
95,2,doritoscoolranch,0.48
95,2,doritosnachocheese,0.51
95,2,doritospicychili,0.51
95,2,dots,2
95,2,dovecaramelmilkchocolate,2
95,2,dovemilk&peanutbutterbites,1.49
95,2,famousamos,1.01
95,2,fritos,0.49
95,2,fritosbbq,0.96
95,2,funyuns,1.99
95,2,ghirardellimilkchocolatesquares,1.51
95,2,giantsweetarts,1
95,2,gobstoppers,1.01
95,2,goldfishcheddar,0.5
95,2,grandma'schocolatechipcookies,0.99
95,2,grandma'soatmealraisincookies,2
95,2,gummywormssour,0.5
95,2,heathbar,0.49
95,2,hostesschocolatedonuts,1.49
95,2,hostesscupcakes,0.5
95,2,hostesspowdereddonut,0.49
95,2,juniorcaramels,0.5
95,2,juniormints,1.51
95,2,keeblerfudgestripes,0.5
95,2,keeblerrainbowcookies,1
95,2,kettlebbqchips,0.5
95,2,kettlesalt&pepperchips,1.99
95,2,kettlesalt&vinegarchips,1.51
95,2,kitkat,1.5
95,2,kitkatwhitechocolate,1.48
95,2,laffytaffysourapple,1.01
95,2,layscheesygarlicbread,1.01
95,2,laysclassic,0.5
95,2,laysdillpickle,1.5
95,2,layssourcreamandonion,1.5
95,2,layssweetsouthernheatbarbecue,1.49
95,2,lifesaversgummiessours,1
95,2,lindtdarkchocolate,0.99
95,2,m&m'smint,0.5
95,2,m&m'speanuts,0.48
95,2,m&m'spretzel,0.5
95,2,mentosrainbow,0.49
95,2,milanocookies,0.01
95,2,milkduds,0.5
95,2,milkyway,1.01
95,2,milkywaycaramel,1.99
95,2,milkywaydark,1.5
95,2,munchiesjalapenocheddar,1.03
95,2,munchiesnachocheese,1.01
95,2,nerdsrope,0.99
95,2,oreos,1
95,2,oreosgolden,1.5
95,2,popcornersjalapeno,1.5
95,2,popcornwhitecheddar,2
95,2,pringlescheddar,0.98
95,2,pringlessourcreamonion,0.5
95,2,raisinetsmilkchocolate,0.51
96,2,100grand,0.49
96,2,airheadswatermelon,0.75
96,2,blowpopcherry,0.5
96,2,blowpopwatermelon,0.17
96,2,butterfingerbites,0.99
96,2,caramelapplepops,0.98
96,2,cheesepeanutbuttercrackers,1
96,2,cheetoscrunchy,0.99
96,2,cheetospuffs,0.49
96,2,cheez-it,0.24
96,2,cheezitwhitecheddar,0.52
96,2,chexmixcheddar,0.98
96,2,chexmixtraditional,1.02
96,2,chipsahoy,0.96
96,2,comboscheddar,0.5
96,2,combospizzeria,0.5
96,2,crunch,0.75
96,2,doritoscoolranch,0.99
96,2,doritosnachocheese,1.25
96,2,doritospicychili,0.99
96,2,dots,0.25
96,2,dovecaramelmilkchocolate,0.25
96,2,dovedarkchocolatebites,0.97
96,2,famousamos,0.5
96,2,fritos,1.25
96,2,fritosbbq,0.5
96,2,funyuns,0.76
96,2,ghirardellicaramelsquares,0.38
96,2,ghirardellidarkchocolatesquares,0.26
96,2,giantsweetarts,0.51
96,2,gobstoppers,0.51
96,2,goldfishcheddar,1.01
96,2,goobers,0.99
96,2,grandma'schocolatechipcookies,0.99
96,2,grandma'soatmealraisincookies,1.01
96,2,gummywormssour,1.02
96,2,heathbar,1.02
96,2,hostesschocolatedonuts,1
96,2,hostesscupcakes,0.99
96,2,hostesspowdereddonut,1.24
96,2,juniorcaramels,0.77
96,2,juniormints,0.5
96,2,keeblerfudgestripes,0.81
96,2,keeblerrainbowcookies,0.77
96,2,kettlebbqchips,0.5
96,2,kettlejalapenochips,0.81
96,2,kettlesalt&pepperchips,0.75
96,2,kitkat,0.51
96,2,laffytaffysourapple,0.49
96,2,layscheesygarlicbread,0.85
96,2,laysclassic,0.51
96,2,laysdillpickle,1.23
96,2,layssourcreamandonion,0.99
96,2,layssweetsouthernheatbarbecue,0.99
96,2,lifesaversgummies,0.8
96,2,lindtdarkchocolate,1.19
96,2,lindtmilkchocolate,1.25
96,2,m&m'smilkchocolate,0.5
96,2,m&m'smint,1
96,2,m&m'speanuts,0.81
96,2,m&m'spretzel,0.75
96,2,mentosrainbow,1
96,2,mike&ikezours,0.99
96,2,milkduds,0.76
96,2,milkyway,0.78
96,2,milkywaydark,0.78
96,2,munchiesjalapenocheddar,0.74
96,2,munchiespeanutbutter,0.75
96,2,nerdsrope,1
96,2,nerdsstrawberrygrape,0.81
96,2,oreosgolden,0.98
96,2,pez,0.98
96,2,popcornersjalapeno,0.97
96,2,popcornerskettle,0.78
96,2,popcornerswhitecheddar,0.75
96,2,pringlescheddar,0.51
96,2,pringlesoriginal,0.75
96,2,pringlessourcreamonion,0.51
96,2,raisinetsmilkchocolate,0.49
97,2,100grand,1.05
97,2,3musketeers,1
97,2,airheadsblueraspberry,0.98
97,2,airheadscherry,0.99
97,2,almondjoy,1.47
97,2,babyruth,0.98
97,2,blowpopcherry,0.97
97,2,blowpopsourapple,0.99
97,2,blowpopwatermelon,1.48
97,2,butterfinger,1.5
97,2,butterfingerbites,2
97,2,caramelapplepops,1.99
97,2,cheesepeanutbuttercrackers,2.51
97,2,cheetoscrunchy,2.01
97,2,cheetospuffs,1.47
97,2,cheezitwhitecheddar,1
97,2,chexmixcheddar,2
97,2,chexmixtraditional,1.51
97,2,chipsahoy,1.98
97,2,crunch,1.49
97,2,doritosnachocheese,1.97
97,2,doritospicychili,1.48
97,2,dovecaramelmilkchocolate,0.98
97,2,dovedarkchocolatebites,1.98
97,2,dovemilk&peanutbutterbites,0.99
97,2,fritos,1.01
97,2,funyuns,1.99
97,2,giantsweetarts,1
97,2,gobstoppers,1.98
97,2,goldfishcheddar,1.5
97,2,goobers,1.51
97,2,grandma'schocolatechipcookies,1.5
97,2,grandma'soatmealraisincookies,1.49
97,2,grandma'speanutbuttercookies,0.49
97,2,gummywormssour,1.49
97,2,heathbar,1.02
97,2,hostesschocolatedonuts,2
97,2,hostesspowdereddonut,0.97
97,2,juniorcaramels,0.99
97,2,keeblerrainbowcookies,1.49
97,2,kettlejalapenochips,2.03
97,2,kettlesalt&pepperchips,0.99
97,2,kettlesalt&vinegarchips,1.48
97,2,kitkat,1.01
97,2,kitkatwhitechocolate,0.99
97,2,layssourcreamandonion,1.5
97,2,lifesaversgummies,1.5
97,2,lifesaversgummiessours,1.49
97,2,lindtdarkchocolate,1.49
97,2,lindtmilkchocolate,1.52
97,2,m&m'smint,1.47
97,2,m&m'speanuts,1.01
97,2,m&m'spretzel,1.5
97,2,mentosrainbow,2
97,2,mike&ikezours,2
97,2,milkduds,0.98
97,2,milkywaycaramel,0.99
97,2,milkywaydark,1
97,2,munchiesjalapenocheddar,1.5
97,2,munchiesnachocheese,0.99
97,2,munchiespeanutbutter,2.5
97,2,nerdsrope,0.96
97,2,nerdsstrawberrygrape,1.46
97,2,oreos,1.5
97,2,oreosgolden,0.98
97,2,pez,1
97,2,popcornersjalapeno,1.51
97,2,popcornwhitecheddar,1.01
97,2,pringlescheddar,0.99
97,2,pringlesoriginal,1.49
97,2,pringlessourcreamonion,1.97
98,2,100grand,0.67
98,2,3musketeers,0.32
98,2,airheadsblueraspberry,0.36
98,2,airheadscherry,0.18
98,2,airheadswatermelon,1.2
98,2,almondjoy,0.09
98,2,babyruth,0.08
98,2,blowpopblueraspberry,1.49
98,2,blowpopcherry,0.91
98,2,blowpopwatermelon,0.65
98,2,bunchacrunch,0.9
98,2,butterfinger,0.73
98,2,cheesepeanutbuttercrackers,0.49
98,2,cheetoscrunchy,1.33
98,2,cheetospuffs,1.33
98,2,cheez-it,0.47
98,2,cheezitwhitecheddar,1.71
98,2,chexmixcheddar,0.95
98,2,chexmixtraditional,1.26
98,2,chipsahoy,0.92
98,2,combospizzeria,1.24
98,2,crunch,1.79
98,2,doritosnachocheese,0.84
98,2,dots,1.37
98,2,dovecaramelmilkchocolate,2
98,2,dovedarkchocolatebites,0.23
98,2,dovemilk&peanutbutterbites,1.59
98,2,famousamos,1.14
98,2,fritos,1.32
98,2,fritosbbq,1.23
98,2,funyuns,1.2
98,2,ghirardellicaramelsquares,1
98,2,ghirardellidarkchocolatesquares,0.94
98,2,ghirardellimilkchocolatesquares,0.82
98,2,giantsweetarts,0.98
98,2,gobstoppers,0.88
98,2,goldfishcheddar,1.5
98,2,goobers,1.07
98,2,grandma'schocolatechipcookies,1.65
98,2,grandma'soatmealraisincookies,1.64
98,2,gummywormssour,0.99
98,2,heathbar,1.11
98,2,hostesschocolatedonuts,1.31
98,2,juniorcaramels,0.51
98,2,kettlebbqchips,0.78
98,2,kettlesalt&pepperchips,1.2
98,2,kettlesalt&vinegarchips,0.82
98,2,kitkat,1.22
98,2,kitkatwhitechocolate,1.12
98,2,laffytaffysourapple,0.84
98,2,laysclassic,0.8
98,2,laysdillpickle,0.76
98,2,layssourcreamandonion,0.78
98,2,lifesaversgummies,1.19
98,2,lindtdarkchocolate,1.82
98,2,lindtmilkchocolate,1.59
98,2,m&m'smilkchocolate,1.15
98,2,m&m'smint,1.51
98,2,m&m'speanuts,0.66
98,2,m&m'spretzel,0.98
98,2,mike&ikezours,0.9
98,2,milanocookies,0.87
98,2,milkyway,0.28
98,2,milkywaycaramel,0.91
98,2,milkywaydark,0.99
98,2,munchiesjalapenocheddar,0.42
98,2,nerdsrope,0.38
98,2,nerdsstrawberrygrape,0.74
98,2,oreos,0.26
98,2,popcornersjalapeno,0.93
98,2,popcornwhitecheddar,1.17
98,2,pringlescheddar,1.32
98,2,pringlesoriginal,1.4
98,2,pringlessourcreamonion,0.34
99,2,100grand,1.48
99,2,3musketeers,0.49
99,2,airheadsblueraspberry,0.48
99,2,airheadscherry,0.5
99,2,airheadsgreenapple,0.49
99,2,airheadswatermelon,0.5
99,2,almondjoy,0.5
99,2,babyruth,0.51
99,2,blowpopblueraspberry,1.5
99,2,blowpopcherry,0.99
99,2,blowpopsourapple,1
99,2,blowpopwatermelon,0.5
99,2,cheetoscrunchy,0.99
99,2,cheetospuffs,2.5
99,2,cheezitwhitecheddar,2
99,2,combospizzeria,1.5
99,2,crunch,2.99
99,2,doritoscoolranch,3.49
99,2,doritosnachocheese,0.49
99,2,doritospicychili,0.51
99,2,dots,1.99
99,2,dovecaramelmilkchocolate,1.99
99,2,dovedarkchocolatebites,1
99,2,dovemilk&peanutbutterbites,1.5
99,2,famousamos,1.49
99,2,fritos,0.99
99,2,fritosbbq,0.99
99,2,funyuns,2.48
99,2,ghirardellicaramelsquares,1.5
99,2,ghirardellidarkchocolatesquares,1.99
99,2,ghirardellimilkchocolatesquares,1.49
99,2,giantsweetarts,1.49
99,2,gobstoppers,1.5
99,2,goobers,1.5
99,2,grandma'schocolatechipcookies,2.98
99,2,grandma'soatmealraisincookies,0.98
99,2,gummywormssour,0.5
99,2,heathbar,2
99,2,hostesschocolatedonuts,2.98
99,2,hostesscupcakes,2
99,2,hostesspowdereddonut,2.99
99,2,juniorcaramels,2.99
99,2,juniormints,0.5
99,2,keeblerfudgestripes,1.99
99,2,keeblerrainbowcookies,1.49
99,2,kettlebbqchips,0.99
99,2,kettlejalapenochips,1.99
99,2,kettlesalt&vinegarchips,0.99
99,2,kitkat,1.99
99,2,kitkatwhitechocolate,2
99,2,laffytaffysourapple,0.99
99,2,layscheesygarlicbread,2.01
99,2,laysclassic,2
99,2,laysdillpickle,2.5
99,2,lifesaversgummies,0.5
99,2,lindtmilkchocolate,2
99,2,m&m'smilkchocolate,2.5
99,2,m&m'smint,2.99
99,2,m&m'spretzel,2
99,2,mentosrainbow,1
99,2,milanocookies,3.49
99,2,milkduds,3.49
99,2,milkyway,3.5
99,2,milkywaycaramel,2.48
99,2,milkywaydark,0.5
99,2,munchiesjalapenocheddar,2.01
99,2,munchiespeanutbutter,3.99
99,2,nerdsrope,2.99
99,2,nerdsstrawberrygrape,2.99
99,2,oreos,2.99
99,2,popcornersjalapeno,0.49
99,2,popcornerskettle,2.5
99,2,popcornerswhitecheddar,2.99
99,2,popcornwhitecheddar,2.98
99,2,pringlescheddar,1.99
99,2,pringlesoriginal,2
99,2,pringlessourcreamonion,2
99,2,raisinetsmilkchocolate,0.5
100,2,blowpopblueraspberry,1.48
100,2,blowpopcherry,0.47
100,2,blowpopwatermelon,0.77
100,2,bunchacrunch,0.99
100,2,butterfingerbites,0.5
100,2,caramelapplepops,0.99
100,2,cheesepeanutbuttercrackers,1
100,2,cheetoscrunchy,0.98
100,2,cheetospuffs,0.78
100,2,cheez-it,1.5
100,2,cheezitwhitecheddar,1.11
100,2,chexmixtraditional,1.01
100,2,chipsahoy,1.21
100,2,comboscheddar,1.47
100,2,combospizzeria,1
100,2,crunch,0.8
100,2,doritosnachocheese,1.26
100,2,doritospicychili,0.99
100,2,dots,1.51
100,2,dovemilk&peanutbutterbites,1.2
100,2,famousamos,1.26
100,2,fritos,1.13
100,2,funyuns,0.98
100,2,ghirardellicaramelsquares,1
100,2,ghirardellidarkchocolatesquares,0.99
100,2,giantsweetarts,0.89
100,2,gobstoppers,0.75
100,2,goobers,1.25
100,2,grandma'schocolatechipcookies,1.01
100,2,grandma'soatmealraisincookies,0.99
100,2,gummywormssour,1
100,2,heathbar,0.99
100,2,hostesschocolatedonuts,0.98
100,2,juniorcaramels,1
100,2,juniormints,1.25
100,2,keeblerfudgestripes,0.99
100,2,keeblerrainbowcookies,0.99
100,2,kettlesalt&pepperchips,1.5
100,2,kettlesalt&vinegarchips,0.76
100,2,kitkat,0.5
100,2,laffytaffysourapple,0.9
100,2,layscheesygarlicbread,0.27
100,2,layssourcreamandonion,1.26
100,2,lifesaversgummies,1.2
100,2,lifesaversgummiessours,0.99
100,2,lindtdarkchocolate,1.23
100,2,lindtmilkchocolate,0.99
100,2,m&m'smilkchocolate,0.5
100,2,m&m'smint,0.67
100,2,m&m'speanuts,0.76
100,2,m&m'spretzel,0.78
100,2,mentosrainbow,0.48
100,2,mike&ikezours,1
100,2,milanocookies,1
100,2,milkduds,0.5
100,2,milkyway,0.65
100,2,milkywaycaramel,0.94
100,2,milkywaydark,0.99
100,2,munchiesjalapenocheddar,0.99
100,2,munchiespeanutbutter,0.73
100,2,nerdsstrawberrygrape,0.75
100,2,oreosgolden,0.87
100,2,pez,0.68
100,2,popcornwhitecheddar,1.5
100,2,pringlescheddar,1.01
100,2,pringlesoriginal,0.99
101,2,100grand,1.5
101,2,3musketeers,1.49
101,2,airheadsblueraspberry,0.99
101,2,airheadscherry,1.49
101,2,airheadsgreenapple,1.5
101,2,butterfinger,2
101,2,butterfingerbites,3.49
101,2,caramelapplepops,2.99
101,2,cheesepeanutbuttercrackers,3.49
101,2,chipsahoy,2.49
101,2,comboscheddar,0.48
101,2,crunch,1.5
101,2,doritospicychili,2
101,2,dots,2.49
101,2,dovecaramelmilkchocolate,1.5
101,2,dovemilk&peanutbutterbites,2.5
101,2,funyuns,0.99
101,2,giantsweetarts,2.48
101,2,goldfishcheddar,2.99
101,2,goobers,3.49
101,2,gummywormssour,3
101,2,heathbar,2
101,2,hostesscupcakes,2.5
101,2,hostesspowdereddonut,2.47
101,2,kettlebbqchips,2
101,2,kettlejalapenochips,2.49
101,2,kettlesalt&pepperchips,1.99
101,2,layssourcreamandonion,2.99
101,2,layssweetsouthernheatbarbecue,3.49
101,2,lifesaversgummies,3.48
101,2,lifesaversgummiessours,3.48
101,2,lindtmilkchocolate,1.99
101,2,mike&ikezours,1.99
101,2,milkyway,1.5
101,2,munchiespeanutbutter,1.99
101,2,nerdsrope,2.5
101,2,nerdsstrawberrygrape,2.48
101,2,popcornerskettle,1.5
101,2,popcornerswhitecheddar,1.51
101,2,popcornwhitecheddar,2.48
101,2,pringlescheddar,1.49
101,2,pringlessourcreamonion,1.98
101,2,raisinetsmilkchocolate,1.5
102,2,blowpopcherry,1.09
102,2,blowpopwatermelon,1.06
102,2,bunchacrunch,1.01
102,2,butterfinger,1.5
102,2,butterfingerbites,1.1
102,2,caramelapplepops,1.03
102,2,cheesepeanutbuttercrackers,1.5
102,2,cheetoscrunchy,2
102,2,chexmixcheddar,1.5
102,2,chexmixtraditional,1.52
102,2,chipsahoy,1.11
102,2,crunch,1.51
102,2,doritoscoolranch,1.47
102,2,doritosnachocheese,1.43
102,2,doritospicychili,1.47
102,2,dovedarkchocolatebites,1
102,2,dovemilk&peanutbutterbites,1.46
102,2,famousamos,1.08
102,2,fritos,1.54
102,2,ghirardellicaramelsquares,1.49
102,2,ghirardellidarkchocolatesquares,1.51
102,2,goldfishcheddar,1.46
102,2,goobers,1.94
102,2,grandma'schocolatechipcookies,1.07
102,2,grandma'soatmealraisincookies,1.02
102,2,gummywormssour,1.05
102,2,heathbar,1.53
102,2,hostesscupcakes,0.99
102,2,hostesspowdereddonut,0.95
102,2,juniormints,0.93
102,2,keeblerfudgestripes,1.01
102,2,kettlebbqchips,1.08
102,2,kettlesalt&pepperchips,1.45
102,2,kitkat,1.08
102,2,kitkatwhitechocolate,0.91
102,2,layscheesygarlicbread,1.05
102,2,laysdillpickle,1.04
102,2,layssourcreamandonion,1.53
102,2,layssweetsouthernheatbarbecue,2.05
102,2,lifesaversgummies,1.97
102,2,lifesaversgummiessours,1.98
102,2,lindtdarkchocolate,1.09
102,2,lindtmilkchocolate,1.02
102,2,m&m'smilkchocolate,0.98
102,2,m&m'smint,0.96
102,2,mike&ikezours,1.51
102,2,munchiesnachocheese,2.05
102,2,nerdsrope,1.05
102,2,nerdsstrawberrygrape,0.97
102,2,oreos,0.54
102,2,oreosgolden,1.49
102,2,pez,1.56
102,2,popcornersjalapeno,1.57
102,2,popcornwhitecheddar,1.99
102,2,pringlesoriginal,0.94
103,2,airheadsblueraspberry,0.47
103,2,airheadscherry,0.5
103,2,almondjoy,0.51
103,2,babyruth,0.21
103,2,blowpopsourapple,1.5
103,2,blowpopwatermelon,0.46
103,2,bunchacrunch,0.99
103,2,butterfinger,1.99
103,2,butterfingerbites,1.51
103,2,cheesepeanutbuttercrackers,1
103,2,cheetoscrunchy,0.99
103,2,cheezitwhitecheddar,1.49
103,2,chipsahoy,1.48
103,2,crunch,1.99
103,2,doritoscoolranch,0.98
103,2,doritospicychili,1.49
103,2,dovemilk&peanutbutterbites,0.96
103,2,funyuns,0.99
103,2,ghirardellidarkchocolatesquares,1.49
103,2,giantsweetarts,1.98
103,2,gobstoppers,1.01
103,2,goldfishcheddar,2
103,2,goobers,1.49
103,2,grandma'schocolatechipcookies,1.97
103,2,heathbar,0.95
103,2,juniorcaramels,0.99
103,2,keeblerfudgestripes,1.52
103,2,keeblerrainbowcookies,2.01
103,2,kettlesalt&pepperchips,2.49
103,2,laysclassic,0.42
103,2,layssourcreamandonion,2
103,2,layssweetsouthernheatbarbecue,1.5
103,2,lifesaversgummies,1.95
103,2,lifesaversgummiessours,0.98
103,2,lindtdarkchocolate,0.98
103,2,lindtmilkchocolate,0.5
103,2,m&m'smint,1.51
103,2,m&m'speanuts,0.42
103,2,m&m'spretzel,0.48
103,2,mike&ikezours,0.99
103,2,milanocookies,1.49
103,2,milkduds,0.97
103,2,milkywaycaramel,2.5
103,2,munchiespeanutbutter,1.03
103,2,nerdsrope,0.98
103,2,nerdsstrawberrygrape,0.98
103,2,oreos,0.17
103,2,popcornerskettle,0.42
103,2,popcornerswhitecheddar,0.42
103,2,pringlescheddar,2.5
103,2,pringlessourcreamonion,0.48
104,2,100grand,1.02
104,2,3musketeers,0.08
104,2,airheadsblueraspberry,0.46
104,2,airheadscherry,0.01
104,2,airheadsgreenapple,0.41
104,2,airheadswatermelon,1.98
104,2,almondjoy,0.02
104,2,babyruth,0.05
104,2,blowpopblueraspberry,0.57
104,2,blowpopsourapple,0.15
104,2,bunchacrunch,0.99
104,2,butterfingerbites,0.58
104,2,caramelapplepops,0.96
104,2,cheesepeanutbuttercrackers,0.98
104,2,cheetoscrunchy,1.08
104,2,cheetospuffs,0.61
104,2,cheez-it,0.04
104,2,cheezitwhitecheddar,0.57
104,2,chexmixcheddar,2
104,2,chexmixtraditional,1.56
104,2,chipsahoy,1.45
104,2,comboscheddar,1.55
104,2,crunch,0.48
104,2,doritosnachocheese,1.07
104,2,doritospicychili,2.55
104,2,dots,1.05
104,2,dovecaramelmilkchocolate,1.58
104,2,dovedarkchocolatebites,0.09
104,2,dovemilk&peanutbutterbites,0.98
104,2,famousamos,0.59
104,2,fritos,0.99
104,2,fritosbbq,0.52
104,2,funyuns,1.56
104,2,ghirardellicaramelsquares,0.08
104,2,ghirardellidarkchocolatesquares,0.05
104,2,ghirardellimilkchocolatesquares,0.14
104,2,giantsweetarts,0.5
104,2,gobstoppers,0.57
104,2,goldfishcheddar,2.01
104,2,goobers,1.07
104,2,grandma'schocolatechipcookies,1.04
104,2,grandma'soatmealraisincookies,0.99
104,2,grandma'speanutbuttercookies,0.12
104,2,gummywormssour,2
104,2,heathbar,1.07
104,2,hostesspowdereddonut,0.02
104,2,juniorcaramels,1.12
104,2,juniormints,1.51
104,2,keeblerrainbowcookies,2.55
104,2,kettlebbqchips,0.99
104,2,kettlejalapenochips,0.12
104,2,kettlesalt&pepperchips,2.05
104,2,kettlesalt&vinegarchips,0.01
104,2,kitkat,1.52
104,2,laffytaffysourapple,2.07
104,2,layscheesygarlicbread,0.13
104,2,laysclassic,0.01
104,2,laysdillpickle,0.52
104,2,layssourcreamandonion,3
104,2,layssweetsouthernheatbarbecue,3.55
104,2,lifesaversgummies,2
104,2,lifesaversgummiessours,3.05
104,2,lindtdarkchocolate,1.49
104,2,lindtmilkchocolate,1.62
104,2,m&m'smilkchocolate,1.51
104,2,m&m'speanuts,1.06
104,2,m&m'spretzel,0.5
104,2,mentosrainbow,1.12
104,2,mike&ikezours,0.92
104,2,milanocookies,1
104,2,milkduds,1.14
104,2,milkyway,0.99
104,2,milkywaycaramel,2.44
104,2,milkywaydark,2.47
104,2,munchiesjalapenocheddar,2.02
104,2,munchiespeanutbutter,0.57
104,2,nerdsrope,0.52
104,2,nerdsstrawberrygrape,0.01
104,2,oreos,1.06
104,2,pez,1.05
104,2,popcornersjalapeno,1.1
104,2,pringlescheddar,0.49
104,2,pringlesoriginal,1.08
104,2,pringlessourcreamonion,0.05
104,2,raisinetsmilkchocolate,1.12
105,2,100grand,1.49
105,2,airheadswatermelon,1.49
105,2,almondjoy,0.49
105,2,babyruth,0.48
105,2,blowpopblueraspberry,2.98
105,2,blowpopcherry,1.51
105,2,blowpopwatermelon,2.02
105,2,bunchacrunch,3.99
105,2,butterfinger,3.99
105,2,butterfingerbites,3.48
105,2,caramelapplepops,3.48
105,2,cheesepeanutbuttercrackers,3
105,2,cheetoscrunchy,2.99
105,2,cheetospuffs,2.52
105,2,cheez-it,2.01
105,2,cheezitwhitecheddar,1.99
105,2,chexmixcheddar,3.01
105,2,chexmixtraditional,3.5
105,2,chipsahoy,3.49
105,2,comboscheddar,0.51
105,2,combospizzeria,0.5
105,2,doritoscoolranch,4
105,2,doritosnachocheese,3.98
105,2,doritospicychili,3
105,2,dots,1
105,2,dovecaramelmilkchocolate,0.51
105,2,dovemilk&peanutbutterbites,3
105,2,fritos,1.49
105,2,funyuns,2.51
105,2,ghirardellidarkchocolatesquares,2.01
105,2,giantsweetarts,1.52
105,2,goldfishcheddar,3.98
105,2,goobers,3.99
105,2,grandma'schocolatechipcookies,2.98
105,2,grandma'soatmealraisincookies,2.47
105,2,gummywormssour,4
105,2,heathbar,3.5
105,2,hostesschocolatedonuts,4
105,2,hostesscupcakes,1.5
105,2,juniorcaramels,1.98
105,2,keeblerfudgestripes,2
105,2,keeblerrainbowcookies,2
105,2,kettlebbqchips,1.01
105,2,kettlesalt&vinegarchips,1.99
105,2,kitkat,1.02
105,2,kitkatwhitechocolate,1.01
105,2,laffytaffysourapple,1.5
105,2,laysclassic,0.76
105,2,laysdillpickle,3.49
105,2,layssourcreamandonion,3.49
105,2,layssweetsouthernheatbarbecue,2.98
105,2,lifesaversgummiessours,3.99
105,2,lindtdarkchocolate,3.49
105,2,lindtmilkchocolate,2.98
105,2,m&m'smilkchocolate,1.51
105,2,m&m'smint,2.51
105,2,m&m'speanuts,1.01
105,2,mentosrainbow,3.5
105,2,mike&ikezours,3.98
105,2,milanocookies,1.99
105,2,milkduds,1.98
105,2,milkyway,1.5
105,2,milkywaycaramel,1.49
105,2,milkywaydark,0.98
105,2,munchiesjalapenocheddar,1.52
105,2,munchiesnachocheese,1.98
105,2,munchiespeanutbutter,2.49
105,2,nerdsrope,2.01
105,2,nerdsstrawberrygrape,1.99
105,2,oreosgolden,3.99
105,2,pez,3.99
105,2,popcornersjalapeno,2.98
105,2,popcornwhitecheddar,2.48
105,2,pringlescheddar,1.51
105,2,pringlesoriginal,1.98
107,2,100grand,1.44
107,2,airheadswatermelon,2.02
107,2,blowpopcherry,1.06
107,2,blowpopsourapple,1.62
107,2,bunchacrunch,2.71
107,2,butterfingerbites,2.45
107,2,caramelapplepops,2.34
107,2,cheesepeanutbuttercrackers,1.58
107,2,cheetoscrunchy,0.5
107,2,cheetospuffs,2.4
107,2,cheez-it,2.41
107,2,cheezitwhitecheddar,2.66
107,2,chexmixcheddar,2.15
107,2,chexmixtraditional,2.08
107,2,chipsahoy,2.47
107,2,comboscheddar,0.79
107,2,combospizzeria,0.59
107,2,crunch,3.49
107,2,doritoscoolranch,2.41
107,2,doritosnachocheese,1.19
107,2,doritospicychili,2.48
107,2,dots,3.99
107,2,dovecaramelmilkchocolate,1.99
107,2,dovemilk&peanutbutterbites,2.73
107,2,fritos,1.34
107,2,fritosbbq,1.4
107,2,funyuns,1.49
107,2,ghirardellicaramelsquares,1.81
107,2,ghirardellidarkchocolatesquares,2
107,2,ghirardellimilkchocolatesquares,1.5
107,2,goldfishcheddar,2.11
107,2,goobers,2.41
107,2,gummywormssour,2.17
107,2,heathbar,2.32
107,2,hostesschocolatedonuts,2.28
107,2,hostesspowdereddonut,0.89
107,2,juniorcaramels,1
107,2,keeblerfudgestripes,0.98
107,2,keeblerrainbowcookies,1.1
107,2,kettlesalt&vinegarchips,1.49
107,2,kitkat,1.72
107,2,kitkatwhitechocolate,1.51
107,2,laffytaffysourapple,1.23
107,2,laysdillpickle,2.99
107,2,layssourcreamandonion,2.18
107,2,layssweetsouthernheatbarbecue,1.74
107,2,lifesaversgummies,1.74
107,2,lifesaversgummiessours,2.32
107,2,lindtdarkchocolate,0.99
107,2,lindtmilkchocolate,1.49
107,2,m&m'smilkchocolate,1.25
107,2,m&m'smint,0.89
107,2,m&m'speanuts,1.28
107,2,m&m'spretzel,2.82
107,2,mike&ikezours,2.25
107,2,milanocookies,0.49
107,2,milkduds,1.09
107,2,milkywaycaramel,1.29
107,2,milkywaydark,1.52
107,2,munchiesjalapenocheddar,1.5
107,2,nerdsrope,1.49
107,2,nerdsstrawberrygrape,1.57
107,2,oreosgolden,1.14
107,2,pez,2.12
107,2,popcornersjalapeno,2.22
107,2,pringlescheddar,1.73
107,2,pringlesoriginal,1.44
107,2,raisinetsmilkchocolate,3.2
108,2,100grand,1.5
108,2,3musketeers,0.01
108,2,airheadscherry,0.01
108,2,airheadsgreenapple,0.46
108,2,babyruth,0.51
108,2,blowpopblueraspberry,0.51
108,2,bunchacrunch,1
108,2,butterfinger,0.5
108,2,butterfingerbites,0.02
108,2,caramelapplepops,0.99
108,2,cheesepeanutbuttercrackers,0.99
108,2,cheetoscrunchy,0.5
108,2,cheetospuffs,0.01
108,2,cheez-it,0.99
108,2,cheezitwhitecheddar,1
108,2,chexmixtraditional,0.48
108,2,chipsahoy,0.99
108,2,comboscheddar,1
108,2,combospizzeria,0.01
108,2,crunch,0.5
108,2,doritosnachocheese,0.51
108,2,doritospicychili,0.51
108,2,dots,0.99
108,2,dovecaramelmilkchocolate,1.5
108,2,dovedarkchocolatebites,0.01
108,2,dovemilk&peanutbutterbites,0.5
108,2,fritosbbq,0.5
108,2,funyuns,1.5
108,2,ghirardellicaramelsquares,0.01
108,2,ghirardellidarkchocolatesquares,0.01
108,2,ghirardellimilkchocolatesquares,0.51
108,2,giantsweetarts,0.5
108,2,gobstoppers,0.48
108,2,goldfishcheddar,0.51
108,2,goobers,0.02
108,2,grandma'schocolatechipcookies,0.99
108,2,grandma'soatmealraisincookies,1
108,2,grandma'speanutbuttercookies,0.01
108,2,gummywormssour,0.99
108,2,heathbar,0.01
108,2,hostesschocolatedonuts,1
108,2,hostesscupcakes,0.5
108,2,hostesspowdereddonut,0.48
108,2,juniorcaramels,0.98
108,2,juniormints,1.01
108,2,keeblerrainbowcookies,0.49
108,2,kettlesalt&pepperchips,0.99
108,2,kettlesalt&vinegarchips,0.51
108,2,kitkat,1.01
108,2,kitkatwhitechocolate,1.01
108,2,laffytaffysourapple,1
108,2,layscheesygarlicbread,0.01
108,2,laysclassic,1
108,2,laysdillpickle,0.99
108,2,layssourcreamandonion,1.01
108,2,lindtdarkchocolate,0.54
108,2,mentosrainbow,0.01
108,2,mike&ikezours,1.51
108,2,milanocookies,0.51
108,2,milkduds,0.5
108,2,milkyway,0.51
108,2,milkywaycaramel,0.01
108,2,milkywaydark,0.49
108,2,munchiesnachocheese,1.98
108,2,munchiespeanutbutter,0.5
108,2,nerdsrope,0.5
108,2,nerdsstrawberrygrape,0.52
108,2,oreos,0.49
108,2,oreosgolden,0.99
108,2,pez,0.99
108,2,popcornersjalapeno,0.99
108,2,popcornwhitecheddar,1.49
108,2,pringlescheddar,1.49
108,2,pringlesoriginal,0.01
108,2,raisinetsmilkchocolate,1.5
109,2,100grand,1
109,2,3musketeers,0.51
109,2,airheadscherry,0.82
109,2,airheadswatermelon,0.51
109,2,blowpopblueraspberry,1.25
109,2,blowpopcherry,0.81
109,2,blowpopsourapple,0.98
109,2,blowpopwatermelon,0.5
109,2,bunchacrunch,0.49
109,2,butterfinger,0.79
109,2,butterfingerbites,0.98
109,2,caramelapplepops,0.5
109,2,cheetospuffs,0.5
109,2,cheezitwhitecheddar,1.2
109,2,chexmixcheddar,0.81
109,2,chexmixtraditional,1
109,2,chipsahoy,0.5
109,2,comboscheddar,0.51
109,2,combospizzeria,0.26
109,2,crunch,0.75
109,2,doritosnachocheese,1
109,2,doritospicychili,0.99
109,2,dots,0.27
109,2,dovecaramelmilkchocolate,0.26
109,2,dovemilk&peanutbutterbites,1.02
109,2,fritos,0.96
109,2,fritosbbq,0.75
109,2,funyuns,0.84
109,2,giantsweetarts,0.74
109,2,gobstoppers,0.75
109,2,goldfishcheddar,1.26
109,2,goobers,0.99
109,2,grandma'schocolatechipcookies,1.26
109,2,hostesschocolatedonuts,1.2
109,2,hostesspowdereddonut,0.49
109,2,juniorcaramels,0.8
109,2,juniormints,1.26
109,2,keeblerfudgestripes,1.01
109,2,keeblerrainbowcookies,1.31
109,2,kettlejalapenochips,0.83
109,2,kitkat,0.76
109,2,kitkatwhitechocolate,0.99
109,2,laffytaffysourapple,0.9
109,2,layscheesygarlicbread,1
109,2,laysclassic,1
109,2,layssourcreamandonion,0.49
109,2,layssweetsouthernheatbarbecue,1.22
109,2,lifesaversgummies,1.2
109,2,lindtmilkchocolate,0.74
109,2,m&m'smilkchocolate,0.84
109,2,m&m'smint,0.8
109,2,m&m'speanuts,1.01
109,2,m&m'spretzel,0.5
109,2,mentosrainbow,1.52
109,2,milanocookies,0.99
109,2,milkduds,0.99
109,2,milkyway,1
109,2,milkywaycaramel,0.78
109,2,milkywaydark,1.01
109,2,munchiesjalapenocheddar,0.82
109,2,munchiesnachocheese,0.64
109,2,munchiespeanutbutter,1
109,2,nerdsrope,1.02
109,2,nerdsstrawberrygrape,1.01
109,2,popcornersjalapeno,0.51
109,2,popcornwhitecheddar,1.82
109,2,pringlescheddar,0.99
109,2,pringlesoriginal,0.75
109,2,pringlessourcreamonion,0.79
109,2,raisinetsmilkchocolate,0.23
110,2,3musketeers,0.48
110,2,airheadsblueraspberry,0.5
110,2,airheadscherry,0.49
110,2,airheadsgreenapple,0.47
110,2,almondjoy,0.5
110,2,babyruth,0.5
110,2,blowpopwatermelon,0.99
110,2,bunchacrunch,1.51
110,2,butterfinger,1
110,2,butterfingerbites,0.99
110,2,cheesepeanutbuttercrackers,1.5
110,2,cheetoscrunchy,1.49
110,2,cheetospuffs,1.03
110,2,cheezitwhitecheddar,1.23
110,2,chexmixtraditional,1.01
110,2,chipsahoy,1
110,2,comboscheddar,1.49
110,2,combospizzeria,2
110,2,crunch,1
110,2,doritoscoolranch,0.51
110,2,doritospicychili,1.01
110,2,dots,1
110,2,dovecaramelmilkchocolate,0.99
110,2,dovemilk&peanutbutterbites,1.01
110,2,fritos,1
110,2,funyuns,1.49
110,2,ghirardellicaramelsquares,1.98
110,2,giantsweetarts,0.99
110,2,gobstoppers,1.01
110,2,gummywormssour,1.5
110,2,heathbar,1.07
110,2,juniorcaramels,0.99
110,2,juniormints,1.5
110,2,keeblerfudgestripes,0.98
110,2,kettlesalt&pepperchips,1.98
110,2,kitkat,0.99
110,2,laysclassic,0.5
110,2,laysdillpickle,1.24
110,2,lifesaversgummies,1.99
110,2,lifesaversgummiessours,1.99
110,2,lindtdarkchocolate,0.99
110,2,lindtmilkchocolate,1.01
110,2,m&m'smilkchocolate,1.48
110,2,m&m'smint,1.03
110,2,m&m'speanuts,0.98
110,2,mentosrainbow,1.49
110,2,mike&ikezours,1
110,2,milkduds,0.99
110,2,milkywaycaramel,0.99
110,2,munchiesjalapenocheddar,1
110,2,munchiespeanutbutter,1.52
110,2,nerdsrope,0.99
110,2,oreosgolden,1.04
110,2,popcornwhitecheddar,1
110,2,pringlescheddar,1.01
110,2,pringlesoriginal,0.97
110,2,raisinetsmilkchocolate,0.51
111,2,3musketeers,0.48
111,2,airheadsblueraspberry,0.52
111,2,airheadscherry,0.52
111,2,airheadsgreenapple,0.51
111,2,babyruth,0.49
111,2,blowpopcherry,2.51
111,2,blowpopsourapple,0.99
111,2,butterfinger,1.98
111,2,cheetoscrunchy,2
111,2,chexmixtraditional,1.51
111,2,chipsahoy,0.98
111,2,comboscheddar,0.5
111,2,crunch,1.01
111,2,doritospicychili,1.98
111,2,dots,1.01
111,2,dovecaramelmilkchocolate,0.51
111,2,dovedarkchocolatebites,3.01
111,2,ghirardellidarkchocolatesquares,1.5
111,2,goldfishcheddar,2.02
111,2,grandma'schocolatechipcookies,1.49
111,2,heathbar,0.99
111,2,hostesscupcakes,1.49
111,2,juniorcaramels,1.47
111,2,kettlesalt&pepperchips,2.49
111,2,layscheesygarlicbread,3.47
111,2,laysclassic,2
111,2,lindtmilkchocolate,1.47
111,2,m&m'smilkchocolate,1.49
111,2,m&m'smint,2.48
111,2,mentosrainbow,1.48
111,2,milkduds,0.99
111,2,milkywaycaramel,1.02
111,2,munchiespeanutbutter,1.99
111,2,nerdsrope,1.49
111,2,nerdsstrawberrygrape,1.49
111,2,oreos,1.48
111,2,popcornerskettle,1.5
111,2,pringlessourcreamonion,3.01
112,2,3musketeers,0.21
112,2,airheadsblueraspberry,0.34
112,2,airheadsgreenapple,0.39
112,2,airheadswatermelon,0.98
112,2,blowpopcherry,0.74
112,2,blowpopsourapple,0.99
112,2,caramelapplepops,1
112,2,chexmixcheddar,0.97
112,2,comboscheddar,0.26
112,2,combospizzeria,0.24
112,2,doritosnachocheese,0.75
112,2,dots,0.5
112,2,dovecaramelmilkchocolate,0.49
112,2,fritos,1.49
112,2,fritosbbq,0.81
112,2,goldfishcheddar,0.72
112,2,grandma'schocolatechipcookies,0.86
112,2,grandma'soatmealraisincookies,1.25
112,2,grandma'speanutbuttercookies,0.24
112,2,gummywormssour,2
112,2,heathbar,0.47
112,2,hostesschocolatedonuts,1.5
112,2,keeblerfudgestripes,0.74
112,2,kettlejalapenochips,0.89
112,2,laffytaffysourapple,0.77
112,2,laysdillpickle,2
112,2,layssourcreamandonion,0.78
112,2,layssweetsouthernheatbarbecue,0.99
112,2,lifesaversgummies,0.98
112,2,lifesaversgummiessours,0.99
112,2,m&m'smilkchocolate,1
112,2,m&m'smint,0.89
112,2,m&m'speanuts,1.01
112,2,m&m'spretzel,0.47
112,2,mike&ikezours,1.02
112,2,milanocookies,1
112,2,milkyway,0.85
112,2,milkywaycaramel,0.73
112,2,milkywaydark,0.96
112,2,munchiesjalapenocheddar,0.98
112,2,munchiesnachocheese,0.73
112,2,munchiespeanutbutter,0.77
112,2,nerdsrope,0.83
112,2,nerdsstrawberrygrape,0.73
112,2,oreos,0.72
112,2,pez,0.74
112,2,popcornerskettle,0.99
112,2,pringlesoriginal,0.74
113,2,3musketeers,0.53
113,2,airheadsblueraspberry,0.52
113,2,airheadscherry,0.51
113,2,airheadsgreenapple,0.52
113,2,blowpopblueraspberry,2.05
113,2,blowpopsourapple,1.54
113,2,blowpopwatermelon,0.51
113,2,bunchacrunch,2
113,2,butterfinger,1.95
113,2,butterfingerbites,0.99
113,2,cheetoscrunchy,2.97
113,2,cheetospuffs,1.01
113,2,cheezitwhitecheddar,1.03
113,2,chexmixcheddar,1.49
113,2,chipsahoy,2.03
113,2,comboscheddar,0.01
113,2,combospizzeria,0.02
113,2,crunch,1.01
113,2,doritoscoolranch,2.01
113,2,doritospicychili,1.02
113,2,dots,0.49
113,2,dovecaramelmilkchocolate,0.53
113,2,dovemilk&peanutbutterbites,1.01
113,2,fritos,1.01
113,2,fritosbbq,1.03
113,2,ghirardellicaramelsquares,2.03
113,2,ghirardellidarkchocolatesquares,0.99
113,2,ghirardellimilkchocolatesquares,0.01
113,2,giantsweetarts,1
113,2,gobstoppers,1.02
113,2,goldfishcheddar,1.95
113,2,goobers,1.98
113,2,grandma'schocolatechipcookies,1
113,2,heathbar,1
113,2,hostesscupcakes,2.01
113,2,hostesspowdereddonut,1.03
113,2,juniorcaramels,1.01
113,2,keeblerfudgestripes,1.51
113,2,kettlejalapenochips,1.06
113,2,kettlesalt&pepperchips,1
113,2,kettlesalt&vinegarchips,0.01
113,2,kitkat,1.05
113,2,laffytaffysourapple,1.07
113,2,layscheesygarlicbread,1.99
113,2,laysdillpickle,1.05
113,2,layssourcreamandonion,2
113,2,layssweetsouthernheatbarbecue,1.99
113,2,lifesaversgummies,1.05
113,2,lindtdarkchocolate,1.52
113,2,lindtmilkchocolate,1
113,2,m&m'smilkchocolate,2.04
113,2,m&m'smint,1.02
113,2,m&m'speanuts,1.01
113,2,m&m'spretzel,0.99
113,2,mentosrainbow,2
113,2,mike&ikezours,2.04
113,2,milanocookies,1.02
113,2,milkduds,1.06
113,2,milkyway,1.03
113,2,milkywaycaramel,0.99
113,2,milkywaydark,1.01
113,2,munchiesjalapenocheddar,1.52
113,2,munchiesnachocheese,0.51
113,2,munchiespeanutbutter,0.54
113,2,nerdsrope,1.01
113,2,nerdsstrawberrygrape,1.98
113,2,oreos,1.53
113,2,oreosgolden,1.98
113,2,popcornersjalapeno,1.04
113,2,pringlescheddar,0.91
113,2,pringlesoriginal,1.04
113,2,pringlessourcreamonion,2.97
114,2,100grand,1.49
114,2,3musketeers,0.48
114,2,airheadsblueraspberry,0.47
114,2,airheadscherry,0.51
114,2,airheadswatermelon,1.01
114,2,almondjoy,0.49
114,2,babyruth,0.49
114,2,blowpopblueraspberry,1.02
114,2,bunchacrunch,3.47
114,2,butterfinger,2.01
114,2,cheetospuffs,0.5
114,2,cheezitwhitecheddar,0.99
114,2,chexmixtraditional,2.96
114,2,chipsahoy,3.48
114,2,comboscheddar,0.01
114,2,combospizzeria,0.03
114,2,doritoscoolranch,2.01
114,2,dots,0.5
114,2,dovecaramelmilkchocolate,0.49
114,2,dovemilk&peanutbutterbites,1.98
114,2,fritos,1.51
114,2,funyuns,1.02
114,2,ghirardellicaramelsquares,0.99
114,2,ghirardellidarkchocolatesquares,1.04
114,2,giantsweetarts,2
114,2,goobers,0.99
114,2,grandma'schocolatechipcookies,1.48
114,2,grandma'speanutbuttercookies,0.01
114,2,heathbar,2.5
114,2,juniorcaramels,1.49
114,2,juniormints,1.49
114,2,keeblerfudgestripes,1.47
114,2,keeblerrainbowcookies,1.48
114,2,kettlesalt&pepperchips,2.01
114,2,kitkat,0.99
114,2,kitkatwhitechocolate,1.01
114,2,layscheesygarlicbread,0.99
114,2,laysclassic,0.5
114,2,laysdillpickle,1.98
114,2,lindtmilkchocolate,2
114,2,m&m'smint,1.02
114,2,m&m'speanuts,1.03
114,2,milanocookies,1.49
114,2,milkduds,1.49
114,2,milkyway,1.06
114,2,milkywaycaramel,1.48
114,2,munchiesjalapenocheddar,1.05
114,2,munchiespeanutbutter,1.53
114,2,nerdsrope,1.01
114,2,nerdsstrawberrygrape,0.99
114,2,oreos,0.99
114,2,popcornersjalapeno,0.98
114,2,popcornwhitecheddar,2.48
114,2,pringlescheddar,1.51
114,2,pringlesoriginal,1.01
114,2,pringlessourcreamonion,2.51
114,2,raisinetsmilkchocolate,0.51
115,2,100grand,2.98
115,2,3musketeers,1.49
115,2,airheadsblueraspberry,1
115,2,airheadscherry,1.49
115,2,airheadsgreenapple,1.5
115,2,blowpopblueraspberry,2.48
115,2,blowpopwatermelon,0.51
115,2,butterfingerbites,1.5
115,2,caramelapplepops,0.01
115,2,cheetoscrunchy,1.5
115,2,cheetospuffs,2.51
115,2,cheez-it,0.03
115,2,cheezitwhitecheddar,2.51
115,2,chexmixtraditional,0.99
115,2,chipsahoy,0.01
115,2,comboscheddar,2.97
115,2,combospizzeria,2.98
115,2,crunch,2.98
115,2,doritoscoolranch,1.48
115,2,doritosnachocheese,1.99
115,2,doritospicychili,1.98
115,2,dovecaramelmilkchocolate,2.99
115,2,dovemilk&peanutbutterbites,0.48
115,2,famousamos,0.54
115,2,fritos,2
115,2,funyuns,1.99
115,2,ghirardellicaramelsquares,2.98
115,2,ghirardellidarkchocolatesquares,3.01
115,2,ghirardellimilkchocolatesquares,0.5
115,2,giantsweetarts,2.01
115,2,gobstoppers,2.48
115,2,goldfishcheddar,1.52
115,2,goobers,1.51
115,2,grandma'schocolatechipcookies,1.51
115,2,grandma'soatmealraisincookies,0.02
115,2,gummywormssour,1.51
115,2,heathbar,1.5
115,2,hostesschocolatedonuts,2
115,2,hostesscupcakes,0.48
115,2,hostesspowdereddonut,2.5
115,2,juniorcaramels,1.49
115,2,juniormints,2
115,2,keeblerfudgestripes,1.47
115,2,keeblerrainbowcookies,1.49
115,2,kettlejalapenochips,0.5
115,2,kettlesalt&pepperchips,3.01
115,2,kettlesalt&vinegarchips,0.52
115,2,kitkat,1.98
115,2,kitkatwhitechocolate,1.02
115,2,laffytaffysourapple,2.99
115,2,layscheesygarlicbread,1
115,2,laysclassic,0.01
115,2,laysdillpickle,0.51
115,2,layssourcreamandonion,1.5
115,2,lifesaversgummies,0.99
115,2,lifesaversgummiessours,1.52
115,2,lindtdarkchocolate,0.51
115,2,lindtmilkchocolate,1.98
115,2,m&m'smilkchocolate,2.48
115,2,m&m'smint,2.5
115,2,m&m'speanuts,2.99
115,2,m&m'spretzel,2.01
115,2,mentosrainbow,0.99
115,2,mike&ikezours,1.99
115,2,milanocookies,1.49
115,2,milkduds,1.5
115,2,milkyway,0.99
115,2,milkywaycaramel,1.49
115,2,milkywaydark,2.5
115,2,munchiesjalapenocheddar,2.52
115,2,munchiesnachocheese,2.99
115,2,nerdsrope,1
115,2,nerdsstrawberrygrape,1.98
115,2,oreos,2
115,2,oreosgolden,0.52
115,2,pez,1.04
115,2,popcornersjalapeno,1.98
115,2,popcornwhitecheddar,0.52
115,2,pringlescheddar,1.51
115,2,pringlesoriginal,1.48
115,2,pringlessourcreamonion,0.51
115,2,raisinetsmilkchocolate,2.48
116,2,100grand,1.5
116,2,3musketeers,0.47
116,2,airheadsblueraspberry,0.49
116,2,airheadscherry,0.45
116,2,airheadsgreenapple,0.49
116,2,airheadswatermelon,1.52
116,2,almondjoy,0.25
116,2,babyruth,0.15
116,2,blowpopblueraspberry,1.98
116,2,blowpopcherry,1.01
116,2,blowpopsourapple,0.98
116,2,blowpopwatermelon,2.48
116,2,bunchacrunch,1.99
116,2,butterfinger,0.53
116,2,butterfingerbites,1.53
116,2,caramelapplepops,1.48
116,2,cheesepeanutbuttercrackers,2.49
116,2,cheetoscrunchy,3
116,2,cheetospuffs,1.99
116,2,cheezitwhitecheddar,0.51
116,2,chexmixcheddar,1.47
116,2,chexmixtraditional,0.99
116,2,chipsahoy,1.51
116,2,comboscheddar,0.5
116,2,combospizzeria,0.51
116,2,crunch,1.98
116,2,doritoscoolranch,0.49
116,2,doritosnachocheese,0.53
116,2,dots,0.51
116,2,dovecaramelmilkchocolate,1.01
116,2,dovedarkchocolatebites,1.98
116,2,dovemilk&peanutbutterbites,1.47
116,2,famousamos,0.49
116,2,fritos,1.97
116,2,fritosbbq,1.49
116,2,funyuns,1
116,2,ghirardellidarkchocolatesquares,2.48
116,2,ghirardellimilkchocolatesquares,1.51
116,2,giantsweetarts,1.99
116,2,gobstoppers,1.48
116,2,goldfishcheddar,1.49
116,2,goobers,1.01
116,2,grandma'schocolatechipcookies,1.52
116,2,grandma'speanutbuttercookies,0.12
116,2,gummywormssour,2
116,2,heathbar,0.98
116,2,hostesschocolatedonuts,1.52
116,2,hostesscupcakes,0.49
116,2,hostesspowdereddonut,1.01
116,2,juniorcaramels,0.97
116,2,keeblerfudgestripes,1.49
116,2,keeblerrainbowcookies,2.01
116,2,kettlebbqchips,0.79
116,2,kettlejalapenochips,0.5
116,2,kettlesalt&pepperchips,3
116,2,kettlesalt&vinegarchips,0.99
116,2,kitkat,1.5
116,2,kitkatwhitechocolate,1.45
116,2,laffytaffysourapple,1.99
116,2,layscheesygarlicbread,2.45
116,2,laysclassic,0.46
116,2,laysdillpickle,2.54
116,2,layssourcreamandonion,0.74
116,2,layssweetsouthernheatbarbecue,1.01
116,2,lifesaversgummies,1
116,2,lifesaversgummiessours,0.99
116,2,lindtdarkchocolate,2.49
116,2,lindtmilkchocolate,2.48
116,2,m&m'smilkchocolate,2.98
116,2,m&m'smint,1.49
116,2,m&m'spretzel,2
116,2,mentosrainbow,1.52
116,2,mike&ikezours,2.02
116,2,milanocookies,1
116,2,milkyway,1.01
116,2,milkywaycaramel,1.5
116,2,milkywaydark,1.49
116,2,munchiesjalapenocheddar,2.02
116,2,munchiesnachocheese,1.49
116,2,nerdsrope,0.5
116,2,oreos,0.99
116,2,oreosgolden,1.53
116,2,pez,1.52
116,2,popcornersjalapeno,1.49
116,2,popcornerskettle,1
116,2,popcornerswhitecheddar,1.02
116,2,popcornwhitecheddar,2.49
116,2,pringlesoriginal,1.52
116,2,raisinetsmilkchocolate,0.51
117,2,3musketeers,1.02
117,2,airheadscherry,1.05
117,2,blowpopblueraspberry,2.89
117,2,blowpopcherry,2.28
117,2,blowpopsourapple,2.52
117,2,bunchacrunch,3.54
117,2,butterfinger,2.3
117,2,butterfingerbites,3.01
117,2,caramelapplepops,1.05
117,2,cheesepeanutbuttercrackers,0.99
117,2,cheetoscrunchy,0.98
117,2,cheetospuffs,2
117,2,cheez-it,3.04
117,2,cheezitwhitecheddar,2.04
117,2,chexmixtraditional,2.42
117,2,chipsahoy,2.54
117,2,comboscheddar,3.03
117,2,combospizzeria,2.98
117,2,crunch,2.03
117,2,doritoscoolranch,1.01
117,2,doritosnachocheese,0.95
117,2,dots,3.93
117,2,dovecaramelmilkchocolate,3.07
117,2,dovemilk&peanutbutterbites,3.03
117,2,famousamos,2.03
117,2,fritos,2.09
117,2,funyuns,2.47
117,2,ghirardellicaramelsquares,1.97
117,2,ghirardellidarkchocolatesquares,1
117,2,giantsweetarts,2.02
117,2,gobstoppers,1.05
117,2,goobers,1.03
117,2,grandma'schocolatechipcookies,1.98
117,2,grandma'soatmealraisincookies,0.99
117,2,gummywormssour,2.44
117,2,heathbar,1.01
117,2,hostesspowdereddonut,1
117,2,juniorcaramels,1.97
117,2,keeblerfudgestripes,2.55
117,2,keeblerrainbowcookies,2.03
117,2,kettlesalt&pepperchips,1.49
117,2,kettlesalt&vinegarchips,0.51
117,2,laffytaffysourapple,1.53
117,2,layscheesygarlicbread,0.51
117,2,laysdillpickle,1.01
117,2,layssourcreamandonion,2.12
117,2,lifesaversgummies,2.14
117,2,lifesaversgummiessours,2.57
117,2,lindtdarkchocolate,1.96
117,2,lindtmilkchocolate,1.99
117,2,m&m'smilkchocolate,3.02
117,2,m&m'smint,3.5
117,2,mentosrainbow,2.02
117,2,mike&ikezours,3.33
117,2,milanocookies,1.49
117,2,milkduds,2.39
117,2,milkyway,1.99
117,2,milkywaycaramel,3.01
117,2,milkywaydark,3.02
117,2,munchiesjalapenocheddar,3.48
117,2,munchiespeanutbutter,1.56
117,2,oreos,1.05
117,2,oreosgolden,2.99
117,2,popcornerskettle,1.01
117,2,pringlescheddar,2.82
117,2,pringlesoriginal,2
118,2,100grand,1.47
118,2,3musketeers,0.98
118,2,airheadsblueraspberry,1.04
118,2,airheadscherry,1.02
118,2,airheadsgreenapple,1.02
118,2,almondjoy,0.47
118,2,babyruth,0.48
118,2,blowpopwatermelon,1.51
118,2,bunchacrunch,0.5
118,2,butterfinger,1.53
118,2,butterfingerbites,0.5
118,2,cheesepeanutbuttercrackers,0.98
118,2,cheetoscrunchy,0.52
118,2,cheetospuffs,1.5
118,2,cheezitwhitecheddar,0.53
118,2,chipsahoy,1.52
118,2,combospizzeria,1
118,2,crunch,1
118,2,dovecaramelmilkchocolate,1.01
118,2,dovedarkchocolatebites,0.48
118,2,dovemilk&peanutbutterbites,1.47
118,2,fritos,0.98
118,2,funyuns,1.53
118,2,ghirardellicaramelsquares,1.98
118,2,ghirardellidarkchocolatesquares,2.5
118,2,giantsweetarts,1.48
118,2,gobstoppers,0.98
118,2,goobers,1.48
118,2,grandma'schocolatechipcookies,1.02
118,2,grandma'speanutbuttercookies,1.02
118,2,gummywormssour,0.94
118,2,heathbar,0.97
118,2,hostesschocolatedonuts,1.98
118,2,hostesscupcakes,1.98
118,2,hostesspowdereddonut,1.47
118,2,juniorcaramels,1.5
118,2,juniormints,1.53
118,2,kettlebbqchips,1.02
118,2,kettlejalapenochips,1.02
118,2,kitkat,1.48
118,2,kitkatwhitechocolate,1.96
118,2,layscheesygarlicbread,1.92
118,2,laysclassic,1.52
118,2,layssourcreamandonion,1.52
118,2,lifesaversgummies,0.45
118,2,lifesaversgummiessours,0.99
118,2,lindtdarkchocolate,2
118,2,lindtmilkchocolate,0.53
118,2,m&m'smilkchocolate,0.98
118,2,m&m'smint,1.5
118,2,m&m'speanuts,1.49
118,2,m&m'spretzel,1.01
118,2,mentosrainbow,0.51
118,2,mike&ikezours,1.02
118,2,milanocookies,0.99
118,2,milkduds,1.01
118,2,milkyway,0.98
118,2,milkywaycaramel,0.99
118,2,milkywaydark,0.5
118,2,munchiesjalapenocheddar,1.46
118,2,munchiespeanutbutter,1.48
118,2,nerdsrope,1.52
118,2,nerdsstrawberrygrape,1.52
118,2,oreos,1.54
118,2,oreosgolden,1.51
118,2,popcornersjalapeno,0.5
118,2,popcornerskettle,2.45
118,2,popcornerswhitecheddar,1.5
118,2,pringlescheddar,1.53
118,2,pringlesoriginal,1.95
118,2,raisinetsmilkchocolate,1.49
119,2,100grand,0.48
119,2,airheadswatermelon,2
119,2,blowpopblueraspberry,2.11
119,2,blowpopcherry,1.51
119,2,blowpopsourapple,2.41
119,2,bunchacrunch,2.52
119,2,butterfinger,2.48
119,2,butterfingerbites,2.03
119,2,caramelapplepops,2.1
119,2,cheesepeanutbuttercrackers,2.5
119,2,cheetoscrunchy,2.99
119,2,cheetospuffs,1.98
119,2,cheez-it,1.09
119,2,cheezitwhitecheddar,1.01
119,2,chexmixcheddar,3.06
119,2,chexmixtraditional,3.01
119,2,chipsahoy,3.05
119,2,comboscheddar,1.49
119,2,combospizzeria,0.98
119,2,crunch,2.02
119,2,doritoscoolranch,2.08
119,2,doritospicychili,1.45
119,2,dovecaramelmilkchocolate,3.59
119,2,dovedarkchocolatebites,0.5
119,2,dovemilk&peanutbutterbites,0.89
119,2,famousamos,0.49
119,2,fritos,2
119,2,fritosbbq,1.6
119,2,ghirardellicaramelsquares,1.52
119,2,ghirardellidarkchocolatesquares,3
119,2,ghirardellimilkchocolatesquares,2
119,2,giantsweetarts,1.47
119,2,gobstoppers,2.02
119,2,goldfishcheddar,3.07
119,2,goobers,2.5
119,2,grandma'schocolatechipcookies,2.53
119,2,gummywormssour,2
119,2,heathbar,2.53
119,2,hostesscupcakes,0.53
119,2,hostesspowdereddonut,0.64
119,2,juniorcaramels,2.01
119,2,juniormints,2.09
119,2,keeblerfudgestripes,1.58
119,2,keeblerrainbowcookies,2
119,2,kettlebbqchips,0.49
119,2,kettlejalapenochips,2.07
119,2,kettlesalt&pepperchips,2.96
119,2,kitkat,0.61
119,2,kitkatwhitechocolate,0.6
119,2,laffytaffysourapple,1.02
119,2,layscheesygarlicbread,0.64
119,2,laysclassic,0.51
119,2,laysdillpickle,0.92
119,2,layssourcreamandonion,2.07
119,2,layssweetsouthernheatbarbecue,2.6
119,2,lifesaversgummies,2.53
119,2,lifesaversgummiessours,1.5
119,2,lindtdarkchocolate,3.43
119,2,lindtmilkchocolate,3.02
119,2,m&m'smilkchocolate,3.43
119,2,m&m'smint,3.01
119,2,m&m'speanuts,1.98
119,2,m&m'spretzel,0.52
119,2,mentosrainbow,2.5
119,2,mike&ikezours,2.51
119,2,milanocookies,1.06
119,2,milkyway,1.51
119,2,milkywaycaramel,0.58
119,2,milkywaydark,1.61
119,2,munchiesjalapenocheddar,0.54
119,2,munchiesnachocheese,2.95
119,2,munchiespeanutbutter,1.02
119,2,nerdsstrawberrygrape,1.49
119,2,oreos,0.52
119,2,oreosgolden,3.03
119,2,pez,3.04
119,2,popcornersjalapeno,3.13
119,2,popcornerswhitecheddar,0.51
119,2,popcornwhitecheddar,3.56
119,2,pringlescheddar,1.02
119,2,pringlesoriginal,0.52
119,2,pringlessourcreamonion,1.46
119,2,raisinetsmilkchocolate,1.53
120,2,100grand,1.52
120,2,airheadscherry,1
120,2,airheadswatermelon,1.99
120,2,blowpopblueraspberry,1.99
120,2,blowpopcherry,1.01
120,2,blowpopsourapple,1.51
120,2,bunchacrunch,1.51
120,2,butterfingerbites,1.48
120,2,caramelapplepops,1.99
120,2,cheetoscrunchy,1.02
120,2,cheetospuffs,2.02
120,2,chexmixcheddar,2.02
120,2,chexmixtraditional,0.99
120,2,chipsahoy,1.5
120,2,comboscheddar,1
120,2,combospizzeria,1.02
120,2,crunch,1
120,2,doritospicychili,1
120,2,dovecaramelmilkchocolate,0.52
120,2,dovemilk&peanutbutterbites,1.53
120,2,famousamos,1.46
120,2,fritosbbq,0.98
120,2,funyuns,0.52
120,2,gobstoppers,1.52
120,2,goobers,2.03
120,2,grandma'schocolatechipcookies,1.5
120,2,grandma'soatmealraisincookies,0.99
120,2,heathbar,1.03
120,2,hostesschocolatedonuts,2
120,2,juniormints,1.49
120,2,keeblerfudgestripes,0.97
120,2,kettlesalt&pepperchips,2.49
120,2,kitkat,1.5
120,2,kitkatwhitechocolate,1.48
120,2,laffytaffysourapple,1.52
120,2,laysdillpickle,1.97
120,2,layssourcreamandonion,2
120,2,lifesaversgummies,2
120,2,lifesaversgummiessours,1.99
120,2,lindtmilkchocolate,1.01
120,2,m&m'smilkchocolate,2.49
120,2,m&m'smint,1.52
120,2,m&m'speanuts,1.49
120,2,mentosrainbow,1.01
120,2,mike&ikezours,1.03
120,2,milkduds,1.01
120,2,milkywaycaramel,1.5
120,2,milkywaydark,1.01
120,2,munchiesjalapenocheddar,1
120,2,munchiespeanutbutter,1.49
120,2,oreosgolden,1.51
120,2,pez,1.5
120,2,popcornersjalapeno,1.49
120,2,popcornwhitecheddar,1.55
120,2,pringlescheddar,1.51
120,2,pringlesoriginal,1.05
120,2,raisinetsmilkchocolate,0.99
121,2,3musketeers,0.24
121,2,airheadsblueraspberry,0.5
121,2,airheadscherry,0.5
121,2,airheadsgreenapple,0.48
121,2,airheadswatermelon,1.49
121,2,babyruth,0.24
121,2,caramelapplepops,0.99
121,2,chexmixcheddar,0.5
121,2,comboscheddar,0.27
121,2,combospizzeria,0.23
121,2,doritospicychili,1.01
121,2,dots,0.23
121,2,dovecaramelmilkchocolate,0.2
121,2,grandma'speanutbuttercookies,0.23
121,2,gummywormssour,0.51
121,2,hostesschocolatedonuts,0.51
121,2,layscheesygarlicbread,1.01
121,2,laysclassic,0.5
121,2,milanocookies,1.01
121,2,milkywaydark,0.5
121,2,nerdsrope,0.5
121,2,nerdsstrawberrygrape,0.5
121,2,oreos,0.76
121,2,oreosgolden,0.99
121,2,pez,1.01
121,2,popcornersjalapeno,0.99
121,2,popcornwhitecheddar,1.26
122,2,100grand,2
122,2,airheadscherry,0.49
122,2,airheadswatermelon,0.72
122,2,babyruth,1.01
122,2,blowpopblueraspberry,1.27
122,2,blowpopcherry,1.24
122,2,blowpopsourapple,0.5
122,2,butterfingerbites,0.75
122,2,caramelapplepops,0.72
122,2,cheesepeanutbuttercrackers,1.01
122,2,cheetoscrunchy,0.49
122,2,cheezitwhitecheddar,1.49
122,2,combospizzeria,1.5
122,2,dovecaramelmilkchocolate,0.61
122,2,dovedarkchocolatebites,0.49
122,2,fritosbbq,1.01
122,2,funyuns,1.01
122,2,ghirardellimilkchocolatesquares,0.73
122,2,gobstoppers,0.75
122,2,grandma'schocolatechipcookies,2
122,2,hostesscupcakes,2.51
122,2,hostesspowdereddonut,1.99
122,2,juniorcaramels,0.5
122,2,juniormints,1.49
122,2,keeblerfudgestripes,0.51
122,2,keeblerrainbowcookies,1.99
122,2,kettlebbqchips,1.01
122,2,kettlejalapenochips,1.5
122,2,kettlesalt&pepperchips,1.5
122,2,kettlesalt&vinegarchips,0.25
122,2,kitkat,0.49
122,2,kitkatwhitechocolate,1
122,2,layscheesygarlicbread,2.27
122,2,laysclassic,0.71
122,2,layssourcreamandonion,0.49
122,2,lifesaversgummies,1.01
122,2,m&m'smint,1.26
122,2,milkduds,0.74
122,2,milkyway,0.73
122,2,milkywaycaramel,1.01
122,2,munchiespeanutbutter,1.49
122,2,nerdsrope,1
122,2,nerdsstrawberrygrape,1
122,2,oreos,1.23
122,2,popcornerskettle,1.99
122,2,popcornerswhitecheddar,1.98
122,2,popcornwhitecheddar,1.01
122,2,pringlescheddar,1.23
122,2,pringlesoriginal,1.01
122,2,pringlessourcreamonion,0.48
122,2,raisinetsmilkchocolate,1.23
123,2,100grand,1.49
123,2,airheadsgreenapple,0.51
123,2,airheadswatermelon,1
123,2,almondjoy,0.49
123,2,blowpopblueraspberry,0.5
123,2,blowpopsourapple,1.01
123,2,blowpopwatermelon,0.99
123,2,bunchacrunch,2.5
123,2,butterfinger,2.99
123,2,caramelapplepops,0.5
123,2,cheesepeanutbuttercrackers,0.99
123,2,cheetoscrunchy,0.5
123,2,cheetospuffs,1.99
123,2,cheez-it,1.49
123,2,cheezitwhitecheddar,0.98
123,2,comboscheddar,0.5
123,2,combospizzeria,0.99
123,2,crunch,3.01
123,2,doritoscoolranch,0.99
123,2,doritosnachocheese,0.99
123,2,dots,1
123,2,dovemilk&peanutbutterbites,1.5
123,2,famousamos,1.5
123,2,funyuns,1.5
123,2,gobstoppers,1
123,2,goldfishcheddar,1
123,2,grandma'schocolatechipcookies,1.49
123,2,grandma'soatmealraisincookies,1.5
123,2,gummywormssour,1.5
123,2,heathbar,3.01
123,2,hostesschocolatedonuts,0.5
123,2,juniorcaramels,0.5
123,2,juniormints,1
123,2,keeblerrainbowcookies,0.51
123,2,kettlebbqchips,0.52
123,2,kettlejalapenochips,0.51
123,2,kettlesalt&pepperchips,1.5
123,2,kettlesalt&vinegarchips,0.98
123,2,kitkat,1
123,2,kitkatwhitechocolate,0.5
123,2,laffytaffysourapple,0.99
123,2,layssourcreamandonion,0.5
123,2,lindtdarkchocolate,3.98
123,2,lindtmilkchocolate,0.99
123,2,m&m'spretzel,0.01
123,2,mike&ikezours,2.99
123,2,milanocookies,0.49
123,2,milkduds,0.97
123,2,milkywaycaramel,0.51
123,2,milkywaydark,0.01
123,2,munchiesjalapenocheddar,0.51
123,2,munchiespeanutbutter,0.5
123,2,nerdsstrawberrygrape,0.5
123,2,oreosgolden,3.49
123,2,pez,1.01
123,2,popcornerswhitecheddar,0.49
123,2,popcornwhitecheddar,1.99
123,2,pringlesoriginal,0.5
123,2,raisinetsmilkchocolate,0.81
124,2,100grand,0.25
124,2,3musketeers,0.49
124,2,airheadsblueraspberry,0.5
124,2,airheadscherry,0.49
124,2,airheadsgreenapple,0.5
124,2,blowpopblueraspberry,0.74
124,2,blowpopwatermelon,0.48
124,2,butterfinger,0.73
124,2,cheesepeanutbuttercrackers,0.49
124,2,cheetoscrunchy,0.74
124,2,cheetospuffs,0.74
124,2,cheez-it,0.24
124,2,cheezitwhitecheddar,0.73
124,2,chexmixtraditional,0.73
124,2,chipsahoy,0.73
124,2,comboscheddar,0.23
124,2,combospizzeria,0.23
124,2,crunch,0.5
124,2,doritoscoolranch,0.5
124,2,doritospicychili,0.74
124,2,dots,0.26
124,2,dovemilk&peanutbutterbites,0.74
124,2,fritos,0.5
124,2,fritosbbq,0.5
124,2,funyuns,0.51
124,2,ghirardellidarkchocolatesquares,0.73
124,2,ghirardellimilkchocolatesquares,0.5
124,2,giantsweetarts,0.74
124,2,gobstoppers,0.48
124,2,goobers,0.72
124,2,gummywormssour,0.72
124,2,heathbar,0.5
124,2,hostesschocolatedonuts,0.74
124,2,hostesscupcakes,0.51
124,2,juniorcaramels,0.5
124,2,keeblerfudgestripes,0.49
124,2,keeblerrainbowcookies,0.51
124,2,kettlebbqchips,0.23
124,2,kettlesalt&pepperchips,0.74
124,2,kettlesalt&vinegarchips,0.5
124,2,kitkat,0.5
124,2,kitkatwhitechocolate,0.5
124,2,layscheesygarlicbread,0.5
124,2,laysclassic,0.23
124,2,layssourcreamandonion,0.75
124,2,lifesaversgummies,0.5
124,2,lifesaversgummiessours,0.49
124,2,lindtdarkchocolate,0.5
124,2,lindtmilkchocolate,0.74
124,2,m&m'smilkchocolate,0.5
124,2,m&m'speanuts,0.49
124,2,m&m'spretzel,0.72
124,2,mike&ikezours,0.74
124,2,milanocookies,0.5
124,2,milkduds,0.49
124,2,milkyway,0.5
124,2,milkywaycaramel,0.51
124,2,milkywaydark,0.5
124,2,munchiesjalapenocheddar,0.5
124,2,munchiesnachocheese,0.99
124,2,munchiespeanutbutter,0.72
124,2,nerdsrope,0.75
124,2,nerdsstrawberrygrape,0.74
124,2,oreos,0.5
124,2,oreosgolden,0.47
124,2,pez,0.75
124,2,popcornersjalapeno,0.48
124,2,popcornwhitecheddar,0.72
124,2,pringlescheddar,0.5
124,2,pringlesoriginal,0.5
125,2,100grand,2.01
125,2,3musketeers,0.98
125,2,airheadsblueraspberry,1.01
125,2,airheadscherry,1.01
125,2,airheadsgreenapple,1
125,2,almondjoy,0.98
125,2,babyruth,0.98
125,2,caramelapplepops,1.98
125,2,cheetospuffs,2
125,2,chexmixtraditional,1.97
125,2,chipsahoy,1.98
125,2,comboscheddar,0.48
125,2,crunch,1.99
125,2,dots,1.49
125,2,dovecaramelmilkchocolate,1.5
125,2,dovemilk&peanutbutterbites,2.51
125,2,funyuns,2
125,2,ghirardellicaramelsquares,3.98
125,2,ghirardellidarkchocolatesquares,3.98
125,2,giantsweetarts,3.02
125,2,gobstoppers,1.99
125,2,goldfishcheddar,2.98
125,2,goobers,3.51
125,2,grandma'speanutbuttercookies,0.99
125,2,gummywormssour,1.99
125,2,heathbar,1.99
125,2,hostesschocolatedonuts,2.51
125,2,hostesscupcakes,2.5
125,2,hostesspowdereddonut,2.51
125,2,juniorcaramels,1.99
125,2,juniormints,2.5
125,2,kettlebbqchips,2
125,2,kettlejalapenochips,2
125,2,kettlesalt&pepperchips,3.5
125,2,kitkat,1.99
125,2,kitkatwhitechocolate,2
125,2,laffytaffysourapple,2
125,2,layscheesygarlicbread,3
125,2,laysclassic,2
125,2,laysdillpickle,2.97
125,2,layssourcreamandonion,3.5
125,2,lifesaversgummiessours,2.99
125,2,lindtmilkchocolate,4
125,2,mentosrainbow,3.01
125,2,milanocookies,2.01
125,2,milkduds,1.97
125,2,milkyway,2.5
125,2,munchiespeanutbutter,2.99
125,2,nerdsrope,1.52
125,2,nerdsstrawberrygrape,2.03
125,2,oreos,2.02
125,2,popcornerskettle,2.98
125,2,popcornerswhitecheddar,1.99
125,2,pringlescheddar,2.49
125,2,pringlesoriginal,1.99
125,2,raisinetsmilkchocolate,1.49
126,2,3musketeers,0.5
126,2,airheadsblueraspberry,0.66
126,2,airheadscherry,0.61
126,2,airheadsgreenapple,0.5
126,2,almondjoy,0.13
126,2,babyruth,0.16
126,2,blowpopblueraspberry,0.73
126,2,blowpopcherry,0.15
126,2,bunchacrunch,1.38
126,2,butterfinger,1.12
126,2,butterfingerbites,0.73
126,2,caramelapplepops,0.62
126,2,cheesepeanutbuttercrackers,0.84
126,2,cheetoscrunchy,1.5
126,2,cheetospuffs,1.34
126,2,cheezitwhitecheddar,1
126,2,chexmixcheddar,1.23
126,2,chexmixtraditional,1.49
126,2,chipsahoy,1.5
126,2,comboscheddar,0.32
126,2,combospizzeria,0.26
126,2,crunch,1.49
126,2,dots,0.72
126,2,dovecaramelmilkchocolate,0.74
126,2,dovedarkchocolatebites,1.23
126,2,dovemilk&peanutbutterbites,1.73
126,2,famousamos,1.74
126,2,fritos,1.49
126,2,funyuns,2.47
126,2,ghirardellicaramelsquares,2.48
126,2,ghirardellidarkchocolatesquares,2.16
126,2,ghirardellimilkchocolatesquares,0.24
126,2,giantsweetarts,1.99
126,2,gobstoppers,1.72
126,2,goldfishcheddar,0.25
126,2,goobers,0.99
126,2,grandma'schocolatechipcookies,0.9
126,2,grandma'soatmealraisincookies,0.49
126,2,grandma'speanutbuttercookies,0.5
126,2,gummywormssour,0.24
126,2,heathbar,0.72
126,2,hostesscupcakes,0.72
126,2,hostesspowdereddonut,0.75
126,2,juniorcaramels,0.12
126,2,juniormints,0.23
126,2,kettlesalt&pepperchips,1.01
126,2,kitkat,0.22
126,2,kitkatwhitechocolate,0.2
126,2,laffytaffysourapple,0.24
126,2,layscheesygarlicbread,1.22
126,2,laysclassic,1.48
126,2,laysdillpickle,0.74
126,2,layssourcreamandonion,1.74
126,2,layssweetsouthernheatbarbecue,1.23
126,2,lifesaversgummies,1.31
126,2,lifesaversgummiessours,1.49
126,2,m&m'smilkchocolate,1.15
126,2,m&m'smint,1.24
126,2,m&m'speanuts,0.73
126,2,mentosrainbow,1.5
126,2,milanocookies,0.99
126,2,milkduds,0.87
126,2,milkyway,0.88
126,2,milkywaydark,0.11
126,2,munchiesjalapenocheddar,0.1
126,2,munchiesnachocheese,0.99
126,2,munchiespeanutbutter,0.84
126,2,nerdsrope,0.78
126,2,nerdsstrawberrygrape,1.19
126,2,oreos,1
126,2,oreosgolden,0.12
126,2,pez,0.12
126,2,popcornwhitecheddar,0.74
126,2,pringlescheddar,0.73
126,2,pringlesoriginal,0.49
126,2,pringlessourcreamonion,0.51
126,2,raisinetsmilkchocolate,0.85
127,2,100grand,1.49
127,2,airheadswatermelon,3.01
127,2,blowpopblueraspberry,2.99
127,2,blowpopcherry,1.5
127,2,blowpopsourapple,2
127,2,blowpopwatermelon,1.49
127,2,bunchacrunch,1.99
127,2,butterfinger,1.99
127,2,butterfingerbites,1.99
127,2,caramelapplepops,2.99
127,2,cheesepeanutbuttercrackers,1.49
127,2,cheetoscrunchy,2.49
127,2,cheetospuffs,2.99
127,2,cheez-it,2.49
127,2,chexmixcheddar,2.84
127,2,chexmixtraditional,1.49
127,2,chipsahoy,1.5
127,2,comboscheddar,1.99
127,2,combospizzeria,1.99
127,2,crunch,2.5
127,2,doritoscoolranch,2.5
127,2,doritosnachocheese,2.98
127,2,doritospicychili,2.99
127,2,dots,0.99
127,2,dovecaramelmilkchocolate,1.99
127,2,dovedarkchocolatebites,0.5
127,2,dovemilk&peanutbutterbites,2.49
127,2,fritos,1.98
127,2,fritosbbq,1.99
127,2,funyuns,3.49
127,2,ghirardellicaramelsquares,1.49
127,2,ghirardellidarkchocolatesquares,1.17
127,2,ghirardellimilkchocolatesquares,1.49
127,2,giantsweetarts,1.99
127,2,gobstoppers,1.99
127,2,goldfishcheddar,2
127,2,goobers,1.49
127,2,grandma'schocolatechipcookies,3
127,2,grandma'soatmealraisincookies,3
127,2,gummywormssour,2.99
127,2,heathbar,2
127,2,hostesschocolatedonuts,2.44
127,2,hostesscupcakes,2.49
127,2,juniorcaramels,2
127,2,juniormints,3
127,2,keeblerfudgestripes,1.99
127,2,keeblerrainbowcookies,2.49
127,2,kettlebbqchips,2.47
127,2,kettlejalapenochips,1.99
127,2,kettlesalt&pepperchips,1.99
127,2,kettlesalt&vinegarchips,1.49
127,2,kitkat,1.49
127,2,kitkatwhitechocolate,1.49
127,2,laffytaffysourapple,2.99
127,2,layscheesygarlicbread,2.49
127,2,laysclassic,1.99
127,2,laysdillpickle,2.48
127,2,layssourcreamandonion,1.71
127,2,layssweetsouthernheatbarbecue,1.11
127,2,lifesaversgummies,1.11
127,2,lifesaversgummiessours,0.99
127,2,lindtdarkchocolate,2.49
127,2,lindtmilkchocolate,2.48
127,2,m&m'smilkchocolate,1.5
127,2,m&m'speanuts,0.99
127,2,mentosrainbow,3.49
127,2,mike&ikezours,1.99
127,2,milanocookies,1.49
127,2,milkduds,1.49
127,2,milkyway,1.49
127,2,milkywaydark,2
127,2,munchiesjalapenocheddar,2.48
127,2,munchiesnachocheese,2.98
127,2,munchiespeanutbutter,1.49
127,2,nerdsrope,2.48
127,2,nerdsstrawberrygrape,2.48
127,2,oreos,1.99
127,2,oreosgolden,1.49
127,2,popcornersjalapeno,1.99
127,2,popcornwhitecheddar,3.98
127,2,pringlescheddar,2.99
127,2,pringlesoriginal,2.49
127,2,pringlessourcreamonion,3
127,2,raisinetsmilkchocolate,3.06
129,2,100grand,0.93
129,2,airheadswatermelon,1.51
129,2,blowpopblueraspberry,2.5
129,2,blowpopcherry,2
129,2,blowpopsourapple,3.48
129,2,bunchacrunch,1.49
129,2,butterfinger,1.49
129,2,butterfingerbites,2.5
129,2,caramelapplepops,2.98
129,2,cheesepeanutbuttercrackers,2.48
129,2,cheetoscrunchy,1.49
129,2,cheetospuffs,2.01
129,2,cheez-it,1.57
129,2,cheezitwhitecheddar,1.98
129,2,chexmixtraditional,1.59
129,2,chipsahoy,2.49
129,2,comboscheddar,0.5
129,2,combospizzeria,0.47
129,2,crunch,1.49
129,2,doritoscoolranch,1.52
129,2,doritosnachocheese,1.98
129,2,dots,1.98
129,2,dovecaramelmilkchocolate,2.48
129,2,dovemilk&peanutbutterbites,3
129,2,famousamos,1
129,2,fritos,3
129,2,fritosbbq,2.49
129,2,funyuns,2
129,2,ghirardellicaramelsquares,3
129,2,ghirardellidarkchocolatesquares,2.49
129,2,ghirardellimilkchocolatesquares,1.97
129,2,giantsweetarts,1.54
129,2,gobstoppers,1.97
129,2,goldfishcheddar,1
129,2,goobers,1.98
129,2,grandma'schocolatechipcookies,1.99
129,2,grandma'soatmealraisincookies,1.52
129,2,gummywormssour,1.49
129,2,heathbar,0.48
129,2,hostesschocolatedonuts,2.5
129,2,juniorcaramels,1.97
129,2,juniormints,1.49
129,2,keeblerfudgestripes,1.51
129,2,keeblerrainbowcookies,1.98
129,2,kettlesalt&pepperchips,3.49
129,2,kettlesalt&vinegarchips,1.49
129,2,kitkat,1.51
129,2,kitkatwhitechocolate,0.98
129,2,laffytaffysourapple,0.98
129,2,laysdillpickle,0.54
129,2,layssourcreamandonion,1.98
129,2,layssweetsouthernheatbarbecue,1.04
129,2,lifesaversgummies,2.48
129,2,lifesaversgummiessours,2.5
129,2,lindtdarkchocolate,0.98
129,2,lindtmilkchocolate,1.5
129,2,m&m'smilkchocolate,2.46
129,2,m&m'smint,2.51
129,2,m&m'speanuts,2.48
129,2,m&m'spretzel,3
129,2,mentosrainbow,2.97
129,2,mike&ikezours,1.52
129,2,milkywaycaramel,1.49
129,2,milkywaydark,1.49
129,2,munchiesjalapenocheddar,1.53
129,2,munchiesnachocheese,2.98
129,2,oreosgolden,1.5
129,2,pez,1.49
129,2,popcornersjalapeno,1.48
129,2,popcornwhitecheddar,3.52
129,2,pringlescheddar,1.98
129,2,pringlesoriginal,1.98
129,2,raisinetsmilkchocolate,0.51
130,2,100grand,1.5
130,2,3musketeers,0.5
130,2,airheadsblueraspberry,0.52
130,2,airheadscherry,0.49
130,2,airheadsgreenapple,0.51
130,2,airheadswatermelon,1.5
130,2,almondjoy,0.51
130,2,babyruth,0.49
130,2,blowpopblueraspberry,1.51
130,2,blowpopcherry,1.51
130,2,blowpopsourapple,1.5
130,2,blowpopwatermelon,1
130,2,bunchacrunch,2
130,2,butterfinger,2
130,2,butterfingerbites,2.01
130,2,caramelapplepops,2.49
130,2,cheesepeanutbuttercrackers,2
130,2,cheetoscrunchy,2
130,2,cheetospuffs,2
130,2,cheez-it,0.99
130,2,cheezitwhitecheddar,1.5
130,2,chexmixcheddar,2.48
130,2,chexmixtraditional,2.51
130,2,chipsahoy,2.49
130,2,comboscheddar,1.52
130,2,combospizzeria,1.5
130,2,crunch,1.51
130,2,doritoscoolranch,0.99
130,2,doritosnachocheese,1.49
130,2,doritospicychili,1.5
130,2,dots,1.99
130,2,dovecaramelmilkchocolate,1.49
130,2,dovedarkchocolatebites,0.99
130,2,dovemilk&peanutbutterbites,1
130,2,fritos,0.99
130,2,fritosbbq,0.98
130,2,ghirardellicaramelsquares,1.49
130,2,ghirardellidarkchocolatesquares,1.48
130,2,ghirardellimilkchocolatesquares,0.99
130,2,giantsweetarts,0.99
130,2,gobstoppers,1.51
130,2,goldfishcheddar,2.51
130,2,goobers,3.01
130,2,grandma'schocolatechipcookies,1.98
130,2,grandma'soatmealraisincookies,1.5
130,2,gummywormssour,1.5
130,2,heathbar,2.48
130,2,hostesschocolatedonuts,1.98
130,2,hostesscupcakes,0.99
130,2,hostesspowdereddonut,1.5
130,2,juniorcaramels,1.5
130,2,juniormints,1.01
130,2,keeblerfudgestripes,1.47
130,2,keeblerrainbowcookies,1.99
130,2,kettlebbqchips,0.98
130,2,kettlejalapenochips,1.49
130,2,kettlesalt&pepperchips,1.49
130,2,kettlesalt&vinegarchips,0.98
130,2,kitkat,1.51
130,2,kitkatwhitechocolate,1.5
130,2,laffytaffysourapple,1.01
130,2,layscheesygarlicbread,1.01
130,2,laysclassic,0.99
130,2,laysdillpickle,1.5
130,2,layssourcreamandonion,2.48
130,2,layssweetsouthernheatbarbecue,2.48
130,2,lifesaversgummies,2.49
130,2,lifesaversgummiessours,2.48
130,2,lindtdarkchocolate,2
130,2,lindtmilkchocolate,1.97
130,2,m&m'smilkchocolate,1.98
130,2,m&m'smint,1.5
130,2,m&m'speanuts,1.5
130,2,m&m'spretzel,1.49
130,2,mike&ikezours,1.98
130,2,milanocookies,1.48
130,2,milkduds,1.48
130,2,milkyway,1.49
130,2,milkywaycaramel,1.49
130,2,milkywaydark,1
130,2,munchiesjalapenocheddar,0.99
130,2,munchiesnachocheese,2.01
130,2,munchiespeanutbutter,1.49
130,2,nerdsrope,1
130,2,nerdsstrawberrygrape,1.5
130,2,oreos,1.52
130,2,oreosgolden,1.52
130,2,pez,2.5
130,2,popcornersjalapeno,1.98
130,2,popcornerskettle,0.99
130,2,popcornerswhitecheddar,1.01
130,2,popcornwhitecheddar,1.99
130,2,pringlescheddar,1.49
130,2,pringlesoriginal,1.5
130,2,pringlessourcreamonion,0.99
130,2,raisinetsmilkchocolate,0.99
131,2,airheadswatermelon,1.51
131,2,blowpopblueraspberry,2
131,2,blowpopcherry,1.48
131,2,blowpopsourapple,1.55
131,2,bunchacrunch,3.01
131,2,butterfinger,3
131,2,butterfingerbites,1.44
131,2,caramelapplepops,1.44
131,2,cheez-it,1.95
131,2,cheezitwhitecheddar,2.01
131,2,chexmixcheddar,1.5
131,2,chipsahoy,2.97
131,2,doritoscoolranch,1.95
131,2,doritosnachocheese,2
131,2,doritospicychili,0.99
131,2,dots,1.98
131,2,dovecaramelmilkchocolate,2.48
131,2,dovedarkchocolatebites,1.43
131,2,funyuns,1.49
131,2,ghirardellimilkchocolatesquares,1.5
131,2,goobers,2.98
131,2,grandma'schocolatechipcookies,3.02
131,2,grandma'speanutbuttercookies,1.49
131,2,gummywormssour,2.9
131,2,heathbar,3.02
131,2,hostesschocolatedonuts,2.99
131,2,hostesspowdereddonut,1.62
131,2,juniorcaramels,2.01
131,2,juniormints,1.46
131,2,keeblerfudgestripes,1.5
131,2,keeblerrainbowcookies,1.52
131,2,kettlebbqchips,1.98
131,2,kettlesalt&pepperchips,2.49
131,2,kettlesalt&vinegarchips,1.97
131,2,kitkat,1.59
131,2,kitkatwhitechocolate,1.47
131,2,laffytaffysourapple,2.03
131,2,laysdillpickle,1.49
131,2,layssweetsouthernheatbarbecue,2.01
131,2,lifesaversgummies,1.98
131,2,lifesaversgummiessours,1.99
131,2,lindtdarkchocolate,2.99
131,2,lindtmilkchocolate,2.98
131,2,m&m'smilkchocolate,2.04
131,2,m&m'smint,2.04
131,2,m&m'speanuts,1.94
131,2,m&m'spretzel,1.5
131,2,mike&ikezours,2.98
131,2,milanocookies,1.49
131,2,milkduds,1.47
131,2,milkyway,1.5
131,2,milkywaycaramel,1.94
131,2,milkywaydark,1.03
131,2,munchiesjalapenocheddar,2.06
131,2,munchiesnachocheese,1.52
131,2,munchiespeanutbutter,1.49
131,2,oreos,1.51
131,2,oreosgolden,2.99
131,2,pez,1.49
131,2,popcornwhitecheddar,1.52
131,2,pringlescheddar,1.46
131,2,pringlesoriginal,1.51
131,2,pringlessourcreamonion,0.99
133,2,3musketeers,0.59
133,2,airheadsblueraspberry,0.61
133,2,airheadsgreenapple,1.02
133,2,airheadswatermelon,0.95
133,2,almondjoy,0.5
133,2,babyruth,0.61
133,2,blowpopblueraspberry,0.54
133,2,blowpopcherry,1.53
133,2,blowpopsourapple,2.03
133,2,blowpopwatermelon,1.14
133,2,bunchacrunch,2.99
133,2,butterfinger,3.07
133,2,butterfingerbites,3.09
133,2,caramelapplepops,2.54
133,2,cheesepeanutbuttercrackers,2.08
133,2,cheetoscrunchy,2.12
133,2,cheetospuffs,2.55
133,2,cheez-it,2.44
133,2,cheezitwhitecheddar,1.99
133,2,chexmixcheddar,2.55
133,2,chipsahoy,2.61
133,2,comboscheddar,0.56
133,2,combospizzeria,0.54
133,2,crunch,1.48
133,2,doritoscoolranch,2.59
133,2,doritosnachocheese,3.01
133,2,doritospicychili,2.91
133,2,dots,1.52
133,2,dovecaramelmilkchocolate,1.59
133,2,dovedarkchocolatebites,0.64
133,2,dovemilk&peanutbutterbites,2.03
133,2,famousamos,1.5
133,2,fritos,0.53
133,2,fritosbbq,1.54
133,2,funyuns,2.42
133,2,ghirardellicaramelsquares,2.62
133,2,ghirardellidarkchocolatesquares,2.51
133,2,ghirardellimilkchocolatesquares,1.56
133,2,giantsweetarts,1.54
133,2,gobstoppers,2.53
133,2,goldfishcheddar,2.48
133,2,grandma'schocolatechipcookies,2.53
133,2,grandma'soatmealraisincookies,2.59
133,2,grandma'speanutbuttercookies,0.42
133,2,gummywormssour,3
133,2,heathbar,2.57
133,2,hostesscupcakes,1.55
133,2,hostesspowdereddonut,0.94
133,2,juniorcaramels,1.46
133,2,juniormints,1.07
133,2,keeblerfudgestripes,1.49
133,2,kettlebbqchips,1.11
133,2,kettlejalapenochips,0.93
133,2,kettlesalt&pepperchips,1.04
133,2,kettlesalt&vinegarchips,2.14
133,2,kitkat,1.03
133,2,kitkatwhitechocolate,1.06
133,2,laffytaffysourapple,0.99
133,2,laysclassic,2.06
133,2,laysdillpickle,2.96
133,2,layssourcreamandonion,1.54
133,2,layssweetsouthernheatbarbecue,2.56
133,2,lifesaversgummies,2.48
133,2,lifesaversgummiessours,2.45
133,2,lindtdarkchocolate,2.98
133,2,m&m'smilkchocolate,1
133,2,m&m'speanuts,1.99
133,2,m&m'spretzel,1.9
133,2,mentosrainbow,1.94
133,2,mike&ikezours,3.05
133,2,milanocookies,1.61
133,2,milkduds,0.97
133,2,milkywaycaramel,1.03
133,2,milkywaydark,1.11
133,2,munchiesjalapenocheddar,2.03
133,2,munchiespeanutbutter,1.1
133,2,nerdsrope,0.6
133,2,oreos,0.95
133,2,oreosgolden,2.6
133,2,pez,2.49
133,2,popcornersjalapeno,2.56
133,2,popcornerskettle,0.5
133,2,popcornwhitecheddar,3.01
133,2,pringlescheddar,1.15
133,2,pringlesoriginal,2
133,2,pringlessourcreamonion,1
133,2,raisinetsmilkchocolate,2.08
134,2,100grand,0.58
134,2,3musketeers,0.03
134,2,airheadsblueraspberry,0.64
134,2,airheadsgreenapple,0.49
134,2,airheadswatermelon,0.53
134,2,almondjoy,0.43
134,2,babyruth,0.18
134,2,blowpopblueraspberry,0.06
134,2,blowpopcherry,1.53
134,2,blowpopsourapple,1.93
134,2,blowpopwatermelon,1.02
134,2,bunchacrunch,1.07
134,2,butterfinger,2.01
134,2,butterfingerbites,1.47
134,2,cheetoscrunchy,1.44
134,2,cheetospuffs,1.26
134,2,cheezitwhitecheddar,0.56
134,2,chexmixcheddar,2.01
134,2,chexmixtraditional,1.48
134,2,chipsahoy,1.01
134,2,comboscheddar,0.74
134,2,combospizzeria,1.02
134,2,crunch,1.1
134,2,doritoscoolranch,1.08
134,2,doritospicychili,2.06
134,2,dots,1.47
134,2,dovecaramelmilkchocolate,1.05
134,2,dovedarkchocolatebites,0.41
134,2,dovemilk&peanutbutterbites,1.05
134,2,famousamos,0.98
134,2,fritos,0.98
134,2,fritosbbq,0.81
134,2,funyuns,0.96
134,2,ghirardellimilkchocolatesquares,1.52
134,2,giantsweetarts,1.5
134,2,gobstoppers,1.02
134,2,goldfishcheddar,2.03
134,2,goobers,2.42
134,2,grandma'schocolatechipcookies,0.57
134,2,grandma'soatmealraisincookies,0.56
134,2,grandma'speanutbuttercookies,0.5
134,2,gummywormssour,2.43
134,2,heathbar,0.98
134,2,hostesschocolatedonuts,2.48
134,2,hostesscupcakes,0.99
134,2,hostesspowdereddonut,0.54
134,2,juniorcaramels,0.99
134,2,juniormints,1.11
134,2,keeblerfudgestripes,0.95
134,2,keeblerrainbowcookies,0.56
134,2,kettlebbqchips,1.09
134,2,kettlejalapenochips,0.53
134,2,kettlesalt&pepperchips,1.01
134,2,kettlesalt&vinegarchips,0.48
134,2,kitkat,0.52
134,2,kitkatwhitechocolate,0.55
134,2,laffytaffysourapple,0.95
134,2,laysclassic,0.45
134,2,laysdillpickle,0.55
134,2,layssourcreamandonion,1.95
134,2,layssweetsouthernheatbarbecue,2.41
134,2,lifesaversgummies,1.78
134,2,lifesaversgummiessours,1.98
134,2,lindtdarkchocolate,1.55
134,2,lindtmilkchocolate,1.96
134,2,m&m'smilkchocolate,1.56
134,2,m&m'smint,1.02
134,2,m&m'speanuts,1
134,2,m&m'spretzel,1.61
134,2,mentosrainbow,0.49
134,2,mike&ikezours,3.02
134,2,milanocookies,1.58
134,2,milkduds,0.56
134,2,milkyway,0.98
134,2,milkywaycaramel,0.54
134,2,milkywaydark,1.04
134,2,munchiesjalapenocheddar,1.54
134,2,munchiesnachocheese,1.56
134,2,munchiespeanutbutter,0.98
134,2,nerdsrope,0.52
134,2,nerdsstrawberrygrape,0.51
134,2,oreos,1.97
134,2,oreosgolden,1.54
134,2,pez,1.97
134,2,popcornersjalapeno,1.02
134,2,popcornerskettle,0.18
134,2,popcornerswhitecheddar,0.53
134,2,popcornwhitecheddar,2.62
134,2,pringlescheddar,0.67
134,2,pringlesoriginal,1.1
134,2,raisinetsmilkchocolate,0.46
135,2,airheadsblueraspberry,1.03
135,2,airheadscherry,1
135,2,airheadsgreenapple,0.9
135,2,airheadswatermelon,1
135,2,babyruth,0.52
135,2,blowpopblueraspberry,2.23
135,2,blowpopcherry,1.03
135,2,blowpopsourapple,1.98
135,2,blowpopwatermelon,1.01
135,2,bunchacrunch,2.48
135,2,butterfinger,2.48
135,2,butterfingerbites,2.02
135,2,caramelapplepops,2.21
135,2,cheesepeanutbuttercrackers,2.34
135,2,cheetospuffs,1.51
135,2,cheez-it,1.52
135,2,cheezitwhitecheddar,1.02
135,2,chexmixcheddar,2.51
135,2,chexmixtraditional,2.53
135,2,chipsahoy,2.47
135,2,comboscheddar,0.52
135,2,combospizzeria,0.49
135,2,crunch,1.54
135,2,doritoscoolranch,2.5
135,2,doritosnachocheese,2.98
135,2,dots,1.01
135,2,dovecaramelmilkchocolate,0.9
135,2,dovedarkchocolatebites,1.2
135,2,dovemilk&peanutbutterbites,1.47
135,2,famousamos,1.53
135,2,fritos,2
135,2,fritosbbq,1.47
135,2,ghirardellicaramelsquares,2.98
135,2,ghirardellidarkchocolatesquares,3.02
135,2,ghirardellimilkchocolatesquares,1.27
135,2,giantsweetarts,2.21
135,2,gobstoppers,1.53
135,2,goldfishcheddar,3.01
135,2,goobers,2.99
135,2,grandma'schocolatechipcookies,1.52
135,2,grandma'soatmealraisincookies,1
135,2,grandma'speanutbuttercookies,0.49
135,2,gummywormssour,2.5
135,2,heathbar,2.11
135,2,hostesschocolatedonuts,2.77
135,2,hostesscupcakes,1.48
135,2,hostesspowdereddonut,1.76
135,2,juniorcaramels,1.03
135,2,juniormints,1.73
135,2,keeblerfudgestripes,1.73
135,2,keeblerrainbowcookies,1.21
135,2,kettlebbqchips,1.51
135,2,kettlejalapenochips,1.51
135,2,kettlesalt&pepperchips,3
135,2,kettlesalt&vinegarchips,1.55
135,2,kitkat,1.08
135,2,kitkatwhitechocolate,1.23
135,2,laffytaffysourapple,1.03
135,2,layscheesygarlicbread,1.98
135,2,laysclassic,0.99
135,2,laysdillpickle,1.97
135,2,layssourcreamandonion,3
135,2,layssweetsouthernheatbarbecue,2.97
135,2,lifesaversgummies,2.68
135,2,lifesaversgummiessours,2.65
135,2,lindtdarkchocolate,2.01
135,2,lindtmilkchocolate,2.48
135,2,m&m'smilkchocolate,1.47
135,2,m&m'smint,0.96
135,2,m&m'speanuts,1.54
135,2,m&m'spretzel,1.27
135,2,mentosrainbow,3.02
135,2,mike&ikezours,2.48
135,2,milanocookies,1.34
135,2,milkduds,1.47
135,2,milkyway,1.02
135,2,milkywaycaramel,0.98
135,2,milkywaydark,0.99
135,2,munchiesjalapenocheddar,0.99
135,2,munchiesnachocheese,3.53
135,2,munchiespeanutbutter,2.52
135,2,nerdsrope,2.53
135,2,oreos,1.99
135,2,oreosgolden,2.65
135,2,pez,2.52
135,2,popcornersjalapeno,2.5
135,2,popcornerswhitecheddar,2.01
135,2,pringlescheddar,1.03
135,2,pringlesoriginal,0.99
135,2,raisinetsmilkchocolate,1.04
136,2,bunchacrunch,1.5
136,2,butterfinger,1.43
136,2,caramelapplepops,0.98
136,2,cheetospuffs,2.5
136,2,chexmixcheddar,1.51
136,2,chexmixtraditional,1.5
136,2,chipsahoy,1.49
136,2,comboscheddar,0.99
136,2,combospizzeria,1.02
136,2,crunch,2
136,2,doritosnachocheese,1.49
136,2,doritospicychili,2
136,2,dots,1
136,2,dovecaramelmilkchocolate,0.48
136,2,famousamos,1.01
136,2,funyuns,1.97
136,2,goldfishcheddar,1.51
136,2,goobers,1.47
136,2,grandma'schocolatechipcookies,1.46
136,2,grandma'soatmealraisincookies,0.95
136,2,gummywormssour,1.5
136,2,heathbar,1.49
136,2,hostesschocolatedonuts,1.48
136,2,juniorcaramels,0.98
136,2,keeblerfudgestripes,1.01
136,2,keeblerrainbowcookies,0.99
136,2,kettlebbqchips,0.49
136,2,laysdillpickle,1.99
136,2,layssourcreamandonion,1.5
136,2,layssweetsouthernheatbarbecue,1.51
136,2,lifesaversgummies,1.52
136,2,lifesaversgummiessours,1.53
136,2,lindtdarkchocolate,2
136,2,lindtmilkchocolate,2.02
136,2,m&m'spretzel,1.5
136,2,mike&ikezours,1.5
136,2,milkywaycaramel,0.98
136,2,milkywaydark,0.98
136,2,munchiesjalapenocheddar,1.01
136,2,oreosgolden,1.44
136,2,popcornersjalapeno,1.48
136,2,pringlesoriginal,0.5
137,2,100grand,1.01
137,2,3musketeers,0.5
137,2,airheadscherry,0.75
137,2,airheadswatermelon,1.03
137,2,babyruth,0.25
137,2,blowpopblueraspberry,1
137,2,blowpopcherry,1.01
137,2,blowpopsourapple,1.01
137,2,bunchacrunch,0.98
137,2,butterfinger,1.5
137,2,butterfingerbites,1.5
137,2,caramelapplepops,1.5
137,2,cheesepeanutbuttercrackers,0.98
137,2,cheetoscrunchy,1.49
137,2,cheetospuffs,1.49
137,2,cheezitwhitecheddar,1.27
137,2,chexmixcheddar,0.99
137,2,chexmixtraditional,1.22
137,2,chipsahoy,0.98
137,2,comboscheddar,0.71
137,2,combospizzeria,1.5
137,2,crunch,1.49
137,2,doritoscoolranch,1.01
137,2,doritosnachocheese,1.48
137,2,doritospicychili,0.97
137,2,dots,0.98
137,2,dovecaramelmilkchocolate,0.84
137,2,dovedarkchocolatebites,0.73
137,2,dovemilk&peanutbutterbites,1.5
137,2,fritosbbq,1
137,2,funyuns,1.02
137,2,ghirardellicaramelsquares,1.78
137,2,ghirardellidarkchocolatesquares,2.5
137,2,ghirardellimilkchocolatesquares,1.19
137,2,giantsweetarts,1.49
137,2,gobstoppers,1.47
137,2,goldfishcheddar,1.98
137,2,goobers,1.71
137,2,grandma'schocolatechipcookies,1.25
137,2,grandma'soatmealraisincookies,0.99
137,2,gummywormssour,1.01
137,2,heathbar,1
137,2,hostesschocolatedonuts,1.01
137,2,hostesscupcakes,0.48
137,2,juniorcaramels,1.16
137,2,juniormints,1.49
137,2,keeblerfudgestripes,0.69
137,2,keeblerrainbowcookies,0.84
137,2,kettlebbqchips,0.73
137,2,kettlejalapenochips,0.49
137,2,kettlesalt&pepperchips,1.53
137,2,kettlesalt&vinegarchips,1.49
137,2,kitkat,1
137,2,kitkatwhitechocolate,0.94
137,2,laffytaffysourapple,0.97
137,2,laysdillpickle,1.52
137,2,layssourcreamandonion,1.5
137,2,layssweetsouthernheatbarbecue,1.05
137,2,lifesaversgummies,1.52
137,2,lifesaversgummiessours,1.49
137,2,lindtdarkchocolate,0.97
137,2,lindtmilkchocolate,1.99
137,2,mentosrainbow,0.77
137,2,mike&ikezours,1.04
137,2,milanocookies,0.99
137,2,milkduds,0.99
137,2,milkyway,1
137,2,munchiesnachocheese,0.99
137,2,munchiespeanutbutter,1.17
137,2,oreos,0.99
137,2,oreosgolden,1.01
137,2,pez,1.02
137,2,popcornersjalapeno,1.02
137,2,popcornerskettle,1.25
137,2,popcornerswhitecheddar,1.22
137,2,popcornwhitecheddar,1.01
137,2,pringlescheddar,1.47
137,2,raisinetsmilkchocolate,0.77
138,2,3musketeers,1.49
138,2,airheadsblueraspberry,1.49
138,2,airheadsgreenapple,1.97
138,2,airheadswatermelon,1
138,2,blowpopcherry,1.98
138,2,blowpopsourapple,2
138,2,blowpopwatermelon,2
138,2,butterfinger,2
138,2,butterfingerbites,1.98
138,2,cheetoscrunchy,1.48
138,2,cheetospuffs,1.51
138,2,chexmixcheddar,1.49
138,2,chexmixtraditional,1.98
138,2,chipsahoy,1.98
138,2,crunch,2
138,2,doritoscoolranch,0.99
138,2,dots,1.98
138,2,dovecaramelmilkchocolate,1.98
138,2,dovemilk&peanutbutterbites,2
138,2,fritos,2.03
138,2,giantsweetarts,1.98
138,2,gobstoppers,1.49
138,2,grandma'schocolatechipcookies,1.49
138,2,grandma'soatmealraisincookies,2
138,2,heathbar,1.99
138,2,hostesschocolatedonuts,2
138,2,juniorcaramels,2
138,2,juniormints,1.49
138,2,keeblerfudgestripes,2.01
138,2,keeblerrainbowcookies,1.98
138,2,kettlesalt&pepperchips,2
138,2,laysclassic,0.99
138,2,laysdillpickle,2.01
138,2,lindtdarkchocolate,1.99
138,2,lindtmilkchocolate,2
138,2,m&m'smilkchocolate,2.53
138,2,m&m'smint,1.99
138,2,m&m'spretzel,2
138,2,milanocookies,1.49
138,2,milkyway,2.01
138,2,milkywaycaramel,1.97
138,2,munchiesjalapenocheddar,2.01
138,2,munchiespeanutbutter,1.99
138,2,nerdsrope,1.48
138,2,nerdsstrawberrygrape,1.49
138,2,popcornerswhitecheddar,1.49
138,2,pringlescheddar,2
138,2,pringlesoriginal,1.98
138,2,pringlessourcreamonion,1.01
139,2,100grand,1.48
139,2,3musketeers,0.84
139,2,airheadsblueraspberry,0.5
139,2,airheadscherry,0.51
139,2,airheadsgreenapple,0.5
139,2,airheadswatermelon,1.5
139,2,blowpopcherry,1.52
139,2,blowpopsourapple,1.98
139,2,butterfingerbites,2
139,2,cheetospuffs,0.02
139,2,chipsahoy,1
139,2,crunch,0.01
139,2,doritospicychili,1.5
139,2,dots,1.96
139,2,dovecaramelmilkchocolate,2.39
139,2,funyuns,1
139,2,gobstoppers,1.08
139,2,goldfishcheddar,2
139,2,gummywormssour,1.5
139,2,heathbar,1.02
139,2,hostesscupcakes,2.48
139,2,hostesspowdereddonut,1.53
139,2,juniorcaramels,1.53
139,2,kettlebbqchips,1
139,2,kitkat,1.53
139,2,kitkatwhitechocolate,1.49
139,2,layssourcreamandonion,1.97
139,2,lifesaversgummies,2.5
139,2,lifesaversgummiessours,2.49
139,2,lindtmilkchocolate,1.51
139,2,m&m'smilkchocolate,1.49
139,2,m&m'smint,1.53
139,2,m&m'speanuts,2.02
139,2,milkduds,1.48
139,2,milkywaycaramel,1.53
139,2,milkywaydark,1.99
139,2,munchiesjalapenocheddar,1.51
139,2,munchiespeanutbutter,1.51
139,2,oreos,1.49
139,2,oreosgolden,2.02
139,2,pez,1.95
139,2,popcornerskettle,1.5
139,2,pringlescheddar,1.5
140,2,100grand,1.63
140,2,3musketeers,0.49
140,2,airheadsblueraspberry,0.88
140,2,airheadscherry,0.5
140,2,airheadsgreenapple,0.49
140,2,airheadswatermelon,1.49
140,2,almondjoy,0.23
140,2,babyruth,0.3
140,2,blowpopblueraspberry,1.8
140,2,blowpopcherry,1.17
140,2,blowpopsourapple,1.97
140,2,blowpopwatermelon,2.23
140,2,bunchacrunch,1.88
140,2,butterfinger,2.12
140,2,caramelapplepops,1.72
140,2,cheetoscrunchy,2.24
140,2,cheetospuffs,1.4
140,2,cheez-it,2.18
140,2,cheezitwhitecheddar,1.11
140,2,chexmixtraditional,1.5
140,2,chipsahoy,1.51
140,2,comboscheddar,0.2
140,2,combospizzeria,0.32
140,2,crunch,1.41
140,2,doritoscoolranch,1.45
140,2,doritosnachocheese,1.67
140,2,doritospicychili,1.59
140,2,dots,0.3
140,2,dovecaramelmilkchocolate,0.25
140,2,dovedarkchocolatebites,0.99
140,2,dovemilk&peanutbutterbites,1.98
140,2,famousamos,2.6
140,2,fritos,1.92
140,2,fritosbbq,0.99
140,2,funyuns,1.3
140,2,ghirardellicaramelsquares,1.77
140,2,ghirardellidarkchocolatesquares,2.22
140,2,ghirardellimilkchocolatesquares,1.49
140,2,giantsweetarts,1.15
140,2,gobstoppers,1.51
140,2,goobers,1.5
140,2,grandma'schocolatechipcookies,1
140,2,grandma'soatmealraisincookies,1.47
140,2,grandma'speanutbuttercookies,0.5
140,2,gummywormssour,1.92
140,2,heathbar,0.99
140,2,hostesschocolatedonuts,1.44
140,2,hostesscupcakes,1.37
140,2,hostesspowdereddonut,1.73
140,2,juniormints,1.89
140,2,keeblerfudgestripes,1.11
140,2,keeblerrainbowcookies,1.78
140,2,kettlebbqchips,1.04
140,2,kettlejalapenochips,0.99
140,2,kettlesalt&pepperchips,1.9
140,2,kettlesalt&vinegarchips,0.97
140,2,kitkat,1.42
140,2,kitkatwhitechocolate,1.86
140,2,layscheesygarlicbread,0.99
140,2,laysclassic,2.37
140,2,laysdillpickle,2.58
140,2,layssourcreamandonion,1.49
140,2,layssweetsouthernheatbarbecue,0.99
140,2,lifesaversgummies,2.7
140,2,lifesaversgummiessours,1.24
140,2,lindtdarkchocolate,1.73
140,2,lindtmilkchocolate,1.63
140,2,m&m'smilkchocolate,2.08
140,2,m&m'smint,0.94
140,2,m&m'speanuts,0.98
140,2,m&m'spretzel,2.01
140,2,mentosrainbow,1.3
140,2,mike&ikezours,1.49
140,2,milanocookies,0.76
140,2,milkduds,1.16
140,2,milkyway,1.32
140,2,milkywaycaramel,1.51
140,2,milkywaydark,1.46
140,2,munchiesjalapenocheddar,1.48
140,2,nerdsrope,2
140,2,nerdsstrawberrygrape,1.73
140,2,oreos,1
140,2,oreosgolden,1.76
140,2,pez,1.48
140,2,popcornersjalapeno,1.91
140,2,popcornerskettle,0.99
140,2,popcornerswhitecheddar,1.01
140,2,popcornwhitecheddar,1.42
140,2,pringlescheddar,1.16
140,2,pringlesoriginal,1.97
140,2,pringlessourcreamonion,1.19
140,2,raisinetsmilkchocolate,0.48
141,2,100grand,1.47
141,2,3musketeers,0.45
141,2,airheadsblueraspberry,1.52
141,2,airheadscherry,0.46
141,2,airheadsgreenapple,0.51
141,2,airheadswatermelon,1.47
141,2,almondjoy,0.12
141,2,babyruth,1.55
141,2,blowpopblueraspberry,2.99
141,2,blowpopcherry,1.51
141,2,blowpopsourapple,2.49
141,2,blowpopwatermelon,0.39
141,2,bunchacrunch,1.48
141,2,butterfinger,1.98
141,2,butterfingerbites,1.49
141,2,caramelapplepops,1.08
141,2,cheesepeanutbuttercrackers,1.47
141,2,cheetospuffs,0.98
141,2,cheez-it,1.01
141,2,cheezitwhitecheddar,1.49
141,2,chexmixcheddar,2
141,2,chexmixtraditional,1.97
141,2,chipsahoy,2.47
141,2,comboscheddar,1.5
141,2,combospizzeria,0.97
141,2,crunch,0.99
141,2,doritoscoolranch,1.48
141,2,doritosnachocheese,2
141,2,doritospicychili,1.47
141,2,dots,1.95
141,2,dovecaramelmilkchocolate,1.97
141,2,dovedarkchocolatebites,1.51
141,2,dovemilk&peanutbutterbites,1.02
141,2,famousamos,1.52
141,2,fritos,0.99
141,2,fritosbbq,3.98
141,2,funyuns,0.52
141,2,ghirardellicaramelsquares,1.01
141,2,ghirardellidarkchocolatesquares,1.02
141,2,ghirardellimilkchocolatesquares,0.99
141,2,giantsweetarts,1.01
141,2,gobstoppers,0.47
141,2,goldfishcheddar,2.5
141,2,goobers,2.49
141,2,grandma'schocolatechipcookies,0.46
141,2,grandma'soatmealraisincookies,1.02
141,2,grandma'speanutbuttercookies,0.51
141,2,gummywormssour,2
141,2,heathbar,0.98
141,2,hostesschocolatedonuts,2.02
141,2,hostesscupcakes,0.99
141,2,hostesspowdereddonut,2.48
141,2,juniorcaramels,1.97
141,2,juniormints,1.47
141,2,keeblerfudgestripes,1.45
141,2,keeblerrainbowcookies,1.45
141,2,kettlebbqchips,1.5
141,2,kettlejalapenochips,1.49
141,2,kettlesalt&pepperchips,1.98
141,2,kettlesalt&vinegarchips,2.49
141,2,kitkat,1.49
141,2,kitkatwhitechocolate,1.98
141,2,laffytaffysourapple,2.51
141,2,layscheesygarlicbread,1.49
141,2,laysclassic,0.98
141,2,laysdillpickle,0.98
141,2,layssourcreamandonion,1.99
141,2,lifesaversgummies,1.49
141,2,lifesaversgummiessours,2.49
141,2,lindtdarkchocolate,2.03
141,2,lindtmilkchocolate,1.49
141,2,m&m'smilkchocolate,2.53
141,2,m&m'smint,1.01
141,2,m&m'speanuts,0.97
141,2,m&m'spretzel,1.5
141,2,mike&ikezours,1.52
141,2,milanocookies,1.49
141,2,milkduds,2.51
141,2,milkyway,1.5
141,2,milkywaycaramel,1.99
141,2,milkywaydark,1.5
141,2,munchiesjalapenocheddar,3.99
141,2,munchiesnachocheese,2.48
141,2,munchiespeanutbutter,1.99
141,2,nerdsrope,1.99
141,2,nerdsstrawberrygrape,1.5
141,2,oreos,1.98
141,2,oreosgolden,0.99
141,2,pez,2.51
141,2,popcornersjalapeno,1.5
141,2,popcornerskettle,0.99
141,2,popcornerswhitecheddar,0.97
141,2,popcornwhitecheddar,3.99
141,2,pringlescheddar,1.99
141,2,pringlesoriginal,2.01
141,2,pringlessourcreamonion,1.5
141,2,raisinetsmilkchocolate,0.96
142,2,100grand,0.98
142,2,3musketeers,0.96
142,2,airheadsblueraspberry,0.98
142,2,airheadscherry,0.92
142,2,airheadsgreenapple,0.97
142,2,almondjoy,0.5
142,2,babyruth,0.5
142,2,blowpopblueraspberry,1.97
142,2,blowpopcherry,0.99
142,2,blowpopsourapple,0.52
142,2,blowpopwatermelon,0.51
142,2,bunchacrunch,1.99
142,2,butterfinger,1.47
142,2,butterfingerbites,1.03
142,2,caramelapplepops,0.5
142,2,cheesepeanutbuttercrackers,1.01
142,2,cheetoscrunchy,0.46
142,2,cheetospuffs,1.05
142,2,cheez-it,0.47
142,2,cheezitwhitecheddar,2
142,2,chexmixcheddar,1.49
142,2,chipsahoy,2.02
142,2,comboscheddar,1.01
142,2,combospizzeria,2.53
142,2,crunch,1.45
142,2,doritoscoolranch,0.99
142,2,doritosnachocheese,1.01
142,2,doritospicychili,1.99
142,2,dots,3.98
142,2,dovecaramelmilkchocolate,2.96
142,2,dovedarkchocolatebites,1.01
142,2,dovemilk&peanutbutterbites,1
142,2,famousamos,1
142,2,fritos,0.99
142,2,fritosbbq,0.99
142,2,funyuns,1.99
142,2,ghirardellicaramelsquares,0.98
142,2,ghirardellidarkchocolatesquares,0.97
142,2,ghirardellimilkchocolatesquares,0.97
142,2,giantsweetarts,1.01
142,2,gobstoppers,1.04
142,2,goldfishcheddar,2.01
142,2,goobers,0.47
142,2,grandma'schocolatechipcookies,1.97
142,2,grandma'soatmealraisincookies,0.99
142,2,grandma'speanutbuttercookies,0.99
142,2,gummywormssour,1.01
142,2,heathbar,2
142,2,hostesschocolatedonuts,1.46
142,2,hostesscupcakes,1.94
142,2,hostesspowdereddonut,2
142,2,juniorcaramels,3.08
142,2,juniormints,2.01
142,2,keeblerfudgestripes,2
142,2,keeblerrainbowcookies,1.98
142,2,kettlebbqchips,0.99
142,2,kettlejalapenochips,1.49
142,2,kettlesalt&pepperchips,2.51
142,2,kettlesalt&vinegarchips,0.95
142,2,kitkat,1.48
142,2,kitkatwhitechocolate,0.96
142,2,laffytaffysourapple,2.45
142,2,layscheesygarlicbread,0.97
142,2,laysdillpickle,1.97
142,2,layssourcreamandonion,1
142,2,layssweetsouthernheatbarbecue,0.54
142,2,lifesaversgummies,0.98
142,2,lifesaversgummiessours,0.98
142,2,lindtdarkchocolate,0.99
142,2,lindtmilkchocolate,1.53
142,2,m&m'smilkchocolate,3.01
142,2,m&m'smint,2
142,2,m&m'speanuts,2.05
142,2,m&m'spretzel,0.48
142,2,mentosrainbow,0.97
142,2,mike&ikezours,3.01
142,2,milkduds,0.98
142,2,milkyway,1.5
142,2,milkywaycaramel,2.01
142,2,munchiesjalapenocheddar,1.99
142,2,munchiesnachocheese,1
142,2,munchiespeanutbutter,2.02
142,2,nerdsstrawberrygrape,1.99
142,2,oreos,1
142,2,oreosgolden,0.99
142,2,pez,1.02
142,2,popcornersjalapeno,1.02
142,2,popcornerskettle,2.04
142,2,popcornerswhitecheddar,1.98
142,2,popcornwhitecheddar,0.99
142,2,pringlescheddar,1.97
142,2,pringlesoriginal,1.94
142,2,pringlessourcreamonion,2.01
142,2,raisinetsmilkchocolate,0.99
143,2,100grand,1.51
143,2,3musketeers,1.51
143,2,airheadsblueraspberry,0.98
143,2,airheadscherry,1.21
143,2,airheadsgreenapple,1.42
143,2,airheadswatermelon,1.48
143,2,almondjoy,0.47
143,2,babyruth,0.19
143,2,blowpopblueraspberry,1.99
143,2,bunchacrunch,2.99
143,2,butterfinger,2.48
143,2,butterfingerbites,1.47
143,2,caramelapplepops,1.75
143,2,cheetospuffs,1
143,2,cheezitwhitecheddar,2.18
143,2,chexmixcheddar,2.5
143,2,chexmixtraditional,2.35
143,2,chipsahoy,1.99
143,2,comboscheddar,0.52
143,2,combospizzeria,0.53
143,2,crunch,1.63
143,2,doritoscoolranch,2.12
143,2,doritosnachocheese,2.49
143,2,doritospicychili,1.53
143,2,dots,2.47
143,2,dovecaramelmilkchocolate,2.86
143,2,dovedarkchocolatebites,1.99
143,2,dovemilk&peanutbutterbites,2.48
143,2,famousamos,1.98
143,2,fritosbbq,1.72
143,2,funyuns,3.49
143,2,ghirardellicaramelsquares,3.97
143,2,ghirardellidarkchocolatesquares,3.98
143,2,giantsweetarts,2.06
143,2,gobstoppers,1.22
143,2,goldfishcheddar,2
143,2,goobers,1.48
143,2,grandma'schocolatechipcookies,1.49
143,2,grandma'soatmealraisincookies,2.97
143,2,grandma'speanutbuttercookies,1.5
143,2,gummywormssour,1.53
143,2,heathbar,1
143,2,hostesschocolatedonuts,2.2
143,2,hostesscupcakes,1.49
143,2,hostesspowdereddonut,1
143,2,juniorcaramels,1.5
143,2,keeblerrainbowcookies,0.99
143,2,kettlebbqchips,1.03
143,2,kettlejalapenochips,2
143,2,kettlesalt&vinegarchips,0.99
143,2,kitkat,1.77
143,2,kitkatwhitechocolate,1.5
143,2,laffytaffysourapple,1.47
143,2,layscheesygarlicbread,1.99
143,2,laysclassic,1.03
143,2,laysdillpickle,2.99
143,2,layssweetsouthernheatbarbecue,1.72
143,2,lifesaversgummies,1.31
143,2,lifesaversgummiessours,1.26
143,2,lindtmilkchocolate,1.49
143,2,mentosrainbow,2
143,2,mike&ikezours,2.17
143,2,milanocookies,1.33
143,2,milkduds,1.47
143,2,milkyway,1.5
143,2,milkywaydark,1.47
143,2,munchiespeanutbutter,1.6
143,2,nerdsrope,0.99
143,2,nerdsstrawberrygrape,0.99
143,2,oreos,2.5
143,2,oreosgolden,1.54
143,2,pez,2.51
143,2,popcornersjalapeno,2.39
143,2,popcornerskettle,2
143,2,popcornerswhitecheddar,2.47
143,2,popcornwhitecheddar,2.01
143,2,pringlescheddar,1.98
144,2,100grand,0.59
144,2,airheadsblueraspberry,0.35
144,2,airheadscherry,0.61
144,2,airheadsgreenapple,0.45
144,2,airheadswatermelon,0.5
144,2,babyruth,0.25
144,2,blowpopblueraspberry,0.83
144,2,blowpopcherry,0.6
144,2,blowpopwatermelon,0.5
144,2,bunchacrunch,0.98
144,2,butterfinger,1.25
144,2,butterfingerbites,0.72
144,2,caramelapplepops,0.89
144,2,cheesepeanutbuttercrackers,0.48
144,2,cheetoscrunchy,0.5
144,2,cheetospuffs,0.77
144,2,cheez-it,0.48
144,2,cheezitwhitecheddar,0.55
144,2,chexmixcheddar,0.75
144,2,chexmixtraditional,1.05
144,2,chipsahoy,1.25
144,2,comboscheddar,0.6
144,2,combospizzeria,0.73
144,2,crunch,0.73
144,2,doritoscoolranch,1.04
144,2,dots,1
144,2,dovemilk&peanutbutterbites,0.75
144,2,famousamos,0.24
144,2,fritos,1.01
144,2,fritosbbq,0.99
144,2,funyuns,1.17
144,2,ghirardellicaramelsquares,1.15
144,2,ghirardellidarkchocolatesquares,0.86
144,2,ghirardellimilkchocolatesquares,0.83
144,2,giantsweetarts,0.94
144,2,gobstoppers,0.49
144,2,goldfishcheddar,1.51
144,2,grandma'schocolatechipcookies,1.25
144,2,grandma'soatmealraisincookies,1
144,2,grandma'speanutbuttercookies,0.38
144,2,gummywormssour,1.01
144,2,heathbar,0.52
144,2,hostesschocolatedonuts,0.47
144,2,hostesscupcakes,0.51
144,2,hostesspowdereddonut,0.86
144,2,juniorcaramels,0.84
144,2,juniormints,1.01
144,2,keeblerrainbowcookies,1.1
144,2,kettlebbqchips,1.01
144,2,kettlejalapenochips,0.86
144,2,kettlesalt&pepperchips,1.5
144,2,kettlesalt&vinegarchips,1.05
144,2,kitkat,0.48
144,2,kitkatwhitechocolate,0.73
144,2,laffytaffysourapple,0.72
144,2,layscheesygarlicbread,1.23
144,2,laysclassic,0.51
144,2,laysdillpickle,1.51
144,2,layssourcreamandonion,0.72
144,2,layssweetsouthernheatbarbecue,1.24
144,2,lifesaversgummies,1.22
144,2,lifesaversgummiessours,1.53
144,2,lindtdarkchocolate,0.49
144,2,lindtmilkchocolate,1.06
144,2,m&m'smilkchocolate,0.8
144,2,m&m'smint,1
144,2,m&m'speanuts,1.27
144,2,mentosrainbow,1.01
144,2,mike&ikezours,0.5
144,2,milanocookies,0.76
144,2,milkduds,0.86
144,2,milkyway,0.91
144,2,milkywaycaramel,0.77
144,2,milkywaydark,0.79
144,2,munchiesjalapenocheddar,0.83
144,2,munchiesnachocheese,0.57
144,2,munchiespeanutbutter,0.5
144,2,nerdsrope,0.78
144,2,nerdsstrawberrygrape,0.77
144,2,oreos,0.62
144,2,oreosgolden,1.01
144,2,pez,0.75
144,2,popcornersjalapeno,1.01
144,2,popcornwhitecheddar,1
144,2,pringlescheddar,0.75
144,2,pringlesoriginal,0.87
144,2,pringlessourcreamonion,0.74
145,2,3musketeers,0.41
145,2,airheadsblueraspberry,0.5
145,2,airheadscherry,0.5
145,2,airheadsgreenapple,0.46
145,2,almondjoy,0.5
145,2,babyruth,0.47
145,2,blowpopblueraspberry,0.98
145,2,blowpopwatermelon,1.02
145,2,bunchacrunch,1.5
145,2,butterfinger,1.48
145,2,butterfingerbites,1.5
145,2,caramelapplepops,1.51
145,2,cheetoscrunchy,1.47
145,2,cheetospuffs,1.5
145,2,cheez-it,1.53
145,2,cheezitwhitecheddar,0.99
145,2,chexmixcheddar,1.57
145,2,chexmixtraditional,1.49
145,2,chipsahoy,1.47
145,2,comboscheddar,0.99
145,2,combospizzeria,0.48
145,2,crunch,1.52
145,2,doritoscoolranch,0.98
145,2,doritosnachocheese,2.02
145,2,doritospicychili,1.57
145,2,dots,0.96
145,2,dovecaramelmilkchocolate,0.99
145,2,dovemilk&peanutbutterbites,0.95
145,2,famousamos,0.97
145,2,fritos,0.99
145,2,funyuns,1.51
145,2,ghirardellicaramelsquares,1.49
145,2,ghirardellidarkchocolatesquares,1.54
145,2,giantsweetarts,1.52
145,2,gobstoppers,1.54
145,2,goobers,1.99
145,2,grandma'schocolatechipcookies,0.98
145,2,grandma'soatmealraisincookies,0.98
145,2,gummywormssour,1.55
145,2,heathbar,1.48
145,2,hostesschocolatedonuts,1.49
145,2,hostesscupcakes,1.52
145,2,hostesspowdereddonut,1.03
145,2,juniorcaramels,1.01
145,2,juniormints,1.02
145,2,keeblerfudgestripes,0.99
145,2,keeblerrainbowcookies,1.56
145,2,kettlebbqchips,1.47
145,2,kettlejalapenochips,0.93
145,2,kettlesalt&pepperchips,0.99
145,2,layscheesygarlicbread,1.01
145,2,laysdillpickle,1.04
145,2,layssourcreamandonion,1.52
145,2,lindtdarkchocolate,1.51
145,2,lindtmilkchocolate,1.49
145,2,m&m'smint,1.01
145,2,m&m'speanuts,1.53
145,2,m&m'spretzel,1.51
145,2,mentosrainbow,2.07
145,2,mike&ikezours,1.51
145,2,milanocookies,0.98
145,2,milkduds,0.94
145,2,milkyway,1.03
145,2,milkywaycaramel,0.99
145,2,milkywaydark,1
145,2,munchiesjalapenocheddar,0.95
145,2,munchiesnachocheese,1.97
145,2,munchiespeanutbutter,1.45
145,2,nerdsrope,1.49
145,2,nerdsstrawberrygrape,1.47
145,2,oreos,1.51
145,2,oreosgolden,1.5
145,2,pez,1.46
145,2,popcornersjalapeno,1.5
145,2,popcornerskettle,1.48
145,2,popcornerswhitecheddar,1.44
145,2,popcornwhitecheddar,2.51
145,2,pringlescheddar,1.02
145,2,pringlesoriginal,0.99
145,2,pringlessourcreamonion,1.53
146,2,3musketeers,0.02
146,2,airheadsblueraspberry,0.14
146,2,airheadscherry,0.03
146,2,airheadsgreenapple,0.01
146,2,almondjoy,0.02
146,2,babyruth,0.01
146,2,blowpopcherry,0.2
146,2,blowpopsourapple,2.5
146,2,blowpopwatermelon,0.5
146,2,bunchacrunch,2.5
146,2,butterfinger,2.98
146,2,butterfingerbites,1.02
146,2,caramelapplepops,1
146,2,cheesepeanutbuttercrackers,1.04
146,2,cheetoscrunchy,1
146,2,cheetospuffs,0.99
146,2,cheezitwhitecheddar,0.45
146,2,chexmixcheddar,0.5
146,2,chexmixtraditional,0.5
146,2,chipsahoy,2.51
146,2,comboscheddar,3
146,2,combospizzeria,3.95
146,2,crunch,0.5
146,2,doritosnachocheese,2.5
146,2,doritospicychili,1.52
146,2,dots,3.98
146,2,dovecaramelmilkchocolate,3.94
146,2,dovemilk&peanutbutterbites,1
146,2,fritos,0.97
146,2,fritosbbq,0.76
146,2,funyuns,1
146,2,giantsweetarts,1.01
146,2,gobstoppers,1.48
146,2,goldfishcheddar,3.48
146,2,goobers,3.5
146,2,grandma'schocolatechipcookies,0.98
146,2,grandma'soatmealraisincookies,1.01
146,2,gummywormssour,2.75
146,2,heathbar,0.48
146,2,hostesschocolatedonuts,3.49
146,2,hostesscupcakes,0.99
146,2,hostesspowdereddonut,1
146,2,juniorcaramels,0.49
146,2,juniormints,0.8
146,2,keeblerfudgestripes,0.5
146,2,keeblerrainbowcookies,0.7
146,2,kettlejalapenochips,2
146,2,kettlesalt&pepperchips,3
146,2,kettlesalt&vinegarchips,2.51
146,2,kitkat,0.5
146,2,laysclassic,0.02
146,2,laysdillpickle,1.5
146,2,layssourcreamandonion,2.02
146,2,lindtdarkchocolate,1.49
146,2,lindtmilkchocolate,1.5
146,2,m&m'smilkchocolate,0.5
146,2,m&m'smint,0.5
146,2,m&m'speanuts,0.45
146,2,m&m'spretzel,1
146,2,mentosrainbow,0.5
146,2,mike&ikezours,2.51
146,2,milanocookies,0.5
146,2,milkduds,0.41
146,2,milkyway,0.98
146,2,munchiesjalapenocheddar,0.47
146,2,munchiesnachocheese,1.49
146,2,munchiespeanutbutter,1.01
146,2,nerdsstrawberrygrape,0.98
146,2,oreos,2
146,2,oreosgolden,0.5
146,2,pez,0.01
146,2,popcornersjalapeno,0.51
146,2,popcornerskettle,0.96
146,2,popcornerswhitecheddar,1.47
146,2,popcornwhitecheddar,3
146,2,pringlescheddar,0.04
146,2,pringlessourcreamonion,1.01
146,2,raisinetsmilkchocolate,0.52
147,2,airheadswatermelon,1.5
147,2,babyruth,0.5
147,2,bunchacrunch,1.49
147,2,butterfinger,1.49
147,2,butterfingerbites,1.5
147,2,caramelapplepops,1.49
147,2,cheesepeanutbuttercrackers,1.5
147,2,cheetoscrunchy,1.5
147,2,cheetospuffs,2
147,2,cheezitwhitecheddar,1
147,2,chexmixtraditional,1.48
147,2,chipsahoy,1.52
147,2,comboscheddar,1.49
147,2,combospizzeria,0.99
147,2,crunch,1.99
147,2,doritoscoolranch,1.5
147,2,doritosnachocheese,1.5
147,2,doritospicychili,0.99
147,2,dots,0.99
147,2,dovecaramelmilkchocolate,0.99
147,2,dovedarkchocolatebites,0.99
147,2,dovemilk&peanutbutterbites,1.5
147,2,famousamos,1.5
147,2,fritosbbq,1
147,2,funyuns,2.5
147,2,ghirardellimilkchocolatesquares,1.99
147,2,giantsweetarts,1.98
147,2,goldfishcheddar,0.99
147,2,grandma'schocolatechipcookies,2.48
147,2,grandma'soatmealraisincookies,1.5
147,2,gummywormssour,1.49
147,2,heathbar,1.49
147,2,hostesschocolatedonuts,1.5
147,2,hostesscupcakes,0.98
147,2,hostesspowdereddonut,1.5
147,2,juniorcaramels,0.99
147,2,kettlebbqchips,1.49
147,2,kettlejalapenochips,1.49
147,2,kettlesalt&pepperchips,2.49
147,2,layssourcreamandonion,1.99
147,2,layssweetsouthernheatbarbecue,2.01
147,2,lifesaversgummies,1.99
147,2,lifesaversgummiessours,2
147,2,lindtdarkchocolate,1.5
147,2,lindtmilkchocolate,2
147,2,milanocookies,0.99
147,2,milkduds,0.99
147,2,milkywaycaramel,1.5
147,2,milkywaydark,1.5
147,2,munchiespeanutbutter,3.98
147,2,oreos,0.99
147,2,oreosgolden,1.48
147,2,pez,1.51
147,2,popcornersjalapeno,1.49
147,2,popcornerskettle,1.01
147,2,popcornerswhitecheddar,0.99
147,2,popcornwhitecheddar,2.49
147,2,pringlescheddar,1.49
147,2,pringlessourcreamonion,1.49
148,2,100grand,1.01
148,2,3musketeers,0.48
148,2,airheadscherry,0.47
148,2,airheadsgreenapple,0.48
148,2,blowpopblueraspberry,1.03
148,2,blowpopcherry,2.01
148,2,blowpopsourapple,3.01
148,2,bunchacrunch,1.52
148,2,butterfingerbites,1.5
148,2,caramelapplepops,1.5
148,2,cheetospuffs,2.01
148,2,cheezitwhitecheddar,2
148,2,chexmixtraditional,1.98
148,2,chipsahoy,1.99
148,2,comboscheddar,0.51
148,2,combospizzeria,0.53
148,2,crunch,1.97
148,2,doritoscoolranch,1.47
148,2,doritospicychili,1.99
148,2,dots,0.52
148,2,dovecaramelmilkchocolate,0.54
148,2,dovemilk&peanutbutterbites,1.97
148,2,fritos,2.04
148,2,fritosbbq,1.99
148,2,funyuns,0.52
148,2,ghirardellicaramelsquares,2
148,2,ghirardellimilkchocolatesquares,1.44
148,2,giantsweetarts,1.56
148,2,gobstoppers,2
148,2,grandma'schocolatechipcookies,2
148,2,grandma'soatmealraisincookies,1.47
148,2,heathbar,1.01
148,2,hostesschocolatedonuts,0.99
148,2,hostesscupcakes,0.48
148,2,hostesspowdereddonut,0.5
148,2,juniorcaramels,1.48
148,2,juniormints,1.99
148,2,keeblerfudgestripes,1.98
148,2,keeblerrainbowcookies,2.03
148,2,kettlesalt&pepperchips,1.49
148,2,kettlesalt&vinegarchips,0.49
148,2,kitkat,1.48
148,2,kitkatwhitechocolate,0.98
148,2,laffytaffysourapple,1.49
148,2,laysdillpickle,1.03
148,2,lifesaversgummies,1.51
148,2,lindtmilkchocolate,2.01
148,2,m&m'smilkchocolate,1.02
148,2,m&m'smint,1.49
148,2,m&m'speanuts,2.04
148,2,m&m'spretzel,2.02
148,2,mentosrainbow,1.49
148,2,milkyway,1.01
148,2,milkywaycaramel,1.55
148,2,milkywaydark,1.49
148,2,munchiesjalapenocheddar,1.51
148,2,munchiesnachocheese,2.03
148,2,munchiespeanutbutter,0.48
148,2,nerdsrope,0.5
148,2,nerdsstrawberrygrape,0.47
148,2,oreos,0.99
148,2,pez,2.52
148,2,popcornersjalapeno,1.46
148,2,popcornerskettle,0.52
148,2,popcornerswhitecheddar,0.5
148,2,pringlescheddar,1.5
148,2,pringlesoriginal,1.47
148,2,raisinetsmilkchocolate,0.51
149,2,blowpopblueraspberry,1.15
149,2,blowpopsourapple,0.39
149,2,bunchacrunch,0.5
149,2,cheetoscrunchy,0.53
149,2,cheetospuffs,1.34
149,2,cheezitwhitecheddar,1.25
149,2,chexmixtraditional,0.72
149,2,chipsahoy,0.93
149,2,combospizzeria,0.17
149,2,crunch,1.42
149,2,dots,0.44
149,2,dovecaramelmilkchocolate,0.29
149,2,dovemilk&peanutbutterbites,1.5
149,2,fritosbbq,0.8
149,2,funyuns,1.26
149,2,ghirardellicaramelsquares,1.67
149,2,ghirardellidarkchocolatesquares,1.67
149,2,giantsweetarts,1.09
149,2,gobstoppers,1.22
149,2,goobers,0.12
149,2,grandma'schocolatechipcookies,1.06
149,2,grandma'soatmealraisincookies,0.99
149,2,heathbar,0.69
149,2,juniorcaramels,0.44
149,2,keeblerfudgestripes,0.99
149,2,keeblerrainbowcookies,0.96
149,2,kettlesalt&pepperchips,1.12
149,2,laysdillpickle,1.73
149,2,lindtdarkchocolate,0.95
149,2,lindtmilkchocolate,1.58
149,2,m&m'smilkchocolate,1.11
149,2,m&m'smint,1.07
149,2,m&m'speanuts,0.5
149,2,m&m'spretzel,0.21
149,2,mike&ikezours,0.6
149,2,milkywaycaramel,0.74
149,2,milkywaydark,0.24
149,2,munchiesjalapenocheddar,1.07
149,2,popcornwhitecheddar,1.85
149,2,pringlescheddar,1.13
149,2,pringlesoriginal,1
150,2,100grand,2.5
150,2,3musketeers,1.68
150,2,airheadscherry,1
150,2,airheadsgreenapple,1.86
150,2,blowpopblueraspberry,0.5
150,2,blowpopcherry,1.14
150,2,blowpopsourapple,1
150,2,blowpopwatermelon,0.5
150,2,bunchacrunch,1.99
150,2,butterfinger,1
150,2,butterfingerbites,0.88
150,2,caramelapplepops,1.49
150,2,cheesepeanutbuttercrackers,1.49
150,2,cheetospuffs,1.17
150,2,cheezitwhitecheddar,0.85
150,2,chexmixtraditional,0.85
150,2,chipsahoy,0.99
150,2,combospizzeria,0.94
150,2,crunch,0.99
150,2,doritoscoolranch,1.77
150,2,dots,1.99
150,2,dovecaramelmilkchocolate,2.25
150,2,dovedarkchocolatebites,0.49
150,2,dovemilk&peanutbutterbites,1.71
150,2,fritos,1.99
150,2,funyuns,1.99
150,2,giantsweetarts,1.99
150,2,gobstoppers,1.58
150,2,goobers,1.37
150,2,grandma'schocolatechipcookies,1.73
150,2,grandma'soatmealraisincookies,0.99
150,2,gummywormssour,2.49
150,2,heathbar,1.75
150,2,hostesscupcakes,1.16
150,2,hostesspowdereddonut,1
150,2,juniorcaramels,1.99
150,2,juniormints,1.38
150,2,keeblerfudgestripes,1.27
150,2,keeblerrainbowcookies,1.17
150,2,kettlesalt&pepperchips,2.49
150,2,kitkat,1.77
150,2,kitkatwhitechocolate,0.99
150,2,laffytaffysourapple,2
150,2,layscheesygarlicbread,1
150,2,laysclassic,0.78
150,2,layssourcreamandonion,1
150,2,lifesaversgummies,0.77
150,2,lindtdarkchocolate,1.49
150,2,lindtmilkchocolate,1.12
150,2,m&m'smilkchocolate,2.39
150,2,m&m'smint,1.99
150,2,m&m'speanuts,2
150,2,mentosrainbow,1.75
150,2,munchiespeanutbutter,1.15
150,2,nerdsrope,1.88
150,2,oreos,1.49
150,2,oreosgolden,1.23
150,2,pez,0.5
150,2,popcornerskettle,2
150,2,popcornerswhitecheddar,1.89
150,2,popcornwhitecheddar,0.78
150,2,pringlescheddar,2.29
150,2,pringlesoriginal,2.24
150,2,raisinetsmilkchocolate,1.76
151,2,almondjoy,0.2
151,2,babyruth,0.24
151,2,butterfinger,0.98
151,2,butterfingerbites,1
151,2,cheesepeanutbuttercrackers,0.99
151,2,cheetoscrunchy,1.01
151,2,cheetospuffs,0.49
151,2,chexmixcheddar,0.99
151,2,chexmixtraditional,0.98
151,2,chipsahoy,0.99
151,2,crunch,0.99
151,2,doritoscoolranch,1
151,2,doritosnachocheese,0.99
151,2,doritospicychili,0.98
151,2,dots,0.3
151,2,dovecaramelmilkchocolate,0.28
151,2,dovemilk&peanutbutterbites,0.99
151,2,ghirardellimilkchocolatesquares,0.48
151,2,giantsweetarts,0.99
151,2,goldfishcheddar,0.49
151,2,goobers,0.99
151,2,grandma'soatmealraisincookies,0.99
151,2,gummywormssour,0.99
151,2,heathbar,2.01
151,2,hostesschocolatedonuts,0.98
151,2,hostesscupcakes,0.98
151,2,hostesspowdereddonut,0.99
151,2,juniormints,1.01
151,2,layssourcreamandonion,0.98
151,2,lindtdarkchocolate,0.99
151,2,lindtmilkchocolate,1.49
151,2,m&m'spretzel,1
151,2,mentosrainbow,1.01
151,2,mike&ikezours,0.99
151,2,milanocookies,0.99
151,2,milkduds,1.01
151,2,munchiespeanutbutter,0.97
151,2,oreos,0.47
151,2,oreosgolden,0.97
151,2,pez,1
151,2,popcornersjalapeno,0.99
152,2,airheadscherry,0.21
152,2,babyruth,0.27
152,2,blowpopcherry,0.99
152,2,blowpopsourapple,1.23
152,2,butterfingerbites,0.99
152,2,cheetospuffs,0.72
152,2,chipsahoy,1
152,2,comboscheddar,0.19
152,2,combospizzeria,0.26
152,2,crunch,0.5
152,2,dots,0.3
152,2,dovecaramelmilkchocolate,0.32
152,2,dovemilk&peanutbutterbites,0.99
152,2,ghirardellicaramelsquares,0.98
152,2,ghirardellidarkchocolatesquares,0.72
152,2,ghirardellimilkchocolatesquares,0.99
152,2,giantsweetarts,0.99
152,2,gobstoppers,0.72
152,2,goobers,0.99
152,2,grandma'schocolatechipcookies,1.23
152,2,hostesscupcakes,1
152,2,juniorcaramels,0.71
152,2,keeblerfudgestripes,0.99
152,2,kettlesalt&pepperchips,0.73
152,2,kettlesalt&vinegarchips,0.99
152,2,kitkat,0.86
152,2,kitkatwhitechocolate,0.5
152,2,layscheesygarlicbread,0.71
152,2,laysclassic,0.99
152,2,layssourcreamandonion,0.75
152,2,lifesaversgummies,0.75
152,2,lindtmilkchocolate,0.74
152,2,m&m'smilkchocolate,0.99
152,2,m&m'smint,1
152,2,m&m'speanuts,0.99
152,2,m&m'spretzel,0.72
152,2,mentosrainbow,0.71
152,2,milkywaycaramel,1
152,2,milkywaydark,0.99
152,2,nerdsrope,0.75
152,2,oreos,0.99
152,2,pringlescheddar,0.99
152,2,raisinetsmilkchocolate,0.22
153,2,100grand,1.47
153,2,3musketeers,0.55
153,2,airheadsblueraspberry,0.55
153,2,airheadscherry,0.56
153,2,airheadsgreenapple,0.48
153,2,almondjoy,0.53
153,2,babyruth,0.56
153,2,blowpopblueraspberry,1.09
153,2,blowpopcherry,1.52
153,2,blowpopsourapple,2.02
153,2,bunchacrunch,3.1
153,2,butterfinger,3.01
153,2,butterfingerbites,2.99
153,2,caramelapplepops,3.03
153,2,cheesepeanutbuttercrackers,3.11
153,2,cheetospuffs,2
153,2,cheez-it,0.49
153,2,cheezitwhitecheddar,0.94
153,2,chexmixcheddar,2.01
153,2,chexmixtraditional,2.42
153,2,chipsahoy,2.53
153,2,combospizzeria,1.46
153,2,crunch,1.54
153,2,doritospicychili,1.04
153,2,dots,1.05
153,2,dovecaramelmilkchocolate,0.98
153,2,dovedarkchocolatebites,1
153,2,dovemilk&peanutbutterbites,1.02
153,2,famousamos,0.98
153,2,fritos,0.97
153,2,fritosbbq,1.49
153,2,funyuns,0.99
153,2,ghirardellicaramelsquares,3.52
153,2,ghirardellidarkchocolatesquares,3.41
153,2,ghirardellimilkchocolatesquares,1.54
153,2,giantsweetarts,1.49
153,2,gobstoppers,1.49
153,2,goldfishcheddar,2.96
153,2,goobers,3.55
153,2,grandma'schocolatechipcookies,1.53
153,2,grandma'soatmealraisincookies,1.01
153,2,grandma'speanutbuttercookies,0.51
153,2,gummywormssour,2.56
153,2,heathbar,1.97
153,2,hostesschocolatedonuts,2.51
153,2,hostesscupcakes,1.44
153,2,hostesspowdereddonut,0.92
153,2,juniormints,1.52
153,2,keeblerfudgestripes,1.51
153,2,keeblerrainbowcookies,1.55
153,2,kettlejalapenochips,0.89
153,2,kettlesalt&pepperchips,3.07
153,2,kettlesalt&vinegarchips,1.5
153,2,kitkat,1.07
153,2,laffytaffysourapple,2
153,2,layscheesygarlicbread,1.54
153,2,laysclassic,0.99
153,2,laysdillpickle,1.47
153,2,layssourcreamandonion,3.05
153,2,layssweetsouthernheatbarbecue,2.98
153,2,lifesaversgummies,3.03
153,2,lifesaversgummiessours,3.01
153,2,lindtdarkchocolate,1.5
153,2,lindtmilkchocolate,1.58
153,2,m&m'smilkchocolate,1.03
153,2,m&m'smint,1.07
153,2,m&m'speanuts,2.5
153,2,mentosrainbow,3.01
153,2,mike&ikezours,2.43
153,2,milanocookies,1.46
153,2,milkduds,1.55
153,2,milkyway,1.04
153,2,milkywaycaramel,1.01
153,2,milkywaydark,1.52
153,2,munchiesjalapenocheddar,1.52
153,2,munchiesnachocheese,3.96
153,2,munchiespeanutbutter,0.98
153,2,nerdsrope,1.53
153,2,nerdsstrawberrygrape,1.05
153,2,oreos,0.38
153,2,pez,2.51
153,2,popcornersjalapeno,3.08
153,2,popcornerskettle,0.99
153,2,popcornerswhitecheddar,1.59
153,2,popcornwhitecheddar,3.97
153,2,pringlescheddar,1.45
153,2,pringlesoriginal,1.05
153,2,pringlessourcreamonion,0.98
153,2,raisinetsmilkchocolate,2.11
155,2,blowpopwatermelon,0.53
155,2,butterfingerbites,0.84
155,2,cheetoscrunchy,1.08
155,2,cheetospuffs,1.08
155,2,cheezitwhitecheddar,0.48
155,2,chexmixtraditional,1.04
155,2,chipsahoy,1
155,2,comboscheddar,1.98
155,2,crunch,2.51
155,2,doritoscoolranch,0.87
155,2,doritosnachocheese,1.98
155,2,dots,2.4
155,2,dovemilk&peanutbutterbites,0.63
155,2,famousamos,0.97
155,2,giantsweetarts,1.07
155,2,goldfishcheddar,1.95
155,2,goobers,2.02
155,2,grandma'schocolatechipcookies,1.57
155,2,heathbar,1.18
155,2,hostesschocolatedonuts,2.11
155,2,hostesscupcakes,0.98
155,2,kettlejalapenochips,0.01
155,2,kettlesalt&pepperchips,2.39
155,2,layssourcreamandonion,1.1
155,2,layssweetsouthernheatbarbecue,1.52
155,2,lifesaversgummies,1.04
155,2,lindtmilkchocolate,0.96
155,2,m&m'smint,0.48
155,2,m&m'spretzel,1.05
155,2,mentosrainbow,1
155,2,mike&ikezours,1.96
155,2,milkywaycaramel,0.6
155,2,milkywaydark,0.46
155,2,munchiesnachocheese,1.06
155,2,munchiespeanutbutter,1.46
155,2,nerdsrope,0.95
155,2,nerdsstrawberrygrape,0.98
155,2,oreos,0.59
155,2,pez,0.95
155,2,popcornersjalapeno,1.43
155,2,popcornwhitecheddar,0.93
155,2,pringlescheddar,0.49
155,2,raisinetsmilkchocolate,0.93
156,2,airheadswatermelon,1.5
156,2,almondjoy,1.11
156,2,babyruth,0.63
156,2,blowpopcherry,0.94
156,2,blowpopsourapple,2.34
156,2,blowpopwatermelon,0.5
156,2,bunchacrunch,2.31
156,2,butterfinger,1.92
156,2,butterfingerbites,1.56
156,2,caramelapplepops,0.72
156,2,cheesepeanutbuttercrackers,0.84
156,2,cheetoscrunchy,0.61
156,2,cheetospuffs,0.53
156,2,cheezitwhitecheddar,1
156,2,chexmixcheddar,0.64
156,2,chexmixtraditional,1.5
156,2,comboscheddar,1.5
156,2,combospizzeria,1.52
156,2,crunch,1.06
156,2,doritosnachocheese,2
156,2,doritospicychili,1.98
156,2,dots,1.25
156,2,famousamos,0.53
156,2,fritosbbq,1.73
156,2,funyuns,1.8
156,2,ghirardellidarkchocolatesquares,0.48
156,2,ghirardellimilkchocolatesquares,2.28
156,2,gobstoppers,2
156,2,goldfishcheddar,1.04
156,2,grandma'soatmealraisincookies,2.5
156,2,gummywormssour,3
156,2,heathbar,2.49
156,2,hostesschocolatedonuts,3.56
156,2,hostesscupcakes,0.59
156,2,juniorcaramels,1.67
156,2,juniormints,0.48
156,2,keeblerfudgestripes,2.88
156,2,keeblerrainbowcookies,1.47
156,2,kettlebbqchips,1.02
156,2,kettlejalapenochips,1
156,2,kettlesalt&pepperchips,1.48
156,2,kettlesalt&vinegarchips,0.28
156,2,kitkat,1
156,2,kitkatwhitechocolate,0.99
156,2,laffytaffysourapple,1.98
156,2,laysclassic,0.98
156,2,laysdillpickle,0.51
156,2,layssourcreamandonion,2.99
156,2,lifesaversgummies,0.49
156,2,lindtdarkchocolate,2.02
156,2,lindtmilkchocolate,2.97
156,2,m&m'smilkchocolate,1.01
156,2,m&m'speanuts,1.48
156,2,mentosrainbow,0.8
156,2,mike&ikezours,2
156,2,milanocookies,1.46
156,2,milkduds,2.01
156,2,milkyway,1.07
156,2,milkywaycaramel,1.74
156,2,milkywaydark,1.8
156,2,munchiesjalapenocheddar,1.81
156,2,munchiesnachocheese,1.61
156,2,munchiespeanutbutter,0.47
156,2,oreos,2.49
156,2,oreosgolden,0.51
156,2,pez,0.55
156,2,popcornerswhitecheddar,0.63
156,2,popcornwhitecheddar,3.48
156,2,pringlescheddar,2.08
156,2,pringlesoriginal,1.01
156,2,raisinetsmilkchocolate,0.99
157,2,100grand,2.58
157,2,3musketeers,1.99
157,2,airheadsblueraspberry,1.68
157,2,airheadswatermelon,2.57
157,2,almondjoy,1.58
157,2,babyruth,2.02
157,2,blowpopblueraspberry,2.02
157,2,butterfingerbites,2.09
157,2,caramelapplepops,1.48
157,2,cheetospuffs,2.01
157,2,cheezitwhitecheddar,1.64
157,2,comboscheddar,2.49
157,2,combospizzeria,3.02
157,2,crunch,2.48
157,2,dots,3.08
157,2,dovecaramelmilkchocolate,3.1
157,2,dovedarkchocolatebites,2.03
157,2,dovemilk&peanutbutterbites,2.51
157,2,famousamos,1.07
157,2,fritosbbq,2.57
157,2,funyuns,1.65
157,2,ghirardellicaramelsquares,2.01
157,2,ghirardellidarkchocolatesquares,1.51
157,2,ghirardellimilkchocolatesquares,2.33
157,2,giantsweetarts,1.94
157,2,gobstoppers,1.95
157,2,goldfishcheddar,3.49
157,2,goobers,3.55
157,2,grandma'schocolatechipcookies,1.05
157,2,grandma'soatmealraisincookies,1.13
157,2,grandma'speanutbuttercookies,1.59
157,2,heathbar,1.59
157,2,hostesschocolatedonuts,1.5
157,2,hostesscupcakes,2.04
157,2,hostesspowdereddonut,2.96
157,2,juniorcaramels,2.13
157,2,juniormints,2.58
157,2,keeblerrainbowcookies,0.53
157,2,kettlebbqchips,1.52
157,2,kettlejalapenochips,2.48
157,2,kettlesalt&pepperchips,3.04
157,2,kettlesalt&vinegarchips,1.51
157,2,kitkat,2.95
157,2,kitkatwhitechocolate,3.03
157,2,laffytaffysourapple,3.07
157,2,layscheesygarlicbread,1.67
157,2,laysclassic,1.56
157,2,laysdillpickle,1.08
157,2,layssourcreamandonion,1.01
157,2,layssweetsouthernheatbarbecue,0.98
157,2,lifesaversgummies,0.65
157,2,lindtmilkchocolate,1.97
157,2,mentosrainbow,1.96
157,2,milanocookies,2.65
157,2,milkduds,2.6
157,2,milkywaycaramel,1.06
157,2,milkywaydark,2.98
157,2,munchiespeanutbutter,2.41
157,2,nerdsrope,2.03
157,2,nerdsstrawberrygrape,2.54
157,2,oreos,2
157,2,popcornerskettle,1.93
157,2,popcornerswhitecheddar,1.97
157,2,popcornwhitecheddar,3
157,2,pringlescheddar,1.95
157,2,pringlessourcreamonion,1.99
157,2,raisinetsmilkchocolate,3.02
158,2,100grand,1.5
158,2,almondjoy,0.48
158,2,babyruth,0.51
158,2,blowpopblueraspberry,1.5
158,2,blowpopwatermelon,0.5
158,2,bunchacrunch,3
158,2,butterfinger,3
158,2,cheesepeanutbuttercrackers,3
158,2,cheetoscrunchy,2.99
158,2,cheetospuffs,1.01
158,2,cheez-it,2
158,2,cheezitwhitecheddar,0.99
158,2,chexmixcheddar,2.99
158,2,chexmixtraditional,2.99
158,2,chipsahoy,3.01
158,2,comboscheddar,1.99
158,2,combospizzeria,2.99
158,2,crunch,2
158,2,doritoscoolranch,3.01
158,2,doritosnachocheese,2.99
158,2,doritospicychili,2.99
158,2,dots,0.99
158,2,dovecaramelmilkchocolate,1.99
158,2,dovedarkchocolatebites,1.01
158,2,dovemilk&peanutbutterbites,2.99
158,2,fritos,1.01
158,2,funyuns,1.02
158,2,ghirardellicaramelsquares,2
158,2,ghirardellidarkchocolatesquares,1.49
158,2,giantsweetarts,1.49
158,2,gobstoppers,2.5
158,2,goldfishcheddar,2.99
158,2,grandma'schocolatechipcookies,1.01
158,2,grandma'soatmealraisincookies,0.99
158,2,grandma'speanutbuttercookies,0.51
158,2,gummywormssour,2.99
158,2,heathbar,2.77
158,2,hostesschocolatedonuts,2.99
158,2,hostesscupcakes,1.98
158,2,hostesspowdereddonut,1.5
158,2,juniorcaramels,1.5
158,2,juniormints,1
158,2,keeblerfudgestripes,1.51
158,2,keeblerrainbowcookies,1.01
158,2,kettlesalt&pepperchips,2.99
158,2,kitkat,1
158,2,kitkatwhitechocolate,1.5
158,2,layscheesygarlicbread,1.01
158,2,laysclassic,0.99
158,2,laysdillpickle,1.51
158,2,layssourcreamandonion,2.98
158,2,layssweetsouthernheatbarbecue,2.93
158,2,lifesaversgummiessours,3
158,2,lindtdarkchocolate,2.92
158,2,lindtmilkchocolate,1
158,2,m&m'smilkchocolate,2.48
158,2,m&m'smint,0.99
158,2,m&m'speanuts,1.49
158,2,m&m'spretzel,1.01
158,2,mike&ikezours,3.02
158,2,milkywaycaramel,1.51
158,2,milkywaydark,1.5
158,2,munchiesjalapenocheddar,1.49
158,2,munchiesnachocheese,2.87
158,2,munchiespeanutbutter,1
158,2,nerdsrope,1.98
158,2,nerdsstrawberrygrape,1.5
158,2,oreos,1
158,2,oreosgolden,2.99
158,2,pez,2.92
158,2,popcornersjalapeno,2.9
158,2,popcornwhitecheddar,4
158,2,pringlescheddar,0.99
158,2,pringlesoriginal,1.01
158,2,pringlessourcreamonion,2.5
158,2,raisinetsmilkchocolate,1.01
159,2,100grand,1.52
159,2,3musketeers,0.48
159,2,airheadsblueraspberry,0.5
159,2,airheadscherry,0.53
159,2,airheadsgreenapple,0.53
159,2,airheadswatermelon,1.01
159,2,babyruth,0.52
159,2,blowpopblueraspberry,1.51
159,2,blowpopsourapple,0.98
159,2,blowpopwatermelon,1.01
159,2,bunchacrunch,1.02
159,2,butterfinger,0.99
159,2,butterfingerbites,1.02
159,2,caramelapplepops,1.01
159,2,cheesepeanutbuttercrackers,1.49
159,2,cheetoscrunchy,1
159,2,cheetospuffs,1.48
159,2,cheezitwhitecheddar,1.5
159,2,chexmixtraditional,1.01
159,2,chipsahoy,1.02
159,2,comboscheddar,2.04
159,2,combospizzeria,1.47
159,2,crunch,1.5
159,2,doritosnachocheese,1.51
159,2,doritospicychili,1
159,2,dots,2.01
159,2,famousamos,1.51
159,2,fritos,1.51
159,2,fritosbbq,0.93
159,2,funyuns,1.02
159,2,ghirardellicaramelsquares,1.52
159,2,ghirardellidarkchocolatesquares,1.97
159,2,ghirardellimilkchocolatesquares,0.96
159,2,giantsweetarts,1.01
159,2,goobers,1.52
159,2,grandma'schocolatechipcookies,2.01
159,2,grandma'speanutbuttercookies,0.47
159,2,gummywormssour,1.01
159,2,heathbar,1.02
159,2,hostesspowdereddonut,1.54
159,2,juniorcaramels,1.47
159,2,juniormints,2.01
159,2,keeblerfudgestripes,0.99
159,2,keeblerrainbowcookies,1.52
159,2,kettlebbqchips,1
159,2,kettlesalt&pepperchips,2.54
159,2,kettlesalt&vinegarchips,1
159,2,kitkat,0.99
159,2,kitkatwhitechocolate,1
159,2,laffytaffysourapple,2
159,2,laysclassic,0.47
159,2,laysdillpickle,2.46
159,2,layssourcreamandonion,1.03
159,2,lifesaversgummies,0.95
159,2,lifesaversgummiessours,1.01
159,2,lindtdarkchocolate,1.48
159,2,lindtmilkchocolate,1.5
159,2,m&m'smilkchocolate,1.02
159,2,m&m'smint,0.96
159,2,m&m'speanuts,0.98
159,2,mentosrainbow,1.01
159,2,mike&ikezours,1.99
159,2,milanocookies,2
159,2,milkduds,1.44
159,2,milkyway,1.5
159,2,milkywaycaramel,1.01
159,2,milkywaydark,1.99
159,2,munchiesjalapenocheddar,1
159,2,munchiespeanutbutter,1.01
159,2,nerdsrope,1.02
159,2,nerdsstrawberrygrape,1.01
159,2,oreos,1.52
159,2,oreosgolden,2.01
159,2,popcornersjalapeno,2.5
159,2,popcornerskettle,1
159,2,popcornerswhitecheddar,0.49
159,2,popcornwhitecheddar,2
159,2,pringlescheddar,1.02
159,2,pringlesoriginal,1
159,2,pringlessourcreamonion,1.01
160,2,100grand,0.5
160,2,3musketeers,1.04
160,2,airheadsblueraspberry,0.83
160,2,airheadscherry,0.54
160,2,airheadsgreenapple,0.83
160,2,airheadswatermelon,1.22
160,2,almondjoy,0.78
160,2,bunchacrunch,1.66
160,2,butterfinger,0.88
160,2,butterfingerbites,1.17
160,2,caramelapplepops,0.88
160,2,cheesepeanutbuttercrackers,1.22
160,2,cheetoscrunchy,1.11
160,2,cheetospuffs,1.16
160,2,chexmixtraditional,0.82
160,2,chipsahoy,1.23
160,2,crunch,1.05
160,2,doritoscoolranch,0.81
160,2,dots,0.86
160,2,dovedarkchocolatebites,0.91
160,2,dovemilk&peanutbutterbites,0.84
160,2,famousamos,0.63
160,2,funyuns,0.51
160,2,ghirardellicaramelsquares,1.07
160,2,ghirardellidarkchocolatesquares,1.25
160,2,ghirardellimilkchocolatesquares,1.1
160,2,giantsweetarts,1.25
160,2,gobstoppers,1.1
160,2,goobers,0.88
160,2,grandma'schocolatechipcookies,0.96
160,2,grandma'soatmealraisincookies,0.47
160,2,grandma'speanutbuttercookies,0.5
160,2,gummywormssour,0.77
160,2,heathbar,1.22
160,2,hostesscupcakes,0.85
160,2,hostesspowdereddonut,0.72
160,2,juniorcaramels,1.04
160,2,juniormints,0.92
160,2,keeblerfudgestripes,0.95
160,2,keeblerrainbowcookies,1.02
160,2,kettlesalt&pepperchips,1.08
160,2,kettlesalt&vinegarchips,1.1
160,2,kitkat,1.16
160,2,kitkatwhitechocolate,0.95
160,2,laffytaffysourapple,0.96
160,2,laysclassic,0.9
160,2,laysdillpickle,1.28
160,2,layssourcreamandonion,1.25
160,2,lifesaversgummies,0.84
160,2,lifesaversgummiessours,0.87
160,2,lindtdarkchocolate,0.88
160,2,lindtmilkchocolate,1.07
160,2,m&m'smint,0.66
160,2,m&m'spretzel,1.11
160,2,mentosrainbow,0.83
160,2,mike&ikezours,0.79
160,2,milkyway,0.83
160,2,milkywaycaramel,0.86
160,2,munchiespeanutbutter,1.25
160,2,nerdsrope,1.15
160,2,nerdsstrawberrygrape,1.08
160,2,oreos,0.89
160,2,oreosgolden,0.74
160,2,popcornerskettle,0.85
160,2,popcornerswhitecheddar,1.07
160,2,pringlescheddar,0.84
160,2,raisinetsmilkchocolate,1.27
161,2,almondjoy,0.49
161,2,blowpopblueraspberry,1
161,2,bunchacrunch,2.48
161,2,butterfinger,2.02
161,2,cheesepeanutbuttercrackers,1.51
161,2,cheetoscrunchy,0.99
161,2,cheetospuffs,0.99
161,2,cheezitwhitecheddar,0.51
161,2,chexmixcheddar,1.98
161,2,chexmixtraditional,1.98
161,2,chipsahoy,2.51
161,2,comboscheddar,1.49
161,2,crunch,1.49
161,2,doritoscoolranch,0.5
161,2,doritosnachocheese,2
161,2,dots,2.5
161,2,dovecaramelmilkchocolate,0.01
161,2,dovedarkchocolatebites,0.52
161,2,dovemilk&peanutbutterbites,0.99
161,2,famousamos,1.5
161,2,ghirardellicaramelsquares,0.51
161,2,goldfishcheddar,1
161,2,goobers,1.98
161,2,grandma'schocolatechipcookies,0.52
161,2,gummywormssour,2.52
161,2,heathbar,1.5
161,2,hostesschocolatedonuts,1.5
161,2,hostesscupcakes,0.99
161,2,hostesspowdereddonut,0.51
161,2,kettlejalapenochips,0.5
161,2,kettlesalt&pepperchips,3
161,2,layscheesygarlicbread,0.51
161,2,laysclassic,0.49
161,2,layssourcreamandonion,2.47
161,2,layssweetsouthernheatbarbecue,1.01
161,2,lifesaversgummies,1.99
161,2,lifesaversgummiessours,1.99
161,2,lindtdarkchocolate,0.98
161,2,lindtmilkchocolate,1.01
161,2,mentosrainbow,1.48
161,2,mike&ikezours,2.49
161,2,milanocookies,0.5
161,2,milkduds,0.48
161,2,milkyway,0.48
161,2,munchiesnachocheese,1.52
161,2,munchiespeanutbutter,1.48
161,2,nerdsrope,0.98
161,2,nerdsstrawberrygrape,0.98
161,2,oreosgolden,0.99
161,2,pez,1.49
161,2,popcornersjalapeno,1.5
161,2,popcornerskettle,2
161,2,popcornerswhitecheddar,1.52
161,2,popcornwhitecheddar,0.5
161,2,pringlessourcreamonion,0.49
161,2,raisinetsmilkchocolate,1.51
162,2,3musketeers,0.5
162,2,airheadsblueraspberry,0.49
162,2,airheadscherry,0.5
162,2,airheadsgreenapple,0.49
162,2,airheadswatermelon,1.49
162,2,almondjoy,0.49
162,2,babyruth,0.49
162,2,blowpopblueraspberry,1.49
162,2,blowpopsourapple,0.49
162,2,blowpopwatermelon,0.99
162,2,bunchacrunch,0.99
162,2,butterfinger,1.01
162,2,butterfingerbites,0.5
162,2,cheesepeanutbuttercrackers,0.5
162,2,cheetoscrunchy,0.49
162,2,cheetospuffs,0.49
162,2,cheezitwhitecheddar,0.99
162,2,chexmixtraditional,0.99
162,2,chipsahoy,0.99
162,2,comboscheddar,0.5
162,2,combospizzeria,0.5
162,2,crunch,0.5
162,2,doritosnachocheese,1.5
162,2,doritospicychili,1.49
162,2,dots,0.5
162,2,dovecaramelmilkchocolate,0.5
162,2,dovedarkchocolatebites,1.49
162,2,dovemilk&peanutbutterbites,0.5
162,2,fritosbbq,1.49
162,2,funyuns,1.49
162,2,ghirardellicaramelsquares,1.5
162,2,ghirardellimilkchocolatesquares,2
162,2,giantsweetarts,0.49
162,2,goldfishcheddar,1.49
162,2,goobers,0.99
162,2,grandma'schocolatechipcookies,0.99
162,2,grandma'soatmealraisincookies,0.99
162,2,gummywormssour,0.99
162,2,heathbar,1
162,2,hostesscupcakes,2
162,2,hostesspowdereddonut,2
162,2,juniorcaramels,1
162,2,juniormints,1.49
162,2,keeblerfudgestripes,0.99
162,2,keeblerrainbowcookies,1.49
162,2,kettlebbqchips,1.5
162,2,kettlejalapenochips,1.49
162,2,kettlesalt&pepperchips,1.49
162,2,kettlesalt&vinegarchips,1.99
162,2,laysclassic,1.49
162,2,laysdillpickle,2
162,2,layssourcreamandonion,0.99
162,2,layssweetsouthernheatbarbecue,0.99
162,2,lifesaversgummies,0.99
162,2,lindtdarkchocolate,0.99
162,2,lindtmilkchocolate,0.5
162,2,m&m'smint,1.49
162,2,m&m'speanuts,0.99
162,2,m&m'spretzel,0.5
162,2,mentosrainbow,0.99
162,2,mike&ikezours,1.49
162,2,milanocookies,1.5
162,2,milkduds,1
162,2,milkyway,1.49
162,2,milkywaycaramel,0.99
162,2,milkywaydark,0.99
162,2,munchiesjalapenocheddar,0.99
162,2,munchiespeanutbutter,1.49
162,2,nerdsrope,0.99
162,2,nerdsstrawberrygrape,0.99
162,2,oreos,0.99
162,2,oreosgolden,0.5
162,2,pez,0.99
162,2,popcornersjalapeno,0.99
162,2,popcornerskettle,0.99
162,2,popcornerswhitecheddar,1.49
162,2,popcornwhitecheddar,1.99
162,2,pringlescheddar,0.5
162,2,pringlessourcreamonion,1.99
162,2,raisinetsmilkchocolate,0.49
163,2,100grand,1.49
163,2,3musketeers,1.81
163,2,airheadsblueraspberry,2
163,2,airheadscherry,0.99
163,2,airheadsgreenapple,1.5
163,2,airheadswatermelon,2
163,2,almondjoy,0.83
163,2,babyruth,0.5
163,2,blowpopcherry,1.49
163,2,blowpopsourapple,1.5
163,2,blowpopwatermelon,0.99
163,2,bunchacrunch,2
163,2,butterfinger,1.99
163,2,cheetoscrunchy,1.5
163,2,chexmixcheddar,1.99
163,2,chexmixtraditional,1.98
163,2,chipsahoy,2
163,2,comboscheddar,1.24
163,2,combospizzeria,1.5
163,2,crunch,2.5
163,2,doritoscoolranch,2.08
163,2,doritosnachocheese,2.5
163,2,doritospicychili,2.51
163,2,dovedarkchocolatebites,1.58
163,2,dovemilk&peanutbutterbites,2
163,2,famousamos,1.99
163,2,fritos,1.68
163,2,fritosbbq,1
163,2,ghirardellicaramelsquares,1.5
163,2,ghirardellidarkchocolatesquares,1.36
163,2,gobstoppers,1.77
163,2,goldfishcheddar,2.28
163,2,goobers,2.5
163,2,grandma'soatmealraisincookies,1.52
163,2,grandma'speanutbuttercookies,1.98
163,2,gummywormssour,1.99
163,2,heathbar,1.97
163,2,hostesschocolatedonuts,2.5
163,2,hostesspowdereddonut,1.98
163,2,juniorcaramels,1.21
163,2,juniormints,1
163,2,keeblerfudgestripes,1.18
163,2,keeblerrainbowcookies,1.71
163,2,kettlebbqchips,1.5
163,2,kettlejalapenochips,1.48
163,2,kettlesalt&pepperchips,1.5
163,2,kitkat,1.5
163,2,kitkatwhitechocolate,1.5
163,2,laffytaffysourapple,1.72
163,2,layscheesygarlicbread,1.01
163,2,laysclassic,2.12
163,2,laysdillpickle,1.48
163,2,layssourcreamandonion,1.49
163,2,lindtdarkchocolate,2.07
163,2,lindtmilkchocolate,1.99
163,2,m&m'smilkchocolate,1.9
163,2,m&m'smint,1.49
163,2,m&m'speanuts,1.52
163,2,m&m'spretzel,1.99
163,2,mike&ikezours,1.87
163,2,milanocookies,1.01
163,2,milkyway,1.13
163,2,milkywaycaramel,1.5
163,2,milkywaydark,1.74
163,2,munchiesjalapenocheddar,1.57
163,2,munchiespeanutbutter,1.48
163,2,oreos,1.49
163,2,pez,1.68
163,2,popcornersjalapeno,1.98
163,2,popcornerswhitecheddar,1.5
163,2,pringlescheddar,1.51
163,2,pringlesoriginal,1.51
163,2,pringlessourcreamonion,1.98
163,2,raisinetsmilkchocolate,1.48
164,2,3musketeers,0.5
164,2,blowpopblueraspberry,1.49
164,2,blowpopcherry,0.5
164,2,blowpopsourapple,1.51
164,2,blowpopwatermelon,0.5
164,2,bunchacrunch,0.5
164,2,butterfinger,0.51
164,2,butterfingerbites,0.5
164,2,caramelapplepops,0.49
164,2,cheesepeanutbuttercrackers,1.49
164,2,cheetoscrunchy,0.99
164,2,cheetospuffs,0.49
164,2,cheezitwhitecheddar,1.99
164,2,chexmixtraditional,0.99
164,2,chipsahoy,0.01
164,2,comboscheddar,1.99
164,2,combospizzeria,1.49
164,2,crunch,0.49
164,2,doritosnachocheese,1.98
164,2,doritospicychili,0.99
164,2,dots,2.5
164,2,dovecaramelmilkchocolate,2
164,2,dovemilk&peanutbutterbites,1.5
164,2,fritosbbq,0.99
164,2,ghirardellicaramelsquares,1
164,2,ghirardellidarkchocolatesquares,0.99
164,2,giantsweetarts,0.49
164,2,gobstoppers,0.51
164,2,goldfishcheddar,1
164,2,goobers,1.49
164,2,grandma'schocolatechipcookies,1.99
164,2,grandma'soatmealraisincookies,3
164,2,gummywormssour,0.5
164,2,heathbar,0.48
164,2,hostesscupcakes,1.49
164,2,hostesspowdereddonut,1.47
164,2,juniorcaramels,0.99
164,2,keeblerfudgestripes,1.49
164,2,keeblerrainbowcookies,1.5
164,2,kettlesalt&pepperchips,2
164,2,kitkatwhitechocolate,1.49
164,2,laffytaffysourapple,1
164,2,laysdillpickle,1.98
164,2,layssourcreamandonion,0.99
164,2,layssweetsouthernheatbarbecue,0.99
164,2,lifesaversgummies,0.99
164,2,lifesaversgummiessours,1
164,2,lindtdarkchocolate,0.98
164,2,lindtmilkchocolate,1
164,2,m&m'smilkchocolate,2.49
164,2,m&m'smint,2
164,2,m&m'speanuts,1.99
164,2,m&m'spretzel,0.48
164,2,mentosrainbow,0.48
164,2,mike&ikezours,1.49
164,2,milanocookies,0.99
164,2,milkduds,0.51
164,2,milkyway,1.49
164,2,milkywaycaramel,2.01
164,2,milkywaydark,0.99
164,2,munchiesjalapenocheddar,0.99
164,2,munchiespeanutbutter,1.49
164,2,nerdsrope,1.99
164,2,nerdsstrawberrygrape,1.49
164,2,oreos,0.5
164,2,oreosgolden,1.49
164,2,popcornersjalapeno,1.01
164,2,popcornerskettle,1.48
164,2,popcornerswhitecheddar,1.99
164,2,popcornwhitecheddar,2
164,2,pringlescheddar,1.98
164,2,pringlesoriginal,2
165,2,100grand,1.49
165,2,airheadswatermelon,1.5
165,2,blowpopcherry,1.07
165,2,blowpopsourapple,1.49
165,2,blowpopwatermelon,0.38
165,2,bunchacrunch,0.52
165,2,butterfinger,1.45
165,2,butterfingerbites,2.5
165,2,cheesepeanutbuttercrackers,2.43
165,2,cheetoscrunchy,1.97
165,2,cheetospuffs,1.47
165,2,cheez-it,0.97
165,2,cheezitwhitecheddar,1.51
165,2,chexmixcheddar,2.96
165,2,chexmixtraditional,2.46
165,2,chipsahoy,2.54
165,2,comboscheddar,1.05
165,2,combospizzeria,2.56
165,2,crunch,1.48
165,2,doritoscoolranch,2.03
165,2,doritosnachocheese,2.47
165,2,doritospicychili,3.03
165,2,dots,2
165,2,dovecaramelmilkchocolate,2.43
165,2,famousamos,1.97
165,2,fritos,2.01
165,2,fritosbbq,1.04
165,2,funyuns,1.83
165,2,ghirardellimilkchocolatesquares,2.02
165,2,giantsweetarts,0.51
165,2,gobstoppers,2.1
165,2,goldfishcheddar,1.5
165,2,goobers,1.03
165,2,grandma'schocolatechipcookies,2
165,2,grandma'soatmealraisincookies,2.41
165,2,gummywormssour,1.95
165,2,heathbar,2.48
165,2,hostesschocolatedonuts,1.98
165,2,hostesspowdereddonut,1.99
165,2,juniorcaramels,1.92
165,2,juniormints,2.06
165,2,keeblerfudgestripes,2.01
165,2,keeblerrainbowcookies,1.93
165,2,kettlesalt&pepperchips,3.46
165,2,kitkat,1.46
165,2,kitkatwhitechocolate,1.48
165,2,laffytaffysourapple,1.06
165,2,layssourcreamandonion,2.39
165,2,layssweetsouthernheatbarbecue,2.04
165,2,lifesaversgummies,2.51
165,2,lifesaversgummiessours,2.03
165,2,lindtdarkchocolate,2.44
165,2,lindtmilkchocolate,2.47
165,2,m&m'smilkchocolate,2.95
165,2,m&m'smint,3.02
165,2,m&m'speanuts,2.54
165,2,m&m'spretzel,0.51
165,2,mentosrainbow,2.1
165,2,mike&ikezours,1.97
165,2,milanocookies,1.49
165,2,milkduds,1.62
165,2,milkyway,1.56
165,2,milkywaycaramel,1.01
165,2,milkywaydark,1.54
165,2,munchiesjalapenocheddar,1.52
165,2,oreosgolden,2.56
165,2,pez,2.02
165,2,popcornersjalapeno,2.45
165,2,popcornwhitecheddar,2.52
165,2,pringlescheddar,1.49
165,2,pringlesoriginal,1.51
166,2,100grand,1.03
166,2,3musketeers,0.52
166,2,airheadsblueraspberry,0.4
166,2,airheadscherry,1.49
166,2,airheadsgreenapple,2
166,2,almondjoy,1
166,2,babyruth,0.53
166,2,blowpopblueraspberry,2.24
166,2,blowpopcherry,1.95
166,2,blowpopsourapple,2.32
166,2,blowpopwatermelon,0.51
166,2,bunchacrunch,2
166,2,butterfingerbites,2.28
166,2,caramelapplepops,0.39
166,2,cheesepeanutbuttercrackers,3
166,2,cheetoscrunchy,2.43
166,2,cheetospuffs,2.48
166,2,cheez-it,0.04
166,2,cheezitwhitecheddar,0.5
166,2,chexmixcheddar,2.7
166,2,chexmixtraditional,1.45
166,2,chipsahoy,2.56
166,2,comboscheddar,1.58
166,2,combospizzeria,1.92
166,2,crunch,0.89
166,2,doritoscoolranch,2
166,2,doritosnachocheese,2.55
166,2,doritospicychili,3.16
166,2,dots,2.01
166,2,dovecaramelmilkchocolate,1.98
166,2,dovedarkchocolatebites,1.04
166,2,dovemilk&peanutbutterbites,1.31
166,2,famousamos,1.44
166,2,fritos,0.7
166,2,fritosbbq,1
166,2,funyuns,0.83
166,2,ghirardellicaramelsquares,3.57
166,2,ghirardellidarkchocolatesquares,2.57
166,2,ghirardellimilkchocolatesquares,0.34
166,2,giantsweetarts,1.73
166,2,gobstoppers,1.37
166,2,goldfishcheddar,3.37
166,2,goobers,1.95
166,2,grandma'schocolatechipcookies,2
166,2,grandma'soatmealraisincookies,1.52
166,2,grandma'speanutbuttercookies,1.03
166,2,gummywormssour,1.59
166,2,hostesschocolatedonuts,2.52
166,2,hostesscupcakes,2.47
166,2,hostesspowdereddonut,1.52
166,2,juniorcaramels,1.48
166,2,juniormints,1.2
166,2,keeblerfudgestripes,1.02
166,2,keeblerrainbowcookies,1.52
166,2,kettlebbqchips,0.92
166,2,kettlejalapenochips,1.49
166,2,kettlesalt&pepperchips,2.54
166,2,kitkat,1.22
166,2,kitkatwhitechocolate,0.84
166,2,laffytaffysourapple,1.51
166,2,layscheesygarlicbread,1.07
166,2,laysclassic,0.73
166,2,laysdillpickle,2.88
166,2,layssourcreamandonion,1.49
166,2,layssweetsouthernheatbarbecue,1.53
166,2,lifesaversgummies,1.11
166,2,lifesaversgummiessours,1.11
166,2,lindtmilkchocolate,2.13
166,2,m&m'smilkchocolate,1.97
166,2,m&m'smint,2.54
166,2,m&m'speanuts,1.97
166,2,m&m'spretzel,1.5
166,2,mentosrainbow,2.98
166,2,milanocookies,1.55
166,2,milkduds,1.41
166,2,milkyway,1.5
166,2,milkywaycaramel,0.63
166,2,milkywaydark,1.49
166,2,munchiesjalapenocheddar,1.12
166,2,munchiesnachocheese,2.44
166,2,munchiespeanutbutter,1.52
166,2,nerdsrope,3.54
166,2,nerdsstrawberrygrape,1.71
166,2,oreos,0.86
166,2,oreosgolden,2.48
166,2,pez,2.48
166,2,popcornersjalapeno,2.05
166,2,popcornerskettle,1.46
166,2,popcornerswhitecheddar,1.49
166,2,popcornwhitecheddar,3.19
166,2,pringlescheddar,1.37
166,2,pringlesoriginal,2.03
166,2,pringlessourcreamonion,1.79
167,2,100grand,1.01
167,2,3musketeers,0.99
167,2,airheadsblueraspberry,1
167,2,airheadscherry,0.51
167,2,airheadsgreenapple,0.99
167,2,airheadswatermelon,0.98
167,2,almondjoy,0.5
167,2,babyruth,0.5
167,2,blowpopblueraspberry,1.75
167,2,blowpopcherry,0.99
167,2,blowpopsourapple,1.5
167,2,blowpopwatermelon,1.49
167,2,bunchacrunch,0.99
167,2,butterfinger,0.99
167,2,butterfingerbites,0.99
167,2,caramelapplepops,0.98
167,2,cheesepeanutbuttercrackers,1.5
167,2,cheetoscrunchy,1.98
167,2,cheetospuffs,1.01
167,2,cheez-it,1.23
167,2,cheezitwhitecheddar,0.99
167,2,chexmixcheddar,1.04
167,2,chexmixtraditional,0.98
167,2,chipsahoy,1
167,2,comboscheddar,0.48
167,2,combospizzeria,0.72
167,2,crunch,0.98
167,2,doritoscoolranch,1
167,2,doritosnachocheese,1.02
167,2,doritospicychili,0.96
167,2,dots,1.5
167,2,dovecaramelmilkchocolate,1.49
167,2,dovedarkchocolatebites,0.98
167,2,dovemilk&peanutbutterbites,0.75
167,2,famousamos,1.49
167,2,fritos,1.01
167,2,fritosbbq,0.97
167,2,funyuns,2
167,2,ghirardellicaramelsquares,1.75
167,2,ghirardellidarkchocolatesquares,2
167,2,ghirardellimilkchocolatesquares,1.47
167,2,giantsweetarts,1.47
167,2,gobstoppers,1.52
167,2,goobers,0.99
167,2,grandma'schocolatechipcookies,1.52
167,2,grandma'soatmealraisincookies,1.25
167,2,grandma'speanutbuttercookies,0.49
167,2,gummywormssour,1.01
167,2,heathbar,0.99
167,2,hostesschocolatedonuts,0.97
167,2,hostesscupcakes,1.49
167,2,hostesspowdereddonut,1.5
167,2,juniorcaramels,1.01
167,2,juniormints,0.99
167,2,keeblerfudgestripes,0.99
167,2,keeblerrainbowcookies,1.47
167,2,kettlebbqchips,0.98
167,2,kettlejalapenochips,1.47
167,2,kettlesalt&pepperchips,2
167,2,kettlesalt&vinegarchips,0.98
167,2,kitkat,1.01
167,2,kitkatwhitechocolate,1.02
167,2,layscheesygarlicbread,1.47
167,2,laysclassic,1.5
167,2,laysdillpickle,1.98
167,2,layssourcreamandonion,1.48
167,2,layssweetsouthernheatbarbecue,1.47
167,2,lifesaversgummies,1.5
167,2,lifesaversgummiessours,1.5
167,2,lindtdarkchocolate,1.47
167,2,lindtmilkchocolate,1.49
167,2,m&m'smilkchocolate,0.98
167,2,m&m'smint,0.52
167,2,m&m'speanuts,1.02
167,2,m&m'spretzel,1.5
167,2,mentosrainbow,1.5
167,2,mike&ikezours,1.02
167,2,milanocookies,1
167,2,milkduds,0.75
167,2,milkyway,1.01
167,2,milkywaycaramel,1.01
167,2,milkywaydark,1
167,2,munchiesjalapenocheddar,0.98
167,2,munchiesnachocheese,1.49
167,2,munchiespeanutbutter,1.49
167,2,nerdsrope,1.51
167,2,nerdsstrawberrygrape,1.5
167,2,oreos,0.98
167,2,oreosgolden,0.99
167,2,pez,1.01
167,2,popcornersjalapeno,1.02
167,2,popcornerskettle,1.49
167,2,popcornerswhitecheddar,1.46
167,2,popcornwhitecheddar,1.49
167,2,pringlesoriginal,1.99
167,2,pringlessourcreamonion,1.49
167,2,raisinetsmilkchocolate,0.5
168,2,babyruth,1
168,2,goldfishcheddar,2.01
168,2,goobers,1.95
168,2,keeblerfudgestripes,0.98
168,2,kettlesalt&pepperchips,0.49
168,2,m&m'smint,1.5
168,2,milanocookies,0.97
168,2,milkduds,0.99
168,2,milkyway,0.96
168,2,milkywaycaramel,1.02
168,2,popcornwhitecheddar,1.53
169,2,3musketeers,0.7
169,2,airheadsblueraspberry,0.24
169,2,airheadscherry,0.26
169,2,airheadsgreenapple,0.22
169,2,babyruth,0.26
169,2,blowpopblueraspberry,0.52
169,2,blowpopwatermelon,0.7
169,2,bunchacrunch,0.73
169,2,butterfinger,0.74
169,2,butterfingerbites,0.68
169,2,caramelapplepops,0.7
169,2,cheetoscrunchy,0.72
169,2,cheetospuffs,0.77
169,2,cheezitwhitecheddar,0.8
169,2,chexmixcheddar,0.75
169,2,chexmixtraditional,0.77
169,2,chipsahoy,0.75
169,2,combospizzeria,0.2
169,2,crunch,1.01
169,2,doritosnachocheese,0.49
169,2,doritospicychili,0.78
169,2,dots,0.24
169,2,dovecaramelmilkchocolate,0.27
169,2,dovedarkchocolatebites,0.2
169,2,dovemilk&peanutbutterbites,0.68
169,2,ghirardellicaramelsquares,1
169,2,ghirardellidarkchocolatesquares,1.01
169,2,ghirardellimilkchocolatesquares,0.51
169,2,giantsweetarts,0.71
169,2,gobstoppers,0.74
169,2,goldfishcheddar,0.73
169,2,goobers,0.73
169,2,grandma'schocolatechipcookies,0.49
169,2,grandma'speanutbuttercookies,0.5
169,2,gummywormssour,0.67
169,2,heathbar,0.7
169,2,hostesschocolatedonuts,0.74
169,2,hostesspowdereddonut,0.71
169,2,juniorcaramels,0.76
169,2,keeblerfudgestripes,0.74
169,2,keeblerrainbowcookies,0.99
169,2,kettlebbqchips,0.24
169,2,kettlejalapenochips,0.75
169,2,kettlesalt&pepperchips,0.76
169,2,kettlesalt&vinegarchips,0.72
169,2,kitkat,0.72
169,2,kitkatwhitechocolate,0.74
169,2,laysclassic,0.5
169,2,laysdillpickle,0.99
169,2,layssourcreamandonion,0.76
169,2,layssweetsouthernheatbarbecue,0.75
169,2,lifesaversgummies,0.72
169,2,lifesaversgummiessours,0.64
169,2,lindtdarkchocolate,0.73
169,2,lindtmilkchocolate,0.76
169,2,m&m'smilkchocolate,0.73
169,2,m&m'smint,0.72
169,2,m&m'speanuts,0.75
169,2,mentosrainbow,0.7
169,2,mike&ikezours,0.74
169,2,milanocookies,0.75
169,2,milkduds,0.67
169,2,milkyway,0.75
169,2,milkywaycaramel,0.79
169,2,nerdsrope,0.49
169,2,nerdsstrawberrygrape,0.48
169,2,oreos,0.55
169,2,oreosgolden,0.71
169,2,popcornwhitecheddar,0.5
169,2,pringlescheddar,0.76
169,2,pringlesoriginal,0.77
169,2,pringlessourcreamonion,0.49
170,2,100grand,0.39
170,2,airheadsblueraspberry,0.76
170,2,airheadsgreenapple,0.75
170,2,airheadswatermelon,0.74
170,2,almondjoy,0.08
170,2,babyruth,0.08
170,2,blowpopblueraspberry,2.95
170,2,blowpopcherry,0.99
170,2,blowpopsourapple,2.98
170,2,blowpopwatermelon,0.75
170,2,bunchacrunch,1.52
170,2,butterfingerbites,0.94
170,2,cheesepeanutbuttercrackers,0.53
170,2,cheetoscrunchy,1.01
170,2,cheetospuffs,1.76
170,2,cheez-it,0.73
170,2,cheezitwhitecheddar,1
170,2,chexmixcheddar,2.48
170,2,chexmixtraditional,2.02
170,2,chipsahoy,2
170,2,comboscheddar,0.61
170,2,combospizzeria,1.42
170,2,crunch,1.41
170,2,doritoscoolranch,1.52
170,2,doritosnachocheese,1.48
170,2,dots,0.99
170,2,dovecaramelmilkchocolate,0.23
170,2,dovedarkchocolatebites,0.38
170,2,dovemilk&peanutbutterbites,1.74
170,2,fritos,0.6
170,2,fritosbbq,0.96
170,2,funyuns,1.51
170,2,ghirardellimilkchocolatesquares,1.52
170,2,giantsweetarts,1.98
170,2,gobstoppers,1.49
170,2,goldfishcheddar,2.5
170,2,goobers,1.99
170,2,grandma'schocolatechipcookies,0.99
170,2,grandma'soatmealraisincookies,0.53
170,2,grandma'speanutbuttercookies,1.05
170,2,heathbar,2
170,2,hostesschocolatedonuts,1.38
170,2,hostesscupcakes,1.01
170,2,hostesspowdereddonut,0.92
170,2,juniorcaramels,1.25
170,2,juniormints,0.75
170,2,keeblerfudgestripes,0.74
170,2,keeblerrainbowcookies,0.7
170,2,kettlebbqchips,0.24
170,2,kettlejalapenochips,1.1
170,2,kettlesalt&pepperchips,0.99
170,2,kettlesalt&vinegarchips,1.32
170,2,kitkat,0.35
170,2,kitkatwhitechocolate,0.73
170,2,laffytaffysourapple,0.51
170,2,layscheesygarlicbread,0.74
170,2,laysclassic,1
170,2,laysdillpickle,0.65
170,2,layssourcreamandonion,0.74
170,2,layssweetsouthernheatbarbecue,1.99
170,2,lifesaversgummies,2.25
170,2,lifesaversgummiessours,0.99
170,2,lindtdarkchocolate,1.37
170,2,lindtmilkchocolate,1.78
170,2,m&m'smilkchocolate,0.74
170,2,m&m'smint,0.97
170,2,m&m'speanuts,0.69
170,2,m&m'spretzel,2.01
170,2,mentosrainbow,0.74
170,2,mike&ikezours,2.49
170,2,milanocookies,0.77
170,2,milkduds,0.5
170,2,milkyway,0.99
170,2,milkywaycaramel,0.76
170,2,milkywaydark,0.5
170,2,munchiespeanutbutter,1.51
170,2,nerdsrope,1.17
170,2,nerdsstrawberrygrape,0.73
170,2,oreosgolden,2.14
170,2,popcornersjalapeno,1.98
170,2,popcornwhitecheddar,1.48
170,2,pringlesoriginal,0.83
170,2,pringlessourcreamonion,1.05
170,2,raisinetsmilkchocolate,1.02
171,2,100grand,1.14
171,2,airheadsblueraspberry,0.88
171,2,airheadscherry,1.28
171,2,airheadswatermelon,0.88
171,2,almondjoy,1.17
171,2,babyruth,0.54
171,2,blowpopblueraspberry,1.46
171,2,blowpopwatermelon,1.71
171,2,bunchacrunch,1.21
171,2,butterfinger,1.48
171,2,butterfingerbites,1.16
171,2,cheesepeanutbuttercrackers,0.78
171,2,cheetospuffs,2.15
171,2,cheezitwhitecheddar,1.13
171,2,chexmixcheddar,1.68
171,2,chexmixtraditional,1.2
171,2,chipsahoy,1.2
171,2,combospizzeria,1.29
171,2,crunch,1.18
171,2,doritoscoolranch,1.03
171,2,doritosnachocheese,0.7
171,2,doritospicychili,1.02
171,2,dots,1.85
171,2,dovecaramelmilkchocolate,1.5
171,2,dovedarkchocolatebites,1.19
171,2,dovemilk&peanutbutterbites,1.03
171,2,fritosbbq,0.98
171,2,funyuns,1.51
171,2,ghirardellicaramelsquares,1.49
171,2,ghirardellidarkchocolatesquares,1.47
171,2,giantsweetarts,1.54
171,2,gobstoppers,1.49
171,2,goldfishcheddar,1.78
171,2,goobers,1.71
171,2,grandma'schocolatechipcookies,1.49
171,2,grandma'soatmealraisincookies,0.91
171,2,gummywormssour,1.5
171,2,hostesschocolatedonuts,0.61
171,2,hostesscupcakes,1.78
171,2,hostesspowdereddonut,2.04
171,2,juniorcaramels,0.99
171,2,kettlebbqchips,1.48
171,2,kettlesalt&pepperchips,2.02
171,2,kettlesalt&vinegarchips,0.48
171,2,kitkat,1.26
171,2,kitkatwhitechocolate,1
171,2,laffytaffysourapple,1.2
171,2,layscheesygarlicbread,1.99
171,2,laysclassic,2
171,2,laysdillpickle,1.78
171,2,lifesaversgummies,1.28
171,2,lindtdarkchocolate,1.22
171,2,lindtmilkchocolate,1.22
171,2,milanocookies,1.28
171,2,milkduds,2.2
171,2,milkyway,1.19
171,2,milkywaycaramel,1.8
171,2,munchiesnachocheese,1.25
171,2,munchiespeanutbutter,1.95
171,2,nerdsrope,0.8
171,2,nerdsstrawberrygrape,1
171,2,oreos,1.76
171,2,pez,0.83
171,2,popcornersjalapeno,1.28
171,2,popcornerskettle,1.23
171,2,popcornerswhitecheddar,1.19
171,2,pringlescheddar,0.99
171,2,pringlessourcreamonion,0.76
