"","value","rating.rt","participant","pic_path"
"1",8.002646108,6.9372,"P0013","EC_0096.jpg"
"2",6.005290803,3.9896,"P0013","EC_0119.jpg"
"3",6.970899673,5.6326,"P0013","EC_0001.jpg"
"4",8.928572034,2.7926,"P0013","EC_0104.jpg"
"5",9.060847166,4.5695,"P0013","EC_0065.jpg"
"6",7.923280221,4.2327,"P0013","EC_0072.jpg"
"7",3.994709197,4.9612,"P0013","EC_0109.jpg"
"8",4.986772689,5.6113,"P0013","EC_0194.jpg"
"9",9.947091158,4.6922,"P0013","EC_0185.jpg"
"10",1.970899269,4.6939,"P0013","EC_0075.jpg"
"11",0.886243588,3.4114,"P0013","EC_0164.jpg"
"12",7.976190476,3.7069,"P0013","EC_0205.jpg"
"13",3.994709197,3.0262,"P0013","EC_0027.jpg"
"14",0.965608466,4.3516,"P0013","EC_0033.jpeg"
"15",9.947091158,4.3992,"P0013","EC_0229.jpg"
"16",3.968254574,10.5937,"P0013","EC_0048.jpg"
"17",0.066137667,4.151,"P0013","EC_0183.jpg"
"18",0.952381154,5.1488,"P0013","EC_0204.jpg"
"19",6.997354296,3.1907,"P0013","EC_0006.jpg"
"20",3.981481885,2.702,"P0013","EC_0246.jpg"
"21",6.018519124,4.8914,"P0013","EC_0141.jpg"
"22",0.992064098,3.4581,"P0013","EC_0028.jpg"
"23",8.068783674,2.8248,"P0013","EC_0250.jpg"
"24",3.915344319,6.9986,"P0013","EC_0100.jpg"
"25",5.939153237,2.7157,"P0013","EC_0044.jpg"
"26",8.835978836,2.5667,"P0013","EC_0124.jpeg"
"27",7.976190476,2.6368,"P0013","EC_0123.jpeg"
"28",9.814816026,2.9556,"P0013","EC_0068.jpg"
"29",7.843915344,2.5385,"P0013","EC_0132.jpg"
"30",6.891534795,3.7647,"P0013","EC_0011.jpg"
"31",6.005290803,2.5398,"P0013","EC_0238.jpg"
"32",1.00918e-07,4.4757,"P0013","EC_0154.jpg"
"33",5.013227311,2.9672,"P0013","EC_0248.jpg"
"34",6.917989418,4.4496,"P0013","EC_0038.jpg"
"35",6.957672361,4.0002,"P0013","EC_0182.jpg"
"36",8.01587342,11.6281,"P0013","EC_0239.jpg"
"37",9.007936912,3.4825,"P0013","EC_0180.jpg"
"38",2.076719779,3.0996,"P0013","EC_0150.jpg"
"39",4.060846763,2.9749,"P0013","EC_0135.jpg"
"40",6.957672361,5.8698,"P0013","EC_0177.jpg"
"41",1.931217335,10.7373,"P0013","EC_0147.png"
"42",2.962962761,12.2163,"P0013","EC_0242.jpg"
"43",4.021163819,65.5356,"P0013","EC_0116.jpg"
"44",5.992063492,3.9687,"P0013","EC_0070.jpg"
"45",6.970899673,6.3368,"P0013","EC_0223.jpg"
"46",1.997354901,4.6423,"P0013","EC_0125.jpeg"
"47",2.037036835,3.193,"P0013","EC_0058.jpg"
"48",6.984126984,2.7823,"P0013","EC_0174.jpg"
"49",4.021163819,3.1099,"P0013","EC_0013.jpg"
"50",3.002645704,2.9302,"P0013","EC_0092.jpg"
"51",8.9947096,118.5381,"P0013","EC_0167.jpg"
"52",7.010582616,2.4033,"P0013","EC_0209.jpg"
"53",7.843915344,3.4499,"P0013","EC_0090.jpg"
"54",5.092593198,8.2223,"P0013","EC_0120.jpg"
"55",6.71957672,2.6185,"P0013","EC_0206.png"
"56",5.925925926,2.5489,"P0013","EC_0115.jpg"
"57",9.021164223,2.7724,"P0013","EC_0024.jpg"
"58",9.695767196,2.5066,"P0013","EC_0170.jpg"
"59",8.888889091,2.3854,"P0013","EC_0245.jpg"
"60",6.851851852,2.0493,"P0013","EC_0221.jpg"
"61",7.976190476,2.0548,"P0013","EC_0082.jpg"
"62",7.05026455,2.5153,"P0013","EC_0181.jpg"
"63",10,3.4536,"P0013","EC_0188.jpg"
"64",4.007936508,4.2723,"P0013","EC_0158.jpg"
"65",7.037037239,2.4876,"P0013","EC_0213.jpg"
"66",5.806878105,3.0601,"P0013","EC_0102.jpg"
"67",0.978835777,3.0838,"P0013","EC_0151.jpg"
"68",7.962963165,3.029,"P0013","EC_0015.jpg"
"69",7.037037239,12.8541,"P0013","EC_0034.jpg"
"70",0.568783069,4.5035,"P0013","EC_0243.jpg"
"71",4.074074074,2.539,"P0013","EC_0153.jpg"
"72",7.764550466,3.1569,"P0013","EC_0131.jpg"
"73",8.888889091,2.7219,"P0013","EC_0036.jpeg"
"74",2.116402722,3.1237,"P0013","EC_0226.jpg"
"75",4.206349206,2.3535,"P0013","EC_0203.jpg"
"76",6.759259663,2.8488,"P0013","EC_0241.jpg"
"77",2.671957874,2.4153,"P0013","EC_0117.jpg"
"78",3.92857163,2.2196,"P0013","EC_0193.png"
"79",6.653439153,2.4854,"P0013","EC_0129.jpeg"
"80",7.976190476,2.3441,"P0013","EC_0162.jpg"
"81",1.970899269,2.7444,"P0013","EC_0040.jpg"
"82",6.891534795,2.881,"P0013","EC_0081.jpg"
"83",3.888888687,2.1687,"P0013","EC_0073.jpg"
"84",1.058201664,2.3231,"P0013","EC_0142.jpg"
"85",7.923280221,2.6149,"P0013","EC_0168.jpeg"
"86",6.481482087,1.9538,"P0013","EC_0202.jpg"
"87",9.193122299,3.1767,"P0013","EC_0199.jpg"
"88",4.814814613,2.6362,"P0013","EC_0249.jpg"
"89",7.751323155,2.4049,"P0013","EC_0236.jpg"
"90",6.970899673,2.4126,"P0013","EC_0018.jpg"
"91",7.989417788,2.3599,"P0013","EC_0071.jpg"
"92",5.54232784,2.148,"P0013","EC_0187.jpeg"
"93",8.306878307,1.8213,"P0013","EC_0105.jpg"
"94",3.214285714,2.0063,"P0013","EC_0094.jpg"
"95",10,2.576,"P0013","EC_0069.jpg"
"96",6.031746435,2.2863,"P0013","EC_0232.jpg"
"97",3.108466214,2.1863,"P0013","EC_0097.jpg"
"98",7.235449937,2.3485,"P0013","EC_0064.jpg"
"99",7.195766994,2.3077,"P0013","EC_0152.jpg"
"100",2.936508138,2.0541,"P0013","EC_0066.jpg"
"101",6.018519124,17.0627,"P0013","EC_0030.jpg"
"102",6.931216729,10.4042,"P0013","EC_0197.jpg"
"103",7.15608506,5.7993,"P0013","EC_0136.jpg"
"104",2.433862232,3.3894,"P0013","EC_0148.jpg"
"105",8.637566138,2.6994,"P0013","EC_0046.jpg"
"106",8.042328042,2.408,"P0013","EC_0207.jpg"
"107",6.878307484,6.05,"P0013","EC_0093.jpg"
"108",5.634921039,3.1324,"P0013","EC_0101.jpg"
"109",8.002646108,2.2677,"P0013","EC_0160.jpg"
"110",6.931216729,2.4532,"P0013","EC_0076.jpg"
"111",7.976190476,3.9458,"P0013","EC_0222.jpg"
"112",9.021164223,2.3733,"P0013","EC_0157.jpg"
"113",5.912698615,2.4504,"P0013","EC_0171.jpg"
"114",8.01587342,2.4503,"P0013","EC_0032.jpg"
"115",1.970899269,3.4532,"P0013","EC_0159.jpg"
"116",9.219576921,2.665,"P0013","EC_0063.jpg"
"117",3.677248677,2.3826,"P0013","EC_0061.jpg"
"118",9.034391534,2.9453,"P0013","EC_0019.jpg"
"119",2.976191082,9.9613,"P0013","EC_0060.jpg"
"120",2.962962761,13.5067,"P0013","EC_0029.jpg"
"121",7.010582616,4.4322,"P0013","EC_0007.jpg"
"122",8.095238297,2.6253,"P0013","EC_0240.jpg"
"123",7.936508542,6.4659,"P0013","EC_0003.jpg"
"124",7.420635324,8.1991,"P0013","EC_0037.jpg"
"125",8.9947096,4.2629,"P0013","EC_0210.jpg"
"126",2.910053516,2.8824,"P0013","EC_0237.jpg"
"127",6.94444505,2.4994,"P0013","EC_0041.jpg"
"128",2.724868129,2.4231,"P0013","EC_0039.jpg"
"129",8.968253968,2.7436,"P0013","EC_0228.jpg"
"130",8.055555354,2.5105,"P0013","EC_0050.jpg"
"131",2.513228119,2.3726,"P0013","EC_0055.jpg"
"132",0,3.394,"P0013","EC_0005.jpg"
"133",10,3.2827,"P0013","EC_0230.jpg"
"134",9.126984732,3.2649,"P0013","EC_0169.png"
"135",6.851851852,3.4838,"P0013","EC_0108.jpg"
"136",9.007936912,3.5995,"P0013","EC_0111.jpg"
"137",5.992063492,2.8937,"P0013","EC_0140.jpg"
"138",2.989418393,4.2861,"P0013","EC_0149.jpg"
"139",7.010582616,3.3069,"P0013","EC_0086.jpg"
"140",2.94973545,2.3325,"P0013","EC_0227.jpg"
"141",9.510582818,3.3825,"P0013","EC_0010.jpg"
"142",5.992063492,9.9159,"P0013","EC_0166.jpg"
"143",8.002646108,3.2825,"P0013","EC_0085.jpg"
"144",2.962962761,12.9652,"P0013","EC_0084.jpg"
"145",8.029100731,15.6592,"P0013","EC_0128.jpeg"
"146",2.94973545,14.69,"P0013","EC_0017.jpg"
"147",1.98412759,4.3014,"P0013","EC_0165.jpg"
"148",7.010582616,3.1822,"P0013","EC_0008.jpg"
"149",4.074074074,2.7607,"P0013","EC_0095.jpg"
"150",6.970899673,5.06,"P0013","EC_0056.jpg"
"151",1.931217335,4.8162,"P0013","EC_0009.jpg"
"152",1.891534392,8.3861,"P0013","EC_0053.jpg"
"153",4.007936508,3.8369,"P0013","EC_0172.jpg"
"154",6.362434266,2.4129,"P0013","EC_0062.jpg"
"155",8.13492124,2.339,"P0013","EC_0022.jpg"
"156",0.939153843,6.5536,"P0013","EC_0198.jpg"
"157",7.949735853,3.3078,"P0013","EC_0106.jpg"
"158",2.976191082,5.6943,"P0013","EC_0012.jpg"
"159",7.208995315,2.5861,"P0013","EC_0059.jpg"
"160",6.164021568,2.422,"P0013","EC_0049.jpg"
"161",4.087301385,2.5519,"P0013","EC_0224.jpg"
"162",7.010582616,5.3565,"P0013","EC_0047.jpg"
"163",8.928572034,10.5159,"P0013","EC_0176.jpg"
"164",6.984126984,2.6092,"P0013","EC_0079.jpg"
"165",9.166666667,6.5576,"P0013","EC_0196.jpg"
"166",7.976190476,2.2548,"P0013","EC_0098.jpg"
"167",5.992063492,12.1831,"P0013","EC_0042.jpg"
"168",2.142857345,19.1837,"P0013","EC_0201.jpg"
"169",7.208995315,4.8393,"P0013","EC_0235.jpg"
"170",6.335978634,7.7425,"P0013","EC_0163.jpg"
"171",7.989417788,3.943,"P0013","EC_0138.png"
"172",6.031746435,7.2876,"P0013","EC_0173.jpg"
"173",3.029100327,5.095,"P0013","EC_0077.jpg"
"174",6.931216729,9.9566,"P0013","EC_0156.jpg"
"175",2.910053516,2.41,"P0013","EC_0113.jpg"
"176",8.201058807,2.6692,"P0013","EC_0121.jpg"
"177",2.010582212,2.9814,"P0013","EC_0195.jpg"
"178",4.973545377,3.2027,"P0013","EC_0087.jpg"
"179",3.968254574,3.1362,"P0013","EC_0231.jpg"
"180",7.023809927,2.3927,"P0013","EC_0219.jpg"
"181",2.791005695,2.6705,"P0013","EC_0074.jpg"
"182",10,3.179,"P0013","EC_0020.jpg"
"183",1.931217335,3.2586,"P0013","EC_0088.jpg"
"184",8.01587342,2.9859,"P0013","EC_0137.jpg"
"185",3.92857163,3.1528,"P0013","EC_0161.jpg"
"186",7.037037239,4.5755,"P0013","EC_0139.png"
"187",6.269841068,8.8988,"P0013","EC_0080.jpg"
"188",8.174603175,4.0217,"P0013","EC_0083.jpg"
"189",7.089947494,5.2754,"P0013","EC_0133.jpg"
"190",7.05026455,3.6987,"P0013","EC_0067.jpg"
"191",8.002646108,2.543,"P0013","EC_0244.jpg"
"192",10,2.8962,"P0013","EC_0099.jpg"
"193",0,2.6694,"P0013","EC_0184.jpg"
"194",6.521164021,2.4356,"P0013","EC_0031.jpg"
"195",8.505291005,2.4856,"P0013","EC_0234.jpg"
"196",3.531746234,2.224,"P0013","EC_0134.jpg"
"197",5.013227311,2.1332,"P0013","EC_0016.jpg"
"198",6.005290803,2.842,"P0013","EC_0054.jpg"
"199",2.896825195,2.1495,"P0013","EC_0014.jpg"
"200",8.029100731,2.2999,"P0013","EC_0057.jpeg"
"201",5.952381558,2.4558,"P0013","EC_0247.jpg"
"202",3.5978838,2.4933,"P0013","EC_0211.jpg"
"203",8.902116402,2.2871,"P0013","EC_0103.jpg"
"204",3.690475989,3.0361,"P0013","EC_0233.jpg"
"205",2.962962761,3.0292,"P0013","EC_0002.jpg"
"206",9.193122299,2.3318,"P0013","EC_0089.jpg"
"207",4.841270245,6.1172,"P0013","EC_0214.jpg"
"208",7.023809927,2.6326,"P0013","EC_0200.png"
"209",7.896825599,3.2018,"P0013","EC_0051.jpg"
"210",4.867724868,2.606,"P0013","EC_0118.jpg"
"211",9.021164021,4.6705,"P0055","EC_0228.jpg"
"212",2.962962963,4.132,"P0055","EC_0247.jpg"
"213",8.042328042,3.4846,"P0055","EC_0039.jpg"
"214",4.920634921,3.0508,"P0055","EC_0154.jpg"
"215",8.968253968,2.7149,"P0055","EC_0048.jpg"
"216",7.923280423,3.5678,"P0055","EC_0011.jpg"
"217",7.010582011,3.0827,"P0055","EC_0092.jpg"
"218",4.034391534,2.8662,"P0055","EC_0005.jpg"
"219",5.013227513,3.299,"P0055","EC_0072.jpg"
"220",9.021164021,2.6831,"P0055","EC_0074.jpg"
"221",4.880952381,2.7871,"P0055","EC_0120.jpg"
"222",7.896825397,3.5497,"P0055","EC_0079.jpg"
"223",3.941798942,3.2138,"P0055","EC_0166.jpg"
"224",6.031746032,3.334,"P0055","EC_0180.jpg"
"225",5,3.0331,"P0055","EC_0203.jpg"
"226",8.862433862,2.8553,"P0055","EC_0087.jpg"
"227",4.021164021,3.0181,"P0055","EC_0243.jpg"
"228",1.944444444,3.1004,"P0055","EC_0204.jpg"
"229",8.095238095,3.286,"P0055","EC_0242.jpg"
"230",4.087301587,2.6446,"P0055","EC_0214.jpg"
"231",7.05026455,2.7511,"P0055","EC_0050.jpg"
"232",6.124338624,3.05,"P0055","EC_0096.jpg"
"233",4.947089947,2.8197,"P0055","EC_0150.jpg"
"234",6.071428571,2.9831,"P0055","EC_0094.jpg"
"235",3.346560847,3.6494,"P0055","EC_0161.jpg"
"236",8.558201058,3.0829,"P0055","EC_0188.jpg"
"237",4.880952381,3.3876,"P0055","EC_0067.jpg"
"238",7.063492063,3.0452,"P0055","EC_0240.jpg"
"239",0.066137566,2.769,"P0055","EC_0194.jpg"
"240",1.150793651,3.4484,"P0055","EC_0129.jpeg"
"241",2.91005291,3.0031,"P0055","EC_0123.jpeg"
"242",8.531746032,2.8076,"P0055","EC_0057.jpeg"
"243",2.433862434,3.0199,"P0055","EC_0128.jpeg"
"244",4.576719577,3.0484,"P0055","EC_0226.jpg"
"245",1.124338624,4.0881,"P0055","EC_0121.jpg"
"246",0.291005291,2.9833,"P0055","EC_0182.jpg"
"247",3.452380952,3.0326,"P0055","EC_0010.jpg"
"248",6.441798942,3.0318,"P0055","EC_0160.jpg"
"249",3.227513228,3.4573,"P0055","EC_0103.jpg"
"250",1.71957672,2.8553,"P0055","EC_0187.jpeg"
"251",4.417989418,2.836,"P0055","EC_0202.jpg"
"252",1.30952381,3.0327,"P0055","EC_0162.jpg"
"253",6.534391534,2.6828,"P0055","EC_0095.jpg"
"254",7.407407407,3.126,"P0055","EC_0173.jpg"
"255",5.198412698,3.0163,"P0055","EC_0245.jpg"
"256",4.96031746,2.9497,"P0055","EC_0141.jpg"
"257",6.375661376,3.2806,"P0055","EC_0064.jpg"
"258",7.579365079,2.7608,"P0055","EC_0030.jpg"
"259",5.013227513,2.8527,"P0055","EC_0109.jpg"
"260",0.78042328,2.6996,"P0055","EC_0249.jpg"
"261",4.060846561,2.8658,"P0055","EC_0165.jpg"
"262",3.293650794,2.9689,"P0055","EC_0164.jpg"
"263",1.706349206,2.616,"P0055","EC_0222.jpg"
"264",6.481481481,3.0823,"P0055","EC_0241.jpg"
"265",1.362433862,2.7178,"P0055","EC_0056.jpg"
"266",8.253968254,3.083,"P0055","EC_0063.jpg"
"267",7.473544974,3.299,"P0055","EC_0008.jpg"
"268",6.494708995,3.0096,"P0055","EC_0209.jpg"
"269",2.552910053,4.519,"P0055","EC_0054.jpg"
"270",3.941798942,3.1498,"P0055","EC_0167.jpg"
"271",4.933862434,3.708,"P0055","EC_0232.jpg"
"272",3.068783069,3.1995,"P0055","EC_0140.jpg"
"273",1.865079365,2.5996,"P0055","EC_0113.jpg"
"274",2.843915344,3.3807,"P0055","EC_0033.jpeg"
"275",4.894179894,3.3522,"P0055","EC_0017.jpg"
"276",3.743386243,2.7487,"P0055","EC_0237.jpg"
"277",3.082010582,3.3027,"P0055","EC_0196.jpg"
"278",4.880952381,2.8938,"P0055","EC_0029.jpg"
"279",9.470899471,2.6365,"P0055","EC_0047.jpg"
"280",9.034391534,3.2855,"P0055","EC_0104.jpg"
"281",4.96031746,2.7472,"P0055","EC_0032.jpg"
"282",6.018518519,2.8477,"P0055","EC_0139.png"
"283",4.973544974,3.4613,"P0055","EC_0239.jpg"
"284",8.478835979,2.8935,"P0055","EC_0085.jpg"
"285",8.862433862,3.0387,"P0055","EC_0207.jpg"
"286",2.989417989,3.0043,"P0055","EC_0142.jpg"
"287",5.542328042,3.4945,"P0055","EC_0089.jpg"
"288",5.489417989,2.7047,"P0055","EC_0153.jpg"
"289",6.732804233,3.2028,"P0055","EC_0115.jpg"
"290",2.46031746,2.7146,"P0055","EC_0213.jpg"
"291",8.492063492,2.8765,"P0055","EC_0058.jpg"
"292",4.973544974,3.1556,"P0055","EC_0093.jpg"
"293",8.465608466,2.9298,"P0055","EC_0210.jpg"
"294",2.605820106,2.5695,"P0055","EC_0027.jpg"
"295",4.378306878,4.4076,"P0055","EC_0201.jpg"
"296",7.526455026,2.782,"P0055","EC_0102.jpg"
"297",6.878306878,3.0227,"P0055","EC_0068.jpg"
"298",5.132275132,2.8485,"P0055","EC_0071.jpg"
"299",6.388888889,2.9286,"P0055","EC_0138.png"
"300",7.724867725,2.8454,"P0055","EC_0132.jpg"
"301",4.894179894,2.5854,"P0055","EC_0171.jpg"
"302",3.492063492,2.8526,"P0055","EC_0238.jpg"
"303",8.571428571,2.7216,"P0055","EC_0219.jpg"
"304",5.846560847,2.9889,"P0055","EC_0147.png"
"305",7.738095238,2.7147,"P0055","EC_0163.jpg"
"306",5,2.9927,"P0055","EC_0198.jpg"
"307",5,2.9808,"P0055","EC_0069.jpg"
"308",2.830687831,2.9865,"P0055","EC_0097.jpg"
"309",8.994708995,2.4821,"P0055","EC_0211.jpg"
"310",5.013227513,2.9133,"P0055","EC_0149.jpg"
"311",8.068783069,3.06,"P0055","EC_0018.jpg"
"312",7.169312169,2.8941,"P0055","EC_0031.jpg"
"313",4.96031746,2.7363,"P0055","EC_0159.jpg"
"314",6.931216931,2.9723,"P0055","EC_0088.jpg"
"315",6.468253968,2.7207,"P0055","EC_0246.jpg"
"316",3.862433862,3.8952,"P0055","EC_0015.jpg"
"317",8.134920635,2.6799,"P0055","EC_0084.jpg"
"318",5.03968254,2.577,"P0055","EC_0117.jpg"
"319",7.486772487,2.7522,"P0055","EC_0012.jpg"
"320",8.492063492,2.682,"P0055","EC_0062.jpg"
"321",9.060846561,2.7358,"P0055","EC_0041.jpg"
"322",5.648148148,2.8429,"P0055","EC_0099.jpg"
"323",6.587301587,3.4164,"P0055","EC_0040.jpg"
"324",3.148148148,3.2162,"P0055","EC_0221.jpg"
"325",4.113756614,2.9154,"P0055","EC_0007.jpg"
"326",5.343915344,2.9163,"P0055","EC_0100.jpg"
"327",4.933862434,3.0663,"P0055","EC_0001.jpg"
"328",7.685185185,3.1666,"P0055","EC_0077.jpg"
"329",8.227513228,2.7511,"P0055","EC_0046.jpg"
"330",5.119047619,3.1688,"P0055","EC_0042.jpg"
"331",8.068783069,3.2662,"P0055","EC_0081.jpg"
"332",1.997354497,2.7163,"P0055","EC_0019.jpg"
"333",7.936507937,2.9828,"P0055","EC_0116.jpg"
"334",6.005291005,2.8494,"P0055","EC_0176.jpg"
"335",8.492063492,2.5496,"P0055","EC_0003.jpg"
"336",8.968253968,2.6901,"P0055","EC_0133.jpg"
"337",5.013227513,3.4181,"P0055","EC_0055.jpg"
"338",9.457671958,2.4505,"P0055","EC_0172.jpg"
"339",7.023809524,3.1011,"P0055","EC_0134.jpg"
"340",4.986772487,3.1331,"P0055","EC_0101.jpg"
"341",6.164021164,2.9499,"P0055","EC_0177.jpg"
"342",2.552910053,2.9993,"P0055","EC_0014.jpg"
"343",4.973544974,2.7904,"P0055","EC_0193.png"
"344",7.857142857,2.7836,"P0055","EC_0080.jpg"
"345",6.878306878,2.7327,"P0055","EC_0009.jpg"
"346",4.894179894,2.8328,"P0055","EC_0053.jpg"
"347",1.044973545,3.0077,"P0055","EC_0227.jpg"
"348",5.092592593,3.2079,"P0055","EC_0233.jpg"
"349",8.478835979,3.2197,"P0055","EC_0135.jpg"
"350",8.240740741,2.7847,"P0055","EC_0118.jpg"
"351",7.08994709,2.9001,"P0055","EC_0013.jpg"
"352",6.706349206,2.733,"P0055","EC_0231.jpg"
"353",5,2.9162,"P0055","EC_0152.jpg"
"354",6.957671958,2.6499,"P0055","EC_0235.jpg"
"355",5.939153439,2.9991,"P0055","EC_0151.jpg"
"356",5.383597884,3.0983,"P0055","EC_0158.jpg"
"357",7.05026455,2.75,"P0055","EC_0070.jpg"
"358",4.947089947,3.0217,"P0055","EC_0060.jpg"
"359",8.505291005,3.4683,"P0055","EC_0082.jpg"
"360",5.026455026,3.487,"P0055","EC_0250.jpg"
"361",8.042328042,2.7441,"P0055","EC_0136.jpg"
"362",8.346560847,3.7663,"P0055","EC_0065.jpg"
"363",9.087301587,2.3331,"P0055","EC_0157.jpg"
"364",8.002645503,3.1219,"P0055","EC_0248.jpg"
"365",2.91005291,3.3903,"P0055","EC_0185.jpg"
"366",5.264550265,3.2535,"P0055","EC_0131.jpg"
"367",8.968253968,2.4829,"P0055","EC_0174.jpg"
"368",8.518518519,2.7818,"P0055","EC_0137.jpg"
"369",7.552910053,2.7497,"P0055","EC_0119.jpg"
"370",1.997354497,2.5258,"P0055","EC_0105.jpg"
"371",5.119047619,3.4152,"P0055","EC_0236.jpg"
"372",8.584656085,2.8422,"P0055","EC_0083.jpg"
"373",6.071428571,3.2339,"P0055","EC_0044.jpg"
"374",4.973544974,2.7144,"P0055","EC_0224.jpg"
"375",7.632275132,2.9803,"P0055","EC_0051.jpg"
"376",8.492063492,2.6495,"P0055","EC_0156.jpg"
"377",5.899470899,3.546,"P0055","EC_0028.jpg"
"378",3.029100529,2.9181,"P0055","EC_0022.jpg"
"379",9.484126984,2.5188,"P0055","EC_0086.jpg"
"380",4.034391534,3.1332,"P0055","EC_0223.jpg"
"381",4.841269841,2.9663,"P0055","EC_0200.png"
"382",7.367724868,3.1993,"P0055","EC_0229.jpg"
"383",6.097883598,2.7058,"P0055","EC_0244.jpg"
"384",5.582010582,2.7769,"P0055","EC_0024.jpg"
"385",1.891534392,3.4217,"P0055","EC_0199.jpg"
"386",3.941798942,2.9495,"P0055","EC_0169.png"
"387",3.068783069,3.401,"P0055","EC_0111.jpg"
"388",5.886243386,2.7331,"P0055","EC_0168.jpeg"
"389",4.96031746,3.4332,"P0055","EC_0002.jpg"
"390",5.873015873,2.966,"P0055","EC_0090.jpg"
"391",2.87037037,2.8829,"P0055","EC_0183.jpg"
"392",4.484126984,3.7328,"P0055","EC_0038.jpg"
"393",2.473544974,2.9952,"P0055","EC_0148.jpg"
"394",1.402116402,2.6579,"P0055","EC_0108.jpg"
"395",4.272486772,3.1163,"P0055","EC_0170.jpg"
"396",5.648148148,2.8184,"P0055","EC_0181.jpg"
"397",6.600529101,3.3996,"P0055","EC_0230.jpg"
"398",7.566137566,2.969,"P0055","EC_0197.jpg"
"399",2.473544974,3.0662,"P0055","EC_0020.jpg"
"400",5.092592593,3.0033,"P0055","EC_0125.jpeg"
"401",3.955026455,2.7352,"P0055","EC_0195.jpg"
"402",0.595238095,2.9761,"P0055","EC_0124.jpeg"
"403",8.373015873,2.7816,"P0055","EC_0016.jpg"
"404",6.428571429,2.9263,"P0055","EC_0049.jpg"
"405",8.584656085,3.0921,"P0055","EC_0034.jpg"
"406",7.724867725,3.0365,"P0055","EC_0073.jpg"
"407",2.936507937,2.7395,"P0055","EC_0098.jpg"
"408",7.486772487,2.7292,"P0055","EC_0061.jpg"
"409",1.812169312,2.7101,"P0055","EC_0075.jpg"
"410",8.505291005,2.5795,"P0055","EC_0037.jpg"
"411",1.653439153,2.5717,"P0055","EC_0106.jpg"
"412",2.433862434,2.5692,"P0055","EC_0066.jpg"
"413",8.544973545,3.1128,"P0055","EC_0076.jpg"
"414",4.933862434,3.2469,"P0055","EC_0206.png"
"415",5.502645503,2.986,"P0055","EC_0006.jpg"
"416",5.41005291,2.9437,"P0055","EC_0036.jpeg"
"417",6.521164021,2.5598,"P0055","EC_0205.jpg"
"418",5.013227513,2.5913,"P0055","EC_0059.jpg"
"419",5.013227513,2.6769,"P0055","EC_0234.jpg"
"420",1.666666667,2.6955,"P0055","EC_0184.jpg"
"421",0.109126984,3.7415,"P0056","EC_0142.jpg"
"422",3.928571429,3.9969,"P0056","EC_0237.jpg"
"423",1.994047619,4.1149,"P0056","EC_0239.jpg"
"424",4.057539683,4.8245,"P0056","EC_0235.jpg"
"425",5.049603175,4.5474,"P0056","EC_0118.jpg"
"426",6.93452381,3.89,"P0056","EC_0244.jpg"
"427",4.037698413,3.279,"P0056","EC_0250.jpg"
"428",0,4.2355,"P0056","EC_0148.jpg"
"429",2.123015873,3.531,"P0056","EC_0007.jpg"
"430",0.05952381,2.9874,"P0056","EC_0011.jpg"
"431",6.884920635,3.0906,"P0056","EC_0018.jpg"
"432",6.051587302,4.343,"P0056","EC_0228.jpg"
"433",10,3.8713,"P0056","EC_0185.jpg"
"434",5.069444444,4.2451,"P0056","EC_0082.jpg"
"435",0,3.0135,"P0056","EC_0161.jpg"
"436",5.902777778,2.9233,"P0056","EC_0055.jpg"
"437",3.025793651,3.1724,"P0056","EC_0221.jpg"
"438",0,3.7529,"P0056","EC_0128.jpeg"
"439",8.134920635,3.1229,"P0056","EC_0156.jpg"
"440",0.992063492,3.0023,"P0056","EC_0200.png"
"441",0,4.2649,"P0056","EC_0108.jpg"
"442",9.097222222,2.947,"P0056","EC_0209.jpg"
"443",4.950396825,3.0272,"P0056","EC_0014.jpg"
"444",7.123015873,4.1707,"P0056","EC_0165.jpg"
"445",10,2.5372,"P0056","EC_0133.jpg"
"446",0,2.9751,"P0056","EC_0125.jpeg"
"447",1.101190476,2.7597,"P0056","EC_0071.jpg"
"448",4.96031746,2.7532,"P0056","EC_0079.jpg"
"449",7.966269841,2.6557,"P0056","EC_0088.jpg"
"450",2.996031746,2.991,"P0056","EC_0077.jpg"
"451",7.966269841,2.6253,"P0056","EC_0207.jpg"
"452",9.027777778,3.9053,"P0056","EC_0075.jpg"
"453",2.033730159,3.1733,"P0056","EC_0120.jpg"
"454",3.978174603,2.5301,"P0056","EC_0096.jpg"
"455",0.942460317,3.3481,"P0056","EC_0090.jpg"
"456",9.970238095,2.8556,"P0056","EC_0205.jpg"
"457",6.865079365,3.5151,"P0056","EC_0058.jpg"
"458",10,2.499,"P0056","EC_0059.jpg"
"459",6.001984127,3.7737,"P0056","EC_0219.jpg"
"460",1.041666667,4.0566,"P0056","EC_0169.png"
"461",4.037698413,3.8762,"P0056","EC_0167.jpg"
"462",5.982142857,3.3279,"P0056","EC_0080.jpg"
"463",0,3.2878,"P0056","EC_0060.jpg"
"464",10,2.7248,"P0056","EC_0136.jpg"
"465",2.896825397,3.5683,"P0056","EC_0047.jpg"
"466",7.023809524,6.2062,"P0056","EC_0006.jpg"
"467",8.938492063,2.593,"P0056","EC_0083.jpg"
"468",7.043650794,4.4588,"P0056","EC_0084.jpg"
"469",4.96031746,3.1819,"P0056","EC_0117.jpg"
"470",0,2.8407,"P0056","EC_0027.jpg"
"471",5.03968254,2.7873,"P0056","EC_0037.jpg"
"472",6.081349206,4.8028,"P0056","EC_0036.jpeg"
"473",7.896825397,3.0008,"P0056","EC_0163.jpg"
"474",10,3.2956,"P0056","EC_0008.jpg"
"475",0.625,4.266,"P0056","EC_0049.jpg"
"476",0,2.6412,"P0056","EC_0226.jpg"
"477",0.902777778,3.7992,"P0056","EC_0176.jpg"
"478",4.920634921,2.4812,"P0056","EC_0030.jpg"
"479",0,3.2257,"P0056","EC_0170.jpg"
"480",0,2.3969,"P0056","EC_0171.jpg"
"481",6.091269841,3.5115,"P0056","EC_0085.jpg"
"482",2.996031746,4.7293,"P0056","EC_0092.jpg"
"483",0,3.7781,"P0056","EC_0162.jpg"
"484",0,2.7605,"P0056","EC_0194.jpg"
"485",7.132936508,3.8872,"P0056","EC_0067.jpg"
"486",7.083333333,3.0484,"P0056","EC_0193.png"
"487",4.98015873,3.4584,"P0056","EC_0038.jpg"
"488",0,2.8762,"P0056","EC_0115.jpg"
"489",2.103174603,3.0766,"P0056","EC_0202.jpg"
"490",4.017857143,10.2193,"P0056","EC_0181.jpg"
"491",1.041666667,3.2669,"P0056","EC_0095.jpg"
"492",6.19047619,3.3784,"P0056","EC_0180.jpg"
"493",8.06547619,2.8976,"P0056","EC_0138.png"
"494",8.938492063,2.5736,"P0056","EC_0064.jpg"
"495",3.948412698,6.8904,"P0056","EC_0109.jpg"
"496",8.918650794,2.6214,"P0056","EC_0003.jpg"
"497",7.638888889,3.4301,"P0056","EC_0068.jpg"
"498",0,3.6925,"P0056","EC_0099.jpg"
"499",9.216269841,4.906,"P0056","EC_0029.jpg"
"500",7.906746032,2.8672,"P0056","EC_0243.jpg"
"501",0.813492063,3.1753,"P0056","EC_0001.jpg"
"502",10,2.3786,"P0056","EC_0104.jpg"
"503",0,2.6574,"P0056","EC_0153.jpg"
"504",3.700396825,5.2975,"P0056","EC_0086.jpg"
"505",0,2.4477,"P0056","EC_0121.jpg"
"506",10,2.7774,"P0056","EC_0103.jpg"
"507",7.023809524,3.9144,"P0056","EC_0168.jpeg"
"508",10,2.4061,"P0056","EC_0039.jpg"
"509",3.005952381,3.6016,"P0056","EC_0249.jpg"
"510",0.952380952,3.2559,"P0056","EC_0022.jpg"
"511",8.045634921,3.064,"P0056","EC_0066.jpg"
"512",6.994047619,3.2995,"P0056","EC_0159.jpg"
"513",0,2.7456,"P0056","EC_0204.jpg"
"514",5.882936508,3.3611,"P0056","EC_0231.jpg"
"515",9.146825397,2.8778,"P0056","EC_0012.jpg"
"516",0,4.3869,"P0056","EC_0141.jpg"
"517",2.003968254,3.6924,"P0056","EC_0238.jpg"
"518",0,2.8988,"P0056","EC_0229.jpg"
"519",7.986111111,2.6354,"P0056","EC_0160.jpg"
"520",9.007936508,2.6627,"P0056","EC_0065.jpg"
"521",0,2.635,"P0056","EC_0247.jpg"
"522",0,2.4875,"P0056","EC_0149.jpg"
"523",10,2.3078,"P0056","EC_0024.jpg"
"524",8.80952381,2.8983,"P0056","EC_0042.jpg"
"525",8.323412698,3.4444,"P0056","EC_0223.jpg"
"526",7.976190476,3.1316,"P0056","EC_0009.jpg"
"527",0,2.3494,"P0056","EC_0093.jpg"
"528",0,3.0301,"P0056","EC_0152.jpg"
"529",10,2.2724,"P0056","EC_0157.jpg"
"530",6.101190476,2.9449,"P0056","EC_0072.jpg"
"531",5.009920635,2.5164,"P0056","EC_0240.jpg"
"532",2.162698413,3.4454,"P0056","EC_0073.jpg"
"533",8.958333333,2.6346,"P0056","EC_0184.jpg"
"534",6.924603175,3.4916,"P0056","EC_0013.jpg"
"535",0,2.6638,"P0056","EC_0063.jpg"
"536",0,2.8428,"P0056","EC_0233.jpg"
"537",0,5.2132,"P0056","EC_0097.jpg"
"538",3.978174603,2.8778,"P0056","EC_0197.jpg"
"539",0,2.3702,"P0056","EC_0005.jpg"
"540",2.986111111,4.5384,"P0056","EC_0057.jpeg"
"541",8.154761905,2.8709,"P0056","EC_0070.jpg"
"542",0,2.2939,"P0056","EC_0140.jpg"
"543",9.821428571,2.6969,"P0056","EC_0132.jpg"
"544",3.938492063,3.0647,"P0056","EC_0094.jpg"
"545",6.924603175,2.5718,"P0056","EC_0098.jpg"
"546",0.01984127,2.4888,"P0056","EC_0129.jpeg"
"547",8.948412698,2.843,"P0056","EC_0187.jpeg"
"548",6.964285714,3.3808,"P0056","EC_0137.jpg"
"549",1.051587302,2.3702,"P0056","EC_0234.jpg"
"550",1.994047619,7.5139,"P0056","EC_0245.jpg"
"551",4.037698413,2.3399,"P0056","EC_0198.jpg"
"552",0,3.0373,"P0056","EC_0032.jpg"
"553",0,3.4894,"P0056","EC_0201.jpg"
"554",8.015873016,2.4678,"P0056","EC_0151.jpg"
"555",8.06547619,4.5879,"P0056","EC_0087.jpg"
"556",0.962301587,3.1689,"P0056","EC_0182.jpg"
"557",3.025793651,3.538,"P0056","EC_0236.jpg"
"558",0,2.9124,"P0056","EC_0019.jpg"
"559",0,2.4534,"P0056","EC_0154.jpg"
"560",5.922619048,3.8494,"P0056","EC_0010.jpg"
"561",7.966269841,2.3146,"P0056","EC_0056.jpg"
"562",8.075396825,3.6411,"P0056","EC_0017.jpg"
"563",0,2.4059,"P0056","EC_0199.jpg"
"564",0,2.9757,"P0056","EC_0106.jpg"
"565",0,3.2486,"P0056","EC_0158.jpg"
"566",8.958333333,2.3235,"P0056","EC_0054.jpg"
"567",0,2.4694,"P0056","EC_0020.jpg"
"568",9.702380952,3.2407,"P0056","EC_0134.jpg"
"569",1.081349206,2.6222,"P0056","EC_0177.jpg"
"570",10,2.7159,"P0056","EC_0076.jpg"
"571",9.94047619,3.7177,"P0056","EC_0028.jpg"
"572",7.162698413,3.4673,"P0056","EC_0040.jpg"
"573",5.029761905,7.5544,"P0056","EC_0044.jpg"
"574",7.976190476,2.7401,"P0056","EC_0211.jpg"
"575",6.964285714,6.1758,"P0056","EC_0183.jpg"
"576",7.073412698,3.0933,"P0056","EC_0051.jpg"
"577",0,2.8851,"P0056","EC_0033.jpeg"
"578",9.047619048,2.7925,"P0056","EC_0173.jpg"
"579",6.924603175,3.9839,"P0056","EC_0248.jpg"
"580",6.001984127,3.3945,"P0056","EC_0174.jpg"
"581",5.049603175,3.2222,"P0056","EC_0119.jpg"
"582",8.978174603,2.9816,"P0056","EC_0203.jpg"
"583",8.680555556,3.3153,"P0056","EC_0016.jpg"
"584",0,3.1736,"P0056","EC_0227.jpg"
"585",9.474206349,3.2321,"P0056","EC_0053.jpg"
"586",0,2.3145,"P0056","EC_0069.jpg"
"587",0,2.5091,"P0056","EC_0147.png"
"588",6.001984127,5.7872,"P0056","EC_0046.jpg"
"589",6.587301587,3.908,"P0056","EC_0224.jpg"
"590",7.123015873,3.5743,"P0056","EC_0062.jpg"
"591",0,2.3725,"P0056","EC_0242.jpg"
"592",0,2.5696,"P0056","EC_0041.jpg"
"593",1.91468254,3.9711,"P0056","EC_0048.jpg"
"594",0,1.9606,"P0056","EC_0113.jpg"
"595",3.045634921,5.6519,"P0056","EC_0034.jpg"
"596",5.029761905,6.3628,"P0056","EC_0150.jpg"
"597",9.037698413,2.2687,"P0056","EC_0188.jpg"
"598",6.001984127,4.7426,"P0056","EC_0081.jpg"
"599",2.996031746,3.1987,"P0056","EC_0164.jpg"
"600",4.970238095,3.6278,"P0056","EC_0139.png"
"601",1.964285714,3.0213,"P0056","EC_0241.jpg"
"602",0,2.5875,"P0056","EC_0206.png"
"603",6.974206349,3.5189,"P0056","EC_0031.jpg"
"604",7.916666667,3.894,"P0056","EC_0111.jpg"
"605",2.083333333,2.7802,"P0056","EC_0222.jpg"
"606",0.853174603,3.5844,"P0056","EC_0232.jpg"
"607",7.172619048,2.9894,"P0056","EC_0196.jpg"
"608",0,2.6032,"P0056","EC_0131.jpg"
"609",0,3.8903,"P0056","EC_0124.jpeg"
"610",7.876984127,2.9142,"P0056","EC_0210.jpg"
"611",2.053571429,2.1129,"P0056","EC_0089.jpg"
"612",0,2.7571,"P0056","EC_0105.jpg"
"613",4.94047619,3.2736,"P0056","EC_0166.jpg"
"614",6.021825397,2.5734,"P0056","EC_0213.jpg"
"615",0,2.434,"P0056","EC_0195.jpg"
"616",5.009920635,4.4687,"P0056","EC_0214.jpg"
"617",5.992063492,6.2873,"P0056","EC_0123.jpeg"
"618",0,4.3906,"P0056","EC_0100.jpg"
"619",9.533730159,3.9693,"P0056","EC_0172.jpg"
"620",0,2.4677,"P0056","EC_0015.jpg"
"621",0,2.809,"P0056","EC_0230.jpg"
"622",10,2.5163,"P0056","EC_0002.jpg"
"623",6.904761905,2.3431,"P0056","EC_0061.jpg"
"624",6.904761905,2.516,"P0056","EC_0050.jpg"
"625",7.946428571,4.1321,"P0056","EC_0102.jpg"
"626",6.944444444,2.5214,"P0056","EC_0135.jpg"
"627",6.021825397,2.8224,"P0056","EC_0101.jpg"
"628",6.041666667,3.1751,"P0056","EC_0116.jpg"
"629",4.871031746,2.7726,"P0056","EC_0246.jpg"
"630",3.075396825,6.0268,"P0056","EC_0074.jpg"
"631",6.223544974,4.141,"P0060","EC_0111.jpg"
"632",3.611111111,3.15,"P0060","EC_0005.jpg"
"633",7.430555556,3.032,"P0060","EC_0090.jpg"
"634",9.381613757,2.595,"P0060","EC_0079.jpg"
"635",7.017195767,2.568,"P0060","EC_0235.jpg"
"636",5.132275132,3.474,"P0060","EC_0053.jpg"
"637",6.984126984,2.443,"P0060","EC_0119.jpg"
"638",2.652116402,3.156,"P0060","EC_0076.jpg"
"639",7.000661376,2.773,"P0060","EC_0034.jpg"
"640",5.942460317,3.216,"P0060","EC_0128.jpeg"
"641",5.462962963,4.357,"P0060","EC_0236.jpg"
"642",7.199074074,2.293,"P0060","EC_0203.jpg"
"643",4.041005291,3.065,"P0060","EC_0100.jpg"
"644",6.041666667,2.498,"P0060","EC_0135.jpg"
"645",7.678571429,2.728,"P0060","EC_0081.jpg"
"646",2.470238095,2.407,"P0060","EC_0059.jpg"
"647",8.869047619,2.772,"P0060","EC_0205.jpg"
"648",6.273148148,4.225,"P0060","EC_0173.jpg"
"649",1.775793651,2.417,"P0060","EC_0195.jpg"
"650",3.776455026,5.667,"P0060","EC_0206.png"
"651",5.826719577,3.069,"P0060","EC_0230.jpg"
"652",7.628968254,2.162,"P0060","EC_0168.jpeg"
"653",8.356481481,2.42,"P0060","EC_0093.jpg"
"654",7.447089947,2.217,"P0060","EC_0223.jpg"
"655",6.587301587,4.699,"P0060","EC_0049.jpg"
"656",7.017195767,2.954,"P0060","EC_0125.jpeg"
"657",5.843253968,2.906,"P0060","EC_0028.jpg"
"658",7.546296296,2.328,"P0060","EC_0180.jpg"
"659",8.257275132,2.821,"P0060","EC_0098.jpg"
"660",7.215608466,3.04,"P0060","EC_0250.jpg"
"661",2.652116402,2.671,"P0060","EC_0154.jpg"
"662",6.140873016,2.461,"P0060","EC_0095.jpg"
"663",4.107142857,3.355,"P0060","EC_0060.jpg"
"664",9.332010582,3.268,"P0060","EC_0102.jpg"
"665",8.604497354,2.49,"P0060","EC_0012.jpg"
"666",5.611772487,2.666,"P0060","EC_0077.jpg"
"667",3.048941799,2.897,"P0060","EC_0009.jpg"
"668",6.207010582,2.409,"P0060","EC_0031.jpg"
"669",4.107142857,3.044,"P0060","EC_0162.jpg"
"670",5.958994709,2.181,"P0060","EC_0176.jpg"
"671",7.612433862,2.508,"P0060","EC_0120.jpg"
"672",6.488095238,4.275,"P0060","EC_0055.jpg"
"673",7.810846561,2.579,"P0060","EC_0032.jpg"
"674",9.431216931,2.448,"P0060","EC_0002.jpg"
"675",3.71031746,2.801,"P0060","EC_0158.jpg"
"676",6.355820106,2.038,"P0060","EC_0041.jpg"
"677",7.149470899,2.808,"P0060","EC_0166.jpg"
"678",6.93452381,2.192,"P0060","EC_0234.jpg"
"679",7.447089947,2.543,"P0060","EC_0249.jpg"
"680",5.396825397,3.781,"P0060","EC_0171.jpg"
"681",6.322751323,2.713,"P0060","EC_0209.jpg"
"682",8.687169312,2.278,"P0060","EC_0014.jpg"
"683",7.199074074,2.397,"P0060","EC_0062.jpg"
"684",2.751322751,2.329,"P0060","EC_0221.jpg"
"685",2.023809524,2.218,"P0060","EC_0240.jpg"
"686",6.554232804,2.163,"P0060","EC_0006.jpg"
"687",4.057539683,3.502,"P0060","EC_0129.jpeg"
"688",6.306216931,2.483,"P0060","EC_0054.jpg"
"689",8.33994709,2.132,"P0060","EC_0030.jpg"
"690",6.306216931,2.233,"P0060","EC_0027.jpg"
"691",2.056878307,2.802,"P0060","EC_0204.jpg"
"692",6.173941799,2.138,"P0060","EC_0074.jpg"
"693",6.83531746,2.3,"P0060","EC_0070.jpg"
"694",7.116402116,2.378,"P0060","EC_0044.jpg"
"695",6.025132275,2.324,"P0060","EC_0061.jpg"
"696",7.992724868,2.563,"P0060","EC_0137.jpg"
"697",7.364417989,3.394,"P0060","EC_0073.jpg"
"698",7.69510582,3.755,"P0060","EC_0169.png"
"699",6.752645503,2.563,"P0060","EC_0037.jpg"
"700",4.751984127,2.458,"P0060","EC_0153.jpg"
"701",2.420634921,3.352,"P0060","EC_0165.jpg"
"702",7.26521164,2.972,"P0060","EC_0188.jpg"
"703",7.777777778,2.153,"P0060","EC_0007.jpg"
"704",1.461640212,2.917,"P0060","EC_0038.jpg"
"705",4.867724868,2.296,"P0060","EC_0105.jpg"
"706",3.197751323,2.428,"P0060","EC_0152.jpg"
"707",6.140873016,2.622,"P0060","EC_0163.jpg"
"708",6.769179894,2.139,"P0060","EC_0139.png"
"709",7.794312169,2.242,"P0060","EC_0050.jpg"
"710",4.272486772,2.688,"P0060","EC_0231.jpg"
"711",8.406084656,2.878,"P0060","EC_0185.jpg"
"712",6.570767196,4.343,"P0060","EC_0068.jpg"
"713",7.232142857,2.019,"P0060","EC_0248.jpg"
"714",6.140873016,2.949,"P0060","EC_0099.jpg"
"715",7.331349206,3.867,"P0060","EC_0134.jpg"
"716",2.817460317,2.44,"P0060","EC_0108.jpg"
"717",2.552910053,3.335,"P0060","EC_0247.jpg"
"718",2.635582011,2.477,"P0060","EC_0238.jpg"
"719",4.289021164,2.37,"P0060","EC_0075.jpg"
"720",6.421957672,2.599,"P0060","EC_0092.jpg"
"721",2.007275132,3.184,"P0060","EC_0097.jpg"
"722",6.884920635,2.832,"P0060","EC_0123.jpeg"
"723",7.761243386,2.336,"P0060","EC_0051.jpg"
"724",3.974867725,2.323,"P0060","EC_0164.jpg"
"725",6.40542328,2.157,"P0060","EC_0233.jpg"
"726",7.562830688,2.443,"P0060","EC_0193.png"
"727",2.106481481,2.945,"P0060","EC_0229.jpg"
"728",4.619708995,4.493,"P0060","EC_0088.jpg"
"729",6.884920635,2.367,"P0060","EC_0197.jpg"
"730",6.83531746,1.98,"P0060","EC_0101.jpg"
"731",8.654100529,2.962,"P0060","EC_0067.jpg"
"732",3.693783069,3.468,"P0060","EC_0042.jpg"
"733",2.718253968,2.13,"P0060","EC_0161.jpg"
"734",6.124338624,2.328,"P0060","EC_0214.jpg"
"735",7.017195767,2.011,"P0060","EC_0017.jpg"
"736",4.041005291,3.123,"P0060","EC_0170.jpg"
"737",6.091269841,2.172,"P0060","EC_0003.jpg"
"738",4.404761905,4.239,"P0060","EC_0011.jpg"
"739",3.048941799,2.493,"P0060","EC_0222.jpg"
"740",7.149470899,3.722,"P0060","EC_0083.jpg"
"741",5.694444444,2.534,"P0060","EC_0016.jpg"
"742",7.132936508,2.143,"P0060","EC_0063.jpg"
"743",7.397486772,2.597,"P0060","EC_0210.jpg"
"744",7.777777778,2.529,"P0060","EC_0080.jpg"
"745",5.628306878,2.2,"P0060","EC_0160.jpg"
"746",7.430555556,2.401,"P0060","EC_0228.jpg"
"747",7.827380952,2.183,"P0060","EC_0066.jpg"
"748",3.06547619,3.06,"P0060","EC_0151.jpg"
"749",5.231481481,2.223,"P0060","EC_0113.jpg"
"750",4.206349206,2.207,"P0060","EC_0132.jpg"
"751",4.107142857,3.268,"P0060","EC_0089.jpg"
"752",2.850529101,2.461,"P0060","EC_0121.jpg"
"753",5.42989418,4.902,"P0060","EC_0085.jpg"
"754",3.561507937,2.387,"P0060","EC_0232.jpg"
"755",6.669973545,2.478,"P0060","EC_0082.jpg"
"756",3.296957672,2.421,"P0060","EC_0242.jpg"
"757",3.313492063,3.852,"P0060","EC_0036.jpeg"
"758",5.826719577,2.176,"P0060","EC_0182.jpg"
"759",8.604497354,2.563,"P0060","EC_0138.png"
"760",7.149470899,2.223,"P0060","EC_0065.jpg"
"761",5.777116402,2.531,"P0060","EC_0124.jpeg"
"762",8.389550265,2.299,"P0060","EC_0243.jpg"
"763",6.157407407,2.337,"P0060","EC_0177.jpg"
"764",5.85978836,2.826,"P0060","EC_0001.jpg"
"765",8.604497354,2.493,"P0060","EC_0008.jpg"
"766",6.438492063,2.621,"P0060","EC_0183.jpg"
"767",4.255952381,2.674,"P0060","EC_0246.jpg"
"768",6.554232804,2.577,"P0060","EC_0147.png"
"769",6.28968254,3.131,"P0060","EC_0015.jpg"
"770",3.048941799,2.454,"P0060","EC_0227.jpg"
"771",6.917989418,2.236,"P0060","EC_0058.jpg"
"772",8.389550265,3.089,"P0060","EC_0156.jpg"
"773",6.603835979,2.912,"P0060","EC_0094.jpg"
"774",0.535714286,3.059,"P0060","EC_0069.jpg"
"775",2.238756614,2.62,"P0060","EC_0199.jpg"
"776",4.437830688,2.933,"P0060","EC_0131.jpg"
"777",2.404100529,2.606,"P0060","EC_0103.jpg"
"778",6.669973545,2.525,"P0060","EC_0046.jpg"
"779",6.603835979,2.52,"P0060","EC_0237.jpg"
"780",3.197751323,2.973,"P0060","EC_0040.jpg"
"781",3.561507937,6.132,"P0060","EC_0115.jpg"
"782",7.579365079,2.43,"P0060","EC_0136.jpg"
"783",0.866402116,3.752,"P0060","EC_0198.jpg"
"784",1.759259259,3.913,"P0060","EC_0109.jpg"
"785",2.189153439,2.126,"P0060","EC_0118.jpg"
"786",3.098544974,2.836,"P0060","EC_0187.jpeg"
"787",0.717592593,3.494,"P0060","EC_0033.jpeg"
"788",3.015873016,6.213,"P0060","EC_0149.jpg"
"789",2.156084656,2.379,"P0060","EC_0019.jpg"
"790",6.901455026,2.759,"P0060","EC_0064.jpg"
"791",9.398148148,4.046,"P0060","EC_0207.jpg"
"792",7.496693122,3.106,"P0060","EC_0087.jpg"
"793",3.644179894,7.419,"P0060","EC_0142.jpg"
"794",7.033730159,3.989,"P0060","EC_0117.jpg"
"795",8.439153439,3.964,"P0060","EC_0157.jpg"
"796",1.643518519,3.369,"P0060","EC_0072.jpg"
"797",7.298280423,6.167,"P0060","EC_0013.jpg"
"798",4.255952381,2.424,"P0060","EC_0057.jpeg"
"799",3.396164021,2.22,"P0060","EC_0194.jpg"
"800",2.321428571,2.411,"P0060","EC_0202.jpg"
"801",6.521164021,2.366,"P0060","EC_0086.jpg"
"802",2.51984127,2.917,"P0060","EC_0239.jpg"
"803",1.478174603,2.394,"P0060","EC_0048.jpg"
"804",5.446428571,2.221,"P0060","EC_0084.jpg"
"805",7.149470899,2.309,"P0060","EC_0096.jpg"
"806",2.751322751,2.63,"P0060","EC_0024.jpg"
"807",1.891534392,3.246,"P0060","EC_0201.jpg"
"808",1.312830688,2.163,"P0060","EC_0226.jpg"
"809",0,2.924,"P0060","EC_0184.jpg"
"810",7.777777778,2.408,"P0060","EC_0029.jpg"
"811",7.083333333,3.144,"P0060","EC_0245.jpg"
"812",2.056878307,2.231,"P0060","EC_0196.jpg"
"813",1.461640212,2.262,"P0060","EC_0150.jpg"
"814",3.660714286,2.241,"P0060","EC_0244.jpg"
"815",3.644179894,2.786,"P0060","EC_0141.jpg"
"816",1.726190476,2.064,"P0060","EC_0140.jpg"
"817",1.593915344,1.949,"P0060","EC_0200.png"
"818",3.313492063,2.251,"P0060","EC_0020.jpg"
"819",1.709656085,2.73,"P0060","EC_0133.jpg"
"820",7.69510582,2.292,"P0060","EC_0174.jpg"
"821",6.686507937,2.158,"P0060","EC_0172.jpg"
"822",8.240740741,2.345,"P0060","EC_0018.jpg"
"823",3.908730159,2.282,"P0060","EC_0071.jpg"
"824",4.289021164,2.233,"P0060","EC_0056.jpg"
"825",4.586640212,2.36,"P0060","EC_0219.jpg"
"826",6.488095238,2.542,"P0060","EC_0159.jpg"
"827",5.545634921,2.346,"P0060","EC_0241.jpg"
"828",7.513227513,2.558,"P0060","EC_0039.jpg"
"829",5.611772487,1.935,"P0060","EC_0224.jpg"
"830",3.561507937,2.767,"P0060","EC_0148.jpg"
"831",6.19047619,2.674,"P0060","EC_0047.jpg"
"832",5.677910053,2.136,"P0060","EC_0116.jpg"
"833",7.281746032,1.982,"P0060","EC_0211.jpg"
"834",3.49537037,2.299,"P0060","EC_0167.jpg"
"835",2.354497354,2.307,"P0060","EC_0181.jpg"
"836",7.48015873,2.739,"P0060","EC_0104.jpg"
"837",2.982804233,1.945,"P0060","EC_0106.jpg"
"838",2.916666667,2.432,"P0060","EC_0022.jpg"
"839",6.570767196,2.035,"P0060","EC_0010.jpg"
"840",3.330026455,2.909,"P0060","EC_0213.jpg"
"841",7.063492063,5.637,"P0064","EC_0207.jpg"
"842",3.994708995,3.527,"P0064","EC_0009.jpg"
"843",2.989417989,3.133,"P0064","EC_0226.jpg"
"844",4.986772487,2.917,"P0064","EC_0128.jpeg"
"845",3.955026455,3.209,"P0064","EC_0181.jpg"
"846",5.026455026,3.124,"P0064","EC_0066.jpg"
"847",1.957671958,3.414,"P0064","EC_0121.jpg"
"848",0.939153439,3.835,"P0064","EC_0076.jpg"
"849",4.96031746,2.931,"P0064","EC_0087.jpg"
"850",2.010582011,8.132,"P0064","EC_0194.jpg"
"851",2.936507937,3.286,"P0064","EC_0224.jpg"
"852",4.933862434,3.034,"P0064","EC_0068.jpg"
"853",1.957671958,3.688,"P0064","EC_0236.jpg"
"854",1.031746032,3.471,"P0064","EC_0134.jpg"
"855",3.015873016,2.878,"P0064","EC_0057.jpeg"
"856",2.023809524,6.524,"P0064","EC_0015.jpg"
"857",4.947089947,5.416,"P0064","EC_0055.jpg"
"858",3.994708995,4.117,"P0064","EC_0170.jpg"
"859",5,4.689,"P0064","EC_0073.jpg"
"860",1.957671958,4.191,"P0064","EC_0199.jpg"
"861",6.031746032,7.621,"P0064","EC_0031.jpg"
"862",7.010582011,5.348,"P0064","EC_0151.jpg"
"863",6.984126984,5.173,"P0064","EC_0036.jpeg"
"864",1.984126984,3.018,"P0064","EC_0184.jpg"
"865",2.94973545,7.387,"P0064","EC_0247.jpg"
"866",6.097883598,3.036,"P0064","EC_0064.jpg"
"867",6.005291005,3.263,"P0064","EC_0084.jpg"
"868",4.920634921,2.872,"P0064","EC_0213.jpg"
"869",5.013227513,3.589,"P0064","EC_0082.jpg"
"870",0.965608466,4.754,"P0064","EC_0097.jpg"
"871",6.891534392,2.53,"P0064","EC_0093.jpg"
"872",2.076719577,2.829,"P0064","EC_0056.jpg"
"873",4.986772487,2.697,"P0064","EC_0201.jpg"
"874",7.46031746,6.85,"P0064","EC_0094.jpg"
"875",3.015873016,4.898,"P0064","EC_0129.jpeg"
"876",5.952380952,3.457,"P0064","EC_0037.jpg"
"877",6.798941799,3.608,"P0064","EC_0132.jpg"
"878",2.91005291,2.826,"P0064","EC_0108.jpg"
"879",5.03968254,2.608,"P0064","EC_0011.jpg"
"880",7.063492063,2.847,"P0064","EC_0153.jpg"
"881",3.029100529,3.346,"P0064","EC_0232.jpg"
"882",6.058201058,11.983,"P0064","EC_0032.jpg"
"883",5.03968254,3.704,"P0064","EC_0250.jpg"
"884",5.899470899,2.712,"P0064","EC_0163.jpg"
"885",7.619047619,4.128,"P0064","EC_0172.jpg"
"886",1.137566138,4.71,"P0064","EC_0071.jpg"
"887",4.947089947,3.057,"P0064","EC_0054.jpg"
"888",6.097883598,2.643,"P0064","EC_0173.jpg"
"889",6.931216931,6.177,"P0064","EC_0118.jpg"
"890",8.015873016,4.788,"P0064","EC_0219.jpg"
"891",6.018518519,3.162,"P0064","EC_0105.jpg"
"892",6.005291005,3.021,"P0064","EC_0007.jpg"
"893",2.94973545,2.907,"P0064","EC_0099.jpg"
"894",1.970899471,4.046,"P0064","EC_0049.jpg"
"895",2.94973545,3.15,"P0064","EC_0245.jpg"
"896",2.063492063,2.816,"P0064","EC_0140.jpg"
"897",5,3.945,"P0064","EC_0072.jpg"
"898",5.092592593,2.699,"P0064","EC_0227.jpg"
"899",1.997354497,3.136,"P0064","EC_0164.jpg"
"900",5.978835979,2.85,"P0064","EC_0249.jpg"
"901",2.936507937,6.639,"P0064","EC_0034.jpg"
"902",8.042328042,6.03,"P0064","EC_0046.jpg"
"903",3.888888889,3.988,"P0064","EC_0102.jpg"
"904",2.010582011,20.767,"P0064","EC_0088.jpg"
"905",6.878306878,2.56,"P0064","EC_0211.jpg"
"906",2.989417989,3.133,"P0064","EC_0197.jpg"
"907",6.084656085,3.691,"P0064","EC_0210.jpg"
"908",1.018518519,3.422,"P0064","EC_0085.jpg"
"909",4.986772487,4.535,"P0064","EC_0150.jpg"
"910",0.529100529,5.098,"P0064","EC_0033.jpeg"
"911",6.574074074,4.237,"P0064","EC_0001.jpg"
"912",8.637566138,5.171,"P0064","EC_0086.jpg"
"913",2.883597884,3.302,"P0064","EC_0230.jpg"
"914",1.957671958,3.755,"P0064","EC_0244.jpg"
"915",2.962962963,4.938,"P0064","EC_0148.jpg"
"916",8.544973545,4.268,"P0064","EC_0109.jpg"
"917",5.03968254,3.632,"P0064","EC_0117.jpg"
"918",8.902116402,5.263,"P0064","EC_0048.jpg"
"919",7.87037037,3.057,"P0064","EC_0154.jpg"
"920",4.907407407,3.014,"P0064","EC_0202.jpg"
"921",4.947089947,4.143,"P0064","EC_0047.jpg"
"922",2.08994709,2.638,"P0064","EC_0142.jpg"
"923",5.899470899,2.971,"P0064","EC_0246.jpg"
"924",3.055555556,3.065,"P0064","EC_0167.jpg"
"925",5.052910053,2.341,"P0064","EC_0203.jpg"
"926",5.608465608,4.651,"P0064","EC_0131.jpg"
"927",3.968253968,5.403,"P0064","EC_0050.jpg"
"928",5.052910053,3.486,"P0064","EC_0214.jpg"
"929",2.94973545,3.776,"P0064","EC_0174.jpg"
"930",4.986772487,3.564,"P0064","EC_0018.jpg"
"931",2.976190476,3.076,"P0064","EC_0022.jpg"
"932",6.044973545,3.217,"P0064","EC_0204.jpg"
"933",6.097883598,2.464,"P0064","EC_0051.jpg"
"934",1.984126984,4.205,"P0064","EC_0040.jpg"
"935",7.579365079,4.482,"P0064","EC_0157.jpg"
"936",3.015873016,2.778,"P0064","EC_0188.jpg"
"937",4.986772487,2.522,"P0064","EC_0006.jpg"
"938",0.965608466,3.315,"P0064","EC_0069.jpg"
"939",2.962962963,9.149,"P0064","EC_0229.jpg"
"940",5.013227513,11.62,"P0064","EC_0039.jpg"
"941",7.883597884,2.918,"P0064","EC_0042.jpg"
"942",6.984126984,4.663,"P0064","EC_0183.jpg"
"943",2.936507937,3.21,"P0064","EC_0027.jpg"
"944",7.05026455,2.74,"P0064","EC_0028.jpg"
"945",4.523809524,4.672,"P0064","EC_0234.jpg"
"946",2.936507937,3.99,"P0064","EC_0059.jpg"
"947",8.029100529,3.489,"P0064","EC_0138.png"
"948",2.037037037,2.79,"P0064","EC_0171.jpg"
"949",6.944444444,2.854,"P0064","EC_0063.jpg"
"950",2.037037037,3.042,"P0064","EC_0113.jpg"
"951",5,2.467,"P0064","EC_0038.jpg"
"952",10,4.652,"P0064","EC_0209.jpg"
"953",3.029100529,3.629,"P0064","EC_0020.jpg"
"954",3.015873016,4.743,"P0064","EC_0111.jpg"
"955",4.973544974,2.58,"P0064","EC_0119.jpg"
"956",2.962962963,3.198,"P0064","EC_0083.jpg"
"957",4.986772487,14.718,"P0064","EC_0010.jpg"
"958",3.955026455,4.382,"P0064","EC_0080.jpg"
"959",1.970899471,7.161,"P0064","EC_0136.jpg"
"960",3.015873016,4.627,"P0064","EC_0100.jpg"
"961",4.933862434,2.99,"P0064","EC_0089.jpg"
"962",4.947089947,3.181,"P0064","EC_0062.jpg"
"963",1.375661376,4.314,"P0064","EC_0077.jpg"
"964",2.91005291,2.782,"P0064","EC_0152.jpg"
"965",3.994708995,2.815,"P0064","EC_0187.jpeg"
"966",4.126984127,4.074,"P0064","EC_0141.jpg"
"967",2.989417989,3.365,"P0064","EC_0019.jpg"
"968",6.031746032,3.574,"P0064","EC_0248.jpg"
"969",5.992063492,15.726,"P0064","EC_0156.jpg"
"970",6.574074074,4.07,"P0064","EC_0231.jpg"
"971",0.304232804,17.248,"P0064","EC_0185.jpg"
"972",6.944444444,4.386,"P0064","EC_0013.jpg"
"973",8.597883598,4.615,"P0064","EC_0058.jpg"
"974",5,2.999,"P0064","EC_0029.jpg"
"975",5.026455026,3.19,"P0064","EC_0195.jpg"
"976",1.904761905,3.966,"P0064","EC_0115.jpg"
"977",4.96031746,3.395,"P0064","EC_0060.jpg"
"978",6.957671958,3.237,"P0064","EC_0095.jpg"
"979",3.968253968,3.309,"P0064","EC_0169.png"
"980",4.920634921,2.648,"P0064","EC_0017.jpg"
"981",2.023809524,6.107,"P0064","EC_0158.jpg"
"982",0.978835979,2.823,"P0064","EC_0065.jpg"
"983",6.084656085,2.892,"P0064","EC_0123.jpeg"
"984",6.67989418,5.667,"P0064","EC_0061.jpg"
"985",6.005291005,3.521,"P0064","EC_0067.jpg"
"986",5.939153439,3.224,"P0064","EC_0125.jpeg"
"987",7.037037037,2.869,"P0064","EC_0139.png"
"988",2.076719577,3.218,"P0064","EC_0235.jpg"
"989",5.965608466,3.27,"P0064","EC_0182.jpg"
"990",3.425925926,6.95,"P0064","EC_0016.jpg"
"991",8.015873016,4.614,"P0064","EC_0198.jpg"
"992",2.328042328,3.747,"P0064","EC_0206.png"
"993",4.021164021,3.399,"P0064","EC_0238.jpg"
"994",1.891534392,2.959,"P0064","EC_0176.jpg"
"995",6.984126984,3.302,"P0064","EC_0008.jpg"
"996",0.992063492,3.622,"P0064","EC_0103.jpg"
"997",2.936507937,3.113,"P0064","EC_0239.jpg"
"998",5.079365079,2.868,"P0064","EC_0228.jpg"
"999",1.058201058,2.822,"P0064","EC_0147.png"
"1000",6.944444444,5.364,"P0064","EC_0116.jpg"
"1001",7.037037037,3.573,"P0064","EC_0223.jpg"
"1002",1.005291005,3.318,"P0064","EC_0012.jpg"
"1003",4.007936508,5.942,"P0064","EC_0081.jpg"
"1004",4.986772487,3.173,"P0064","EC_0003.jpg"
"1005",4.986772487,3.282,"P0064","EC_0002.jpg"
"1006",0.992063492,3.229,"P0064","EC_0005.jpg"
"1007",5,3.326,"P0064","EC_0200.png"
"1008",2.94973545,3.677,"P0064","EC_0135.jpg"
"1009",4.021164021,4.057,"P0064","EC_0041.jpg"
"1010",5,2.691,"P0064","EC_0237.jpg"
"1011",7.896825397,3.007,"P0064","EC_0096.jpg"
"1012",9.563492063,3.322,"P0064","EC_0090.jpg"
"1013",6.944444444,2.884,"P0064","EC_0160.jpg"
"1014",3.994708995,3.282,"P0064","EC_0149.jpg"
"1015",5.026455026,4.466,"P0064","EC_0104.jpg"
"1016",7.46031746,3.271,"P0064","EC_0137.jpg"
"1017",1.018518519,4.271,"P0064","EC_0222.jpg"
"1018",5.952380952,2.981,"P0064","EC_0168.jpeg"
"1019",8.505291005,5.452,"P0064","EC_0079.jpg"
"1020",6.931216931,3.435,"P0064","EC_0053.jpg"
"1021",7.05026455,4.655,"P0064","EC_0159.jpg"
"1022",2.936507937,2.602,"P0064","EC_0124.jpeg"
"1023",0,3.828,"P0064","EC_0161.jpg"
"1024",2.05026455,2.979,"P0064","EC_0133.jpg"
"1025",5,2.501,"P0064","EC_0240.jpg"
"1026",3.029100529,3.185,"P0064","EC_0177.jpg"
"1027",2.923280423,4.998,"P0064","EC_0196.jpg"
"1028",4.973544974,5.418,"P0064","EC_0180.jpg"
"1029",2.91005291,3.037,"P0064","EC_0024.jpg"
"1030",5.965608466,2.783,"P0064","EC_0092.jpg"
"1031",5.013227513,4.087,"P0064","EC_0165.jpg"
"1032",4.96031746,2.868,"P0064","EC_0120.jpg"
"1033",3.042328042,2.705,"P0064","EC_0101.jpg"
"1034",4.007936508,4.794,"P0064","EC_0044.jpg"
"1035",2.976190476,2.892,"P0064","EC_0106.jpg"
"1036",0.886243386,2.845,"P0064","EC_0075.jpg"
"1037",4.973544974,2.965,"P0064","EC_0221.jpg"
"1038",7.989417989,2.606,"P0064","EC_0030.jpg"
"1039",0.03968254,3.289,"P0064","EC_0162.jpg"
"1040",1.970899471,7.598,"P0064","EC_0166.jpg"
"1041",1.031746032,3.58,"P0064","EC_0242.jpg"
"1042",8.571428571,3.382,"P0064","EC_0098.jpg"
"1043",4.96031746,2.765,"P0064","EC_0233.jpg"
"1044",1.018518519,2.954,"P0064","EC_0193.png"
"1045",1.67989418,2.491,"P0064","EC_0074.jpg"
"1046",6.67989418,4.064,"P0064","EC_0205.jpg"
"1047",5,2.488,"P0064","EC_0243.jpg"
"1048",1.997354497,2.919,"P0064","EC_0014.jpg"
"1049",4.920634921,2.338,"P0064","EC_0070.jpg"
"1050",1.984126984,5.109,"P0064","EC_0241.jpg"
"1051",6.746031746,3.4471,"P0095","EC_0249.jpg"
"1052",8.531746032,3.0612,"P0095","EC_0134.jpg"
"1053",10,3.0122,"P0095","EC_0108.jpg"
"1054",8.716931217,3.0124,"P0095","EC_0070.jpg"
"1055",1.296296296,2.8782,"P0095","EC_0200.png"
"1056",5.992063492,2.2071,"P0095","EC_0213.jpg"
"1057",10,2.507,"P0095","EC_0082.jpg"
"1058",9.074074074,3.0184,"P0095","EC_0084.jpg"
"1059",8.399470899,2.3901,"P0095","EC_0168.jpeg"
"1060",7.05026455,5.2561,"P0095","EC_0024.jpg"
"1061",7.314814815,4.4724,"P0095","EC_0119.jpg"
"1062",9.17989418,2.6896,"P0095","EC_0096.jpg"
"1063",1.124338624,2.7588,"P0095","EC_0006.jpg"
"1064",8.055555556,2.5585,"P0095","EC_0248.jpg"
"1065",0,2.7253,"P0095","EC_0206.png"
"1066",7.671957672,3.0724,"P0095","EC_0176.jpg"
"1067",6.732804233,3.3157,"P0095","EC_0053.jpg"
"1068",9.021164021,2.8708,"P0095","EC_0131.jpg"
"1069",1.891534392,3.6893,"P0095","EC_0089.jpg"
"1070",7.301587302,3.656,"P0095","EC_0095.jpg"
"1071",8.968253968,2.6891,"P0095","EC_0188.jpg"
"1072",10,4.9577,"P0095","EC_0029.jpg"
"1073",2.433862434,3.0497,"P0095","EC_0172.jpg"
"1074",3.544973545,3.633,"P0095","EC_0247.jpg"
"1075",8.346560847,2.7307,"P0095","EC_0148.jpg"
"1076",0,3.295,"P0095","EC_0204.jpg"
"1077",10,2.6849,"P0095","EC_0151.jpg"
"1078",7.513227513,2.9851,"P0095","EC_0012.jpg"
"1079",9.113756614,3.1328,"P0095","EC_0121.jpg"
"1080",7.857142857,2.6144,"P0095","EC_0205.jpg"
"1081",10,3.2371,"P0095","EC_0169.png"
"1082",6.944444444,2.5845,"P0095","EC_0104.jpg"
"1083",8.002645503,3.09,"P0095","EC_0111.jpg"
"1084",9.232804233,2.4623,"P0095","EC_0159.jpg"
"1085",7.447089947,3.4026,"P0095","EC_0097.jpg"
"1086",0.701058201,3.1663,"P0095","EC_0239.jpg"
"1087",7.341269841,2.8532,"P0095","EC_0164.jpg"
"1088",8.333333333,2.9192,"P0095","EC_0117.jpg"
"1089",4.880952381,5.725,"P0095","EC_0160.jpg"
"1090",10,2.9958,"P0095","EC_0014.jpg"
"1091",8.73015873,2.875,"P0095","EC_0016.jpg"
"1092",7.473544974,3.9526,"P0095","EC_0050.jpg"
"1093",1.984126984,5.5803,"P0095","EC_0209.jpg"
"1094",8.981481481,3.1441,"P0095","EC_0197.jpg"
"1095",8.174603175,2.4346,"P0095","EC_0221.jpg"
"1096",8.703703704,2.4107,"P0095","EC_0228.jpg"
"1097",3.333333333,10.1161,"P0095","EC_0174.jpg"
"1098",4.074074074,3.9243,"P0095","EC_0140.jpg"
"1099",7.05026455,3.2685,"P0095","EC_0149.jpg"
"1100",6.534391534,8.1036,"P0095","EC_0102.jpg"
"1101",9.074074074,11.1669,"P0095","EC_0068.jpg"
"1102",3.174603175,5.6497,"P0095","EC_0195.jpg"
"1103",8.902116402,2.8317,"P0095","EC_0171.jpg"
"1104",0,11.9209,"P0095","EC_0243.jpg"
"1105",0,16.0165,"P0095","EC_0244.jpg"
"1106",9.576719577,22.1645,"P0095","EC_0118.jpg"
"1107",10,3.9996,"P0095","EC_0008.jpg"
"1108",2.526455026,4.275,"P0095","EC_0101.jpg"
"1109",1.031746032,5.417,"P0095","EC_0224.jpg"
"1110",5.357142857,10.3645,"P0095","EC_0094.jpg"
"1111",0.753968254,16.8494,"P0095","EC_0125.jpeg"
"1112",9.007936508,3.6872,"P0095","EC_0167.jpg"
"1113",0,3.4058,"P0095","EC_0129.jpeg"
"1114",0,3.645,"P0095","EC_0031.jpg"
"1115",2.023809524,2.6088,"P0095","EC_0069.jpg"
"1116",7.936507937,29.5182,"P0095","EC_0115.jpg"
"1117",10,3.7082,"P0095","EC_0106.jpg"
"1118",4.96031746,4.862,"P0095","EC_0092.jpg"
"1119",7.94973545,5.3612,"P0095","EC_0230.jpg"
"1120",8.664021164,5.3199,"P0095","EC_0153.jpg"
"1121",1.838624339,4.6965,"P0095","EC_0181.jpg"
"1122",3.293650794,3.6367,"P0095","EC_0232.jpg"
"1123",8.055555556,2.4979,"P0095","EC_0018.jpg"
"1124",8.928571429,4.1745,"P0095","EC_0087.jpg"
"1125",10,4.1609,"P0095","EC_0074.jpg"
"1126",8.015873016,3.9922,"P0095","EC_0056.jpg"
"1127",10,5.9018,"P0095","EC_0152.jpg"
"1128",8.888888889,6.1895,"P0095","EC_0042.jpg"
"1129",8.981481481,2.8611,"P0095","EC_0075.jpg"
"1130",1.071428571,3.5728,"P0095","EC_0015.jpg"
"1131",0.978835979,11.6396,"P0095","EC_0088.jpg"
"1132",3.002645503,4.2803,"P0095","EC_0223.jpg"
"1133",5.03968254,3.4647,"P0095","EC_0085.jpg"
"1134",0.052910053,3.3899,"P0095","EC_0005.jpg"
"1135",8.068783069,2.7941,"P0095","EC_0065.jpg"
"1136",9.841269841,3.1381,"P0095","EC_0027.jpg"
"1137",0,3.9146,"P0095","EC_0049.jpg"
"1138",10,3.657,"P0095","EC_0077.jpg"
"1139",1.150793651,3.733,"P0095","EC_0162.jpg"
"1140",5.079365079,3.5489,"P0095","EC_0123.jpeg"
"1141",5.317460317,3.0539,"P0095","EC_0150.jpg"
"1142",9.17989418,3.1814,"P0095","EC_0124.jpeg"
"1143",7.367724868,3.0447,"P0095","EC_0055.jpg"
"1144",8.849206349,2.2054,"P0095","EC_0020.jpg"
"1145",9.166666667,2.289,"P0095","EC_0002.jpg"
"1146",0,3.1827,"P0095","EC_0048.jpg"
"1147",0,3.0286,"P0095","EC_0083.jpg"
"1148",4.232804233,2.9556,"P0095","EC_0137.jpg"
"1149",8.386243386,3.492,"P0095","EC_0038.jpg"
"1150",6.19047619,5.4723,"P0095","EC_0142.jpg"
"1151",1.732804233,15.7905,"P0095","EC_0139.png"
"1152",8.955026455,2.6587,"P0095","EC_0034.jpg"
"1153",6.984126984,6.317,"P0095","EC_0100.jpg"
"1154",1.084656085,2.9317,"P0095","EC_0086.jpg"
"1155",2.169312169,3.2829,"P0095","EC_0233.jpg"
"1156",9.510582011,2.5139,"P0095","EC_0133.jpg"
"1157",8.002645503,2.4663,"P0095","EC_0250.jpg"
"1158",6.468253968,2.1676,"P0095","EC_0017.jpg"
"1159",1.322751323,3.431,"P0095","EC_0063.jpg"
"1160",2.923280423,4.4148,"P0095","EC_0128.jpeg"
"1161",6.851851852,2.9407,"P0095","EC_0166.jpg"
"1162",2.288359788,3.3647,"P0095","EC_0165.jpg"
"1163",6.997354497,2.3831,"P0095","EC_0237.jpg"
"1164",6.891534392,3.7995,"P0095","EC_0211.jpg"
"1165",7.579365079,3.0267,"P0095","EC_0214.jpg"
"1166",9.021164021,3.6664,"P0095","EC_0099.jpg"
"1167",1.653439153,3.2831,"P0095","EC_0235.jpg"
"1168",10,2.8496,"P0095","EC_0037.jpg"
"1169",3.082010582,2.9149,"P0095","EC_0009.jpg"
"1170",7.182539683,2.6095,"P0095","EC_0180.jpg"
"1171",5.912698413,3.5329,"P0095","EC_0051.jpg"
"1172",7.605820106,3.0813,"P0095","EC_0156.jpg"
"1173",8.756613757,2.5525,"P0095","EC_0182.jpg"
"1174",1.283068783,2.8025,"P0095","EC_0147.png"
"1175",3.955026455,7.9592,"P0095","EC_0061.jpg"
"1176",7.314814815,2.8033,"P0095","EC_0059.jpg"
"1177",9.074074074,3.5019,"P0095","EC_0001.jpg"
"1178",7.936507937,6.5307,"P0095","EC_0079.jpg"
"1179",9.735449735,2.4698,"P0095","EC_0058.jpg"
"1180",4.193121693,4.0669,"P0095","EC_0154.jpg"
"1181",10,3.0666,"P0095","EC_0207.jpg"
"1182",7.936507937,3.4525,"P0095","EC_0132.jpg"
"1183",7.182539683,2.692,"P0095","EC_0081.jpg"
"1184",8.902116402,2.6807,"P0095","EC_0236.jpg"
"1185",3.677248677,3.1604,"P0095","EC_0198.jpg"
"1186",6.772486772,2.4998,"P0095","EC_0105.jpg"
"1187",8.743386243,2.6305,"P0095","EC_0203.jpg"
"1188",9.206349206,3.1996,"P0095","EC_0109.jpg"
"1189",10,2.7328,"P0095","EC_0136.jpg"
"1190",7.08994709,2.5052,"P0095","EC_0245.jpg"
"1191",3.968253968,2.4641,"P0095","EC_0066.jpg"
"1192",5.171957672,3.7494,"P0095","EC_0202.jpg"
"1193",6.891534392,2.9141,"P0095","EC_0093.jpg"
"1194",10,2.5668,"P0095","EC_0073.jpg"
"1195",5.555555556,5.7663,"P0095","EC_0007.jpg"
"1196",1.944444444,3.6813,"P0095","EC_0219.jpg"
"1197",10,2.6327,"P0095","EC_0057.jpeg"
"1198",0,2.9165,"P0095","EC_0229.jpg"
"1199",8.703703704,3.4,"P0095","EC_0227.jpg"
"1200",7.248677249,15.8497,"P0095","EC_0210.jpg"
"1201",8.121693122,4.0007,"P0095","EC_0183.jpg"
"1202",6.375661376,5.3807,"P0095","EC_0240.jpg"
"1203",8.584656085,2.7817,"P0095","EC_0194.jpg"
"1204",5.529100529,2.9979,"P0095","EC_0019.jpg"
"1205",2.53968254,2.8304,"P0095","EC_0054.jpg"
"1206",9.325396825,2.6521,"P0095","EC_0138.png"
"1207",8.955026455,2.2998,"P0095","EC_0028.jpg"
"1208",0,2.7829,"P0095","EC_0231.jpg"
"1209",6.798941799,2.4324,"P0095","EC_0013.jpg"
"1210",9.021164021,2.403,"P0095","EC_0196.jpg"
"1211",8.121693122,2.5801,"P0095","EC_0080.jpg"
"1212",7.923280423,5.4492,"P0095","EC_0241.jpg"
"1213",6.944444444,2.9147,"P0095","EC_0157.jpg"
"1214",3.161375661,2.5648,"P0095","EC_0201.jpg"
"1215",9.153439153,2.8162,"P0095","EC_0003.jpg"
"1216",2.037037037,2.8824,"P0095","EC_0187.jpeg"
"1217",4.576719577,2.8844,"P0095","EC_0064.jpg"
"1218",10,3.1666,"P0095","EC_0041.jpg"
"1219",10,2.7997,"P0095","EC_0116.jpg"
"1220",6.375661376,2.3828,"P0095","EC_0067.jpg"
"1221",2.632275132,2.8816,"P0095","EC_0040.jpg"
"1222",4.126984127,2.5478,"P0095","EC_0120.jpg"
"1223",0,4.4331,"P0095","EC_0044.jpg"
"1224",4.060846561,6.6012,"P0095","EC_0135.jpg"
"1225",0,4.2834,"P0095","EC_0163.jpg"
"1226",2.936507937,2.6991,"P0095","EC_0199.jpg"
"1227",0,3.065,"P0095","EC_0047.jpg"
"1228",3.161375661,2.6833,"P0095","EC_0090.jpg"
"1229",0.608465608,2.9642,"P0095","EC_0076.jpg"
"1230",1.547619048,2.5169,"P0095","EC_0060.jpg"
"1231",8.161375661,2.4466,"P0095","EC_0103.jpg"
"1232",7.328042328,2.3005,"P0095","EC_0234.jpg"
"1233",3.915343915,13.0644,"P0095","EC_0158.jpg"
"1234",0,8.0003,"P0095","EC_0161.jpg"
"1235",10,2.4665,"P0095","EC_0071.jpg"
"1236",1.904761905,2.7596,"P0095","EC_0033.jpeg"
"1237",4.510582011,2.7277,"P0095","EC_0039.jpg"
"1238",6.494708995,2.4606,"P0095","EC_0062.jpg"
"1239",8.756613757,2.1185,"P0095","EC_0030.jpg"
"1240",2.288359788,2.6707,"P0095","EC_0184.jpg"
"1241",10,2.2297,"P0095","EC_0072.jpg"
"1242",9.047619048,4.3714,"P0095","EC_0036.jpeg"
"1243",9.087301587,2.45,"P0095","EC_0022.jpg"
"1244",7.619047619,2.5,"P0095","EC_0238.jpg"
"1245",3.029100529,2.441,"P0095","EC_0011.jpg"
"1246",6.67989418,2.1995,"P0095","EC_0242.jpg"
"1247",4.62962963,3.0492,"P0095","EC_0141.jpg"
"1248",10,2.8166,"P0095","EC_0113.jpg"
"1249",7.711640212,2.2648,"P0095","EC_0222.jpg"
"1250",8.571428571,4.3498,"P0095","EC_0177.jpg"
"1251",6.058201058,5.8969,"P0095","EC_0170.jpg"
"1252",5.912698413,3.7231,"P0095","EC_0173.jpg"
"1253",7.94973545,5.131,"P0095","EC_0032.jpg"
"1254",2.314814815,3.5994,"P0095","EC_0246.jpg"
"1255",6.944444444,10.1209,"P0095","EC_0098.jpg"
"1256",8.174603175,3.0396,"P0095","EC_0010.jpg"
"1257",3.875661376,3.916,"P0095","EC_0046.jpg"
"1258",0,2.5139,"P0095","EC_0226.jpg"
"1259",6.931216931,3.6218,"P0095","EC_0193.png"
"1260",10,2.498,"P0095","EC_0185.jpg"
"1261",4.96031746,3.7361,"P0123","EC_0240.jpg"
"1262",0.066137768,6.2489,"P0123","EC_0226.jpg"
"1263",1.957672361,7.0533,"P0123","EC_0128.jpeg"
"1264",7.910053314,4.1589,"P0123","EC_0205.jpg"
"1265",5.965608869,3.178,"P0123","EC_0248.jpg"
"1266",8.015873016,7.1358,"P0123","EC_0087.jpg"
"1267",4.021164425,3.0621,"P0123","EC_0120.jpg"
"1268",1.044973949,3.333,"P0123","EC_0005.jpg"
"1269",1.917989822,2.4533,"P0123","EC_0047.jpg"
"1270",0.952380952,4.159,"P0123","EC_0173.jpg"
"1271",6.957672361,3.2934,"P0123","EC_0096.jpg"
"1272",6.018519326,2.7465,"P0123","EC_0016.jpg"
"1273",1.944444444,3.251,"P0123","EC_0164.jpg"
"1274",0.92592633,3.1432,"P0123","EC_0080.jpg"
"1275",0.026455228,3.6635,"P0123","EC_0195.jpg"
"1276",3.968253968,3.1465,"P0123","EC_0123.jpeg"
"1277",6.957672361,2.5525,"P0123","EC_0132.jpg"
"1278",2.037037441,4.2,"P0123","EC_0185.jpg"
"1279",5.92592633,4.6139,"P0123","EC_0106.jpg"
"1280",1.957672361,4.3741,"P0123","EC_0165.jpg"
"1281",1.944444444,3.4579,"P0123","EC_0171.jpg"
"1282",0.066137768,2.3721,"P0123","EC_0162.jpg"
"1283",1.970899673,4.2534,"P0123","EC_0125.jpeg"
"1284",6.084656488,5.3564,"P0123","EC_0014.jpg"
"1285",2.989418393,3.2443,"P0123","EC_0009.jpg"
"1286",1.865079365,4.0671,"P0123","EC_0224.jpg"
"1287",2.791005695,3.2673,"P0123","EC_0182.jpg"
"1288",3.928571429,2.6132,"P0123","EC_0245.jpg"
"1289",1.904761905,6.2689,"P0123","EC_0236.jpg"
"1290",1.005291409,2.7956,"P0123","EC_0051.jpg"
"1291",1.957672361,3.2628,"P0123","EC_0166.jpg"
"1292",1.005291409,2.8025,"P0123","EC_0097.jpg"
"1293",5.859789167,2.6804,"P0123","EC_0050.jpg"
"1294",2.923281231,4.4994,"P0123","EC_0168.jpeg"
"1295",1.071428571,2.8346,"P0123","EC_0057.jpeg"
"1296",2.050264752,4.3276,"P0123","EC_0085.jpg"
"1297",7.050265358,6.242,"P0123","EC_0211.jpg"
"1298",0.026455228,3.4426,"P0123","EC_0041.jpg"
"1299",0,3.8537,"P0123","EC_0048.jpg"
"1300",5.105820913,3.5743,"P0123","EC_0158.jpg"
"1301",5.965608869,4.9354,"P0123","EC_0060.jpg"
"1302",6.917989822,4.0379,"P0123","EC_0099.jpg"
"1303",2.923281231,2.4503,"P0123","EC_0029.jpg"
"1304",4.034392342,2.3541,"P0123","EC_0071.jpg"
"1305",4.96031746,7.0901,"P0123","EC_0196.jpg"
"1306",6.058201866,3.2359,"P0123","EC_0176.jpg"
"1307",3.902116806,2.477,"P0123","EC_0150.jpg"
"1308",4.894180298,2.9007,"P0123","EC_0156.jpg"
"1309",7.976190476,3.8942,"P0123","EC_0157.jpg"
"1310",3.928571429,2.6342,"P0123","EC_0039.jpg"
"1311",5.978836786,3.7223,"P0123","EC_0027.jpg"
"1312",4.920634921,2.9171,"P0123","EC_0199.jpg"
"1313",7.07671998,3.9454,"P0123","EC_0061.jpg"
"1314",3.862434266,2.3702,"P0123","EC_0007.jpg"
"1315",4.907408215,2.2501,"P0123","EC_0017.jpg"
"1316",7.103174603,4.2953,"P0123","EC_0200.png"
"1317",1.851852054,2.6696,"P0123","EC_0235.jpg"
"1318",2.883598691,2.1868,"P0123","EC_0022.jpg"
"1319",5.939154246,2.4143,"P0123","EC_0015.jpg"
"1320",3.981481885,3.2674,"P0123","EC_0055.jpg"
"1321",3.068783472,3.2143,"P0123","EC_0008.jpg"
"1322",6.984126984,3.5527,"P0123","EC_0116.jpg"
"1323",0.92592633,2.8583,"P0123","EC_0088.jpg"
"1324",7.910053314,3.761,"P0123","EC_0163.jpg"
"1325",8.029100933,4.0033,"P0123","EC_0169.png"
"1326",1.044973949,3.7836,"P0123","EC_0049.jpg"
"1327",6.931217739,5.9353,"P0123","EC_0090.jpg"
"1328",6.031746032,4.0679,"P0123","EC_0058.jpg"
"1329",1.931217133,3.4312,"P0123","EC_0042.jpg"
"1330",7.976190476,5.6416,"P0123","EC_0063.jpg"
"1331",7.103174603,4.2817,"P0123","EC_0086.jpg"
"1332",3.055555556,3.2579,"P0123","EC_0129.jpeg"
"1333",6.944444444,3.2846,"P0123","EC_0177.jpg"
"1334",7.037037441,2.7139,"P0123","EC_0082.jpg"
"1335",3.955027262,2.816,"P0123","EC_0083.jpg"
"1336",2.896825397,2.958,"P0123","EC_0184.jpg"
"1337",1.851852054,2.9371,"P0123","EC_0214.jpg"
"1338",1.071428571,2.6805,"P0123","EC_0012.jpg"
"1339",1.904761905,2.674,"P0123","EC_0002.jpg"
"1340",6.917989822,4.2255,"P0123","EC_0020.jpg"
"1341",2.063492063,3.2409,"P0123","EC_0213.jpg"
"1342",4.947090754,2.2006,"P0123","EC_0098.jpg"
"1343",7.023809524,2.8782,"P0123","EC_0141.jpg"
"1344",7.949735853,3.0699,"P0123","EC_0079.jpg"
"1345",5.88624379,4.3053,"P0123","EC_0006.jpg"
"1346",6.970900278,6.2568,"P0123","EC_0239.jpg"
"1347",1.997354901,3.6942,"P0123","EC_0105.jpg"
"1348",5.92592633,3.7588,"P0123","EC_0209.jpg"
"1349",0.066137768,3.4432,"P0123","EC_0194.jpg"
"1350",6.031746032,4.6886,"P0123","EC_0077.jpg"
"1351",3.928571429,4.8016,"P0123","EC_0183.jpg"
"1352",8.04232885,4.5349,"P0123","EC_0108.jpg"
"1353",8.055555556,4.4041,"P0123","EC_0003.jpg"
"1354",4.96031746,2.5355,"P0123","EC_0065.jpg"
"1355",2.989418393,3.0926,"P0123","EC_0137.jpg"
"1356",3.941799345,10.6909,"P0123","EC_0249.jpg"
"1357",3.902116806,4.1645,"P0123","EC_0070.jpg"
"1358",1.031746032,2.9608,"P0123","EC_0056.jpg"
"1359",3.928571429,3.8342,"P0123","EC_0069.jpg"
"1360",6.970900278,2.2939,"P0123","EC_0135.jpg"
"1361",0.013227917,5.4869,"P0123","EC_0064.jpg"
"1362",0.026455228,3.1723,"P0123","EC_0124.jpeg"
"1363",0.978836181,2.4674,"P0123","EC_0223.jpg"
"1364",4.920634921,4.0304,"P0123","EC_0037.jpg"
"1365",2.11640252,2.8306,"P0123","EC_0153.jpg"
"1366",3.955027262,3.2324,"P0123","EC_0203.jpg"
"1367",7.949735853,4.9516,"P0123","EC_0202.jpg"
"1368",6.031746032,2.6547,"P0123","EC_0172.jpg"
"1369",2.936507937,4.1067,"P0123","EC_0231.jpg"
"1370",5.899471707,2.854,"P0123","EC_0074.jpg"
"1371",5.066138373,5.3488,"P0123","EC_0242.jpg"
"1372",5.952380952,4.1925,"P0123","EC_0068.jpg"
"1373",5.939154246,4.4814,"P0123","EC_0100.jpg"
"1374",8.095238095,3.1851,"P0123","EC_0062.jpg"
"1375",3.955027262,3.2716,"P0123","EC_0228.jpg"
"1376",2.96296377,3.9103,"P0123","EC_0133.jpg"
"1377",1.944444444,3.8877,"P0123","EC_0103.jpg"
"1378",8.068783472,4.0094,"P0123","EC_0159.jpg"
"1379",6.018519326,5.9943,"P0123","EC_0244.jpg"
"1380",5.013227917,3.8731,"P0123","EC_0181.jpg"
"1381",4.96031746,3.238,"P0123","EC_0221.jpg"
"1382",6.031746032,2.5726,"P0123","EC_0243.jpg"
"1383",1.01851872,4.1725,"P0123","EC_0054.jpg"
"1384",3.968253968,3.2941,"P0123","EC_0198.jpg"
"1385",5.03968254,3.4385,"P0123","EC_0001.jpg"
"1386",5.079365079,3.8472,"P0123","EC_0250.jpg"
"1387",6.957672361,3.1569,"P0123","EC_0119.jpg"
"1388",4.986773294,6.2485,"P0123","EC_0032.jpg"
"1389",5.92592633,3.3586,"P0123","EC_0139.png"
"1390",4.920634921,2.3874,"P0123","EC_0237.jpg"
"1391",3.994709802,4.4599,"P0123","EC_0174.jpg"
"1392",5.013227917,3.1692,"P0123","EC_0104.jpg"
"1393",3.015873016,5.1111,"P0123","EC_0121.jpg"
"1394",0,3.7938,"P0123","EC_0161.jpg"
"1395",6.044973949,4.5477,"P0123","EC_0117.jpg"
"1396",3.941799345,4.3621,"P0123","EC_0136.jpg"
"1397",4.867725675,3.541,"P0123","EC_0233.jpg"
"1398",2.96296377,5.1163,"P0123","EC_0222.jpg"
"1399",6.031746032,3.0009,"P0123","EC_0238.jpg"
"1400",6.005291409,4.4562,"P0123","EC_0073.jpg"
"1401",2.870370774,3.868,"P0123","EC_0038.jpg"
"1402",4.933862838,4.3312,"P0123","EC_0138.png"
"1403",4.007936508,2.4512,"P0123","EC_0147.png"
"1404",0.03968254,6.3037,"P0123","EC_0081.jpg"
"1405",0.079365079,2.7932,"P0123","EC_0059.jpg"
"1406",5.03968254,3.6739,"P0123","EC_0109.jpg"
"1407",0.013227917,3.2897,"P0123","EC_0187.jpeg"
"1408",5.026455834,3.1847,"P0123","EC_0066.jpg"
"1409",5.978836786,4.2702,"P0123","EC_0036.jpeg"
"1410",5.052910457,2.2429,"P0123","EC_0201.jpg"
"1411",1.084656488,3.5407,"P0123","EC_0204.jpg"
"1412",1.957672361,2.7634,"P0123","EC_0089.jpg"
"1413",7.010582818,3.4877,"P0123","EC_0031.jpg"
"1414",6.970900278,4.2945,"P0123","EC_0034.jpg"
"1415",1.997354901,3.7211,"P0123","EC_0206.png"
"1416",5.026455834,3.4137,"P0123","EC_0095.jpg"
"1417",4.021164425,2.8277,"P0123","EC_0084.jpg"
"1418",3.928571429,4.5926,"P0123","EC_0028.jpg"
"1419",2.883598691,2.8617,"P0123","EC_0075.jpg"
"1420",0.026455228,4.5206,"P0123","EC_0019.jpg"
"1421",1.071428571,3.9464,"P0123","EC_0148.jpg"
"1422",3.915344723,3.7724,"P0123","EC_0188.jpg"
"1423",0.013227917,3.0918,"P0123","EC_0111.jpg"
"1424",3.015873016,4.4836,"P0123","EC_0152.jpg"
"1425",1.005291409,2.3043,"P0123","EC_0134.jpg"
"1426",4.986773294,4.0278,"P0123","EC_0140.jpg"
"1427",2.830688234,2.546,"P0123","EC_0118.jpg"
"1428",5.92592633,4.8631,"P0123","EC_0229.jpg"
"1429",5.092592996,1.9446,"P0123","EC_0247.jpg"
"1430",3.941799345,3.3377,"P0123","EC_0024.jpg"
"1431",8.968253968,5.118,"P0123","EC_0246.jpg"
"1432",6.944444444,2.5069,"P0123","EC_0115.jpg"
"1433",6.970900278,4.0409,"P0123","EC_0207.jpg"
"1434",5.052910457,2.086,"P0123","EC_0101.jpg"
"1435",2.949735853,2.4491,"P0123","EC_0230.jpg"
"1436",4.986773294,2.1416,"P0123","EC_0167.jpg"
"1437",5.965608869,2.4157,"P0123","EC_0197.jpg"
"1438",5.013227917,2.9775,"P0123","EC_0018.jpg"
"1439",1.997354901,2.1955,"P0123","EC_0170.jpg"
"1440",4.933862838,4.2563,"P0123","EC_0093.jpg"
"1441",3.055555556,2.9188,"P0123","EC_0076.jpg"
"1442",0.88624379,3.6359,"P0123","EC_0131.jpg"
"1443",2.063492063,2.4964,"P0123","EC_0010.jpg"
"1444",5.992063492,4.8768,"P0123","EC_0094.jpg"
"1445",6.917989822,3.6808,"P0123","EC_0102.jpg"
"1446",5.066138373,2.8002,"P0123","EC_0180.jpg"
"1447",3.994709802,2.4511,"P0123","EC_0067.jpg"
"1448",0.939153641,3.5612,"P0123","EC_0053.jpg"
"1449",0.026455228,4.1693,"P0123","EC_0040.jpg"
"1450",0.105820308,3.6643,"P0123","EC_0092.jpg"
"1451",5.992063492,3.4673,"P0123","EC_0234.jpg"
"1452",2.089947292,2.7605,"P0123","EC_0232.jpg"
"1453",0.965608869,3.5067,"P0123","EC_0013.jpg"
"1454",0,4.8816,"P0123","EC_0033.jpeg"
"1455",4.986773294,3.5733,"P0123","EC_0241.jpg"
"1456",6.071428571,2.9439,"P0123","EC_0160.jpg"
"1457",2.910053314,2.329,"P0123","EC_0193.png"
"1458",0.026455228,4.7446,"P0123","EC_0219.jpg"
"1459",2.949735853,4.1616,"P0123","EC_0044.jpg"
"1460",1.044973949,3.0408,"P0123","EC_0227.jpg"
"1461",5.978836786,3.7235,"P0123","EC_0210.jpg"
"1462",5.978836786,4.304,"P0123","EC_0142.jpg"
"1463",3.915344723,2.8773,"P0123","EC_0154.jpg"
"1464",3.902116806,2.1704,"P0123","EC_0072.jpg"
"1465",5.026455834,2.3981,"P0123","EC_0030.jpg"
"1466",7.142857143,2.7576,"P0123","EC_0151.jpg"
"1467",5.03968254,2.4004,"P0123","EC_0011.jpg"
"1468",3.941799345,2.6429,"P0123","EC_0149.jpg"
"1469",8.055555556,6.6719,"P0123","EC_0046.jpg"
"1470",5.912698413,2.1603,"P0123","EC_0113.jpg"
"1471",2.026680437,6.253,"P0141","EC_0187.jpeg"
"1472",9.969892552,17.6602,"P0141","EC_0093.jpg"
"1473",5.973895038,15.1963,"P0141","EC_0051.jpg"
"1474",8.962701061,15.0471,"P0141","EC_0039.jpg"
"1475",3.009869611,5.277,"P0141","EC_0056.jpg"
"1476",8.060328569,66.4229,"P0141","EC_0019.jpg"
"1477",9.972697263,5.0732,"P0141","EC_0163.jpg"
"1478",2.947327952,3.6296,"P0141","EC_0059.jpg"
"1479",9.976598346,58.3225,"P0141","EC_0076.jpg"
"1480",2.953443578,6.6292,"P0141","EC_0245.jpg"
"1481",4.007217165,7.6004,"P0141","EC_0017.jpg"
"1482",7.936454652,5.2004,"P0141","EC_0207.jpg"
"1483",8.99199955,34.3789,"P0141","EC_0101.jpg"
"1484",2.006976415,45.7092,"P0141","EC_0134.jpg"
"1485",8.098102549,4.0127,"P0141","EC_0105.jpg"
"1486",3.017658859,121.1996,"P0141","EC_0240.jpg"
"1487",3.986894719,5.1984,"P0141","EC_0070.jpg"
"1488",2.036760926,115.6375,"P0141","EC_0049.jpg"
"1489",5.99488435,4.0985,"P0141","EC_0115.jpg"
"1490",6.990359675,4.7504,"P0141","EC_0066.jpg"
"1491",6.001856567,8.0942,"P0141","EC_0014.jpg"
"1492",7.985796247,3.864,"P0141","EC_0006.jpg"
"1493",8.003259084,7.8432,"P0141","EC_0121.jpg"
"1494",3.903206316,5.7932,"P0141","EC_0140.jpg"
"1495",4.025779603,7.6956,"P0141","EC_0044.jpg"
"1496",9.962521508,7.5633,"P0141","EC_0161.jpg"
"1497",6.015957625,4.2316,"P0141","EC_0199.jpg"
"1498",8.949835237,3.5474,"P0141","EC_0149.jpg"
"1499",1.021567854,4.7627,"P0141","EC_0231.jpg"
"1500",4.944032538,5.3675,"P0141","EC_0150.jpg"
"1501",6.959814647,4.847,"P0141","EC_0234.jpg"
"1502",1.024412125,33.7762,"P0141","EC_0111.jpg"
"1503",1.048068092,115.5815,"P0141","EC_0201.jpg"
"1504",0.017994876,11.3605,"P0141","EC_0033.jpeg"
"1505",9.029970522,61.1407,"P0141","EC_0010.jpg"
"1506",8.024296836,18.594,"P0141","EC_0193.png"
"1507",6.928273357,15.696,"P0141","EC_0241.jpg"
"1508",9.912277302,49.422,"P0141","EC_0228.jpg"
"1509",8.004286024,78.0199,"P0141","EC_0030.jpg"
"1510",7.066385582,15.8925,"P0141","EC_0233.jpg"
"1511",7.965869399,4.0489,"P0141","EC_0162.jpg"
"1512",9.939031046,69.8041,"P0141","EC_0046.jpg"
"1513",0.008018534,12.7965,"P0141","EC_0211.jpg"
"1514",8.972912339,21.4631,"P0141","EC_0061.jpg"
"1515",9.989924355,142.6805,"P0141","EC_0103.jpg"
"1516",0.060372327,5.6634,"P0141","EC_0194.jpg"
"1517",0.029399408,11.3462,"P0141","EC_0136.jpg"
"1518",3.015474188,17.1575,"P0141","EC_0235.jpg"
"1519",3.011209801,33.5309,"P0141","EC_0011.jpg"
"1520",9.994238798,7.6792,"P0141","EC_0117.jpg"
"1521",2.081110717,3.5913,"P0141","EC_0158.jpg"
"1522",9.978179124,18.5833,"P0141","EC_0248.jpg"
"1523",8.057365619,6.3058,"P0141","EC_0174.jpg"
"1524",8.015759988,4.0459,"P0141","EC_0048.jpg"
"1525",9.937083734,3.4411,"P0141","EC_0167.jpg"
"1526",9.964076451,3.5254,"P0141","EC_0020.jpg"
"1527",7.032186518,13.1285,"P0141","EC_0246.jpg"
"1528",5.005289714,3.9054,"P0141","EC_0185.jpg"
"1529",3.948836554,27.2125,"P0141","EC_0159.jpg"
"1530",7.987375411,3.8932,"P0141","EC_0024.jpg"
"1531",7.972144071,3.246,"P0141","EC_0089.jpg"
"1532",2.894699662,7.4644,"P0141","EC_0088.jpg"
"1533",5.046800079,10.332,"P0141","EC_0195.jpg"
"1534",6.026922963,3.3348,"P0141","EC_0172.jpg"
"1535",8.015293343,3.9726,"P0141","EC_0239.jpg"
"1536",9.911134104,9.0694,"P0141","EC_0090.jpg"
"1537",7.978423588,3.6642,"P0141","EC_0165.jpg"
"1538",0.838296073,17.2933,"P0141","EC_0204.jpg"
"1539",8.0206977,21.644,"P0141","EC_0050.jpg"
"1540",9.99664791,5.546,"P0141","EC_0072.jpg"
"1541",4.009032073,4.4122,"P0141","EC_0206.png"
"1542",2.009950668,4.798,"P0141","EC_0184.jpg"
"1543",9.016194016,3.777,"P0141","EC_0097.jpg"
"1544",0.000382681,6.6229,"P0141","EC_0227.jpg"
"1545",6.970547469,5.6991,"P0141","EC_0170.jpg"
"1546",9.998272285,5.1152,"P0141","EC_0242.jpg"
"1547",7.012582607,3.8414,"P0141","EC_0237.jpg"
"1548",8.990334809,3.6801,"P0141","EC_0182.jpg"
"1549",7.983915137,4.4383,"P0141","EC_0169.png"
"1550",9.992570827,3.3623,"P0141","EC_0092.jpg"
"1551",9.862643449,3.0145,"P0141","EC_0069.jpg"
"1552",9.897460938,3.0638,"P0141","EC_0016.jpg"
"1553",8.889337772,3.6321,"P0141","EC_0065.jpg"
"1554",6.084761039,4.4802,"P0141","EC_0125.jpeg"
"1555",5.048050653,3.4975,"P0141","EC_0244.jpg"
"1556",0.941735323,3.1139,"P0141","EC_0198.jpg"
"1557",7.99418293,3.0971,"P0141","EC_0007.jpg"
"1558",6.949399918,3.3631,"P0141","EC_0147.png"
"1559",8.0040745,3.3777,"P0141","EC_0082.jpg"
"1560",5.888663802,3.5275,"P0141","EC_0084.jpg"
"1561",8.951191574,3.3143,"P0141","EC_0096.jpg"
"1562",9.923407338,3.1608,"P0141","EC_0106.jpg"
"1563",3.070609279,5.08,"P0141","EC_0128.jpeg"
"1564",3.972255162,3.5442,"P0141","EC_0229.jpg"
"1565",7.008647616,3.6139,"P0141","EC_0124.jpeg"
"1566",9.038725353,3.2135,"P0141","EC_0177.jpg"
"1567",8.063199482,3.5798,"P0141","EC_0202.jpg"
"1568",7.990126837,3.8469,"P0141","EC_0166.jpg"
"1569",2.980441139,3.846,"P0141","EC_0095.jpg"
"1570",6.947714185,3.6802,"P0141","EC_0055.jpg"
"1571",9.956590763,4.1221,"P0141","EC_0073.jpg"
"1572",9.954220403,3.873,"P0141","EC_0099.jpg"
"1573",3.034307894,3.7646,"P0141","EC_0232.jpg"
"1574",9.899626232,3.4421,"P0141","EC_0135.jpg"
"1575",9.037252759,3.8705,"P0141","EC_0032.jpg"
"1576",7.8463842,3.1295,"P0141","EC_0197.jpg"
"1577",8.956993143,3.9309,"P0141","EC_0083.jpg"
"1578",5.899084989,3.7003,"P0141","EC_0210.jpg"
"1579",7.997578616,4.9146,"P0141","EC_0013.jpg"
"1580",0.04381533,4.2317,"P0141","EC_0183.jpg"
"1581",6.032735835,3.628,"P0141","EC_0054.jpg"
"1582",7.965283268,5.5616,"P0141","EC_0031.jpg"
"1583",3.973774582,3.6793,"P0141","EC_0094.jpg"
"1584",9.017030423,3.2965,"P0141","EC_0063.jpg"
"1585",1.103528542,3.5525,"P0141","EC_0139.png"
"1586",6.000467936,3.9971,"P0141","EC_0160.jpg"
"1587",9.924952593,3.1975,"P0141","EC_0060.jpg"
"1588",7.980409652,3.912,"P0141","EC_0214.jpg"
"1589",3.931170267,3.9487,"P0141","EC_0123.jpeg"
"1590",4.957449777,4.0809,"P0141","EC_0176.jpg"
"1591",9.029946302,3.8942,"P0141","EC_0238.jpg"
"1592",8.917467228,3.7329,"P0141","EC_0003.jpg"
"1593",8.050732486,5.2105,"P0141","EC_0142.jpg"
"1594",9.01954449,3.7663,"P0141","EC_0157.jpg"
"1595",9.923376659,3.595,"P0141","EC_0074.jpg"
"1596",2.998178472,8.3638,"P0141","EC_0129.jpeg"
"1597",1.963014149,3.4145,"P0141","EC_0181.jpg"
"1598",7.070373858,3.2146,"P0141","EC_0164.jpg"
"1599",4.031529502,3.7481,"P0141","EC_0168.jpeg"
"1600",7.012653654,3.5644,"P0141","EC_0250.jpg"
"1601",8.960968502,3.2416,"P0141","EC_0108.jpg"
"1602",9.957725888,3.0281,"P0141","EC_0053.jpg"
"1603",3.984059329,3.595,"P0141","EC_0119.jpg"
"1604",9.900767816,3.1486,"P0141","EC_0041.jpg"
"1605",7.954285637,3.1786,"P0141","EC_0015.jpg"
"1606",6.996338859,3.3945,"P0141","EC_0038.jpg"
"1607",8.007952978,3.1958,"P0141","EC_0022.jpg"
"1608",5.962887719,3.3929,"P0141","EC_0200.png"
"1609",1.957404727,3.0975,"P0141","EC_0071.jpg"
"1610",9.832978425,2.9793,"P0141","EC_0057.jpeg"
"1611",0.020120611,3.2876,"P0141","EC_0067.jpg"
"1612",6.881681573,4.2281,"P0141","EC_0131.jpg"
"1613",8.015688942,2.8074,"P0141","EC_0098.jpg"
"1614",8.971233065,3.9362,"P0141","EC_0079.jpg"
"1615",9.086553987,4.0594,"P0141","EC_0064.jpg"
"1616",5.961201986,3.5177,"P0141","EC_0219.jpg"
"1617",7.962638411,3.448,"P0141","EC_0042.jpg"
"1618",0.022595925,3.6728,"P0141","EC_0209.jpg"
"1619",1.087355841,3.052,"P0141","EC_0148.jpg"
"1620",1.916687173,5.4188,"P0141","EC_0085.jpg"
"1621",9.761289566,3.3886,"P0141","EC_0156.jpg"
"1622",9.976721062,4.0154,"P0141","EC_0029.jpg"
"1623",9.002855089,3.4464,"P0141","EC_0102.jpg"
"1624",8.00206906,4.4647,"P0141","EC_0068.jpg"
"1625",4.969561542,3.3467,"P0141","EC_0062.jpg"
"1626",6.977392126,6.9985,"P0141","EC_0100.jpg"
"1627",6.86059538,3.4471,"P0141","EC_0151.jpg"
"1628",8.019598098,3.6968,"P0141","EC_0040.jpg"
"1629",7.894789277,3.1809,"P0141","EC_0047.jpg"
"1630",4.997684539,3.1813,"P0141","EC_0203.jpg"
"1631",7.936703314,3.8136,"P0141","EC_0018.jpg"
"1632",6.025382552,4.4303,"P0141","EC_0221.jpg"
"1633",5.934000974,5.4755,"P0141","EC_0137.jpg"
"1634",7.978630268,3.7664,"P0141","EC_0118.jpg"
"1635",6.960439531,5.0101,"P0141","EC_0249.jpg"
"1636",4.979698544,6.1118,"P0141","EC_0012.jpg"
"1637",1.983699092,3.916,"P0141","EC_0005.jpg"
"1638",8.944610111,3.286,"P0141","EC_0086.jpg"
"1639",6.853211418,3.5793,"P0141","EC_0224.jpg"
"1640",8.947920219,3.7473,"P0141","EC_0196.jpg"
"1641",9.986880671,3.2368,"P0141","EC_0081.jpg"
"1642",8.952055432,3.615,"P0141","EC_0116.jpg"
"1643",8.050323971,6.3449,"P0141","EC_0028.jpg"
"1644",0.113821686,7.2107,"P0141","EC_0113.jpg"
"1645",3.0093077,2.9974,"P0141","EC_0154.jpg"
"1646",5.91794453,3.3201,"P0141","EC_0109.jpg"
"1647",9.969382311,3.3859,"P0141","EC_0077.jpg"
"1648",8.971433286,3.6051,"P0141","EC_0171.jpg"
"1649",9.026712085,3.1458,"P0141","EC_0236.jpg"
"1650",0.02546926,6.0935,"P0141","EC_0222.jpg"
"1651",1.049447034,6.3437,"P0141","EC_0002.jpg"
"1652",9.984366604,3.528,"P0141","EC_0008.jpg"
"1653",9.985093213,2.9488,"P0141","EC_0075.jpg"
"1654",2.97069489,3.7289,"P0141","EC_0247.jpg"
"1655",2.057359484,3.246,"P0141","EC_0180.jpg"
"1656",4.991128911,3.4649,"P0141","EC_0138.png"
"1657",9.946600697,3.1103,"P0141","EC_0133.jpg"
"1658",9.040440151,3.197,"P0141","EC_0141.jpg"
"1659",9.988358109,2.8336,"P0141","EC_0058.jpg"
"1660",1.009340639,4.4778,"P0141","EC_0243.jpg"
"1661",9.964367094,4.3983,"P0141","EC_0226.jpg"
"1662",9.952150375,2.9521,"P0141","EC_0223.jpg"
"1663",8.922206334,3.2451,"P0141","EC_0120.jpg"
"1664",7.931429747,3.1464,"P0141","EC_0213.jpg"
"1665",9.979223827,3.6123,"P0141","EC_0104.jpg"
"1666",9.947894061,3.4615,"P0141","EC_0152.jpg"
"1667",8.916887556,4.0484,"P0141","EC_0009.jpg"
"1668",9.952723589,3.6661,"P0141","EC_0001.jpg"
"1669",8.865443638,5.8475,"P0141","EC_0132.jpg"
"1670",9.90177861,2.7798,"P0141","EC_0037.jpg"
"1671",8.988707204,3.5171,"P0141","EC_0087.jpg"
"1672",7.945955468,3.5133,"P0141","EC_0230.jpg"
"1673",9.872124889,2.8973,"P0141","EC_0080.jpg"
"1674",0.015666497,4.1467,"P0141","EC_0173.jpg"
"1675",0.106926974,3.464,"P0141","EC_0027.jpg"
"1676",8.948679122,3.5619,"P0141","EC_0036.jpeg"
"1677",9.009736884,3.0635,"P0141","EC_0205.jpg"
"1678",5.992392888,3.6506,"P0141","EC_0034.jpg"
"1679",8.013988677,2.8966,"P0141","EC_0153.jpg"
"1680",9.908465027,2.9879,"P0141","EC_0188.jpg"
"1681",4.938202712,3.8851,"P0152","EC_0141.jpg"
"1682",6.065331515,4.6646,"P0152","EC_0099.jpg"
"1683",7.000609706,3.5796,"P0152","EC_0001.jpg"
"1684",2.957382606,14.1787,"P0152","EC_0067.jpg"
"1685",3.94526083,17.9099,"P0152","EC_0170.jpg"
"1686",5.166325645,6.8311,"P0152","EC_0101.jpg"
"1687",7.048817791,5.5554,"P0152","EC_0249.jpg"
"1688",1.99311756,7.4132,"P0152","EC_0017.jpg"
"1689",1.020481978,11.0756,"P0152","EC_0183.jpg"
"1690",6.01593502,4.1787,"P0152","EC_0240.jpg"
"1691",2.928240741,20.2776,"P0152","EC_0068.jpg"
"1692",8.001147073,5.5147,"P0152","EC_0029.jpg"
"1693",2.959036045,15.3173,"P0152","EC_0123.jpeg"
"1694",9.006283069,6.8757,"P0152","EC_0057.jpeg"
"1695",7.017299107,3.9701,"P0152","EC_0032.jpg"
"1696",3.959005043,12.1882,"P0152","EC_0076.jpg"
"1697",6.999886326,17.4818,"P0152","EC_0096.jpg"
"1698",8.023933532,9.1667,"P0152","EC_0125.jpeg"
"1699",6.023168816,5.9393,"P0152","EC_0063.jpg"
"1700",3.991350446,9.3353,"P0152","EC_0119.jpg"
"1701",2.991794808,8.0201,"P0152","EC_0077.jpg"
"1702",5.040767609,5.8023,"P0152","EC_0194.jpg"
"1703",3.004660632,8.0878,"P0152","EC_0103.jpg"
"1704",9.933500744,9.5267,"P0152","EC_0136.jpg"
"1705",4.02379919,8.9478,"P0152","EC_0111.jpg"
"1706",5.027230076,7.8112,"P0152","EC_0109.jpg"
"1707",3.020781663,7.0924,"P0152","EC_0161.jpg"
"1708",7.026754712,10.0688,"P0152","EC_0036.jpeg"
"1709",4.001684441,11.4296,"P0152","EC_0229.jpg"
"1710",5.013795883,7.9924,"P0152","EC_0016.jpg"
"1711",9.011656746,4.149,"P0152","EC_0153.jpg"
"1712",5.004495288,5.6581,"P0152","EC_0227.jpg"
"1713",8.988818618,6.3953,"P0152","EC_0037.jpg"
"1714",0.988291584,12.4239,"P0152","EC_0124.jpeg"
"1715",6.010561343,4.9348,"P0152","EC_0079.jpg"
"1716",8.981533151,5.2136,"P0152","EC_0085.jpg"
"1717",3.986338459,20.3135,"P0152","EC_0022.jpg"
"1718",2.950975529,5.7132,"P0152","EC_0089.jpg"
"1719",2.92994585,18.0224,"P0152","EC_0226.jpg"
"1720",5.024594907,5.6968,"P0152","EC_0042.jpg"
"1721",4.015790344,4.3441,"P0152","EC_0199.jpg"
"1722",7.9494771,12.7712,"P0152","EC_0073.jpg"
"1723",9.973958333,3.2738,"P0152","EC_0211.jpg"
"1724",6.009269593,6.9593,"P0152","EC_0106.jpg"
"1725",4.995866402,5.0144,"P0152","EC_0118.jpg"
"1726",6.011129712,16.0922,"P0152","EC_0102.jpg"
"1727",5.020719659,13.2347,"P0152","EC_0236.jpg"
"1728",8.996775794,3.9529,"P0152","EC_0150.jpg"
"1729",8.005229001,3.4552,"P0152","EC_0059.jpg"
"1730",7.019107556,7.2942,"P0152","EC_0044.jpg"
"1731",4.988580936,12.543,"P0152","EC_0013.jpg"
"1732",2.96916336,3.863,"P0152","EC_0019.jpg"
"1733",8.061859292,11.8459,"P0152","EC_0205.jpg"
"1734",7.986731151,13.2647,"P0152","EC_0069.jpg"
"1735",4.997209821,5.9336,"P0152","EC_0108.jpg"
"1736",4.026486028,10.3829,"P0152","EC_0120.jpg"
"1737",6.943462715,5.1237,"P0152","EC_0115.jpg"
"1738",7.029234871,10.2748,"P0152","EC_0168.jpeg"
"1739",5.018549521,10.877,"P0152","EC_0214.jpg"
"1740",4.005973049,14.0422,"P0152","EC_0239.jpg"
"1741",8.054832176,6.1838,"P0152","EC_0223.jpg"
"1742",2.066953952,27.0522,"P0152","EC_0148.jpg"
"1743",6.002604167,6.2387,"P0152","EC_0250.jpg"
"1744",7.963893022,7.1107,"P0152","EC_0184.jpg"
"1745",5.958374669,10.5284,"P0152","EC_0030.jpg"
"1746",3.98478836,5.3597,"P0152","EC_0049.jpg"
"1747",5.997592179,19.6455,"P0152","EC_0066.jpg"
"1748",5.993406911,8.9584,"P0152","EC_0116.jpg"
"1749",3.946449239,11.8816,"P0152","EC_0221.jpg"
"1750",6.091269841,16.9813,"P0152","EC_0046.jpg"
"1751",6.002552497,6.7804,"P0152","EC_0082.jpg"
"1752",6.01567667,5.4037,"P0152","EC_0075.jpg"
"1753",4.028759507,5.3823,"P0152","EC_0197.jpg"
"1754",3.987423528,8.9356,"P0152","EC_0147.png"
"1755",3.999824322,9.5096,"P0152","EC_0200.png"
"1756",4.959129051,4.123,"P0152","EC_0149.jpg"
"1757",6.970434441,7.0377,"P0152","EC_0039.jpg"
"1758",5.053116733,4.1971,"P0152","EC_0202.jpg"
"1759",3.038969494,41.1118,"P0152","EC_0027.jpg"
"1760",4.995763062,18.8281,"P0152","EC_0233.jpg"
"1761",7.049541171,3.5087,"P0152","EC_0157.jpg"
"1762",2.952835648,5.5089,"P0152","EC_0247.jpg"
"1763",5.015035962,6.117,"P0152","EC_0065.jpg"
"1764",6.050140542,3.7432,"P0152","EC_0128.jpeg"
"1765",4.049169147,6.5822,"P0152","EC_0188.jpg"
"1766",5.978319279,5.8308,"P0152","EC_0087.jpg"
"1767",10,4.4987,"P0152","EC_0154.jpg"
"1768",3.024656911,28.7739,"P0152","EC_0201.jpg"
"1769",3.005487351,3.7206,"P0152","EC_0100.jpg"
"1770",4.017030423,4.7682,"P0152","EC_0018.jpg"
"1771",2.028253142,3.9188,"P0152","EC_0235.jpg"
"1772",6.026992394,13.2531,"P0152","EC_0132.jpg"
"1773",6.052155671,5.7626,"P0152","EC_0224.jpg"
"1774",4.936704282,10.3287,"P0152","EC_0131.jpg"
"1775",8.015873016,5.5142,"P0152","EC_0242.jpg"
"1776",5.948867394,3.602,"P0152","EC_0047.jpg"
"1777",7.007326802,4.4763,"P0152","EC_0243.jpg"
"1778",6.990379051,34.6738,"P0152","EC_0072.jpg"
"1779",5.007853836,10.279,"P0152","EC_0180.jpg"
"1780",9.039455192,4.3846,"P0152","EC_0010.jpg"
"1781",7.032645089,3.0134,"P0152","EC_0095.jpg"
"1782",5.053168403,9.932,"P0152","EC_0165.jpg"
"1783",1.901300017,4.276,"P0152","EC_0024.jpg"
"1784",7.984974372,6.4392,"P0152","EC_0033.jpeg"
"1785",2.936456267,5.9015,"P0152","EC_0140.jpg"
"1786",6.016710069,21.6678,"P0152","EC_0092.jpg"
"1787",7.005466683,11.5159,"P0152","EC_0241.jpg"
"1788",3.995225694,6.2318,"P0152","EC_0248.jpg"
"1789",5.987671544,22.973,"P0152","EC_0007.jpg"
"1790",8.020161624,4.3407,"P0152","EC_0172.jpg"
"1791",6.012473132,5.1935,"P0152","EC_0098.jpg"
"1792",2.966838211,3.8478,"P0152","EC_0193.png"
"1793",2.989469659,4.653,"P0152","EC_0020.jpg"
"1794",4.998656581,9.5776,"P0152","EC_0070.jpg"
"1795",4.966156167,4.3939,"P0152","EC_0142.jpg"
"1796",6.028904183,11.9035,"P0152","EC_0084.jpg"
"1797",8.015149636,3.8894,"P0152","EC_0228.jpg"
"1798",7.007171792,9.4135,"P0152","EC_0086.jpg"
"1799",6.002242477,12.8847,"P0152","EC_0137.jpg"
"1800",6.012576472,13.4439,"P0152","EC_0244.jpg"
"1801",8.979518022,3.0455,"P0152","EC_0171.jpg"
"1802",4.990699405,10.7162,"P0152","EC_0061.jpg"
"1803",3.918289104,6.9191,"P0152","EC_0105.jpg"
"1804",7.049696181,3.4752,"P0152","EC_0008.jpg"
"1805",8.023313492,9.559,"P0152","EC_0163.jpg"
"1806",6.009992973,7.8706,"P0152","EC_0213.jpg"
"1807",6.017743469,8.9513,"P0152","EC_0173.jpg"
"1808",3.944020751,10.7399,"P0152","EC_0058.jpg"
"1809",9.132151124,4.6388,"P0152","EC_0185.jpg"
"1810",1.944909474,11.3141,"P0152","EC_0134.jpg"
"1811",7.018022487,3.6707,"P0152","EC_0160.jpg"
"1812",6.028077464,3.3529,"P0152","EC_0237.jpg"
"1813",3.948826058,16.2238,"P0152","EC_0222.jpg"
"1814",4.987650876,9.1572,"P0152","EC_0014.jpg"
"1815",8.022486772,12.671,"P0152","EC_0117.jpg"
"1816",3.00724413,14.3463,"P0152","EC_0090.jpg"
"1817",3.977864583,4.3137,"P0152","EC_0038.jpg"
"1818",1.967592593,9.5593,"P0152","EC_0050.jpg"
"1819",5.017929481,3.5334,"P0152","EC_0003.jpg"
"1820",6.020481978,4.9963,"P0152","EC_0187.jpeg"
"1821",7.978825645,3.9748,"P0152","EC_0207.jpg"
"1822",3.996104084,4.6292,"P0152","EC_0204.jpg"
"1823",3.02682705,37.4042,"P0152","EC_0230.jpg"
"1824",4.995659722,4.6178,"P0152","EC_0056.jpg"
"1825",6.002862517,12.3099,"P0152","EC_0169.png"
"1826",6.007047784,5.6813,"P0152","EC_0006.jpg"
"1827",3.996879134,5.9904,"P0152","EC_0104.jpg"
"1828",5.99645544,4.6598,"P0152","EC_0094.jpg"
"1829",5.022218089,10.2148,"P0152","EC_0071.jpg"
"1830",3.968874008,4.8507,"P0152","EC_0162.jpg"
"1831",5.007698826,5.4135,"P0152","EC_0005.jpg"
"1832",3.968202298,3.978,"P0152","EC_0055.jpg"
"1833",5.970568783,18.8231,"P0152","EC_0080.jpg"
"1834",3.969959077,4.0162,"P0152","EC_0195.jpg"
"1835",6.959997106,3.6319,"P0152","EC_0011.jpg"
"1836",5.969483714,5.2863,"P0152","EC_0232.jpg"
"1837",5.013537533,3.7707,"P0152","EC_0164.jpg"
"1838",6.038153108,13.4447,"P0152","EC_0176.jpg"
"1839",6.056030919,3.2166,"P0152","EC_0196.jpg"
"1840",7.996858466,3.8295,"P0152","EC_0245.jpg"
"1841",5.986534805,5.8543,"P0152","EC_0174.jpg"
"1842",10,5.1201,"P0152","EC_0210.jpg"
"1843",5.991030093,5.5379,"P0152","EC_0152.jpg"
"1844",7.03042328,8.2252,"P0152","EC_0053.jpg"
"1845",6.045955274,14.9526,"P0152","EC_0051.jpg"
"1846",4.002511161,3.6347,"P0152","EC_0048.jpg"
"1847",2.007481812,6.4954,"P0152","EC_0064.jpg"
"1848",7.061425265,7.9699,"P0152","EC_0203.jpg"
"1849",3.022590112,6.3541,"P0152","EC_0113.jpg"
"1850",5.024543237,5.4904,"P0152","EC_0198.jpg"
"1851",5.037305721,8.85,"P0152","EC_0135.jpg"
"1852",5.002893519,4.1818,"P0152","EC_0156.jpg"
"1853",4.994574653,14.293,"P0152","EC_0097.jpg"
"1854",4.006593089,4.7764,"P0152","EC_0246.jpg"
"1855",4.0031312,8.0516,"P0152","EC_0129.jpeg"
"1856",3.978846313,5.9493,"P0152","EC_0234.jpg"
"1857",3.956008185,8.7273,"P0152","EC_0209.jpg"
"1858",5.012194114,10.012,"P0152","EC_0040.jpg"
"1859",4.971323165,6.1793,"P0152","EC_0167.jpg"
"1860",6.037688079,5.2248,"P0152","EC_0015.jpg"
"1861",9.112929894,8.8619,"P0152","EC_0009.jpg"
"1862",5.992270172,6.7821,"P0152","EC_0206.png"
"1863",7.989314649,4.4361,"P0152","EC_0031.jpg"
"1864",6.053034061,30.976,"P0152","EC_0138.png"
"1865",1.954623429,3.5162,"P0152","EC_0088.jpg"
"1866",1.901506696,6.0355,"P0152","EC_0012.jpg"
"1867",6.980251736,4.4725,"P0152","EC_0159.jpg"
"1868",5.041852679,3.6906,"P0152","EC_0166.jpg"
"1869",7.03052662,4.0313,"P0152","EC_0002.jpg"
"1870",3.995690724,3.9472,"P0152","EC_0177.jpg"
"1871",4.957682292,4.0498,"P0152","EC_0034.jpg"
"1872",4.912264385,3.7592,"P0152","EC_0139.png"
"1873",7.986317791,5.0019,"P0152","EC_0041.jpg"
"1874",9.02286913,4.2609,"P0152","EC_0062.jpg"
"1875",5.008163856,7.7501,"P0152","EC_0081.jpg"
"1876",6.024357226,2.7652,"P0152","EC_0231.jpg"
"1877",2.994068287,7.7885,"P0152","EC_0060.jpg"
"1878",7.052693039,7.2123,"P0152","EC_0219.jpg"
"1879",8.088727679,12.412,"P0152","EC_0151.jpg"
"1880",3.962673611,11.2832,"P0152","EC_0181.jpg"
"1881",3.005642361,4.5372,"P0152","EC_0182.jpg"
"1882",10,5.3438,"P0152","EC_0028.jpg"
"1883",3.990937087,8.4153,"P0152","EC_0133.jpg"
"1884",7.004329944,9.5737,"P0152","EC_0083.jpg"
"1885",4.99917328,4.9598,"P0152","EC_0158.jpg"
"1886",5.042627728,8.1416,"P0152","EC_0093.jpg"
"1887",3.872767857,3.7954,"P0152","EC_0238.jpg"
"1888",7.945808532,3.0327,"P0152","EC_0074.jpg"
"1889",6.029782573,4.4112,"P0152","EC_0054.jpg"
"1890",2.955005787,4.9915,"P0152","EC_0121.jpg"
"1891",5.007378472,2.9445,"P0155","EC_0210.jpg"
"1892",7.90296379,6.6572,"P0155","EC_0092.jpg"
"1893",4.974330357,3.7398,"P0155","EC_0132.jpg"
"1894",4.385726687,3.6888,"P0155","EC_0040.jpg"
"1895",6.155381944,3.0539,"P0155","EC_0098.jpg"
"1896",7.392919147,3.1375,"P0155","EC_0044.jpg"
"1897",3.527467758,2.7552,"P0155","EC_0084.jpg"
"1898",7.927021329,3.8351,"P0155","EC_0194.jpg"
"1899",7.730220734,2.872,"P0155","EC_0109.jpg"
"1900",6.440414187,2.6396,"P0155","EC_0211.jpg"
"1901",5.659288194,2.6404,"P0155","EC_0160.jpg"
"1902",2.156932044,2.8072,"P0155","EC_0243.jpg"
"1903",5.03187004,3.5042,"P0155","EC_0083.jpg"
"1904",3.816964286,3.8047,"P0155","EC_0202.jpg"
"1905",3.167100694,3.0221,"P0155","EC_0161.jpg"
"1906",3.345796131,3.186,"P0155","EC_0049.jpg"
"1907",4.748511905,2.7213,"P0155","EC_0150.jpg"
"1908",4.89874752,3.6383,"P0155","EC_0230.jpg"
"1909",8.387400794,3.138,"P0155","EC_0116.jpg"
"1910",6.309399802,2.9874,"P0155","EC_0120.jpg"
"1911",8.486979167,2.9554,"P0155","EC_0077.jpg"
"1912",6.966145833,2.8937,"P0155","EC_0058.jpg"
"1913",5.520523313,3.7062,"P0155","EC_0125.jpeg"
"1914",5.191902282,2.9565,"P0155","EC_0158.jpg"
"1915",8.117249504,3.1233,"P0155","EC_0156.jpg"
"1916",6.143415179,2.8708,"P0155","EC_0241.jpg"
"1917",6.622767857,2.6707,"P0155","EC_0118.jpg"
"1918",7.321552579,3.4212,"P0155","EC_0198.jpg"
"1919",6.297061012,3.0856,"P0155","EC_0080.jpg"
"1920",7.634982639,2.8371,"P0155","EC_0224.jpg"
"1921",6.811135913,2.7217,"P0155","EC_0002.jpg"
"1922",7.276227679,2.3405,"P0155","EC_0197.jpg"
"1923",9.227802579,2.6034,"P0155","EC_0042.jpg"
"1924",5.14124504,3.2368,"P0155","EC_0106.jpg"
"1925",7.637586806,2.6367,"P0155","EC_0064.jpg"
"1926",7.208643353,2.4192,"P0155","EC_0014.jpg"
"1927",5.850136409,3.6209,"P0155","EC_0022.jpg"
"1928",4.953621032,3.507,"P0155","EC_0209.jpg"
"1929",6.880766369,2.5873,"P0155","EC_0140.jpg"
"1930",4.688740079,2.6353,"P0155","EC_0152.jpg"
"1931",5.134672619,2.889,"P0155","EC_0071.jpg"
"1932",8.527157738,2.9702,"P0155","EC_0057.jpeg"
"1933",5.013640873,2.503,"P0155","EC_0233.jpg"
"1934",3.187562004,2.5847,"P0155","EC_0147.png"
"1935",7.248449901,2.5357,"P0155","EC_0073.jpg"
"1936",8.391927083,2.5602,"P0155","EC_0068.jpg"
"1937",6.622519841,3.2879,"P0155","EC_0032.jpg"
"1938",3.658544147,2.4547,"P0155","EC_0060.jpg"
"1939",7.73530506,2.6858,"P0155","EC_0196.jpg"
"1940",6.024925595,2.3041,"P0155","EC_0169.png"
"1941",5.006386409,3.0537,"P0155","EC_0119.jpg"
"1942",5.64031498,3.4262,"P0155","EC_0051.jpg"
"1943",6.563678075,3.1066,"P0155","EC_0018.jpg"
"1944",5.759672619,2.7903,"P0155","EC_0054.jpg"
"1945",4.285094246,2.8201,"P0155","EC_0182.jpg"
"1946",6.807105655,3.2526,"P0155","EC_0137.jpg"
"1947",5.168154762,5.0012,"P0155","EC_0105.jpg"
"1948",5.313678075,2.4716,"P0155","EC_0153.jpg"
"1949",6.929253472,2.5399,"P0155","EC_0030.jpg"
"1950",1.46453373,4.1869,"P0155","EC_0204.jpg"
"1951",8.377790179,2.7549,"P0155","EC_0074.jpg"
"1952",9.897445437,4.0532,"P0155","EC_0136.jpg"
"1953",5.295138889,4.5383,"P0155","EC_0024.jpg"
"1954",2.484747024,2.8424,"P0155","EC_0244.jpg"
"1955",2.423735119,3.6235,"P0155","EC_0249.jpg"
"1956",5.224578373,2.9223,"P0155","EC_0154.jpg"
"1957",3.598028274,4.1564,"P0155","EC_0056.jpg"
"1958",8.330729167,4.9695,"P0155","EC_0207.jpg"
"1959",7.336371528,2.955,"P0155","EC_0206.png"
"1960",6.457465278,2.4571,"P0155","EC_0121.jpg"
"1961",5.05530754,2.6213,"P0155","EC_0195.jpg"
"1962",4.988839286,2.57,"P0155","EC_0003.jpg"
"1963",6.669084821,3.3442,"P0155","EC_0141.jpg"
"1964",8.463665675,2.8232,"P0155","EC_0072.jpg"
"1965",6.010230655,2.4714,"P0155","EC_0089.jpg"
"1966",6.96843998,2.5613,"P0155","EC_0131.jpg"
"1967",8.138702877,2.5062,"P0155","EC_0238.jpg"
"1968",6.134858631,3.687,"P0155","EC_0038.jpg"
"1969",5.325272817,2.5576,"P0155","EC_0240.jpg"
"1970",8.673487103,4.9367,"P0155","EC_0199.jpg"
"1971",5.893105159,2.5877,"P0155","EC_0213.jpg"
"1972",4.886780754,3.769,"P0155","EC_0135.jpg"
"1973",6.750062004,2.653,"P0155","EC_0066.jpg"
"1974",0.85187252,2.7185,"P0155","EC_0047.jpg"
"1975",6.963479663,2.5068,"P0155","EC_0157.jpg"
"1976",7.359809028,2.537,"P0155","EC_0063.jpg"
"1977",9.278645833,3.3059,"P0155","EC_0151.jpg"
"1978",0.442708333,4.5201,"P0155","EC_0005.jpg"
"1979",4.432911706,3.0548,"P0155","EC_0166.jpg"
"1980",4.068576389,2.1853,"P0155","EC_0102.jpg"
"1981",4.162326389,3.0052,"P0155","EC_0168.jpeg"
"1982",4.562065972,2.8691,"P0155","EC_0020.jpg"
"1983",6.167286706,2.3887,"P0155","EC_0053.jpg"
"1984",7.063554067,2.5696,"P0155","EC_0245.jpg"
"1985",7.440228175,3.7363,"P0155","EC_0016.jpg"
"1986",5.707527282,2.3869,"P0155","EC_0214.jpg"
"1987",3.748697917,2.7544,"P0155","EC_0171.jpg"
"1988",3.943080357,2.3707,"P0155","EC_0246.jpg"
"1989",4.949280754,2.504,"P0155","EC_0222.jpg"
"1990",6.25483631,3.4904,"P0155","EC_0138.png"
"1991",6.041604663,2.9427,"P0155","EC_0009.jpg"
"1992",7.845548115,3.0856,"P0155","EC_0093.jpg"
"1993",6.907924107,3.0377,"P0155","EC_0170.jpg"
"1994",5.949466766,2.8237,"P0155","EC_0028.jpg"
"1995",5.614149306,2.4683,"P0155","EC_0203.jpg"
"1996",7.568886409,2.6716,"P0155","EC_0082.jpg"
"1997",3.369977679,3.5531,"P0155","EC_0017.jpg"
"1998",5.979786706,3.4354,"P0155","EC_0069.jpg"
"1999",3.861793155,2.7219,"P0155","EC_0239.jpg"
"2000",4.021639385,2.8686,"P0155","EC_0219.jpg"
"2001",5.908420139,2.2531,"P0155","EC_0029.jpg"
"2002",7.55890377,2.5708,"P0155","EC_0006.jpg"
"2003",6.265066964,2.3561,"P0155","EC_0115.jpg"
"2004",5.973090278,2.7559,"P0155","EC_0012.jpg"
"2005",7.08655754,2.5371,"P0155","EC_0159.jpg"
"2006",2.904017857,2.6524,"P0155","EC_0067.jpg"
"2007",3.556299603,3.1407,"P0155","EC_0165.jpg"
"2008",5.157056052,2.7049,"P0155","EC_0184.jpg"
"2009",4.043960813,2.4578,"P0155","EC_0188.jpg"
"2010",9.157738095,3.6538,"P0155","EC_0177.jpg"
"2011",0.072544643,2.8046,"P0155","EC_0227.jpg"
"2012",6.69171627,2.5037,"P0155","EC_0039.jpg"
"2013",4.68812004,2.5716,"P0155","EC_0231.jpg"
"2014",7.575086806,2.6566,"P0155","EC_0059.jpg"
"2015",8.260230655,2.5227,"P0155","EC_0041.jpg"
"2016",2.638082837,2.5369,"P0155","EC_0027.jpg"
"2017",4.839781746,3.1379,"P0155","EC_0187.jpeg"
"2018",6.097408234,2.7213,"P0155","EC_0061.jpg"
"2019",5.162078373,2.9025,"P0155","EC_0088.jpg"
"2020",5.029699901,2.6569,"P0155","EC_0174.jpg"
"2021",7.643539187,2.5548,"P0155","EC_0205.jpg"
"2022",4.851314484,2.9048,"P0155","EC_0085.jpg"
"2023",5.023561508,2.7088,"P0155","EC_0090.jpg"
"2024",9.544146825,3.402,"P0155","EC_0008.jpg"
"2025",5.134486607,2.454,"P0155","EC_0248.jpg"
"2026",3.667410714,2.7032,"P0155","EC_0100.jpg"
"2027",4.784412202,3.0195,"P0155","EC_0019.jpg"
"2028",5.081225198,2.3864,"P0155","EC_0250.jpg"
"2029",6.705419147,2.2554,"P0155","EC_0037.jpg"
"2030",3.235863095,3.8558,"P0155","EC_0173.jpg"
"2031",7.009486607,2.8005,"P0155","EC_0076.jpg"
"2032",6.634300595,3.0367,"P0155","EC_0050.jpg"
"2033",4.924293155,2.6876,"P0155","EC_0001.jpg"
"2034",6.235863095,2.5698,"P0155","EC_0223.jpg"
"2035",3.975880456,3.4745,"P0155","EC_0033.jpeg"
"2036",6.429873512,8.3252,"P0155","EC_0142.jpg"
"2037",6.554439484,2.4545,"P0155","EC_0097.jpg"
"2038",2.144407242,3.2234,"P0155","EC_0095.jpg"
"2039",5.176959325,3.02,"P0155","EC_0086.jpg"
"2040",4.277839782,3.3048,"P0155","EC_0007.jpg"
"2041",8.154885913,2.4045,"P0155","EC_0103.jpg"
"2042",0.93421379,2.921,"P0155","EC_0235.jpg"
"2043",1.831907242,2.538,"P0155","EC_0181.jpg"
"2044",9.036892361,2.6252,"P0155","EC_0124.jpeg"
"2045",2.998449901,2.4855,"P0155","EC_0226.jpg"
"2046",2.146267361,2.8702,"P0155","EC_0232.jpg"
"2047",3.128844246,2.4375,"P0155","EC_0094.jpg"
"2048",8.166728671,2.7536,"P0155","EC_0149.jpg"
"2049",5.122767857,4.0699,"P0155","EC_0228.jpg"
"2050",1.614707341,3.1879,"P0155","EC_0048.jpg"
"2051",6.413008433,2.7546,"P0155","EC_0163.jpg"
"2052",9.318390377,2.7371,"P0155","EC_0185.jpg"
"2053",5.309461806,2.9706,"P0155","EC_0031.jpg"
"2054",2.536396329,4.0226,"P0155","EC_0162.jpg"
"2055",6.298797123,2.5037,"P0155","EC_0234.jpg"
"2056",5.152715774,3.5381,"P0155","EC_0242.jpg"
"2057",6.435763889,3.1197,"P0155","EC_0247.jpg"
"2058",6.49906994,3.0045,"P0155","EC_0079.jpg"
"2059",4.888206845,3.4031,"P0155","EC_0134.jpg"
"2060",4.928199405,3.5864,"P0155","EC_0104.jpg"
"2061",1.259982639,2.5707,"P0155","EC_0183.jpg"
"2062",7.860553075,3.7008,"P0155","EC_0193.png"
"2063",7.367931548,2.6042,"P0155","EC_0055.jpg"
"2064",5.247891865,2.7196,"P0155","EC_0201.jpg"
"2065",4.734437004,2.7534,"P0155","EC_0036.jpeg"
"2066",5.793092758,3.8064,"P0155","EC_0117.jpg"
"2067",5.167782738,2.9398,"P0155","EC_0164.jpg"
"2068",6.804501488,4.4867,"P0155","EC_0129.jpeg"
"2069",6.985553075,2.7576,"P0155","EC_0167.jpg"
"2070",5.854414683,3.2727,"P0155","EC_0070.jpg"
"2071",3.079489087,3.0203,"P0155","EC_0237.jpg"
"2072",3.786768353,3.6536,"P0155","EC_0087.jpg"
"2073",4.94952877,3.5565,"P0155","EC_0236.jpg"
"2074",4.975818452,2.5736,"P0155","EC_0013.jpg"
"2075",6.437624008,2.7395,"P0155","EC_0148.jpg"
"2076",6.53031994,4.1694,"P0155","EC_0111.jpg"
"2077",3.064608135,2.2547,"P0155","EC_0108.jpg"
"2078",4.612103175,2.7392,"P0155","EC_0015.jpg"
"2079",3.832899306,3.1037,"P0155","EC_0065.jpg"
"2080",4.588231647,2.938,"P0155","EC_0229.jpg"
"2081",1.549293155,4.1905,"P0155","EC_0139.png"
"2082",4.985925099,2.4703,"P0155","EC_0172.jpg"
"2083",0.873139881,2.406,"P0155","EC_0113.jpg"
"2084",5.084387401,2.7081,"P0155","EC_0034.jpg"
"2085",7.533854167,2.8433,"P0155","EC_0133.jpg"
"2086",8.217137897,2.7404,"P0155","EC_0075.jpg"
"2087",4.097160218,2.8077,"P0155","EC_0046.jpg"
"2088",8.319072421,2.6724,"P0155","EC_0096.jpg"
"2089",5.685205853,3.0207,"P0155","EC_0010.jpg"
"2090",3.984375,2.5692,"P0155","EC_0099.jpg"
"2091",4.222222222,4.2407,"P0155","EC_0062.jpg"
"2092",5.246465774,2.8037,"P0155","EC_0221.jpg"
"2093",5.094308036,3.5367,"P0155","EC_0081.jpg"
"2094",3.606274802,3.4361,"P0155","EC_0176.jpg"
"2095",6.956287202,3.6356,"P0155","EC_0011.jpg"
"2096",4.876612103,4.104,"P0155","EC_0101.jpg"
"2097",1.172557044,2.6208,"P0155","EC_0180.jpg"
"2098",5.284474206,3.5524,"P0155","EC_0200.png"
"2099",4.339409722,3.3573,"P0155","EC_0123.jpeg"
"2100",7.396701389,3.0042,"P0155","EC_0128.jpeg"
"2101",6.04559692,3.6042,"P0159","EC_0139.png"
"2102",7.831620903,3.1599,"P0159","EC_0182.jpg"
"2103",4.333990815,5.6056,"P0159","EC_0014.jpg"
"2104",7.254883875,4.1203,"P0159","EC_0076.jpg"
"2105",3.013077042,3.6471,"P0159","EC_0214.jpg"
"2106",4.873518904,3.3237,"P0159","EC_0054.jpg"
"2107",8.073478498,3.3608,"P0159","EC_0093.jpg"
"2108",3.143308841,6.3585,"P0159","EC_0111.jpg"
"2109",6.120014799,3.1799,"P0159","EC_0064.jpg"
"2110",5.54327777,2.6838,"P0159","EC_0236.jpg"
"2111",7.924642741,3.9452,"P0159","EC_0138.png"
"2112",4.166551099,4.4704,"P0159","EC_0059.jpg"
"2113",8.147895355,3.0999,"P0159","EC_0037.jpg"
"2114",6.231641617,3.1952,"P0159","EC_0188.jpg"
"2115",3.199121739,3.3118,"P0159","EC_0149.jpg"
"2116",0.910778607,3.3921,"P0159","EC_0010.jpg"
"2117",0.185206843,3.7436,"P0159","EC_0148.jpg"
"2118",6.324663455,3.8851,"P0159","EC_0087.jpg"
"2119",6.808377623,8.7604,"P0159","EC_0068.jpg"
"2120",5.561882751,5.4067,"P0159","EC_0094.jpg"
"2121",5.003749681,3.4643,"P0159","EC_0166.jpg"
"2122",8.46417083,3.2436,"P0159","EC_0084.jpg"
"2123",5.673508547,3.5221,"P0159","EC_0101.jpg"
"2124",4.929331803,3.4676,"P0159","EC_0224.jpg"
"2125",8.408357931,3.3368,"P0159","EC_0016.jpg"
"2126",7.515345429,2.9742,"P0159","EC_0160.jpg"
"2127",3.180517781,4.0036,"P0159","EC_0090.jpg"
"2128",7.924642741,3.0923,"P0159","EC_0031.jpg"
"2129",7.571159349,3.2228,"P0159","EC_0117.jpg"
"2130",1.543328533,3.7594,"P0159","EC_0140.jpg"
"2131",9.245556514,3.1059,"P0159","EC_0082.jpg"
"2132",7.050235219,3.8081,"P0159","EC_0181.jpg"
"2133",9.617643864,3.3371,"P0159","EC_0047.jpg"
"2134",7.868829843,2.8895,"P0159","EC_0205.jpg"
"2135",4.780497067,4.1739,"P0159","EC_0201.jpg"
"2136",4.017716363,3.1302,"P0159","EC_0187.jpeg"
"2137",5.506068831,3.2286,"P0159","EC_0237.jpg"
"2138",8.054873518,2.8266,"P0159","EC_0051.jpg"
"2139",5.989784022,3.0867,"P0159","EC_0248.jpg"
"2140",6.436289251,3.2642,"P0159","EC_0095.jpg"
"2141",2.845637326,3.9941,"P0159","EC_0124.jpeg"
"2142",5.450255933,3.0251,"P0159","EC_0153.jpg"
"2143",7.980455639,3.9428,"P0159","EC_0132.jpg"
"2144",9.022302877,3.2598,"P0159","EC_0080.jpg"
"2145",2.287505278,3.5796,"P0159","EC_0194.jpg"
"2146",4.427012653,3.8293,"P0159","EC_0044.jpg"
"2147",5.840948264,2.9311,"P0159","EC_0168.jpeg"
"2148",6.901400483,2.8127,"P0159","EC_0158.jpg"
"2149",7.403719633,2.5734,"P0159","EC_0109.jpg"
"2150",5.747926426,2.7753,"P0159","EC_0231.jpg"
"2151",6.194432678,3.615,"P0159","EC_0131.jpg"
"2152",0.74333889,3.4157,"P0159","EC_0005.jpg"
"2153",0.334042089,3.292,"P0159","EC_0142.jpg"
"2154",7.0688402,2.748,"P0159","EC_0008.jpg"
"2155",4.873518904,2.5989,"P0159","EC_0223.jpg"
"2156",7.53395041,2.9111,"P0159","EC_0156.jpg"
"2157",5.282816216,3.3593,"P0159","EC_0136.jpg"
"2158",8.557192667,3.6249,"P0159","EC_0086.jpg"
"2159",7.124653098,2.9927,"P0159","EC_0063.jpg"
"2160",4.929331803,4.5044,"P0159","EC_0024.jpg"
"2161",3.050285982,3.2085,"P0159","EC_0085.jpg"
"2162",6.864191544,3.1415,"P0159","EC_0028.jpg"
"2163",5.617695649,2.5619,"P0159","EC_0058.jpg"
"2164",6.380476353,3.0737,"P0159","EC_0221.jpg"
"2165",7.44092755,3.5458,"P0159","EC_0163.jpg"
"2166",8.408357931,2.8932,"P0159","EC_0229.jpg"
"2167",5.152585439,2.675,"P0159","EC_0250.jpg"
"2168",4.315386857,3.5405,"P0159","EC_0245.jpg"
"2169",9.524622027,2.9165,"P0159","EC_0072.jpg"
"2170",8.278127154,2.743,"P0159","EC_0074.jpg"
"2171",4.371199755,2.7298,"P0159","EC_0120.jpg"
"2172",7.180465996,2.8055,"P0159","EC_0096.jpg"
"2173",5.54327777,2.7539,"P0159","EC_0115.jpg"
"2174",4.222363997,3.3282,"P0159","EC_0240.jpg"
"2175",2.715406549,5.2269,"P0159","EC_0129.jpeg"
"2176",6.97581734,4.0079,"P0159","EC_0079.jpg"
"2177",6.026992961,3.071,"P0159","EC_0202.jpg"
"2178",9.39439125,2.7272,"P0159","EC_0048.jpg"
"2179",6.696751827,3.3434,"P0159","EC_0173.jpg"
"2180",3.961902443,2.6567,"P0159","EC_0162.jpg"
"2181",0.929383587,4.3877,"P0159","EC_0088.jpg"
"2182",5.468859891,2.7772,"P0159","EC_0197.jpg"
"2183",4.854914946,3.2194,"P0159","EC_0199.jpg"
"2184",6.659542888,3.1055,"P0159","EC_0019.jpg"
"2185",5.952575082,3.341,"P0159","EC_0123.jpeg"
"2186",6.659542888,3.0438,"P0159","EC_0105.jpg"
"2187",8.482774788,3.1877,"P0159","EC_0180.jpg"
"2188",6.268849535,3.1989,"P0159","EC_0070.jpg"
"2189",7.53395041,3.2394,"P0159","EC_0001.jpg"
"2190",3.850276647,3.3968,"P0159","EC_0244.jpg"
"2191",7.664181187,3.025,"P0159","EC_0151.jpg"
"2192",9.41299623,2.556,"P0159","EC_0020.jpg"
"2193",6.101409818,2.5632,"P0159","EC_0092.jpg"
"2194",7.161862037,3.2706,"P0159","EC_0029.jpg"
"2195",6.082805859,3.1163,"P0159","EC_0022.jpg"
"2196",7.608367266,2.5242,"P0159","EC_0007.jpg"
"2197",8.092082457,3.371,"P0159","EC_0083.jpg"
"2198",8.371148992,3.0422,"P0159","EC_0009.jpg"
"2199",4.910727844,2.7183,"P0159","EC_0171.jpg"
"2200",7.664181187,2.4084,"P0159","EC_0193.png"
"2201",6.994422321,2.7192,"P0159","EC_0207.jpg"
"2202",6.47349819,4.9125,"P0159","EC_0228.jpg"
"2203",7.738599065,3.5317,"P0159","EC_0183.jpg"
"2204",9.022302877,3.3441,"P0159","EC_0242.jpg"
"2205",5.989784022,2.8429,"P0159","EC_0038.jpg"
"2206",4.315386857,2.8288,"P0159","EC_0243.jpg"
"2207",5.506068831,4.0913,"P0159","EC_0073.jpg"
"2208",7.180465996,4.6717,"P0159","EC_0159.jpg"
"2209",6.603728968,3.6278,"P0159","EC_0200.png"
"2210",2.771220469,3.1518,"P0159","EC_0176.jpg"
"2211",5.245607277,3.1814,"P0159","EC_0152.jpg"
"2212",4.110738201,2.7264,"P0159","EC_0233.jpg"
"2213",0.203811312,3.5035,"P0159","EC_0222.jpg"
"2214",5.971179041,2.6708,"P0159","EC_0060.jpg"
"2215",7.478136489,2.5462,"P0159","EC_0003.jpg"
"2216",6.547916069,2.4751,"P0159","EC_0172.jpg"
"2217",4.724683147,3.8332,"P0159","EC_0125.jpeg"
"2218",0.557294704,3.5971,"P0159","EC_0195.jpg"
"2219",5.952575082,2.8478,"P0159","EC_0103.jpg"
"2220",7.571159349,3.629,"P0159","EC_0239.jpg"
"2221",5.003749681,3.5386,"P0159","EC_0033.jpeg"
"2222",3.943298484,3.6853,"P0159","EC_0053.jpg"
"2223",3.031682023,3.0617,"P0159","EC_0055.jpg"
"2224",5.989784022,2.4706,"P0159","EC_0246.jpg"
"2225",1.413097756,3.8986,"P0159","EC_0012.jpg"
"2226",5.07816756,2.4614,"P0159","EC_0230.jpg"
"2227",6.026992961,3.1228,"P0159","EC_0232.jpg"
"2228",7.682785145,3.1364,"P0159","EC_0069.jpg"
"2229",5.375838054,3.6164,"P0159","EC_0030.jpg"
"2230",6.920004442,2.8112,"P0159","EC_0049.jpg"
"2231",6.882795502,4.7979,"P0159","EC_0006.jpg"
"2232",5.859553245,2.9234,"P0159","EC_0116.jpg"
"2233",6.56652105,4.2481,"P0159","EC_0169.png"
"2234",7.478136489,3.593,"P0159","EC_0081.jpg"
"2235",0.910778607,3.0524,"P0159","EC_0161.jpg"
"2236",5.189794379,3.967,"P0159","EC_0097.jpg"
"2237",0.073580024,3.8425,"P0159","EC_0113.jpg"
"2238",6.752564725,2.5074,"P0159","EC_0137.jpg"
"2239",4.520035513,2.9946,"P0159","EC_0032.jpg"
"2240",6.04559692,2.9122,"P0159","EC_0177.jpg"
"2241",7.850224862,2.7858,"P0159","EC_0100.jpg"
"2242",7.180465996,4.1416,"P0159","EC_0077.jpg"
"2243",5.952575082,4.6775,"P0159","EC_0057.jpeg"
"2244",7.645576206,2.7715,"P0159","EC_0209.jpg"
"2245",9.078116797,2.8208,"P0159","EC_0108.jpg"
"2246",3.831671666,3.1089,"P0159","EC_0198.jpg"
"2247",6.101409818,4.8058,"P0159","EC_0249.jpg"
"2248",6.97581734,4.4516,"P0159","EC_0135.jpg"
"2249",7.980455639,3.3874,"P0159","EC_0104.jpg"
"2250",9.022302877,3.3808,"P0159","EC_0050.jpg"
"2251",8.092082457,2.9737,"P0159","EC_0041.jpg"
"2252",1.431702737,3.344,"P0159","EC_0134.jpg"
"2253",7.980455639,2.4422,"P0159","EC_0034.jpg"
"2254",5.896762184,4.6718,"P0159","EC_0154.jpg"
"2255",5.747926426,2.7459,"P0159","EC_0235.jpg"
"2256",7.292092814,2.5895,"P0159","EC_0167.jpg"
"2257",4.389803714,3.2169,"P0159","EC_0234.jpg"
"2258",5.152585439,3.6248,"P0159","EC_0015.jpg"
"2259",8.017664578,2.6847,"P0159","EC_0174.jpg"
"2260",1.76658217,4.8781,"P0159","EC_0206.png"
"2261",6.585125009,2.8578,"P0159","EC_0018.jpg"
"2262",3.087494921,3.7619,"P0159","EC_0042.jpg"
"2263",6.603728968,2.7117,"P0159","EC_0046.jpg"
"2264",5.07816756,3.5283,"P0159","EC_0133.jpg"
"2265",7.906038782,2.809,"P0159","EC_0170.jpg"
"2266",3.310748558,3.1241,"P0159","EC_0204.jpg"
"2267",5.133980459,3.5609,"P0159","EC_0128.jpeg"
"2268",6.306058474,2.5954,"P0159","EC_0099.jpg"
"2269",6.399081334,3.0359,"P0159","EC_0089.jpg"
"2270",0.017767126,3.9959,"P0159","EC_0226.jpg"
"2271",4.929331803,2.9856,"P0159","EC_0150.jpg"
"2272",6.957213381,2.7244,"P0159","EC_0219.jpg"
"2273",7.794411964,3.4486,"P0159","EC_0119.jpg"
"2274",3.757253787,4.5793,"P0159","EC_0075.jpg"
"2275",6.603728968,2.7908,"P0159","EC_0098.jpg"
"2276",8.092082457,2.3517,"P0159","EC_0017.jpg"
"2277",5.747926426,2.8556,"P0159","EC_0013.jpg"
"2278",7.217674935,3.4531,"P0159","EC_0062.jpg"
"2279",6.56652105,2.5371,"P0159","EC_0157.jpg"
"2280",5.468859891,2.957,"P0159","EC_0147.png"
"2281",7.403719633,2.8253,"P0159","EC_0071.jpg"
"2282",7.738599065,3.5687,"P0159","EC_0196.jpg"
"2283",5.878157203,2.822,"P0159","EC_0211.jpg"
"2284",4.575848411,3.2955,"P0159","EC_0121.jpg"
"2285",7.719994085,2.687,"P0159","EC_0102.jpg"
"2286",6.771168684,3.7448,"P0159","EC_0011.jpg"
"2287",3.868880605,4.5697,"P0159","EC_0164.jpg"
"2288",5.561882751,3.3268,"P0159","EC_0185.jpg"
"2289",6.826982604,2.3781,"P0159","EC_0203.jpg"
"2290",5.301420175,3.0087,"P0159","EC_0002.jpg"
"2291",6.882795502,3.3279,"P0159","EC_0241.jpg"
"2292",2.827033367,3.6225,"P0159","EC_0184.jpg"
"2293",6.882795502,2.7903,"P0159","EC_0061.jpg"
"2294",7.924642741,3.4159,"P0159","EC_0065.jpg"
"2295",6.120014799,5.6253,"P0159","EC_0210.jpg"
"2296",8.296731113,3.6035,"P0159","EC_0039.jpg"
"2297",8.706028425,2.7452,"P0159","EC_0106.jpg"
"2298",3.013077042,2.9349,"P0159","EC_0165.jpg"
"2299",0.408459457,2.6585,"P0159","EC_0056.jpg"
"2300",4.873518904,2.6709,"P0159","EC_0227.jpg"
"2301",7.738599065,3.18,"P0159","EC_0066.jpg"
"2302",2.213087399,3.0075,"P0159","EC_0040.jpg"
"2303",5.822344305,2.4611,"P0159","EC_0141.jpg"
"2304",0.092184494,7.2059,"P0159","EC_0027.jpg"
"2305",5.878157203,2.3147,"P0159","EC_0213.jpg"
"2306",6.994422321,2.6901,"P0159","EC_0238.jpg"
"2307",5.933970102,2.9933,"P0159","EC_0036.jpeg"
"2308",8.240918215,2.9358,"P0159","EC_0067.jpg"
"2309",4.966540742,2.9645,"P0159","EC_0247.jpg"
"2310",7.813015922,2.6051,"P0159","EC_0118.jpg"
"2311",7.892745883,2.9963,"P0174","EC_0096.jpg"
"2312",7.907580478,3.3058,"P0174","EC_0056.jpg"
"2313",2.003411957,3.934,"P0174","EC_0033.jpeg"
"2314",6.987835633,4.3053,"P0174","EC_0067.jpg"
"2315",2.982495179,4.5617,"P0174","EC_0111.jpg"
"2316",0.964990358,3.1554,"P0174","EC_0140.jpg"
"2317",5.919744845,8.0565,"P0174","EC_0049.jpg"
"2318",7.922415072,3.6424,"P0174","EC_0171.jpg"
"2319",7.981753449,3.1728,"P0174","EC_0016.jpg"
"2320",7.966918855,3.0067,"P0174","EC_0172.jpg"
"2321",6.987835633,6.8182,"P0174","EC_0048.jpg"
"2322",0.979824952,4.1917,"P0174","EC_0129.jpeg"
"2323",8.975671265,2.7066,"P0174","EC_0231.jpg"
"2324",9.020175048,3.977,"P0174","EC_0205.jpg"
"2325",9.880581516,2.8386,"P0174","EC_0156.jpg"
"2326",6.928497256,3.7763,"P0174","EC_0018.jpg"
"2327",7.966918855,4.0558,"P0174","EC_0029.jpg"
"2328",9.984423676,3.5049,"P0174","EC_0149.jpg"
"2329",9.020175048,11.6843,"P0174","EC_0160.jpg"
"2330",9.925085299,4.6896,"P0174","EC_0243.jpg"
"2331",6.958166444,3.8825,"P0174","EC_0214.jpg"
"2332",8.011422638,5.2418,"P0174","EC_0059.jpg"
"2333",9.005340454,3.3791,"P0174","EC_0119.jpg"
"2334",9.939919893,3.772,"P0174","EC_0136.jpg"
"2335",8.026257232,4.0176,"P0174","EC_0169.png"
"2336",7.937249666,5.9932,"P0174","EC_0241.jpg"
"2337",9.005340454,2.8229,"P0174","EC_0233.jpg"
"2338",2.982495179,3.7726,"P0174","EC_0138.png"
"2339",5.044503783,12.5567,"P0174","EC_0006.jpg"
"2340",7.95208426,4.0984,"P0174","EC_0017.jpg"
"2341",8.011422638,3.5543,"P0174","EC_0032.jpg"
"2342",6.958166444,13.6546,"P0174","EC_0151.jpg"
"2343",7.981753449,3.5129,"P0174","EC_0158.jpg"
"2344",6.94333185,4.9783,"P0174","EC_0077.jpg"
"2345",8.916332888,3.925,"P0174","EC_0081.jpg"
"2346",5.993917816,10.8334,"P0174","EC_0227.jpg"
"2347",2.923156802,7.205,"P0174","EC_0040.jpg"
"2348",2.967660584,13.4128,"P0174","EC_0062.jpg"
"2349",6.038421599,4.198,"P0174","EC_0237.jpg"
"2350",4.89615784,3.582,"P0174","EC_0240.jpg"
"2351",3.976412995,3.6713,"P0174","EC_0236.jpg"
"2352",9.005340454,3.0746,"P0174","EC_0196.jpg"
"2353",8.05592642,5.457,"P0174","EC_0123.jpeg"
"2354",4.985165406,3.5793,"P0174","EC_0238.jpg"
"2355",6.913662661,4.3451,"P0174","EC_0068.jpg"
"2356",7.996588043,4.5785,"P0174","EC_0046.jpg"
"2357",6.987835633,3.1092,"P0174","EC_0244.jpg"
"2358",2.04791574,5.3509,"P0174","EC_0073.jpg"
"2359",3.012164367,4.0706,"P0174","EC_0060.jpg"
"2360",7.002670227,7.3058,"P0174","EC_0088.jpg"
"2361",7.922415072,7.0004,"P0174","EC_0061.jpg"
"2362",8.041091826,3.5912,"P0174","EC_0037.jpg"
"2363",7.95208426,6.0926,"P0174","EC_0163.jpg"
"2364",0.060080107,2.9356,"P0174","EC_0161.jpg"
"2365",8.960836671,10.6863,"P0174","EC_0109.jpg"
"2366",9.005340454,4.4148,"P0174","EC_0106.jpg"
"2367",7.907580478,10.7092,"P0174","EC_0010.jpg"
"2368",0.193591455,2.8473,"P0174","EC_0199.jpg"
"2369",7.759234535,3.6498,"P0174","EC_0180.jpg"
"2370",9.910250705,3.8673,"P0174","EC_0104.jpg"
"2371",9.035009642,3.0378,"P0174","EC_0117.jpg"
"2372",8.99050586,2.8934,"P0174","EC_0139.png"
"2373",8.975671265,5.3315,"P0174","EC_0230.jpg"
"2374",8.99050586,2.8396,"P0174","EC_0228.jpg"
"2375",7.877911289,2.8481,"P0174","EC_0101.jpg"
"2376",8.011422638,3.8923,"P0174","EC_0120.jpg"
"2377",3.902240024,3.9453,"P0174","EC_0142.jpg"
"2378",4.985165406,8.3352,"P0174","EC_0152.jpg"
"2379",3.946743807,12.2695,"P0174","EC_0164.jpg"
"2380",6.94333185,2.4775,"P0174","EC_0193.png"
"2381",7.062008604,3.4651,"P0174","EC_0219.jpg"
"2382",8.144933986,2.6799,"P0174","EC_0086.jpg"
"2383",4.925827029,7.6097,"P0174","EC_0093.jpg"
"2384",6.973001038,3.2594,"P0174","EC_0014.jpg"
"2385",2.937991396,3.3064,"P0174","EC_0141.jpg"
"2386",0.134253078,14.7025,"P0174","EC_0204.jpg"
"2387",8.960836671,14.4647,"P0174","EC_0051.jpg"
"2388",7.017504821,8.594,"P0174","EC_0063.jpg"
"2389",7.981753449,3.6871,"P0174","EC_0041.jpg"
"2390",9.035009642,2.5481,"P0174","EC_0050.jpg"
"2391",8.026257232,2.4105,"P0174","EC_0137.jpg"
"2392",8.946002077,9.646,"P0174","EC_0024.jpg"
"2393",5.949414034,5.3486,"P0174","EC_0087.jpg"
"2394",8.026257232,3.2992,"P0174","EC_0124.jpeg"
"2395",7.032339416,4.3858,"P0174","EC_0170.jpg"
"2396",9.984423676,3.0442,"P0174","EC_0058.jpg"
"2397",7.937249666,3.249,"P0174","EC_0153.jpg"
"2398",8.026257232,3.3042,"P0174","EC_0250.jpg"
"2399",8.026257232,2.598,"P0174","EC_0245.jpg"
"2400",6.038421599,3.4822,"P0174","EC_0224.jpg"
"2401",2.982495179,3.9926,"P0174","EC_0206.png"
"2402",7.907580478,2.6832,"P0174","EC_0203.jpg"
"2403",8.130099392,2.9605,"P0174","EC_0125.jpeg"
"2404",7.981753449,2.4862,"P0174","EC_0207.jpg"
"2405",5.074172971,5.862,"P0174","EC_0064.jpg"
"2406",7.937249666,7.2147,"P0174","EC_0097.jpg"
"2407",8.05592642,3.3482,"P0174","EC_0079.jpg"
"2408",6.987835633,9.3653,"P0174","EC_0181.jpg"
"2409",7.907580478,2.8844,"P0174","EC_0022.jpg"
"2410",9.850912328,10.2585,"P0174","EC_0038.jpg"
"2411",9.005340454,2.3656,"P0174","EC_0197.jpg"
"2412",9.925085299,2.6931,"P0174","EC_0012.jpg"
"2413",7.877911289,4.954,"P0174","EC_0080.jpg"
"2414",9.064678831,2.8657,"P0174","EC_0020.jpg"
"2415",4.910992434,2.6194,"P0174","EC_0005.jpg"
"2416",7.981753449,3.1002,"P0174","EC_0183.jpg"
"2417",8.085595609,2.5213,"P0174","EC_0135.jpg"
"2418",8.026257232,2.6388,"P0174","EC_0039.jpg"
"2419",6.94333185,4.3411,"P0174","EC_0053.jpg"
"2420",8.041091826,2.4559,"P0174","EC_0100.jpg"
"2421",8.901498294,2.5238,"P0174","EC_0134.jpg"
"2422",7.877911289,2.5313,"P0174","EC_0173.jpg"
"2423",6.053256193,4.7539,"P0174","EC_0154.jpg"
"2424",7.922415072,16.6905,"P0174","EC_0174.jpg"
"2425",7.136181575,7.8516,"P0174","EC_0116.jpg"
"2426",6.987835633,3.1606,"P0174","EC_0133.jpg"
"2427",7.062008604,3.3991,"P0174","EC_0209.jpg"
"2428",7.966918855,3.0331,"P0174","EC_0085.jpg"
"2429",7.966918855,11.4623,"P0174","EC_0094.jpg"
"2430",8.456460466,4.3749,"P0174","EC_0128.jpeg"
"2431",7.892745883,2.7655,"P0174","EC_0090.jpg"
"2432",8.144933986,2.4916,"P0174","EC_0223.jpg"
"2433",8.99050586,3.0888,"P0174","EC_0159.jpg"
"2434",8.130099392,3.1262,"P0174","EC_0232.jpg"
"2435",1.94407358,3.6855,"P0174","EC_0201.jpg"
"2436",9.064678831,2.5144,"P0174","EC_0234.jpg"
"2437",10,8.3033,"P0174","EC_0002.jpg"
"2438",3.026998962,3.7706,"P0174","EC_0184.jpg"
"2439",8.99050586,3.1817,"P0174","EC_0099.jpg"
"2440",9.109182614,2.5379,"P0174","EC_0089.jpg"
"2441",6.186767542,2.904,"P0174","EC_0165.jpg"
"2442",8.797656134,2.7163,"P0174","EC_0102.jpg"
"2443",4.940661623,3.1311,"P0174","EC_0200.png"
"2444",2.240765465,3.5896,"P0174","EC_0210.jpg"
"2445",7.492211838,8.5861,"P0174","EC_0070.jpg"
"2446",5,2.5728,"P0174","EC_0095.jpg"
"2447",2.834149236,2.4726,"P0174","EC_0118.jpg"
"2448",8.041091826,2.6286,"P0174","EC_0248.jpg"
"2449",7.966918855,3.2332,"P0174","EC_0027.jpg"
"2450",6.987835633,2.7947,"P0174","EC_0019.jpg"
"2451",9.035009642,2.5816,"P0174","EC_0166.jpg"
"2452",7.04717401,3.4137,"P0174","EC_0028.jpg"
"2453",6.053256193,12.1577,"P0174","EC_0157.jpg"
"2454",6.94333185,15.8831,"P0174","EC_0030.jpg"
"2455",8.130099392,4.0816,"P0174","EC_0239.jpg"
"2456",9.035009642,2.3452,"P0174","EC_0132.jpg"
"2457",8.901498294,2.5535,"P0174","EC_0167.jpg"
"2458",7.447708055,2.2905,"P0174","EC_0131.jpg"
"2459",3.05666815,2.6928,"P0174","EC_0198.jpg"
"2460",5.163180537,5.7643,"P0174","EC_0076.jpg"
"2461",8.975671265,17.2086,"P0174","EC_0009.jpg"
"2462",8.278445335,2.9062,"P0174","EC_0115.jpg"
"2463",9.079513425,3.1098,"P0174","EC_0031.jpg"
"2464",4.184097315,5.7974,"P0174","EC_0176.jpg"
"2465",8.041091826,9.9523,"P0174","EC_0229.jpg"
"2466",0.238095238,2.9504,"P0174","EC_0226.jpg"
"2467",7.076843198,3.7617,"P0174","EC_0072.jpg"
"2468",7.966918855,3.326,"P0174","EC_0148.jpg"
"2469",9.124017208,2.4292,"P0174","EC_0092.jpg"
"2470",8.916332888,3.2093,"P0174","EC_0185.jpg"
"2471",8.975671265,12.8846,"P0174","EC_0084.jpg"
"2472",8.960836671,2.4817,"P0174","EC_0182.jpg"
"2473",7.981753449,2.5547,"P0174","EC_0054.jpg"
"2474",9.020175048,28.8503,"P0174","EC_0105.jpg"
"2475",6.053256193,5.1652,"P0174","EC_0036.jpeg"
"2476",8.041091826,2.532,"P0174","EC_0034.jpg"
"2477",6.987835633,2.7838,"P0174","EC_0047.jpg"
"2478",6.973001038,2.5623,"P0174","EC_0235.jpg"
"2479",5,3.221,"P0174","EC_0177.jpg"
"2480",2.225930871,4.0478,"P0174","EC_0150.jpg"
"2481",7.981753449,8.7629,"P0174","EC_0071.jpg"
"2482",8.115264798,7.5332,"P0174","EC_0001.jpg"
"2483",7.062008604,12.9957,"P0174","EC_0242.jpg"
"2484",7.95208426,22.6176,"P0174","EC_0066.jpg"
"2485",1.94407358,8.7151,"P0174","EC_0011.jpg"
"2486",6.94333185,2.8615,"P0174","EC_0249.jpg"
"2487",8.99050586,3.0671,"P0174","EC_0008.jpg"
"2488",6.023587005,5.4414,"P0174","EC_0042.jpg"
"2489",6.898828067,2.4325,"P0174","EC_0168.jpeg"
"2490",7.04717401,2.841,"P0174","EC_0075.jpg"
"2491",1.988577362,2.4591,"P0174","EC_0195.jpg"
"2492",8.026257232,2.9421,"P0174","EC_0055.jpg"
"2493",1.94407358,2.9989,"P0174","EC_0147.png"
"2494",7.15101617,2.5221,"P0174","EC_0187.jpeg"
"2495",8.871829105,2.544,"P0174","EC_0108.jpg"
"2496",8.026257232,2.7213,"P0174","EC_0113.jpg"
"2497",0.816644415,312.7297,"P0174","EC_0162.jpg"
"2498",5.118676754,6.8978,"P0174","EC_0065.jpg"
"2499",5.949414034,53.7627,"P0174","EC_0007.jpg"
"2500",1.94407358,2.6884,"P0174","EC_0246.jpg"
"2501",9.361370717,16.0353,"P0174","EC_0098.jpg"
"2502",6.112594571,5.1591,"P0174","EC_0044.jpg"
"2503",4.89615784,3.1936,"P0174","EC_0074.jpg"
"2504",7.863076695,3.1369,"P0174","EC_0013.jpg"
"2505",7.937249666,2.6492,"P0174","EC_0194.jpg"
"2506",8.946002077,2.8385,"P0174","EC_0221.jpg"
"2507",1.751223854,2.4829,"P0174","EC_0202.jpg"
"2508",8.960836671,2.7903,"P0174","EC_0213.jpg"
"2509",6.082925382,8.6381,"P0174","EC_0015.jpg"
"2510",8.8866637,3.1792,"P0174","EC_0188.jpg"
"2511",4.970330811,3.0258,"P0174","EC_0211.jpg"
"2512",7.892745883,3.7061,"P0174","EC_0082.jpg"
"2513",5.044503783,3.6033,"P0174","EC_0222.jpg"
"2514",8.011422638,3.6919,"P0174","EC_0103.jpg"
"2515",6.913662661,3.5806,"P0174","EC_0121.jpg"
"2516",2.077584928,2.9342,"P0174","EC_0069.jpg"
"2517",7.996588043,4.3461,"P0174","EC_0083.jpg"
"2518",0.964990358,3.3481,"P0174","EC_0247.jpg"
"2519",2.018246551,50.3345,"P0174","EC_0057.jpeg"
"2520",8.931167483,2.6222,"P0174","EC_0003.jpg"
"2521",4.986772487,2.655,"P0183","EC_0211.jpg"
"2522",7.248677249,2.0113,"P0183","EC_0010.jpg"
"2523",8.994708995,2.0664,"P0183","EC_0034.jpg"
"2524",6.111111111,2.3145,"P0183","EC_0202.jpg"
"2525",5.992063492,1.9422,"P0183","EC_0219.jpg"
"2526",7.936507937,1.9177,"P0183","EC_0204.jpg"
"2527",6.044973545,2.0609,"P0183","EC_0140.jpg"
"2528",9.854497354,2.0344,"P0183","EC_0180.jpg"
"2529",9.272486772,2.0507,"P0183","EC_0050.jpg"
"2530",4.457671958,2.1725,"P0183","EC_0042.jpg"
"2531",7.751322751,1.7494,"P0183","EC_0160.jpg"
"2532",7.023809524,1.9016,"P0183","EC_0187.jpeg"
"2533",5.648148148,2.18,"P0183","EC_0147.png"
"2534",5.740740741,2.3122,"P0183","EC_0197.jpg"
"2535",8.796296296,2.0424,"P0183","EC_0056.jpg"
"2536",7.116402116,1.9923,"P0183","EC_0011.jpg"
"2537",6.005291005,1.8927,"P0183","EC_0166.jpg"
"2538",10,2.0019,"P0183","EC_0173.jpg"
"2539",7.248677249,1.9052,"P0183","EC_0200.png"
"2540",10,2.0018,"P0183","EC_0196.jpg"
"2541",10,1.9114,"P0183","EC_0136.jpg"
"2542",7.936507937,1.7656,"P0183","EC_0006.jpg"
"2543",6.931216931,2.0181,"P0183","EC_0033.jpeg"
"2544",5.476190476,1.6977,"P0183","EC_0198.jpg"
"2545",1.574074074,1.9939,"P0183","EC_0194.jpg"
"2546",5.687830688,2.0146,"P0183","EC_0104.jpg"
"2547",5.132275132,2.3337,"P0183","EC_0224.jpg"
"2548",5.502645503,1.7966,"P0183","EC_0053.jpg"
"2549",6.931216931,1.7619,"P0183","EC_0008.jpg"
"2550",10,2.3112,"P0183","EC_0157.jpg"
"2551",7.526455026,1.997,"P0183","EC_0096.jpg"
"2552",5.44973545,2.0195,"P0183","EC_0018.jpg"
"2553",6.772486772,1.8189,"P0183","EC_0022.jpg"
"2554",6.455026455,1.7903,"P0183","EC_0151.jpg"
"2555",7.843915344,1.7621,"P0183","EC_0076.jpg"
"2556",6.296296296,1.7956,"P0183","EC_0184.jpg"
"2557",7.433862434,1.7079,"P0183","EC_0245.jpg"
"2558",10,1.8165,"P0183","EC_0048.jpg"
"2559",6.931216931,1.6737,"P0183","EC_0102.jpg"
"2560",0,2.1709,"P0183","EC_0206.png"
"2561",5.833333333,1.7708,"P0183","EC_0070.jpg"
"2562",6.018518519,1.7885,"P0183","EC_0141.jpg"
"2563",5.925925926,1.6924,"P0183","EC_0236.jpg"
"2564",2.394179894,1.8719,"P0183","EC_0121.jpg"
"2565",4.325396825,1.7109,"P0183","EC_0169.png"
"2566",7.301587302,2.2014,"P0183","EC_0090.jpg"
"2567",5.066137566,9.7725,"P0183","EC_0170.jpg"
"2568",4.074074074,2.2214,"P0183","EC_0176.jpg"
"2569",5.119047619,1.7065,"P0183","EC_0100.jpg"
"2570",3.624338624,1.7399,"P0183","EC_0113.jpg"
"2571",10,2.3608,"P0183","EC_0207.jpg"
"2572",8.703703704,2.0179,"P0183","EC_0051.jpg"
"2573",5.873015873,1.7668,"P0183","EC_0119.jpg"
"2574",3.386243386,1.8385,"P0183","EC_0239.jpg"
"2575",3.148148148,1.8649,"P0183","EC_0028.jpg"
"2576",1.904761905,1.7923,"P0183","EC_0153.jpg"
"2577",3.611111111,2.2125,"P0183","EC_0181.jpg"
"2578",3.677248677,1.7763,"P0183","EC_0163.jpg"
"2579",0.502645503,1.8889,"P0183","EC_0111.jpg"
"2580",3.306878307,1.904,"P0183","EC_0061.jpg"
"2581",2.05026455,1.7898,"P0183","EC_0032.jpg"
"2582",5.767195767,2.0055,"P0183","EC_0044.jpg"
"2583",7.182539683,2.1881,"P0183","EC_0054.jpg"
"2584",7.566137566,1.8203,"P0183","EC_0068.jpg"
"2585",5.925925926,1.7345,"P0183","EC_0165.jpg"
"2586",10,1.8794,"P0183","EC_0174.jpg"
"2587",10,1.9599,"P0183","EC_0235.jpg"
"2588",6.587301587,2.0859,"P0183","EC_0002.jpg"
"2589",4.933862434,2.1157,"P0183","EC_0040.jpg"
"2590",4.404761905,1.9392,"P0183","EC_0031.jpg"
"2591",10,1.7789,"P0183","EC_0082.jpg"
"2592",7.91005291,1.9067,"P0183","EC_0132.jpg"
"2593",2.923280423,1.7237,"P0183","EC_0213.jpg"
"2594",0.687830688,1.6952,"P0183","EC_0019.jpg"
"2595",0,1.8583,"P0183","EC_0124.jpeg"
"2596",6.997354497,1.8063,"P0183","EC_0203.jpg"
"2597",4.378306878,1.6789,"P0183","EC_0250.jpg"
"2598",6.455026455,1.6984,"P0183","EC_0243.jpg"
"2599",7.275132275,1.6372,"P0183","EC_0005.jpg"
"2600",5.886243386,1.7121,"P0183","EC_0009.jpg"
"2601",2.169312169,2.1863,"P0183","EC_0014.jpg"
"2602",1.785714286,1.7091,"P0183","EC_0123.jpeg"
"2603",5.661375661,1.7055,"P0183","EC_0086.jpg"
"2604",7.169312169,2.0448,"P0183","EC_0017.jpg"
"2605",6.494708995,1.7306,"P0183","EC_0016.jpg"
"2606",5.687830688,1.8614,"P0183","EC_0240.jpg"
"2607",5.291005291,1.7677,"P0183","EC_0030.jpg"
"2608",5.436507937,1.8613,"P0183","EC_0094.jpg"
"2609",6.653439153,1.7675,"P0183","EC_0116.jpg"
"2610",2.619047619,1.9666,"P0183","EC_0129.jpeg"
"2611",6.494708995,2.0304,"P0183","EC_0084.jpg"
"2612",6.296296296,1.7622,"P0183","EC_0168.jpeg"
"2613",7.936507937,1.664,"P0183","EC_0188.jpg"
"2614",7.883597884,1.7099,"P0183","EC_0117.jpg"
"2615",8.293650794,2.0374,"P0183","EC_0095.jpg"
"2616",7.354497354,1.7403,"P0183","EC_0087.jpg"
"2617",2.116402116,2.1751,"P0183","EC_0036.jpeg"
"2618",7.367724868,1.9572,"P0183","EC_0199.jpg"
"2619",6.111111111,1.7681,"P0183","EC_0092.jpg"
"2620",1.838624339,2.3495,"P0183","EC_0182.jpg"
"2621",6.071428571,2.5617,"P0183","EC_0205.jpg"
"2622",5.515873016,1.7105,"P0183","EC_0133.jpg"
"2623",5.992063492,1.6189,"P0183","EC_0158.jpg"
"2624",2.076719577,1.8806,"P0183","EC_0171.jpg"
"2625",2.91005291,1.9704,"P0183","EC_0072.jpg"
"2626",5.396825397,1.7958,"P0183","EC_0106.jpg"
"2627",7.566137566,1.7486,"P0183","EC_0080.jpg"
"2628",6.547619048,1.8508,"P0183","EC_0012.jpg"
"2629",3.32010582,1.7823,"P0183","EC_0214.jpg"
"2630",6.67989418,1.9908,"P0183","EC_0029.jpg"
"2631",3.73015873,1.8721,"P0183","EC_0233.jpg"
"2632",0,1.8963,"P0183","EC_0128.jpeg"
"2633",1.865079365,1.6982,"P0183","EC_0071.jpg"
"2634",7.526455026,1.7828,"P0183","EC_0088.jpg"
"2635",0,1.6717,"P0183","EC_0154.jpg"
"2636",10,1.872,"P0183","EC_0060.jpg"
"2637",10,1.9501,"P0183","EC_0138.png"
"2638",6.865079365,2.1368,"P0183","EC_0109.jpg"
"2639",9.126984127,1.8307,"P0183","EC_0232.jpg"
"2640",10,1.7758,"P0183","EC_0059.jpg"
"2641",1.587301587,1.887,"P0183","EC_0039.jpg"
"2642",5.952380952,1.8062,"P0183","EC_0038.jpg"
"2643",5.502645503,1.8385,"P0183","EC_0083.jpg"
"2644",7.12962963,1.8237,"P0183","EC_0093.jpg"
"2645",5.846560847,1.7974,"P0183","EC_0167.jpg"
"2646",6.375661376,1.8855,"P0183","EC_0177.jpg"
"2647",3.306878307,1.8176,"P0183","EC_0064.jpg"
"2648",5.502645503,1.8416,"P0183","EC_0221.jpg"
"2649",10,1.8628,"P0183","EC_0057.jpeg"
"2650",2.142857143,1.7516,"P0183","EC_0069.jpg"
"2651",5.317460317,1.7585,"P0183","EC_0101.jpg"
"2652",7.394179894,1.9178,"P0183","EC_0229.jpg"
"2653",3.015873016,1.9599,"P0183","EC_0241.jpg"
"2654",7.698412698,1.7814,"P0183","EC_0047.jpg"
"2655",7.354497354,2.0562,"P0183","EC_0137.jpg"
"2656",7.433862434,1.7687,"P0183","EC_0242.jpg"
"2657",10,1.8417,"P0183","EC_0244.jpg"
"2658",1.904761905,1.7271,"P0183","EC_0142.jpg"
"2659",10,1.7058,"P0183","EC_0248.jpg"
"2660",2.777777778,1.8588,"P0183","EC_0195.jpg"
"2661",6.415343915,1.7334,"P0183","EC_0139.png"
"2662",6.825396825,1.6064,"P0183","EC_0115.jpg"
"2663",0.621693122,1.8238,"P0183","EC_0024.jpg"
"2664",6.256613757,2.1696,"P0183","EC_0249.jpg"
"2665",6.547619048,1.6712,"P0183","EC_0055.jpg"
"2666",7.5,1.7901,"P0183","EC_0108.jpg"
"2667",0.661375661,1.8515,"P0183","EC_0222.jpg"
"2668",10,1.7512,"P0183","EC_0074.jpg"
"2669",1.825396825,1.7895,"P0183","EC_0131.jpg"
"2670",7.843915344,1.7707,"P0183","EC_0118.jpg"
"2671",0,2.3099,"P0183","EC_0162.jpg"
"2672",0,1.8072,"P0183","EC_0077.jpg"
"2673",0,1.8108,"P0183","EC_0065.jpg"
"2674",2.156084656,1.7696,"P0183","EC_0015.jpg"
"2675",4.775132275,2.1851,"P0183","EC_0049.jpg"
"2676",6.838624339,1.7514,"P0183","EC_0231.jpg"
"2677",0.317460317,1.7752,"P0183","EC_0097.jpg"
"2678",5.965608466,1.7092,"P0183","EC_0150.jpg"
"2679",9.391534392,1.7171,"P0183","EC_0193.png"
"2680",6.349206349,1.7355,"P0183","EC_0081.jpg"
"2681",1.917989418,1.7722,"P0183","EC_0027.jpg"
"2682",0.03968254,1.7244,"P0183","EC_0120.jpg"
"2683",0,1.7194,"P0183","EC_0161.jpg"
"2684",5.806878307,2.0438,"P0183","EC_0164.jpg"
"2685",6.534391534,1.689,"P0183","EC_0172.jpg"
"2686",0,1.7015,"P0183","EC_0148.jpg"
"2687",1.415343915,1.7346,"P0183","EC_0103.jpg"
"2688",6.944444444,1.9974,"P0183","EC_0003.jpg"
"2689",9.14021164,1.742,"P0183","EC_0063.jpg"
"2690",1.984126984,1.6735,"P0183","EC_0238.jpg"
"2691",5.674603175,1.6463,"P0183","EC_0041.jpg"
"2692",7.751322751,1.6793,"P0183","EC_0020.jpg"
"2693",5.37037037,1.8035,"P0183","EC_0013.jpg"
"2694",7.208994709,1.6857,"P0183","EC_0209.jpg"
"2695",6.216931217,1.6167,"P0183","EC_0135.jpg"
"2696",1.574074074,1.7826,"P0183","EC_0237.jpg"
"2697",1.256613757,1.6509,"P0183","EC_0149.jpg"
"2698",2.552910053,1.6216,"P0183","EC_0134.jpg"
"2699",4.325396825,1.9836,"P0183","EC_0223.jpg"
"2700",0,1.7976,"P0183","EC_0105.jpg"
"2701",6.997354497,2.1131,"P0183","EC_0079.jpg"
"2702",1.626984127,1.6751,"P0183","EC_0075.jpg"
"2703",6.732804233,1.8698,"P0183","EC_0227.jpg"
"2704",7.169312169,1.779,"P0183","EC_0247.jpg"
"2705",7.354497354,1.7725,"P0183","EC_0037.jpg"
"2706",3.35978836,1.7654,"P0183","EC_0234.jpg"
"2707",1.67989418,1.7194,"P0183","EC_0085.jpg"
"2708",1.097883598,1.7587,"P0183","EC_0089.jpg"
"2709",8.76984127,2.0018,"P0183","EC_0185.jpg"
"2710",2.037037037,1.8301,"P0183","EC_0066.jpg"
"2711",0,1.7736,"P0183","EC_0226.jpg"
"2712",6.984126984,2.0404,"P0183","EC_0062.jpg"
"2713",5.767195767,1.9081,"P0183","EC_0007.jpg"
"2714",6.26984127,1.7745,"P0183","EC_0046.jpg"
"2715",1.653439153,1.7859,"P0183","EC_0228.jpg"
"2716",5.529100529,2.0573,"P0183","EC_0183.jpg"
"2717",8.042328042,1.6335,"P0183","EC_0073.jpg"
"2718",3.28042328,1.7169,"P0183","EC_0152.jpg"
"2719",0,1.7297,"P0183","EC_0125.jpeg"
"2720",0,1.8269,"P0183","EC_0067.jpg"
"2721",9.404761905,1.8735,"P0183","EC_0058.jpg"
"2722",5.753968254,1.6377,"P0183","EC_0246.jpg"
"2723",0.886243386,1.6447,"P0183","EC_0210.jpg"
"2724",6.970899471,1.7361,"P0183","EC_0098.jpg"
"2725",2.777777778,1.6926,"P0183","EC_0230.jpg"
"2726",6.481481481,1.6373,"P0183","EC_0201.jpg"
"2727",6.878306878,1.638,"P0183","EC_0156.jpg"
"2728",1.375661376,1.6303,"P0183","EC_0159.jpg"
"2729",2.156084656,2.0412,"P0183","EC_0099.jpg"
"2730",1.124338624,1.782,"P0183","EC_0001.jpg"
"2731",8.968253968,5.7159,"P0195","EC_0119.jpg"
"2732",9.060846561,8.536,"P0195","EC_0054.jpg"
"2733",8.029100529,6.0208,"P0195","EC_0201.jpg"
"2734",9.920634921,5.1097,"P0195","EC_0153.jpg"
"2735",0.978835979,4.9045,"P0195","EC_0162.jpg"
"2736",0.952380952,4.704,"P0195","EC_0089.jpg"
"2737",8.981481481,4.0428,"P0195","EC_0177.jpg"
"2738",4.933862434,5.2231,"P0195","EC_0101.jpg"
"2739",8.981481481,5.0343,"P0195","EC_0040.jpg"
"2740",8.981481481,5.3648,"P0195","EC_0195.jpg"
"2741",9.060846561,4.3842,"P0195","EC_0062.jpg"
"2742",9.034391534,4.2616,"P0195","EC_0171.jpg"
"2743",9.021164021,6.9478,"P0195","EC_0196.jpg"
"2744",1.984126984,5.7426,"P0195","EC_0236.jpg"
"2745",7.05026455,4.6903,"P0195","EC_0164.jpg"
"2746",7.989417989,5.6994,"P0195","EC_0170.jpg"
"2747",7.037037037,5.0989,"P0195","EC_0068.jpg"
"2748",0,4.538,"P0195","EC_0247.jpg"
"2749",1.997354497,4.7303,"P0195","EC_0230.jpg"
"2750",8.029100529,4.7527,"P0195","EC_0182.jpg"
"2751",10,5.3361,"P0195","EC_0103.jpg"
"2752",6.904761905,4.5935,"P0195","EC_0207.jpg"
"2753",1.005291005,4.3071,"P0195","EC_0233.jpg"
"2754",8.994708995,4.1686,"P0195","EC_0073.jpg"
"2755",5.899470899,4.0829,"P0195","EC_0109.jpg"
"2756",2.896825397,3.9109,"P0195","EC_0140.jpg"
"2757",8.068783069,4.6463,"P0195","EC_0167.jpg"
"2758",9.074074074,3.9286,"P0195","EC_0157.jpg"
"2759",4.828042328,4.8446,"P0195","EC_0007.jpg"
"2760",8.968253968,3.6919,"P0195","EC_0224.jpg"
"2761",9.034391534,3.836,"P0195","EC_0245.jpg"
"2762",3.822751323,4.2413,"P0195","EC_0185.jpg"
"2763",8.902116402,4.0765,"P0195","EC_0032.jpg"
"2764",8.981481481,5.3006,"P0195","EC_0206.png"
"2765",9.047619048,4.3986,"P0195","EC_0037.jpg"
"2766",9.947089947,4.0057,"P0195","EC_0147.png"
"2767",1.071428571,4.1401,"P0195","EC_0013.jpg"
"2768",2.010582011,3.8499,"P0195","EC_0053.jpg"
"2769",4.880952381,3.8645,"P0195","EC_0050.jpg"
"2770",3.055555556,4.1366,"P0195","EC_0246.jpg"
"2771",1.044973545,4.5556,"P0195","EC_0241.jpg"
"2772",9.021164021,3.8976,"P0195","EC_0154.jpg"
"2773",6.865079365,4.3936,"P0195","EC_0015.jpg"
"2774",6.044973545,4.0547,"P0195","EC_0001.jpg"
"2775",6.984126984,3.9019,"P0195","EC_0098.jpg"
"2776",8.981481481,5.4813,"P0195","EC_0051.jpg"
"2777",0.965608466,3.8853,"P0195","EC_0173.jpg"
"2778",8.955026455,3.4556,"P0195","EC_0100.jpg"
"2779",9.060846561,4.0572,"P0195","EC_0099.jpg"
"2780",3.002645503,6.251,"P0195","EC_0044.jpg"
"2781",0.912698413,4.665,"P0195","EC_0067.jpg"
"2782",7.896825397,5.8408,"P0195","EC_0081.jpg"
"2783",1.005291005,4.7917,"P0195","EC_0161.jpg"
"2784",7.94973545,3.9451,"P0195","EC_0116.jpg"
"2785",8.888888889,3.7981,"P0195","EC_0203.jpg"
"2786",1.931216931,4.3356,"P0195","EC_0088.jpg"
"2787",1.031746032,3.9043,"P0195","EC_0085.jpg"
"2788",1.018518519,4.1059,"P0195","EC_0244.jpg"
"2789",1.970899471,4.2918,"P0195","EC_0183.jpg"
"2790",7.923280423,4.8413,"P0195","EC_0096.jpg"
"2791",9.074074074,3.7983,"P0195","EC_0017.jpg"
"2792",1.970899471,4.2051,"P0195","EC_0019.jpg"
"2793",7.936507937,4.4346,"P0195","EC_0080.jpg"
"2794",5.952380952,5.7332,"P0195","EC_0028.jpg"
"2795",6.944444444,3.6699,"P0195","EC_0132.jpg"
"2796",0.925925926,3.815,"P0195","EC_0090.jpg"
"2797",1.838624339,6.8014,"P0195","EC_0097.jpg"
"2798",6.944444444,6.2562,"P0195","EC_0136.jpg"
"2799",7.896825397,4.2762,"P0195","EC_0141.jpg"
"2800",5.965608466,6.0588,"P0195","EC_0174.jpg"
"2801",9.947089947,6.0073,"P0195","EC_0172.jpg"
"2802",3.055555556,4.815,"P0195","EC_0010.jpg"
"2803",3.902116402,3.8588,"P0195","EC_0014.jpg"
"2804",6.957671958,4.1109,"P0195","EC_0092.jpg"
"2805",9.047619048,6.2968,"P0195","EC_0219.jpg"
"2806",2.896825397,4.6336,"P0195","EC_0214.jpg"
"2807",4.047619048,4.9401,"P0195","EC_0105.jpg"
"2808",1.071428571,4.5901,"P0195","EC_0194.jpg"
"2809",1.970899471,4.4157,"P0195","EC_0134.jpg"
"2810",8.941798942,3.6029,"P0195","EC_0070.jpg"
"2811",6.917989418,3.7737,"P0195","EC_0248.jpg"
"2812",9.96031746,3.5389,"P0195","EC_0057.jpeg"
"2813",1.878306878,4.1762,"P0195","EC_0039.jpg"
"2814",0.992063492,10.097,"P0195","EC_0002.jpg"
"2815",7.962962963,4.4654,"P0195","EC_0008.jpg"
"2816",5.952380952,4.3905,"P0195","EC_0181.jpg"
"2817",9.986772487,4.1644,"P0195","EC_0106.jpg"
"2818",6.005291005,3.4836,"P0195","EC_0156.jpg"
"2819",1.058201058,3.8365,"P0195","EC_0235.jpg"
"2820",1.931216931,5.0081,"P0195","EC_0128.jpeg"
"2821",0,4.1017,"P0195","EC_0027.jpg"
"2822",3.902116402,3.7289,"P0195","EC_0213.jpg"
"2823",8.888888889,4.3396,"P0195","EC_0083.jpg"
"2824",2.103174603,3.6057,"P0195","EC_0180.jpg"
"2825",6.084656085,3.8716,"P0195","EC_0150.jpg"
"2826",0.992063492,4.0995,"P0195","EC_0113.jpg"
"2827",6.005291005,5.9833,"P0195","EC_0063.jpg"
"2828",7.076719577,4.6701,"P0195","EC_0137.jpg"
"2829",4.880952381,5.5463,"P0195","EC_0125.jpeg"
"2830",1.031746032,3.7527,"P0195","EC_0210.jpg"
"2831",9.021164021,4.5225,"P0195","EC_0202.jpg"
"2832",5.952380952,6.5255,"P0195","EC_0076.jpg"
"2833",8.002645503,4.1668,"P0195","EC_0094.jpg"
"2834",8.055555556,4.3064,"P0195","EC_0006.jpg"
"2835",6.812169312,3.7504,"P0195","EC_0061.jpg"
"2836",0.846560847,3.9323,"P0195","EC_0228.jpg"
"2837",6.084656085,4.0987,"P0195","EC_0139.png"
"2838",1.044973545,4.2184,"P0195","EC_0169.png"
"2839",7.010582011,4.6879,"P0195","EC_0163.jpg"
"2840",7.08994709,7.6241,"P0195","EC_0065.jpg"
"2841",9.021164021,4.7234,"P0195","EC_0102.jpg"
"2842",5.978835979,3.976,"P0195","EC_0060.jpg"
"2843",1.904761905,4.0491,"P0195","EC_0159.jpg"
"2844",9.060846561,4.0326,"P0195","EC_0020.jpg"
"2845",6.044973545,4.0176,"P0195","EC_0187.jpeg"
"2846",3.002645503,4.1393,"P0195","EC_0047.jpg"
"2847",0.952380952,3.8309,"P0195","EC_0205.jpg"
"2848",2.936507937,3.9024,"P0195","EC_0118.jpg"
"2849",0.066137566,4.242,"P0195","EC_0148.jpg"
"2850",8.068783069,4.116,"P0195","EC_0229.jpg"
"2851",6.058201058,3.7055,"P0195","EC_0168.jpeg"
"2852",4.034391534,4.1986,"P0195","EC_0117.jpg"
"2853",6.917989418,3.7734,"P0195","EC_0237.jpg"
"2854",7.94973545,4.3604,"P0195","EC_0231.jpg"
"2855",1.018518519,3.8302,"P0195","EC_0193.png"
"2856",0,4.4766,"P0195","EC_0242.jpg"
"2857",1.917989418,4.0469,"P0195","EC_0123.jpeg"
"2858",5.992063492,3.9691,"P0195","EC_0158.jpg"
"2859",9.973544974,3.871,"P0195","EC_0198.jpg"
"2860",7.037037037,4.0486,"P0195","EC_0152.jpg"
"2861",3.822751323,4.3109,"P0195","EC_0243.jpg"
"2862",7.063492063,5.1161,"P0195","EC_0079.jpg"
"2863",8.981481481,3.921,"P0195","EC_0250.jpg"
"2864",7.91005291,5.1595,"P0195","EC_0087.jpg"
"2865",1.957671958,4.3536,"P0195","EC_0034.jpg"
"2866",9.087301587,3.8431,"P0195","EC_0016.jpg"
"2867",4.973544974,4.47,"P0195","EC_0064.jpg"
"2868",6.984126984,4.3879,"P0195","EC_0151.jpg"
"2869",5.052910053,7.3014,"P0195","EC_0199.jpg"
"2870",1.904761905,5.8688,"P0195","EC_0204.jpg"
"2871",0.026455026,4.6591,"P0195","EC_0036.jpeg"
"2872",8.082010582,3.5599,"P0195","EC_0135.jpg"
"2873",8.915343915,4.5989,"P0195","EC_0188.jpg"
"2874",7.989417989,3.9767,"P0195","EC_0234.jpg"
"2875",8.955026455,4.3901,"P0195","EC_0108.jpg"
"2876",1.044973545,3.8045,"P0195","EC_0075.jpg"
"2877",5.978835979,3.952,"P0195","EC_0046.jpg"
"2878",8.134920635,3.7395,"P0195","EC_0197.jpg"
"2879",0.899470899,5.1683,"P0195","EC_0239.jpg"
"2880",4.060846561,4.3384,"P0195","EC_0142.jpg"
"2881",9.986772487,3.6017,"P0195","EC_0074.jpg"
"2882",1.018518519,4.7335,"P0195","EC_0005.jpg"
"2883",1.970899471,4.0101,"P0195","EC_0082.jpg"
"2884",8.055555556,3.9033,"P0195","EC_0222.jpg"
"2885",0.066137566,4.4042,"P0195","EC_0031.jpg"
"2886",8.915343915,3.8415,"P0195","EC_0238.jpg"
"2887",0.952380952,4.1351,"P0195","EC_0029.jpg"
"2888",8.002645503,3.9025,"P0195","EC_0030.jpg"
"2889",8.968253968,4.1278,"P0195","EC_0042.jpg"
"2890",4.074074074,4.055,"P0195","EC_0066.jpg"
"2891",6.984126984,3.9383,"P0195","EC_0056.jpg"
"2892",9.007936508,3.7609,"P0195","EC_0093.jpg"
"2893",8.968253968,3.741,"P0195","EC_0058.jpg"
"2894",2.883597884,4.6695,"P0195","EC_0018.jpg"
"2895",0.978835979,3.739,"P0195","EC_0022.jpg"
"2896",2.91005291,4.0483,"P0195","EC_0048.jpg"
"2897",6.997354497,3.9583,"P0195","EC_0240.jpg"
"2898",0.03968254,5.7012,"P0195","EC_0223.jpg"
"2899",4.100529101,4.2127,"P0195","EC_0226.jpg"
"2900",4.986772487,3.6443,"P0195","EC_0166.jpg"
"2901",0.952380952,3.8486,"P0195","EC_0138.png"
"2902",6.851851852,4.1003,"P0195","EC_0160.jpg"
"2903",5.78042328,4.0937,"P0195","EC_0200.png"
"2904",1.944444444,4.2472,"P0195","EC_0055.jpg"
"2905",0.912698413,4.2417,"P0195","EC_0249.jpg"
"2906",8.994708995,3.7619,"P0195","EC_0133.jpg"
"2907",0.912698413,3.9605,"P0195","EC_0069.jpg"
"2908",9.047619048,3.9823,"P0195","EC_0209.jpg"
"2909",7.962962963,3.6686,"P0195","EC_0072.jpg"
"2910",9.947089947,8.3086,"P0195","EC_0165.jpg"
"2911",9.973544974,3.553,"P0195","EC_0077.jpg"
"2912",3.955026455,4.2417,"P0195","EC_0149.jpg"
"2913",0.912698413,4.2931,"P0195","EC_0111.jpg"
"2914",1.071428571,4.3114,"P0195","EC_0084.jpg"
"2915",1.970899471,3.8884,"P0195","EC_0041.jpg"
"2916",0.912698413,4.4102,"P0195","EC_0033.jpeg"
"2917",0.03968254,5.1724,"P0195","EC_0115.jpg"
"2918",8.015873016,4.1369,"P0195","EC_0038.jpg"
"2919",7.989417989,5.9111,"P0195","EC_0086.jpg"
"2920",7.923280423,4.2225,"P0195","EC_0221.jpg"
"2921",8.955026455,5.5346,"P0195","EC_0120.jpg"
"2922",7.989417989,3.4978,"P0195","EC_0059.jpg"
"2923",0.833333333,4.2737,"P0195","EC_0049.jpg"
"2924",1.904761905,4.3395,"P0195","EC_0024.jpg"
"2925",7.976190476,3.8066,"P0195","EC_0071.jpg"
"2926",3.928571429,3.602,"P0195","EC_0211.jpg"
"2927",1.084656085,3.9967,"P0195","EC_0009.jpg"
"2928",1.878306878,4.2358,"P0195","EC_0011.jpg"
"2929",4.034391534,3.7899,"P0195","EC_0003.jpg"
"2930",7.976190476,4.2193,"P0195","EC_0184.jpg"
"2931",7.010582011,5.3648,"P0195","EC_0232.jpg"
"2932",0.052910053,7.9174,"P0195","EC_0129.jpeg"
"2933",0.992063492,4.0814,"P0195","EC_0095.jpg"
"2934",2.989417989,5.0096,"P0195","EC_0121.jpg"
"2935",8.928571429,4.26,"P0195","EC_0176.jpg"
"2936",1.851851852,4.544,"P0195","EC_0104.jpg"
"2937",1.044973545,5.1502,"P0195","EC_0227.jpg"
"2938",0,5.3756,"P0195","EC_0124.jpeg"
"2939",4.973544974,4.5449,"P0195","EC_0012.jpg"
"2940",8.902116402,4.133,"P0195","EC_0131.jpg"
"2941",6.984126984,6.105,"P0225","EC_0176.jpg"
"2942",3.936507937,6.197,"P0225","EC_0010.jpg"
"2943",9.015873016,5.702,"P0225","EC_0242.jpg"
"2944",1.015873016,5.259,"P0225","EC_0195.jpg"
"2945",7.888888889,6.271,"P0225","EC_0044.jpg"
"2946",8,6.9,"P0225","EC_0164.jpg"
"2947",1.968253968,5.652,"P0225","EC_0219.jpg"
"2948",7.079365079,5.118,"P0225","EC_0237.jpg"
"2949",0.015873016,3.764,"P0225","EC_0209.jpg"
"2950",1.015873016,6.307,"P0225","EC_0232.jpg"
"2951",2,4.704,"P0225","EC_0075.jpg"
"2952",5.047619048,5.514,"P0225","EC_0019.jpg"
"2953",6.031746032,4.001,"P0225","EC_0171.jpg"
"2954",6.968253968,4.834,"P0225","EC_0200.png"
"2955",4.047619048,5.275,"P0225","EC_0097.jpg"
"2956",0.063492063,5.206,"P0225","EC_0013.jpg"
"2957",1.047619048,4.84,"P0225","EC_0081.jpg"
"2958",0.047619048,4.474,"P0225","EC_0228.jpg"
"2959",2.920634921,5.52,"P0225","EC_0182.jpg"
"2960",1.031746032,4.296,"P0225","EC_0042.jpg"
"2961",1.984126984,5.262,"P0225","EC_0204.jpg"
"2962",4.063492063,4.85,"P0225","EC_0098.jpg"
"2963",9.063492063,5.729,"P0225","EC_0180.jpg"
"2964",4.968253968,4.636,"P0225","EC_0234.jpg"
"2965",2.984126984,5.679,"P0225","EC_0027.jpg"
"2966",3,4.305,"P0225","EC_0177.jpg"
"2967",0.984126984,4.499,"P0225","EC_0011.jpg"
"2968",9.968253968,5.761,"P0225","EC_0108.jpg"
"2969",7.904761905,5.848,"P0225","EC_0124.jpeg"
"2970",5.873015873,6.01,"P0225","EC_0099.jpg"
"2971",2.968253968,4.749,"P0225","EC_0030.jpg"
"2972",5.984126984,3.759,"P0225","EC_0047.jpg"
"2973",3.936507937,4.794,"P0225","EC_0240.jpg"
"2974",8.904761905,4.511,"P0225","EC_0115.jpg"
"2975",3.920634921,6.027,"P0225","EC_0007.jpg"
"2976",9.015873016,4.596,"P0225","EC_0022.jpg"
"2977",0.984126984,3.748,"P0225","EC_0017.jpg"
"2978",9.968253968,4.358,"P0225","EC_0092.jpg"
"2979",9.920634921,4.299,"P0225","EC_0106.jpg"
"2980",9,4.844,"P0225","EC_0166.jpg"
"2981",1.111111111,5.246,"P0225","EC_0150.jpg"
"2982",9.984126984,4.881,"P0225","EC_0100.jpg"
"2983",8.968253968,5.251,"P0225","EC_0058.jpg"
"2984",9.015873016,4.358,"P0225","EC_0250.jpg"
"2985",1.936507937,4.116,"P0225","EC_0151.jpg"
"2986",0,4.184,"P0225","EC_0054.jpg"
"2987",7.984126984,7.158,"P0225","EC_0181.jpg"
"2988",0.047619048,3.725,"P0225","EC_0056.jpg"
"2989",8.952380952,5.137,"P0225","EC_0084.jpg"
"2990",8.952380952,5.599,"P0225","EC_0020.jpg"
"2991",4.952380952,4.46,"P0225","EC_0243.jpg"
"2992",5.968253968,4.129,"P0225","EC_0244.jpg"
"2993",4.095238095,4.939,"P0225","EC_0076.jpg"
"2994",5.984126984,4.494,"P0225","EC_0170.jpg"
"2995",9.984126984,3.856,"P0225","EC_0149.jpg"
"2996",7.952380952,3.681,"P0225","EC_0235.jpg"
"2997",0.079365079,4.353,"P0225","EC_0008.jpg"
"2998",5.888888889,4.56,"P0225","EC_0135.jpg"
"2999",1.920634921,4.571,"P0225","EC_0105.jpg"
"3000",0.047619048,4.54,"P0225","EC_0063.jpg"
"3001",9.968253968,3.958,"P0225","EC_0153.jpg"
"3002",9.031746032,3.716,"P0225","EC_0059.jpg"
"3003",9.968253968,5.514,"P0225","EC_0168.jpeg"
"3004",9.841269841,5.045,"P0225","EC_0077.jpg"
"3005",4.015873016,4.567,"P0225","EC_0162.jpg"
"3006",4.142857143,4.198,"P0225","EC_0173.jpg"
"3007",3.015873016,4.855,"P0225","EC_0205.jpg"
"3008",1.952380952,3.516,"P0225","EC_0137.jpg"
"3009",0,4.104,"P0225","EC_0079.jpg"
"3010",7.984126984,5.262,"P0225","EC_0206.png"
"3011",9.904761905,4.357,"P0225","EC_0037.jpg"
"3012",9.015873016,5.04,"P0225","EC_0183.jpg"
"3013",0.968253968,4.023,"P0225","EC_0194.jpg"
"3014",9.952380952,4.559,"P0225","EC_0024.jpg"
"3015",4.984126984,3.788,"P0225","EC_0223.jpg"
"3016",8.015873016,4.896,"P0225","EC_0036.jpeg"
"3017",5.015873016,4.034,"P0225","EC_0239.jpg"
"3018",6.952380952,3.225,"P0225","EC_0193.png"
"3019",0.063492063,3.934,"P0225","EC_0069.jpg"
"3020",9,3.883,"P0225","EC_0202.jpg"
"3021",2.19047619,5.259,"P0225","EC_0018.jpg"
"3022",9.888888889,4.029,"P0225","EC_0103.jpg"
"3023",7.952380952,3.919,"P0225","EC_0230.jpg"
"3024",9.047619048,3.776,"P0225","EC_0039.jpg"
"3025",5.904761905,3.612,"P0225","EC_0109.jpg"
"3026",9.952380952,3.056,"P0225","EC_0073.jpg"
"3027",7,4.287,"P0225","EC_0249.jpg"
"3028",0.031746032,4.936,"P0225","EC_0233.jpg"
"3029",6,3.269,"P0225","EC_0060.jpg"
"3030",1.968253968,5.771,"P0225","EC_0065.jpg"
"3031",0.047619048,4.187,"P0225","EC_0090.jpg"
"3032",4.936507937,4.83,"P0225","EC_0086.jpg"
"3033",8.952380952,4.803,"P0225","EC_0093.jpg"
"3034",8,4.114,"P0225","EC_0118.jpg"
"3035",4.031746032,3.822,"P0225","EC_0116.jpg"
"3036",5.063492063,4.624,"P0225","EC_0231.jpg"
"3037",6.079365079,4.162,"P0225","EC_0071.jpg"
"3038",7.111111111,4.282,"P0225","EC_0009.jpg"
"3039",9.984126984,4.159,"P0225","EC_0062.jpg"
"3040",9.920634921,3.572,"P0225","EC_0034.jpg"
"3041",4.047619048,4.036,"P0225","EC_0174.jpg"
"3042",4.063492063,4.526,"P0225","EC_0156.jpg"
"3043",7.936507937,3.539,"P0225","EC_0038.jpg"
"3044",6.984126984,4.159,"P0225","EC_0201.jpg"
"3045",4.968253968,3.813,"P0225","EC_0199.jpg"
"3046",0.111111111,4.022,"P0225","EC_0134.jpg"
"3047",0.079365079,3.89,"P0225","EC_0131.jpg"
"3048",1,3.331,"P0225","EC_0207.jpg"
"3049",9.936507937,3.038,"P0225","EC_0246.jpg"
"3050",9.873015873,3.894,"P0225","EC_0163.jpg"
"3051",8.079365079,4.936,"P0225","EC_0185.jpg"
"3052",2.936507937,3.062,"P0225","EC_0210.jpg"
"3053",0.063492063,3.743,"P0225","EC_0053.jpg"
"3054",6.063492063,3.571,"P0225","EC_0222.jpg"
"3055",9.984126984,3.533,"P0225","EC_0072.jpg"
"3056",9.920634921,3.732,"P0225","EC_0028.jpg"
"3057",7.952380952,3.588,"P0225","EC_0132.jpg"
"3058",1.063492063,3.614,"P0225","EC_0120.jpg"
"3059",5.015873016,3.497,"P0225","EC_0140.jpg"
"3060",5.920634921,3.774,"P0225","EC_0123.jpeg"
"3061",7.111111111,3.069,"P0225","EC_0048.jpg"
"3062",1.936507937,3.352,"P0225","EC_0133.jpg"
"3063",9.936507937,3.409,"P0225","EC_0245.jpg"
"3064",4.015873016,3.321,"P0225","EC_0159.jpg"
"3065",0.126984127,3.398,"P0225","EC_0001.jpg"
"3066",3.920634921,4.181,"P0225","EC_0247.jpg"
"3067",5.920634921,3.789,"P0225","EC_0016.jpg"
"3068",5.047619048,4.005,"P0225","EC_0196.jpg"
"3069",0.063492063,3.394,"P0225","EC_0227.jpg"
"3070",3.047619048,3.459,"P0225","EC_0211.jpg"
"3071",0.174603175,5.123,"P0225","EC_0033.jpeg"
"3072",3.920634921,5.401,"P0225","EC_0102.jpg"
"3073",1.984126984,3.462,"P0225","EC_0172.jpg"
"3074",2.968253968,4.502,"P0225","EC_0096.jpg"
"3075",5.952380952,3.596,"P0225","EC_0136.jpg"
"3076",8.984126984,3.821,"P0225","EC_0214.jpg"
"3077",0.793650794,4.16,"P0225","EC_0203.jpg"
"3078",8.904761905,3.926,"P0225","EC_0002.jpg"
"3079",7.984126984,3.496,"P0225","EC_0070.jpg"
"3080",9.936507937,3.59,"P0225","EC_0236.jpg"
"3081",3.984126984,3.777,"P0225","EC_0031.jpg"
"3082",9.412698413,5.82,"P0225","EC_0129.jpeg"
"3083",9.968253968,3.758,"P0225","EC_0139.png"
"3084",0.031746032,3.121,"P0225","EC_0012.jpg"
"3085",0.206349206,3.767,"P0225","EC_0032.jpg"
"3086",6.031746032,3.182,"P0225","EC_0119.jpg"
"3087",9.936507937,3.091,"P0225","EC_0074.jpg"
"3088",6.904761905,3.658,"P0225","EC_0061.jpg"
"3089",7.238095238,3.845,"P0225","EC_0049.jpg"
"3090",4.984126984,3.355,"P0225","EC_0046.jpg"
"3091",4.142857143,4.055,"P0225","EC_0238.jpg"
"3092",8.873015873,3.333,"P0225","EC_0221.jpg"
"3093",6.285714286,3.876,"P0225","EC_0128.jpeg"
"3094",4.920634921,3.916,"P0225","EC_0014.jpg"
"3095",5.222222222,3.637,"P0225","EC_0095.jpg"
"3096",3.952380952,3.563,"P0225","EC_0082.jpg"
"3097",3.968253968,3.511,"P0225","EC_0224.jpg"
"3098",6.920634921,3.592,"P0225","EC_0006.jpg"
"3099",1.047619048,3.574,"P0225","EC_0113.jpg"
"3100",5.079365079,3.669,"P0225","EC_0101.jpg"
"3101",9.968253968,4.162,"P0225","EC_0167.jpg"
"3102",0.158730159,3.161,"P0225","EC_0187.jpeg"
"3103",7.079365079,3.189,"P0225","EC_0141.jpg"
"3104",7.793650794,3.37,"P0225","EC_0213.jpg"
"3105",6.079365079,3.49,"P0225","EC_0005.jpg"
"3106",6.968253968,3.242,"P0225","EC_0147.png"
"3107",0.952380952,3.696,"P0225","EC_0085.jpg"
"3108",5.142857143,3.359,"P0225","EC_0158.jpg"
"3109",8.984126984,3.202,"P0225","EC_0197.jpg"
"3110",4.047619048,3.487,"P0225","EC_0148.jpg"
"3111",0.063492063,3.564,"P0225","EC_0041.jpg"
"3112",9.968253968,3.788,"P0225","EC_0051.jpg"
"3113",2.19047619,3.439,"P0225","EC_0066.jpg"
"3114",1.888888889,3.344,"P0225","EC_0188.jpg"
"3115",9,3.929,"P0225","EC_0087.jpg"
"3116",9.984126984,3.533,"P0225","EC_0152.jpg"
"3117",1,4.043,"P0225","EC_0083.jpg"
"3118",1.984126984,3.608,"P0225","EC_0104.jpg"
"3119",6.968253968,4.226,"P0225","EC_0125.jpeg"
"3120",2.920634921,4.533,"P0225","EC_0117.jpg"
"3121",2.873015873,4.228,"P0225","EC_0157.jpg"
"3122",4.968253968,3.575,"P0225","EC_0226.jpg"
"3123",1.952380952,3.362,"P0225","EC_0184.jpg"
"3124",5.904761905,3.461,"P0225","EC_0154.jpg"
"3125",6.253968254,3.948,"P0225","EC_0229.jpg"
"3126",4,4.726,"P0225","EC_0040.jpg"
"3127",1.968253968,3.948,"P0225","EC_0068.jpg"
"3128",0.111111111,4.858,"P0225","EC_0080.jpg"
"3129",9,4.187,"P0225","EC_0165.jpg"
"3130",6.80952381,3.453,"P0225","EC_0142.jpg"
"3131",0.19047619,3.89,"P0225","EC_0111.jpg"
"3132",2.920634921,3.686,"P0225","EC_0064.jpg"
"3133",6.031746032,3.219,"P0225","EC_0089.jpg"
"3134",9.968253968,3.355,"P0225","EC_0057.jpeg"
"3135",4.984126984,3.254,"P0225","EC_0161.jpg"
"3136",5.888888889,4.371,"P0225","EC_0067.jpg"
"3137",0,2.928,"P0225","EC_0055.jpg"
"3138",2.984126984,3.089,"P0225","EC_0015.jpg"
"3139",5.984126984,3.185,"P0225","EC_0160.jpg"
"3140",5.936507937,4.063,"P0225","EC_0121.jpg"
"3141",8.063492063,3.717,"P0225","EC_0248.jpg"
"3142",6.920634921,3.134,"P0225","EC_0003.jpg"
"3143",9.920634921,3.438,"P0225","EC_0198.jpg"
"3144",4.952380952,5.088,"P0225","EC_0094.jpg"
"3145",0.126984127,2.881,"P0225","EC_0088.jpg"
"3146",2.984126984,3.656,"P0225","EC_0169.png"
"3147",7,3.015,"P0225","EC_0050.jpg"
"3148",9.936507937,2.987,"P0225","EC_0029.jpg"
"3149",5.857142857,3.226,"P0225","EC_0138.png"
"3150",6.920634921,3.248,"P0225","EC_0241.jpg"
"3151",9.955976601,2.9284,"P0251","EC_0060.jpg"
"3152",7.959338376,4.2122,"P0251","EC_0207.jpg"
"3153",7.972560828,6.4059,"P0251","EC_0066.jpg"
"3154",4.997436442,3.3041,"P0251","EC_0245.jpg"
"3155",3.979282199,3.0958,"P0251","EC_0173.jpg"
"3156",7.932892019,3.3155,"P0251","EC_0003.jpg"
"3157",4.997436442,3.1275,"P0251","EC_0236.jpg"
"3158",1.929751986,3.2164,"P0251","EC_0095.jpg"
"3159",5.989143602,5.0676,"P0251","EC_0013.jpg"
"3160",9.916309244,6.1469,"P0251","EC_0041.jpg"
"3161",0.990935361,4.2282,"P0251","EC_0076.jpg"
"3162",5.936253794,3.6541,"P0251","EC_0199.jpg"
"3163",6.994074667,4.9653,"P0251","EC_0030.jpg"
"3164",3.979282199,3.7155,"P0251","EC_0056.jpg"
"3165",5.962698698,3.0296,"P0251","EC_0137.jpg"
"3166",4.970990085,4.0173,"P0251","EC_0029.jpg"
"3167",3.979282199,2.8786,"P0251","EC_0243.jpg"
"3168",4.970990085,5.1139,"P0251","EC_0072.jpg"
"3169",4.018951008,4.4498,"P0251","EC_0241.jpg"
"3170",6.994074667,2.6106,"P0251","EC_0010.jpg"
"3171",1.956197617,2.979,"P0251","EC_0134.jpg"
"3172",8.012229637,3.2627,"P0251","EC_0219.jpg"
"3173",5.962698698,2.9608,"P0251","EC_0174.jpg"
"3174",3.027242395,3.1575,"P0251","EC_0158.jpg"
"3175",1.043825896,3.6999,"P0251","EC_0016.jpg"
"3176",8.977491893,3.4449,"P0251","EC_0067.jpg"
"3177",8.012229637,2.9187,"P0251","EC_0113.jpg"
"3178",1.929751986,3.4584,"P0251","EC_0084.jpg"
"3179",7.959338376,2.9624,"P0251","EC_0057.jpeg"
"3180",7.020521025,2.8109,"P0251","EC_0200.png"
"3181",1.9958657,3.2373,"P0251","EC_0147.png"
"3182",4.918098824,2.6292,"P0251","EC_0160.jpg"
"3183",3.093356109,2.7931,"P0251","EC_0232.jpg"
"3184",2.934683051,2.8926,"P0251","EC_0062.jpg"
"3185",4.018951008,3.1763,"P0251","EC_0121.jpg"
"3186",5.962698698,3.4765,"P0251","EC_0156.jpg"
"3187",5.962698698,2.4759,"P0251","EC_0250.jpg"
"3188",5.076772608,3.5223,"P0251","EC_0074.jpg"
"3189",5.962698698,4.0178,"P0251","EC_0044.jpg"
"3190",9.969199053,5.2151,"P0251","EC_0038.jpg"
"3191",6.927960954,5.4481,"P0251","EC_0020.jpg"
"3192",2.90823742,3.1641,"P0251","EC_0151.jpg"
"3193",2.961128682,3.2272,"P0251","EC_0088.jpg"
"3194",4.98421399,2.8356,"P0251","EC_0166.jpg"
"3195",3.939614116,3.1786,"P0251","EC_0157.jpg"
"3196",8.964269441,3.5288,"P0251","EC_0079.jpg"
"3197",5.010658895,6.1332,"P0251","EC_0087.jpg"
"3198",3.966059747,5.0647,"P0251","EC_0168.jpeg"
"3199",5.936253794,3.6844,"P0251","EC_0028.jpg"
"3200",2.987574312,5.3819,"P0251","EC_0024.jpg"
"3201",7.999005732,2.7666,"P0251","EC_0228.jpg"
"3202",0.845484755,3.4661,"P0251","EC_0100.jpg"
"3203",4.918098824,4.9646,"P0251","EC_0242.jpg"
"3204",3.952836568,5.148,"P0251","EC_0233.jpg"
"3205",8.012229637,2.5523,"P0251","EC_0177.jpg"
"3206",2.141316306,3.6628,"P0251","EC_0054.jpg"
"3207",9.916309244,2.47,"P0251","EC_0006.jpg"
"3208",2.947905503,2.9515,"P0251","EC_0124.jpeg"
"3209",6.042034864,2.6459,"P0251","EC_0058.jpg"
"3210",5.97592115,3.0625,"P0251","EC_0138.png"
"3211",4.03217346,3.4295,"P0251","EC_0202.jpg"
"3212",1.929751986,4.6464,"P0251","EC_0183.jpg"
"3213",0.924820921,3.1744,"P0251","EC_0051.jpg"
"3214",2.974351134,3.2883,"P0251","EC_0229.jpg"
"3215",8.951045536,5.2083,"P0251","EC_0082.jpg"
"3216",4.944545181,2.8957,"P0251","EC_0238.jpg"
"3217",7.007298572,2.8961,"P0251","EC_0007.jpg"
"3218",1.863638272,2.6603,"P0251","EC_0119.jpg"
"3219",4.970990085,3.0532,"P0251","EC_0213.jpg"
"3220",1.929751986,2.4604,"P0251","EC_0017.jpg"
"3221",1.823970189,2.3037,"P0251","EC_0198.jpg"
"3222",4.878431467,2.4332,"P0251","EC_0105.jpg"
"3223",8.104788256,3.9973,"P0251","EC_0152.jpg"
"3224",5.923029889,3.9506,"P0251","EC_0169.png"
"3225",8.898154274,2.4935,"P0251","EC_0117.jpg"
"3226",2.035534509,4.2556,"P0251","EC_0180.jpg"
"3227",0.05211801,5.6239,"P0251","EC_0235.jpg"
"3228",6.002367507,3.1986,"P0251","EC_0085.jpg"
"3229",7.959338376,2.9289,"P0251","EC_0032.jpg"
"3230",6.954407311,5.4978,"P0251","EC_0128.jpeg"
"3231",1.85041582,3.9141,"P0251","EC_0172.jpg"
"3232",5.896584984,2.6291,"P0251","EC_0069.jpg"
"3233",0.990935361,4.0643,"P0251","EC_0133.jpg"
"3234",2.921460599,3.5279,"P0251","EC_0135.jpg"
"3235",5.010658895,2.7681,"P0251","EC_0015.jpg"
"3236",6.86184724,6.5391,"P0251","EC_0132.jpg"
"3237",8.964269441,3.6492,"P0251","EC_0033.jpeg"
"3238",3.979282199,3.061,"P0251","EC_0193.png"
"3239",6.901516049,4.843,"P0251","EC_0071.jpg"
"3240",1.057049075,2.9449,"P0251","EC_0036.jpeg"
"3241",2.088425771,3.6612,"P0251","EC_0002.jpg"
"3242",4.944545181,2.8041,"P0251","EC_0104.jpg"
"3243",3.027242395,3.4281,"P0251","EC_0149.jpg"
"3244",7.866778305,2.6532,"P0251","EC_0092.jpg"
"3245",2.987574312,3.3783,"P0251","EC_0080.jpg"
"3246",0.924820921,2.7859,"P0251","EC_0055.jpg"
"3247",4.825540205,2.7271,"P0251","EC_0165.jpg"
"3248",6.650283646,2.3323,"P0251","EC_0209.jpg"
"3249",5.063550156,3.596,"P0251","EC_0115.jpg"
"3250",4.970990085,2.961,"P0251","EC_0182.jpg"
"3251",5.923029889,3.1588,"P0251","EC_0163.jpg"
"3252",2.088425771,2.943,"P0251","EC_0031.jpg"
"3253",7.999005732,3.7605,"P0251","EC_0108.jpg"
"3254",1.837192641,3.0625,"P0251","EC_0123.jpeg"
"3255",3.199138632,3.613,"P0251","EC_0001.jpg"
"3256",7.113079643,3.1335,"P0251","EC_0221.jpg"
"3257",0.911598469,2.5446,"P0251","EC_0195.jpg"
"3258",2.881791789,3.1187,"P0251","EC_0097.jpg"
"3259",2.974351134,3.486,"P0251","EC_0237.jpg"
"3260",9.916309244,3.0418,"P0251","EC_0037.jpg"
"3261",2.02231133,2.6123,"P0251","EC_0211.jpg"
"3262",6.980852215,2.4713,"P0251","EC_0194.jpg"
"3263",0.078563641,2.8369,"P0251","EC_0187.jpeg"
"3264",6.980852215,3.4292,"P0251","EC_0170.jpg"
"3265",5.936253794,3.7985,"P0251","EC_0042.jpg"
"3266",0.938044099,3.1792,"P0251","EC_0206.png"
"3267",5.936253794,2.8781,"P0251","EC_0167.jpg"
"3268",1.136385241,3.196,"P0251","EC_0240.jpg"
"3269",0.924820921,2.6447,"P0251","EC_0150.jpg"
"3270",0.96448973,3.0095,"P0251","EC_0222.jpg"
"3271",1.083494706,3.1305,"P0251","EC_0090.jpg"
"3272",0.038895558,3.5096,"P0251","EC_0103.jpg"
"3273",3.966059747,2.4533,"P0251","EC_0118.jpg"
"3274",2.048756961,2.5293,"P0251","EC_0061.jpg"
"3275",0.885152838,2.3915,"P0251","EC_0075.jpg"
"3276",1.890083903,2.816,"P0251","EC_0047.jpg"
"3277",6.002367507,2.9444,"P0251","EC_0065.jpg"
"3278",1.956197617,2.879,"P0251","EC_0086.jpg"
"3279",9.903085339,3.1988,"P0251","EC_0214.jpg"
"3280",2.167761937,2.5453,"P0251","EC_0196.jpg"
"3281",3.966059747,2.9611,"P0251","EC_0164.jpg"
"3282",2.154539484,2.8867,"P0251","EC_0014.jpg"
"3283",4.018951008,2.7956,"P0251","EC_0096.jpg"
"3284",8.990714345,2.5665,"P0251","EC_0205.jpg"
"3285",2.180985115,2.4156,"P0251","EC_0230.jpg"
"3286",0.131454902,2.5119,"P0251","EC_0048.jpg"
"3287",6.901516049,3.1791,"P0251","EC_0188.jpg"
"3288",2.868569337,2.727,"P0251","EC_0201.jpg"
"3289",5.023881347,2.5859,"P0251","EC_0059.jpg"
"3290",1.149608419,4.6211,"P0251","EC_0111.jpg"
"3291",8.765926847,2.6277,"P0251","EC_0063.jpg"
"3292",5.023881347,2.5939,"P0251","EC_0231.jpg"
"3293",1.982643247,2.4956,"P0251","EC_0136.jpg"
"3294",1.876860724,2.8301,"P0251","EC_0068.jpg"
"3295",0.091786093,2.6813,"P0251","EC_0184.jpg"
"3296",1.916529534,3.5631,"P0251","EC_0248.jpg"
"3297",0.96448973,2.7789,"P0251","EC_0153.jpg"
"3298",3.966059747,3.2124,"P0251","EC_0120.jpg"
"3299",3.979282199,2.9293,"P0251","EC_0181.jpg"
"3300",6.941183406,2.4611,"P0251","EC_0109.jpg"
"3301",0.977712182,3.2111,"P0251","EC_0226.jpg"
"3302",7.946114471,2.5938,"P0251","EC_0064.jpg"
"3303",4.085064722,2.4689,"P0251","EC_0246.jpg"
"3304",5.97592115,2.5706,"P0251","EC_0106.jpg"
"3305",2.961128682,2.5441,"P0251","EC_0223.jpg"
"3306",2.088425771,2.8189,"P0251","EC_0204.jpg"
"3307",6.980852215,2.8122,"P0251","EC_0239.jpg"
"3308",2.947905503,3.0606,"P0251","EC_0247.jpg"
"3309",2.009088878,2.3701,"P0251","EC_0101.jpg"
"3310",2.947905503,3.9141,"P0251","EC_0249.jpg"
"3311",7.046965929,2.7777,"P0251","EC_0018.jpg"
"3312",4.137955984,2.4366,"P0251","EC_0034.jpg"
"3313",1.81074701,2.6762,"P0251","EC_0009.jpg"
"3314",1.916529534,2.5068,"P0251","EC_0049.jpg"
"3315",1.890083903,3.0457,"P0251","EC_0053.jpg"
"3316",1.85041582,3.4185,"P0251","EC_0161.jpg"
"3317",3.185915454,2.8782,"P0251","EC_0131.jpg"
"3318",3.040465574,2.9513,"P0251","EC_0244.jpg"
"3319",0.012449927,5.5227,"P0251","EC_0185.jpg"
"3320",6.888293597,2.5772,"P0251","EC_0139.png"
"3321",1.704965213,2.5598,"P0251","EC_0140.jpg"
"3322",1.334727109,2.5528,"P0251","EC_0142.jpg"
"3323",1.043825896,2.6951,"P0251","EC_0012.jpg"
"3324",1.202499681,3.7181,"P0251","EC_0203.jpg"
"3325",7.098535911,2.4255,"P0251","EC_0099.jpg"
"3326",3.815484332,2.3948,"P0251","EC_0210.jpg"
"3327",7.926694105,2.4127,"P0251","EC_0197.jpg"
"3328",4.968988589,3.5491,"P0251","EC_0098.jpg"
"3329",1.050030609,2.2997,"P0251","EC_0227.jpg"
"3330",2.957749814,2.3963,"P0251","EC_0116.jpg"
"3331",6.98022899,2.2668,"P0251","EC_0234.jpg"
"3332",3.090846521,2.2792,"P0251","EC_0011.jpg"
"3333",1.064818771,2.3482,"P0251","EC_0224.jpg"
"3334",0.931722063,2.1122,"P0251","EC_0027.jpg"
"3335",2.070438971,2.6465,"P0251","EC_0125.jpeg"
"3336",6.921074717,2.6075,"P0251","EC_0102.jpg"
"3337",4.022523474,2.5626,"P0251","EC_0093.jpg"
"3338",8.118945086,2.4301,"P0251","EC_0081.jpg"
"3339",3.238732203,2.2629,"P0251","EC_0022.jpg"
"3340",5.885877381,4.2342,"P0251","EC_0083.jpg"
"3341",8.725274351,3.9662,"P0251","EC_0073.jpg"
"3342",6.935862879,2.3453,"P0251","EC_0019.jpg"
"3343",1.892976153,3.3465,"P0251","EC_0094.jpg"
"3344",6.018974088,2.5122,"P0251","EC_0154.jpg"
"3345",2.11480427,2.5122,"P0251","EC_0171.jpg"
"3346",0.133141818,6.0659,"P0251","EC_0077.jpg"
"3347",0.014834085,2.7644,"P0251","EC_0159.jpg"
"3348",1.020453473,2.5313,"P0251","EC_0089.jpg"
"3349",3.963370014,3.3805,"P0251","EC_0050.jpg"
"3350",4.998566538,2.3503,"P0251","EC_0070.jpg"
"3351",1.035241635,2.6298,"P0251","EC_0162.jpg"
"3352",8.118945086,2.3287,"P0251","EC_0008.jpg"
"3353",0.857779629,2.6981,"P0251","EC_0005.jpg"
"3354",4.066889585,2.5961,"P0251","EC_0039.jpg"
"3355",6.092916523,2.7332,"P0251","EC_0148.jpg"
"3356",0.902144927,2.6633,"P0251","EC_0129.jpeg"
"3357",3.031692248,2.512,"P0251","EC_0141.jpg"
"3358",3.963370014,2.7124,"P0251","EC_0040.jpg"
"3359",7.039383263,2.8625,"P0251","EC_0046.jpg"
"3360",1.123973044,2.328,"P0251","EC_0176.jpg"
"3361",2.995512341,4.5659,"P0252","EC_0140.jpg"
"3362",7.049364248,3.7658,"P0252","EC_0150.jpg"
"3363",9.996260284,3.7913,"P0252","EC_0029.jpg"
"3364",9.966342558,4.1048,"P0252","EC_0163.jpg"
"3365",8.006731488,4.105,"P0252","EC_0073.jpg"
"3366",1.978309648,5.5704,"P0252","EC_0022.jpg"
"3367",5.972326103,5.2219,"P0252","EC_0249.jpg"
"3368",7.019446522,4.9706,"P0252","EC_0093.jpg"
"3369",3.878085266,5.2207,"P0252","EC_0113.jpg"
"3370",8.051608078,3.3549,"P0252","EC_0168.jpeg"
"3371",6.95961107,3.8435,"P0252","EC_0053.jpg"
"3372",9.966342558,5.8384,"P0252","EC_0033.jpeg"
"3373",6.974569933,5.1158,"P0252","EC_0137.jpg"
"3374",5,4.7138,"P0252","EC_0081.jpg"
"3375",9.906507105,3.839,"P0252","EC_0209.jpg"
"3376",6.017202693,4.4869,"P0252","EC_0050.jpg"
"3377",5,4.2486,"P0252","EC_0197.jpg"
"3378",8.036649215,3.3684,"P0252","EC_0070.jpg"
"3379",1.035901272,4.2874,"P0252","EC_0069.jpg"
"3380",0.033657442,4.0534,"P0252","EC_0128.jpeg"
"3381",4.970082274,4.4658,"P0252","EC_0072.jpg"
"3382",0.048616305,5.8989,"P0252","EC_0183.jpg"
"3383",8.934181002,4.3055,"P0252","EC_0009.jpg"
"3384",3.952879581,4.3039,"P0252","EC_0106.jpg"
"3385",9.936424832,5.0037,"P0252","EC_0120.jpg"
"3386",9.936424832,4.2834,"P0252","EC_0032.jpg"
"3387",9.008975318,4.2647,"P0252","EC_0002.jpg"
"3388",5.987284966,4.2547,"P0252","EC_0003.jpg"
"3389",8.036649215,3.4702,"P0252","EC_0246.jpg"
"3390",5.972326103,4.7733,"P0252","EC_0048.jpg"
"3391",8.006731488,21.4928,"P0252","EC_0017.jpg"
"3392",0.018698579,3.4799,"P0252","EC_0071.jpg"
"3393",8.979057592,64.3552,"P0252","EC_0138.png"
"3394",4.955123411,3.2681,"P0252","EC_0132.jpg"
"3395",4.985041137,3.864,"P0252","EC_0056.jpg"
"3396",0.018698579,5.7832,"P0252","EC_0042.jpg"
"3397",6.032161556,4.667,"P0252","EC_0237.jpg"
"3398",8.006731488,5.2139,"P0252","EC_0118.jpg"
"3399",2.995512341,6.3136,"P0252","EC_0170.jpg"
"3400",3.937920718,3.6673,"P0252","EC_0213.jpg"
"3401",0.976065819,3.3742,"P0252","EC_0036.jpeg"
"3402",8.994016455,3.3575,"P0252","EC_0092.jpg"
"3403",9.966342558,5.1917,"P0252","EC_0061.jpg"
"3404",4.970082274,3.5016,"P0252","EC_0046.jpg"
"3405",7.857142857,3.4745,"P0252","EC_0010.jpg"
"3406",7.946896036,5.0339,"P0252","EC_0234.jpg"
"3407",9.981301421,4.6085,"P0252","EC_0103.jpg"
"3408",9.921465969,3.7714,"P0252","EC_0235.jpg"
"3409",9.966342558,3.6211,"P0252","EC_0008.jpg"
"3410",4.012715034,5.6715,"P0252","EC_0201.jpg"
"3411",0.961106956,6.3449,"P0252","EC_0247.jpg"
"3412",6.989528796,4.6014,"P0252","EC_0162.jpg"
"3413",9.008975318,3.7924,"P0252","EC_0074.jpg"
"3414",6.91473448,4.5515,"P0252","EC_0062.jpg"
"3415",7.976813762,4.4085,"P0252","EC_0015.jpg"
"3416",9.981301421,3.3949,"P0252","EC_0172.jpg"
"3417",7.064323111,16.5302,"P0252","EC_0028.jpg"
"3418",0.048616305,4.5561,"P0252","EC_0142.jpg"
"3419",6.974569933,3.8086,"P0252","EC_0080.jpg"
"3420",8.994016455,3.9847,"P0252","EC_0079.jpg"
"3421",4.985041137,3.1187,"P0252","EC_0158.jpg"
"3422",4.985041137,3.14,"P0252","EC_0187.jpeg"
"3423",7.034405385,3.3438,"P0252","EC_0040.jpg"
"3424",2.023186238,3.2181,"P0252","EC_0171.jpg"
"3425",9.921465969,3.8061,"P0252","EC_0030.jpg"
"3426",4.955123411,3.3709,"P0252","EC_0075.jpg"
"3427",8.021690352,3.8842,"P0252","EC_0233.jpg"
"3428",8.006731488,3.8123,"P0252","EC_0228.jpg"
"3429",3.025430067,3.6459,"P0252","EC_0086.jpg"
"3430",0.048616305,4.3612,"P0252","EC_0129.jpeg"
"3431",5,4.0989,"P0252","EC_0006.jpg"
"3432",6.989528796,3.2488,"P0252","EC_0109.jpg"
"3433",7.91697831,4.0482,"P0252","EC_0018.jpg"
"3434",0.018698579,3.5695,"P0252","EC_0154.jpg"
"3435",9.951383695,6.5029,"P0252","EC_0057.jpeg"
"3436",4.970082274,3.5973,"P0252","EC_0165.jpg"
"3437",8.081525804,3.7486,"P0252","EC_0205.jpg"
"3438",8.949139865,3.168,"P0252","EC_0185.jpg"
"3439",0.063575168,4.222,"P0252","EC_0199.jpg"
"3440",4.985041137,4.0861,"P0252","EC_0095.jpg"
"3441",5,3.2327,"P0252","EC_0245.jpg"
"3442",0.048616305,3.7316,"P0252","EC_0227.jpg"
"3443",9.951383695,9.3805,"P0252","EC_0123.jpeg"
"3444",8.979057592,3.3497,"P0252","EC_0223.jpg"
"3445",4.985041137,3.4529,"P0252","EC_0011.jpg"
"3446",9.906507105,4.219,"P0252","EC_0065.jpg"
"3447",2.950635752,3.4193,"P0252","EC_0231.jpg"
"3448",1.963350785,3.6223,"P0252","EC_0027.jpg"
"3449",9.038893044,3.5766,"P0252","EC_0084.jpg"
"3450",7.961854899,58.1885,"P0252","EC_0094.jpg"
"3451",8.051608078,9.7037,"P0252","EC_0136.jpg"
"3452",8.934181002,4.1888,"P0252","EC_0115.jpg"
"3453",5.044876589,5.7209,"P0252","EC_0116.jpg"
"3454",9.891548242,4.2707,"P0252","EC_0104.jpg"
"3455",5.029917726,3.5568,"P0252","EC_0108.jpg"
"3456",8.979057592,3.5433,"P0252","EC_0088.jpg"
"3457",0.976065819,3.9729,"P0252","EC_0161.jpg"
"3458",5.014958863,3.1113,"P0252","EC_0248.jpg"
"3459",8.006731488,3.8547,"P0252","EC_0151.jpg"
"3460",8.979057592,3.5707,"P0252","EC_0083.jpg"
"3461",7.991772625,91.3566,"P0252","EC_0121.jpg"
"3462",6.929693343,3.469,"P0252","EC_0160.jpg"
"3463",8.096484667,3.3877,"P0252","EC_0059.jpg"
"3464",8.979057592,3.3411,"P0252","EC_0037.jpg"
"3465",0.946148093,3.4551,"P0252","EC_0148.jpg"
"3466",9.008975318,4.2769,"P0252","EC_0157.jpg"
"3467",3.937920718,3.0725,"P0252","EC_0224.jpg"
"3468",9.966342558,4.0557,"P0252","EC_0014.jpg"
"3469",7.991772625,4.0817,"P0252","EC_0039.jpg"
"3470",1.933433059,11.6087,"P0252","EC_0090.jpg"
"3471",0.033657442,4.8401,"P0252","EC_0111.jpg"
"3472",5.95736724,4.1064,"P0252","EC_0064.jpg"
"3473",7.991772625,4.251,"P0252","EC_0117.jpg"
"3474",2.920718025,5.7558,"P0252","EC_0242.jpg"
"3475",5.014958863,3.2329,"P0252","EC_0250.jpg"
"3476",5,3.2014,"P0252","EC_0119.jpg"
"3477",2.038145101,3.9993,"P0252","EC_0214.jpg"
"3478",4.985041137,3.3181,"P0252","EC_0133.jpg"
"3479",6.91473448,3.2495,"P0252","EC_0135.jpg"
"3480",8.994016455,3.1875,"P0252","EC_0024.jpg"
"3481",7.976813762,3.5853,"P0252","EC_0085.jpg"
"3482",9.951383695,3.6557,"P0252","EC_0206.png"
"3483",8.994016455,5.6008,"P0252","EC_0243.jpg"
"3484",8.006731488,5.7484,"P0252","EC_0152.jpg"
"3485",8.021690352,4.4687,"P0252","EC_0169.png"
"3486",9.023934181,3.3321,"P0252","EC_0141.jpg"
"3487",3.967838444,3.9816,"P0252","EC_0012.jpg"
"3488",4.985041137,5.6869,"P0252","EC_0166.jpg"
"3489",8.036649215,8.3117,"P0252","EC_0087.jpg"
"3490",4.970082274,3.5989,"P0252","EC_0101.jpg"
"3491",8.979057592,3.4492,"P0252","EC_0044.jpg"
"3492",5.029917726,3.3322,"P0252","EC_0177.jpg"
"3493",6.95961107,3.766,"P0252","EC_0098.jpg"
"3494",6.002243829,3.6166,"P0252","EC_0067.jpg"
"3495",6.047120419,3.3661,"P0252","EC_0047.jpg"
"3496",2.068062827,4.3814,"P0252","EC_0149.jpg"
"3497",5.059835453,2.9832,"P0252","EC_0147.png"
"3498",0.093492895,3.8003,"P0252","EC_0058.jpg"
"3499",6.989528796,3.7657,"P0252","EC_0203.jpg"
"3500",2.935676889,8.9645,"P0252","EC_0049.jpg"
"3501",4.955123411,3.3696,"P0252","EC_0054.jpg"
"3502",6.974569933,6.2044,"P0252","EC_0051.jpg"
"3503",1.065818998,4.6727,"P0252","EC_0134.jpg"
"3504",7.946896036,3.6818,"P0252","EC_0193.png"
"3505",4.955123411,3.266,"P0252","EC_0016.jpg"
"3506",4.940164547,3.3361,"P0252","EC_0236.jpg"
"3507",6.944652206,3.0656,"P0252","EC_0077.jpg"
"3508",8.021690352,3.3997,"P0252","EC_0229.jpg"
"3509",9.891548242,3.9672,"P0252","EC_0195.jpg"
"3510",5.852655198,5.3138,"P0252","EC_0238.jpg"
"3511",4.895287958,23.7567,"P0252","EC_0068.jpg"
"3512",7.991772625,3.9233,"P0252","EC_0196.jpg"
"3513",0.018698579,6.0024,"P0252","EC_0156.jpg"
"3514",5.014958863,3.531,"P0252","EC_0164.jpg"
"3515",8.051608078,4.5859,"P0252","EC_0063.jpg"
"3516",8.066566941,4.0598,"P0252","EC_0038.jpg"
"3517",4.955123411,3.193,"P0252","EC_0100.jpg"
"3518",8.051608078,3.4346,"P0252","EC_0219.jpg"
"3519",9.023934181,3.4274,"P0252","EC_0173.jpg"
"3520",1.035901272,9.0686,"P0252","EC_0060.jpg"
"3521",6.899775617,3.3285,"P0252","EC_0105.jpg"
"3522",7.976813762,3.3864,"P0252","EC_0096.jpg"
"3523",8.724756918,3.3208,"P0252","EC_0034.jpg"
"3524",4.970082274,3.3191,"P0252","EC_0055.jpg"
"3525",5.029917726,3.4845,"P0252","EC_0031.jpg"
"3526",7.094240838,3.2079,"P0252","EC_0007.jpg"
"3527",1.993268512,4.5647,"P0252","EC_0222.jpg"
"3528",5,3.8731,"P0252","EC_0182.jpg"
"3529",0.063575168,3.7847,"P0252","EC_0153.jpg"
"3530",8.934181002,4.0482,"P0252","EC_0131.jpg"
"3531",2.995512341,4.0666,"P0252","EC_0013.jpg"
"3532",5.897531788,15.8481,"P0252","EC_0241.jpg"
"3533",3.070306657,7.9298,"P0252","EC_0099.jpg"
"3534",6.989528796,2.9996,"P0252","EC_0210.jpg"
"3535",7.961854899,3.1722,"P0252","EC_0066.jpg"
"3536",0.033657442,4.5288,"P0252","EC_0124.jpeg"
"3537",1.918474196,3.6759,"P0252","EC_0226.jpg"
"3538",0.018698579,6.2905,"P0252","EC_0097.jpg"
"3539",2.980553478,4.767,"P0252","EC_0232.jpg"
"3540",7.991772625,4.2342,"P0252","EC_0001.jpg"
"3541",4.970082274,3.285,"P0252","EC_0230.jpg"
"3542",3.025430067,6.0057,"P0252","EC_0180.jpg"
"3543",4.970082274,9.2577,"P0252","EC_0005.jpg"
"3544",0.033657442,5.1503,"P0252","EC_0204.jpg"
"3545",9.038893044,3.7402,"P0252","EC_0207.jpg"
"3546",0.946148093,4.4095,"P0252","EC_0240.jpg"
"3547",7.064323111,5.2669,"P0252","EC_0198.jpg"
"3548",2.935676889,3.2007,"P0252","EC_0202.jpg"
"3549",5.029917726,4.5527,"P0252","EC_0167.jpg"
"3550",1.963350785,48.63,"P0252","EC_0139.png"
"3551",4.925205684,3.2545,"P0252","EC_0020.jpg"
"3552",7.034405385,3.5946,"P0252","EC_0200.png"
"3553",3.922961855,3.1534,"P0252","EC_0019.jpg"
"3554",8.006731488,3.3108,"P0252","EC_0082.jpg"
"3555",0.991024682,3.7015,"P0252","EC_0176.jpg"
"3556",5.014958863,3.2446,"P0252","EC_0159.jpg"
"3557",8.979057592,3.4924,"P0252","EC_0041.jpg"
"3558",9.966342558,4.1346,"P0252","EC_0188.jpg"
"3559",7.064323111,3.0733,"P0252","EC_0194.jpg"
"3560",8.036649215,3.4875,"P0252","EC_0211.jpg"
"3561",8.081525804,177.3326,"P0252","EC_0076.jpg"
"3562",0.033657442,3.88,"P0252","EC_0239.jpg"
"3563",6.944652206,46.2087,"P0252","EC_0102.jpg"
"3564",4.012715034,4.8229,"P0252","EC_0089.jpg"
"3565",6.974569933,3.396,"P0252","EC_0244.jpg"
"3566",1.933433059,4.4054,"P0252","EC_0221.jpg"
"3567",5.014958863,3.1794,"P0252","EC_0181.jpg"
"3568",5,2.8793,"P0252","EC_0174.jpg"
"3569",2.950635752,3.0274,"P0252","EC_0184.jpg"
"3570",0.018698579,4.906,"P0252","EC_0125.jpeg"
"3571",7.513227513,2.963,"P0256","EC_0131.jpg"
"3572",6.23015873,4.644,"P0256","EC_0180.jpg"
"3573",7.896825397,3.941,"P0256","EC_0137.jpg"
"3574",3.955026455,2.555,"P0256","EC_0141.jpg"
"3575",5.013227513,5.887,"P0256","EC_0007.jpg"
"3576",6.917989418,4.242,"P0256","EC_0158.jpg"
"3577",1.957671958,3.012,"P0256","EC_0024.jpg"
"3578",5.978835979,3.869,"P0256","EC_0036.jpeg"
"3579",2.936507937,3.604,"P0256","EC_0147.png"
"3580",7.182539683,3.477,"P0256","EC_0087.jpg"
"3581",9.034391534,4.698,"P0256","EC_0237.jpg"
"3582",5.079365079,5.345,"P0256","EC_0247.jpg"
"3583",10,3.151,"P0256","EC_0169.png"
"3584",1.349206349,3.283,"P0256","EC_0009.jpg"
"3585",8.571428571,3.074,"P0256","EC_0086.jpg"
"3586",7.275132275,9.457,"P0256","EC_0116.jpg"
"3587",7.12962963,2.88,"P0256","EC_0031.jpg"
"3588",8.862433862,2.931,"P0256","EC_0198.jpg"
"3589",10,2.825,"P0256","EC_0057.jpeg"
"3590",8.835978836,6.348,"P0256","EC_0162.jpg"
"3591",7.579365079,2.727,"P0256","EC_0244.jpg"
"3592",4.126984127,2.859,"P0256","EC_0135.jpg"
"3593",2.976190476,10.811,"P0256","EC_0222.jpg"
"3594",6.997354497,3.193,"P0256","EC_0041.jpg"
"3595",8.346560847,4.442,"P0256","EC_0076.jpg"
"3596",5.85978836,4.208,"P0256","EC_0167.jpg"
"3597",8.346560847,2.781,"P0256","EC_0069.jpg"
"3598",8.994708995,3.145,"P0256","EC_0060.jpg"
"3599",8.624338624,3.436,"P0256","EC_0159.jpg"
"3600",9.563492063,3.292,"P0256","EC_0082.jpg"
"3601",1.150793651,2.83,"P0256","EC_0193.png"
"3602",6.600529101,2.685,"P0256","EC_0223.jpg"
"3603",4.722222222,5.506,"P0256","EC_0209.jpg"
"3604",3.624338624,2.742,"P0256","EC_0195.jpg"
"3605",1.23015873,2.983,"P0256","EC_0088.jpg"
"3606",5.132275132,4.7,"P0256","EC_0164.jpg"
"3607",9.047619048,3.56,"P0256","EC_0079.jpg"
"3608",6.746031746,2.659,"P0256","EC_0061.jpg"
"3609",6.693121693,2.826,"P0256","EC_0134.jpg"
"3610",8.558201058,3.567,"P0256","EC_0199.jpg"
"3611",8.968253968,5.423,"P0256","EC_0241.jpg"
"3612",2.526455026,4.991,"P0256","EC_0022.jpg"
"3613",5.992063492,3.476,"P0256","EC_0111.jpg"
"3614",7.566137566,3.422,"P0256","EC_0157.jpg"
"3615",7.037037037,7.465,"P0256","EC_0246.jpg"
"3616",9.814814815,6.346,"P0256","EC_0102.jpg"
"3617",3.253968254,3.423,"P0256","EC_0154.jpg"
"3618",10,2.643,"P0256","EC_0074.jpg"
"3619",8.611111111,14.394,"P0256","EC_0119.jpg"
"3620",4.96031746,4.741,"P0256","EC_0067.jpg"
"3621",5.952380952,3.19,"P0256","EC_0117.jpg"
"3622",8.201058201,2.719,"P0256","EC_0084.jpg"
"3623",6.481481481,2.415,"P0256","EC_0210.jpg"
"3624",10,2.929,"P0256","EC_0077.jpg"
"3625",0.793650794,2.781,"P0256","EC_0028.jpg"
"3626",3.677248677,2.338,"P0256","EC_0097.jpg"
"3627",8.915343915,2.858,"P0256","EC_0188.jpg"
"3628",8.082010582,2.652,"P0256","EC_0093.jpg"
"3629",9.470899471,2.387,"P0256","EC_0046.jpg"
"3630",10,2.465,"P0256","EC_0242.jpg"
"3631",10,2.382,"P0256","EC_0037.jpg"
"3632",8.055555556,3.79,"P0256","EC_0160.jpg"
"3633",9.034391534,2.734,"P0256","EC_0003.jpg"
"3634",2.566137566,2.622,"P0256","EC_0095.jpg"
"3635",4.841269841,2.366,"P0256","EC_0173.jpg"
"3636",8.452380952,2.45,"P0256","EC_0075.jpg"
"3637",2.394179894,2.484,"P0256","EC_0019.jpg"
"3638",6.084656085,2.701,"P0256","EC_0065.jpg"
"3639",1.653439153,3.166,"P0256","EC_0027.jpg"
"3640",6.455026455,2.755,"P0256","EC_0139.png"
"3641",7.579365079,4.422,"P0256","EC_0231.jpg"
"3642",1.084656085,2.893,"P0256","EC_0058.jpg"
"3643",8.518518519,2.873,"P0256","EC_0012.jpg"
"3644",7.354497354,2.381,"P0256","EC_0245.jpg"
"3645",4.880952381,2.456,"P0256","EC_0171.jpg"
"3646",2.222222222,3.068,"P0256","EC_0206.png"
"3647",0.793650794,5.93,"P0256","EC_0005.jpg"
"3648",6.984126984,3.292,"P0256","EC_0226.jpg"
"3649",3.650793651,2.644,"P0256","EC_0118.jpg"
"3650",7.08994709,2.504,"P0256","EC_0239.jpg"
"3651",2.116402116,3.068,"P0256","EC_0049.jpg"
"3652",9.523809524,2.368,"P0256","EC_0073.jpg"
"3653",8.108465608,2.575,"P0256","EC_0200.png"
"3654",10,2.339,"P0256","EC_0120.jpg"
"3655",7.711640212,3.408,"P0256","EC_0196.jpg"
"3656",8.35978836,2.638,"P0256","EC_0090.jpg"
"3657",7.169312169,28.688,"P0256","EC_0050.jpg"
"3658",4.470899471,7.928,"P0256","EC_0238.jpg"
"3659",2.685185185,2.297,"P0256","EC_0115.jpg"
"3660",8.703703704,3.096,"P0256","EC_0051.jpg"
"3661",7.592592593,2.446,"P0256","EC_0202.jpg"
"3662",7.05026455,2.615,"P0256","EC_0101.jpg"
"3663",8.783068783,2.296,"P0256","EC_0132.jpg"
"3664",9.788359788,2.283,"P0256","EC_0001.jpg"
"3665",6.097883598,3.131,"P0256","EC_0170.jpg"
"3666",4.060846561,2.29,"P0256","EC_0048.jpg"
"3667",5.85978836,2.076,"P0256","EC_0017.jpg"
"3668",6.970899471,2.838,"P0256","EC_0219.jpg"
"3669",4.497354497,2.645,"P0256","EC_0013.jpg"
"3670",3.029100529,2.419,"P0256","EC_0194.jpg"
"3671",2.473544974,2.619,"P0256","EC_0113.jpg"
"3672",7.142857143,2.638,"P0256","EC_0133.jpg"
"3673",5.41005291,2.869,"P0256","EC_0152.jpg"
"3674",7.394179894,2.943,"P0256","EC_0197.jpg"
"3675",7.116402116,2.506,"P0256","EC_0083.jpg"
"3676",3.412698413,2.778,"P0256","EC_0071.jpg"
"3677",8.439153439,2.721,"P0256","EC_0038.jpg"
"3678",9.206349206,2.651,"P0256","EC_0149.jpg"
"3679",4.457671958,2.456,"P0256","EC_0213.jpg"
"3680",5.912698413,2.95,"P0256","EC_0047.jpg"
"3681",3.531746032,2.425,"P0256","EC_0039.jpg"
"3682",0.304232804,3.792,"P0256","EC_0129.jpeg"
"3683",8.703703704,3.397,"P0256","EC_0236.jpg"
"3684",8.253968254,2.86,"P0256","EC_0064.jpg"
"3685",5.462962963,2.691,"P0256","EC_0211.jpg"
"3686",5.185185185,3.339,"P0256","EC_0125.jpeg"
"3687",9.285714286,2.896,"P0256","EC_0030.jpg"
"3688",4.748677249,3.032,"P0256","EC_0187.jpeg"
"3689",4.193121693,2.79,"P0256","EC_0055.jpg"
"3690",6.997354497,3.171,"P0256","EC_0103.jpg"
"3691",5.423280423,2.776,"P0256","EC_0204.jpg"
"3692",4.58994709,3.164,"P0256","EC_0163.jpg"
"3693",6.137566138,2.605,"P0256","EC_0248.jpg"
"3694",6.904761905,2.646,"P0256","EC_0224.jpg"
"3695",7.791005291,2.216,"P0256","EC_0161.jpg"
"3696",6.203703704,2.74,"P0256","EC_0227.jpg"
"3697",9.62962963,2.724,"P0256","EC_0177.jpg"
"3698",10,2.761,"P0256","EC_0106.jpg"
"3699",9.523809524,2.761,"P0256","EC_0207.jpg"
"3700",2.857142857,3.305,"P0256","EC_0140.jpg"
"3701",7.552910053,2.679,"P0256","EC_0016.jpg"
"3702",9.470899471,2.568,"P0256","EC_0108.jpg"
"3703",0.674603175,2.958,"P0256","EC_0033.jpeg"
"3704",9.695767196,2.441,"P0256","EC_0044.jpg"
"3705",2.394179894,3.006,"P0256","EC_0165.jpg"
"3706",4.298941799,2.353,"P0256","EC_0166.jpg"
"3707",5.648148148,2.144,"P0256","EC_0168.jpeg"
"3708",4.775132275,2.581,"P0256","EC_0232.jpg"
"3709",3.082010582,3.567,"P0256","EC_0174.jpg"
"3710",6.177248677,2.216,"P0256","EC_0042.jpg"
"3711",5.03968254,2.935,"P0256","EC_0123.jpeg"
"3712",3.531746032,2.591,"P0256","EC_0176.jpg"
"3713",8.664021164,2.832,"P0256","EC_0109.jpg"
"3714",2.5,2.526,"P0256","EC_0040.jpg"
"3715",6.825396825,2.199,"P0256","EC_0243.jpg"
"3716",8.981481481,2.617,"P0256","EC_0063.jpg"
"3717",7.367724868,2.368,"P0256","EC_0015.jpg"
"3718",4.537037037,2.38,"P0256","EC_0240.jpg"
"3719",8.148148148,3.172,"P0256","EC_0181.jpg"
"3720",8.465608466,2.519,"P0256","EC_0104.jpg"
"3721",3.32010582,3.996,"P0256","EC_0080.jpg"
"3722",5.171957672,2.887,"P0256","EC_0100.jpg"
"3723",7.711640212,2.345,"P0256","EC_0089.jpg"
"3724",8.875661376,2.298,"P0256","EC_0008.jpg"
"3725",7.12962963,3.102,"P0256","EC_0183.jpg"
"3726",4.166666667,2.4,"P0256","EC_0002.jpg"
"3727",4.55026455,2.387,"P0256","EC_0094.jpg"
"3728",6.693121693,2.25,"P0256","EC_0054.jpg"
"3729",7.53968254,2.542,"P0256","EC_0136.jpg"
"3730",4.351851852,2.295,"P0256","EC_0121.jpg"
"3731",5.013227513,2.159,"P0256","EC_0148.jpg"
"3732",3.187830688,2.567,"P0256","EC_0010.jpg"
"3733",8.703703704,2.346,"P0256","EC_0233.jpg"
"3734",6.111111111,2.226,"P0256","EC_0011.jpg"
"3735",9.708994709,2.487,"P0256","EC_0070.jpg"
"3736",10,2.436,"P0256","EC_0235.jpg"
"3737",8.492063492,2.778,"P0256","EC_0034.jpg"
"3738",10,2.284,"P0256","EC_0096.jpg"
"3739",3.015873016,2.276,"P0256","EC_0029.jpg"
"3740",7.592592593,2.413,"P0256","EC_0138.png"
"3741",4.801587302,2.263,"P0256","EC_0150.jpg"
"3742",5.806878307,2.247,"P0256","EC_0068.jpg"
"3743",9.113756614,2.361,"P0256","EC_0229.jpg"
"3744",10,2.063,"P0256","EC_0230.jpg"
"3745",6.666666667,2.58,"P0256","EC_0142.jpg"
"3746",7.91005291,2.624,"P0256","EC_0156.jpg"
"3747",4.801587302,2.265,"P0256","EC_0056.jpg"
"3748",5,2.597,"P0256","EC_0105.jpg"
"3749",8.042328042,2.283,"P0256","EC_0249.jpg"
"3750",9.55026455,2.234,"P0256","EC_0205.jpg"
"3751",7.394179894,2.629,"P0256","EC_0151.jpg"
"3752",5.277777778,2.482,"P0256","EC_0153.jpg"
"3753",5.925925926,2.347,"P0256","EC_0201.jpg"
"3754",7.156084656,2.255,"P0256","EC_0099.jpg"
"3755",8.253968254,2.624,"P0256","EC_0182.jpg"
"3756",5.436507937,3.331,"P0256","EC_0018.jpg"
"3757",4.431216931,2.802,"P0256","EC_0066.jpg"
"3758",3.267195767,2.21,"P0256","EC_0203.jpg"
"3759",1.216931217,2.575,"P0256","EC_0214.jpg"
"3760",4.761904762,2.401,"P0256","EC_0228.jpg"
"3761",2.619047619,2.686,"P0256","EC_0059.jpg"
"3762",2.777777778,2.456,"P0256","EC_0062.jpg"
"3763",5.674603175,1.997,"P0256","EC_0092.jpg"
"3764",4.973544974,3.818,"P0256","EC_0128.jpeg"
"3765",2.685185185,2.478,"P0256","EC_0185.jpg"
"3766",4.510582011,3.005,"P0256","EC_0014.jpg"
"3767",6.335978836,2.291,"P0256","EC_0006.jpg"
"3768",6.402116402,51.378,"P0256","EC_0053.jpg"
"3769",2.433862434,2.511,"P0256","EC_0124.jpeg"
"3770",5.489417989,2.687,"P0256","EC_0172.jpg"
"3771",9.880952381,3.457,"P0256","EC_0020.jpg"
"3772",7.87037037,2.047,"P0256","EC_0234.jpg"
"3773",3.558201058,2.438,"P0256","EC_0085.jpg"
"3774",10,2.092,"P0256","EC_0072.jpg"
"3775",4.259259259,2.269,"P0256","EC_0098.jpg"
"3776",0.542328042,2.128,"P0256","EC_0184.jpg"
"3777",2.566137566,2.179,"P0256","EC_0081.jpg"
"3778",7.341269841,2.297,"P0256","EC_0221.jpg"
"3779",9.537037037,2.299,"P0256","EC_0032.jpg"
"3780",6.335978836,2.408,"P0256","EC_0250.jpg"
"3781",8.121693929,4.7521,"P0260","EC_0239.jpg"
"3782",9.126984127,3.1242,"P0260","EC_0123.jpeg"
"3783",5.84656125,2.9568,"P0260","EC_0230.jpg"
"3784",8.108466012,3.1066,"P0260","EC_0233.jpg"
"3785",6.018519326,3.4555,"P0260","EC_0184.jpg"
"3786",7.592592996,3.3972,"P0260","EC_0010.jpg"
"3787",3.597884405,3.537,"P0260","EC_0036.jpeg"
"3788",6.137566945,3.4722,"P0260","EC_0170.jpg"
"3789",8.902116806,2.9906,"P0260","EC_0136.jpg"
"3790",4.1931225,3.2506,"P0260","EC_0176.jpg"
"3791",8.068783472,2.8906,"P0260","EC_0046.jpg"
"3792",5.767196171,5.5461,"P0260","EC_0095.jpg"
"3793",8.148148552,4.0449,"P0260","EC_0102.jpg"
"3794",6.944444444,3.7599,"P0260","EC_0032.jpg"
"3795",6.26984127,2.6559,"P0260","EC_0224.jpg"
"3796",8.34656125,2.2752,"P0260","EC_0089.jpg"
"3797",8.359789167,2.2786,"P0260","EC_0182.jpg"
"3798",4.814815218,2.6001,"P0260","EC_0171.jpg"
"3799",4.933862838,4.3331,"P0260","EC_0037.jpg"
"3800",3.492063492,2.8832,"P0260","EC_0245.jpg"
"3801",9.1931225,2.4828,"P0260","EC_0012.jpg"
"3802",6.084656488,3.182,"P0260","EC_0173.jpg"
"3803",5.013227917,2.5213,"P0260","EC_0187.jpeg"
"3804",2.11640252,3.0329,"P0260","EC_0238.jpg"
"3805",6.77248758,2.8005,"P0260","EC_0180.jpg"
"3806",3.465608869,3.722,"P0260","EC_0232.jpg"
"3807",7.46031746,2.246,"P0260","EC_0049.jpg"
"3808",4.761904762,2.6656,"P0260","EC_0246.jpg"
"3809",2.830688234,3.8819,"P0260","EC_0031.jpg"
"3810",7.764551072,2.8004,"P0260","EC_0068.jpg"
"3811",8.611111111,2.5391,"P0260","EC_0069.jpg"
"3812",7.103174603,3.1384,"P0260","EC_0196.jpg"
"3813",6.137566945,2.3052,"P0260","EC_0117.jpg"
"3814",7.96296377,2.5483,"P0260","EC_0098.jpg"
"3815",9.034392342,2.7221,"P0260","EC_0103.jpg"
"3816",9.140212044,2.6899,"P0260","EC_0133.jpg"
"3817",7.777777778,3.0303,"P0260","EC_0013.jpg"
"3818",5.674603175,2.3906,"P0260","EC_0017.jpg"
"3819",7.129630437,2.2588,"P0260","EC_0248.jpg"
"3820",3.134920635,2.3741,"P0260","EC_0002.jpg"
"3821",3.888888889,2.1412,"P0260","EC_0139.png"
"3822",6.746031746,2.0832,"P0260","EC_0003.jpg"
"3823",4.325396825,2.3913,"P0260","EC_0054.jpg"
"3824",4.986773294,3.316,"P0260","EC_0162.jpg"
"3825",6.719577123,2.0754,"P0260","EC_0121.jpg"
"3826",8.373015873,3.1236,"P0260","EC_0108.jpg"
"3827",3.531746032,2.5915,"P0260","EC_0172.jpg"
"3828",3.478836786,2.6429,"P0260","EC_0209.jpg"
"3829",5.555555556,2.2072,"P0260","EC_0235.jpg"
"3830",0,5.656,"P0260","EC_0033.jpeg"
"3831",6.679894584,3.3205,"P0260","EC_0009.jpg"
"3832",8.399471707,3.2661,"P0260","EC_0234.jpg"
"3833",9.444444444,2.6003,"P0260","EC_0188.jpg"
"3834",5,2.7828,"P0260","EC_0053.jpg"
"3835",6.349206349,2.5649,"P0260","EC_0016.jpg"
"3836",9.31217012,2.9156,"P0260","EC_0074.jpg"
"3837",7.976190476,2.7102,"P0260","EC_0099.jpg"
"3838",1.785714286,2.9823,"P0260","EC_0067.jpg"
"3839",6.666666667,2.7994,"P0260","EC_0073.jpg"
"3840",6.084656488,3.5981,"P0260","EC_0072.jpg"
"3841",5.476190476,3.0327,"P0260","EC_0168.jpeg"
"3842",6.891535199,2.6989,"P0260","EC_0014.jpg"
"3843",2.275132679,4.0159,"P0260","EC_0039.jpg"
"3844",2.791005695,2.6903,"P0260","EC_0161.jpg"
"3845",4.986773294,3.9411,"P0260","EC_0082.jpg"
"3846",2.96296377,2.6573,"P0260","EC_0055.jpg"
"3847",3.796297104,3.1327,"P0260","EC_0219.jpg"
"3848",8.915344723,3.0921,"P0260","EC_0050.jpg"
"3849",0.952380952,4.0067,"P0260","EC_0185.jpg"
"3850",4.325396825,3.6762,"P0260","EC_0236.jpg"
"3851",8.04232885,4.2663,"P0260","EC_0088.jpg"
"3852",6.865079365,3.8007,"P0260","EC_0134.jpg"
"3853",9.074074881,2.7743,"P0260","EC_0231.jpg"
"3854",8.095238095,2.6166,"P0260","EC_0157.jpg"
"3855",1.415344117,3.2323,"P0260","EC_0237.jpg"
"3856",5.343916151,3.6798,"P0260","EC_0150.jpg"
"3857",1.137566339,4.6879,"P0260","EC_0242.jpg"
"3858",6.441799345,2.9689,"P0260","EC_0085.jpg"
"3859",4.27248758,2.3462,"P0260","EC_0197.jpg"
"3860",7.169312977,4.0559,"P0260","EC_0018.jpg"
"3861",9.391535199,3.4912,"P0260","EC_0051.jpg"
"3862",7.301587302,2.8331,"P0260","EC_0116.jpg"
"3863",2.619047619,5.3168,"P0260","EC_0202.jpg"
"3864",6.6931225,4.6582,"P0260","EC_0080.jpg"
"3865",1.984126984,2.2745,"P0260","EC_0115.jpg"
"3866",8.055555556,2.5744,"P0260","EC_0001.jpg"
"3867",6.203704107,2.3581,"P0260","EC_0132.jpg"
"3868",9.285714286,2.5629,"P0260","EC_0210.jpg"
"3869",0.912698413,4.0102,"P0260","EC_0154.jpg"
"3870",0.595238095,2.108,"P0260","EC_0226.jpg"
"3871",6.058201866,1.9901,"P0260","EC_0041.jpg"
"3872",8.108466012,2.1914,"P0260","EC_0042.jpg"
"3873",9.31217012,2.5948,"P0260","EC_0081.jpg"
"3874",5.132275536,2.7795,"P0260","EC_0214.jpg"
"3875",7.526455834,2.3899,"P0260","EC_0008.jpg"
"3876",8.611111111,3.2408,"P0260","EC_0177.jpg"
"3877",9.047619048,3.441,"P0260","EC_0109.jpg"
"3878",9.735450139,2.4917,"P0260","EC_0149.jpg"
"3879",6.851852659,2.2084,"P0260","EC_0104.jpg"
"3880",2.433862838,2.9112,"P0260","EC_0027.jpg"
"3881",6.137566945,2.7782,"P0260","EC_0071.jpg"
"3882",6.865079365,2.6428,"P0260","EC_0019.jpg"
"3883",8.968253968,2.1081,"P0260","EC_0058.jpg"
"3884",1.865079365,3.2745,"P0260","EC_0165.jpg"
"3885",3.333333333,3.2977,"P0260","EC_0151.jpg"
"3886",7.063492063,2.5445,"P0260","EC_0125.jpeg"
"3887",7.949735853,2.2795,"P0260","EC_0077.jpg"
"3888",4.166666667,2.9215,"P0260","EC_0129.jpeg"
"3889",7.751323155,1.8038,"P0260","EC_0174.jpg"
"3890",3.108466012,2.016,"P0260","EC_0141.jpg"
"3891",6.26984127,2.622,"P0260","EC_0048.jpg"
"3892",1.455026657,2.4999,"P0260","EC_0142.jpg"
"3893",8.796297104,2.4487,"P0260","EC_0221.jpg"
"3894",0.648148552,2.867,"P0260","EC_0163.jpg"
"3895",1.26984127,3.0319,"P0260","EC_0201.jpg"
"3896",6.468253968,2.4999,"P0260","EC_0135.jpg"
"3897",7.023809524,3.9798,"P0260","EC_0064.jpg"
"3898",2.883598691,2.4153,"P0260","EC_0061.jpg"
"3899",3.412698413,4.7303,"P0260","EC_0015.jpg"
"3900",7.063492063,3.5035,"P0260","EC_0222.jpg"
"3901",7.53968254,4.0394,"P0260","EC_0137.jpg"
"3902",8.796297104,2.6144,"P0260","EC_0030.jpg"
"3903",6.706349206,3.1236,"P0260","EC_0228.jpg"
"3904",9.61640252,3.3484,"P0260","EC_0020.jpg"
"3905",6.402116806,2.5887,"P0260","EC_0194.jpg"
"3906",6.865079365,2.126,"P0260","EC_0244.jpg"
"3907",3.148148552,2.5734,"P0260","EC_0038.jpg"
"3908",6.415344723,2.196,"P0260","EC_0059.jpg"
"3909",5.740741548,2.0219,"P0260","EC_0119.jpg"
"3910",8.38624379,2.8279,"P0260","EC_0083.jpg"
"3911",8.439154246,2.4832,"P0260","EC_0047.jpg"
"3912",3.888888889,2.9905,"P0260","EC_0204.jpg"
"3913",10,2.7181,"P0260","EC_0044.jpg"
"3914",7.010582818,2.0744,"P0260","EC_0076.jpg"
"3915",6.494709802,1.9795,"P0260","EC_0153.jpg"
"3916",2.433862838,3.1913,"P0260","EC_0240.jpg"
"3917",8.637566945,2.9035,"P0260","EC_0205.jpg"
"3918",10,4.5464,"P0260","EC_0106.jpg"
"3919",1.415344117,4.2747,"P0260","EC_0206.png"
"3920",6.097884405,2.2983,"P0260","EC_0193.png"
"3921",8.280424088,2.6125,"P0260","EC_0079.jpg"
"3922",8.34656125,3.309,"P0260","EC_0097.jpg"
"3923",8.783069187,2.5252,"P0260","EC_0096.jpg"
"3924",6.904761905,2.4742,"P0260","EC_0241.jpg"
"3925",6.216932024,2.9916,"P0260","EC_0181.jpg"
"3926",9.61640252,2.9325,"P0260","EC_0207.jpg"
"3927",7.830688234,2.625,"P0260","EC_0070.jpg"
"3928",3.783069187,2.7397,"P0260","EC_0029.jpg"
"3929",4.933862838,2.98,"P0260","EC_0152.jpg"
"3930",9.021164425,2.5424,"P0260","EC_0243.jpg"
"3931",7.07671998,2.8868,"P0260","EC_0034.jpg"
"3932",6.706349206,3.923,"P0260","EC_0105.jpg"
"3933",3.38624379,3.0216,"P0260","EC_0094.jpg"
"3934",9.126984127,2.7073,"P0260","EC_0167.jpg"
"3935",6.706349206,2.5736,"P0260","EC_0062.jpg"
"3936",5.555555556,2.5388,"P0260","EC_0118.jpg"
"3937",7.394180298,2.3635,"P0260","EC_0156.jpg"
"3938",3.915344723,2.6927,"P0260","EC_0164.jpg"
"3939",6.547619048,2.7535,"P0260","EC_0093.jpg"
"3940",5.383598691,1.9923,"P0260","EC_0159.jpg"
"3941",7.526455834,2.0678,"P0260","EC_0100.jpg"
"3942",7.777777778,3.4288,"P0260","EC_0075.jpg"
"3943",6.494709802,2.2286,"P0260","EC_0086.jpg"
"3944",7.169312977,3.7767,"P0260","EC_0011.jpg"
"3945",9.246031746,2.3445,"P0260","EC_0223.jpg"
"3946",8.240741548,2.1732,"P0260","EC_0087.jpg"
"3947",10,2.774,"P0260","EC_0229.jpg"
"3948",2.791005695,2.7391,"P0260","EC_0113.jpg"
"3949",6.917989822,2.226,"P0260","EC_0250.jpg"
"3950",5.582011389,2.6461,"P0260","EC_0131.jpg"
"3951",5.582011389,2.3609,"P0260","EC_0147.png"
"3952",8.095238095,2.0414,"P0260","EC_0203.jpg"
"3953",1.362434266,2.5397,"P0260","EC_0200.png"
"3954",0.621693324,3.4802,"P0260","EC_0140.jpg"
"3955",1.679894584,2.416,"P0260","EC_0199.jpg"
"3956",0.965608869,3.683,"P0260","EC_0111.jpg"
"3957",8.597884405,4.088,"P0260","EC_0211.jpg"
"3958",5.899471707,2.6884,"P0260","EC_0092.jpg"
"3959",5.992063492,2.5915,"P0260","EC_0160.jpg"
"3960",7.989418393,2.6054,"P0260","EC_0120.jpg"
"3961",3.187831092,3.3972,"P0260","EC_0028.jpg"
"3962",7.195767599,2.9061,"P0260","EC_0024.jpg"
"3963",7.037037441,3.1728,"P0260","EC_0040.jpg"
"3964",2.447090149,2.6598,"P0260","EC_0158.jpg"
"3965",6.613757421,4.2131,"P0260","EC_0195.jpg"
"3966",9.113757421,4.4473,"P0260","EC_0084.jpg"
"3967",7.063492063,2.6551,"P0260","EC_0247.jpg"
"3968",3.00264631,2.4773,"P0260","EC_0056.jpg"
"3969",9.61640252,3.1141,"P0260","EC_0060.jpg"
"3970",3.134920635,2.7891,"P0260","EC_0169.png"
"3971",6.402116806,2.4556,"P0260","EC_0006.jpg"
"3972",6.970900278,2.8471,"P0260","EC_0148.jpg"
"3973",7.11640252,2.9553,"P0260","EC_0063.jpg"
"3974",3.082011389,2.8051,"P0260","EC_0198.jpg"
"3975",8.981481885,3.0136,"P0260","EC_0065.jpg"
"3976",9.497354901,2.7394,"P0260","EC_0090.jpg"
"3977",7.804233612,3.9804,"P0260","EC_0057.jpeg"
"3978",2.15608506,3.2477,"P0260","EC_0101.jpg"
"3979",3.783069187,3.6078,"P0260","EC_0213.jpg"
"3980",5.185185993,4.1143,"P0260","EC_0249.jpg"
"3981",6.23015873,2.5796,"P0260","EC_0166.jpg"
"3982",3.34656125,2.5143,"P0260","EC_0007.jpg"
"3983",6.825396825,5.2669,"P0260","EC_0128.jpeg"
"3984",2.314815218,4.2629,"P0260","EC_0005.jpg"
"3985",5.608466012,3.3584,"P0260","EC_0138.png"
"3986",8.994709802,3.3657,"P0260","EC_0227.jpg"
"3987",7.685185993,3.0819,"P0260","EC_0066.jpg"
"3988",8.452380952,3.1007,"P0260","EC_0183.jpg"
"3989",8.928571429,3.0509,"P0260","EC_0124.jpeg"
"3990",6.851852659,3.6572,"P0260","EC_0022.jpg"
"3991",6.865079163,5.748,"P0313","EC_0166.jpg"
"3992",6.08465669,3.7987,"P0313","EC_0209.jpg"
"3993",3.994709197,4.9585,"P0313","EC_0076.jpg"
"3994",9.920634517,4.0547,"P0313","EC_0008.jpg"
"3995",7.023809927,3.8934,"P0313","EC_0202.jpg"
"3996",7.989417788,3.7804,"P0313","EC_0199.jpg"
"3997",9.034391534,3.3963,"P0313","EC_0200.png"
"3998",7.989417788,3.7805,"P0313","EC_0160.jpg"
"3999",3.082010582,4.0774,"P0313","EC_0056.jpg"
"4000",4.100529706,3.9966,"P0313","EC_0065.jpg"
"4001",9.021164223,3.2968,"P0313","EC_0109.jpg"
"4002",10,4.459,"P0313","EC_0064.jpg"
"4003",7.949735853,3.7652,"P0313","EC_0051.jpg"
"4004",9.920634517,4.0472,"P0313","EC_0084.jpg"
"4005",3.981481885,4.3027,"P0313","EC_0159.jpg"
"4006",7.923280221,3.1511,"P0313","EC_0001.jpg"
"4007",0.952381154,3.1158,"P0313","EC_0005.jpg"
"4008",2.962962761,3.5718,"P0313","EC_0227.jpg"
"4009",1.98412759,3.3981,"P0313","EC_0053.jpg"
"4010",9.087301789,3.0964,"P0313","EC_0139.png"
"4011",9.973545781,3.548,"P0313","EC_0106.jpg"
"4012",8.98148128,3.9111,"P0313","EC_0093.jpg"
"4013",5.912698615,2.9569,"P0313","EC_0086.jpg"
"4014",10,2.8154,"P0313","EC_0012.jpg"
"4015",8.941799345,2.9394,"P0313","EC_0090.jpg"
"4016",7.010582616,3.1603,"P0313","EC_0182.jpg"
"4017",10,2.7473,"P0313","EC_0108.jpg"
"4018",8.01587342,2.9987,"P0313","EC_0050.jpg"
"4019",6.917989418,3.4627,"P0313","EC_0018.jpg"
"4020",8.095238297,3.8518,"P0313","EC_0105.jpg"
"4021",5.899471303,3.6951,"P0313","EC_0243.jpg"
"4022",9.986772083,2.421,"P0313","EC_0020.jpg"
"4023",4.193121895,5.0837,"P0313","EC_0206.png"
"4024",8.399471505,5.0804,"P0313","EC_0181.jpg"
"4025",6.08465669,4.9648,"P0313","EC_0174.jpg"
"4026",7.989417788,3.2167,"P0313","EC_0103.jpg"
"4027",7.15608506,4.7351,"P0313","EC_0133.jpg"
"4028",9.100529101,4.0317,"P0313","EC_0168.jpeg"
"4029",9.62962963,3.9132,"P0313","EC_0098.jpg"
"4030",2.420634921,3.2187,"P0313","EC_0100.jpg"
"4031",4.153438952,6.227,"P0313","EC_0015.jpg"
"4032",6.984126984,3.4495,"P0313","EC_0121.jpg"
"4033",6.931216729,3.5968,"P0313","EC_0136.jpg"
"4034",9.947091158,3.2636,"P0313","EC_0153.jpg"
"4035",8.042328042,2.816,"P0313","EC_0115.jpg"
"4036",9.907408215,3.3051,"P0313","EC_0014.jpg"
"4037",9.801587705,2.7638,"P0313","EC_0047.jpg"
"4038",8.002646108,3.72,"P0313","EC_0158.jpg"
"4039",9.96031746,3.2733,"P0313","EC_0057.jpeg"
"4040",7.460317258,3.0155,"P0313","EC_0042.jpg"
"4041",8.293650995,5.7131,"P0313","EC_0177.jpg"
"4042",7.103174805,4.404,"P0313","EC_0194.jpg"
"4043",2.380952986,2.7401,"P0313","EC_0187.jpeg"
"4044",9.682540894,2.8352,"P0313","EC_0039.jpg"
"4045",8.518518317,4.0708,"P0313","EC_0048.jpg"
"4046",2.698412497,3.1975,"P0313","EC_0229.jpg"
"4047",7.380952381,5.122,"P0313","EC_0119.jpg"
"4048",7.566137768,3.627,"P0313","EC_0141.jpg"
"4049",8.373015873,3.246,"P0313","EC_0219.jpg"
"4050",6.441799144,3.289,"P0313","EC_0173.jpg"
"4051",7.949735853,3.7905,"P0313","EC_0224.jpg"
"4052",1.203704107,3.6006,"P0313","EC_0184.jpg"
"4053",2.182540288,3.0647,"P0313","EC_0205.jpg"
"4054",6.335978634,3.0894,"P0313","EC_0028.jpg"
"4055",8.029100731,3.4519,"P0313","EC_0132.jpg"
"4056",6.203703502,3.6956,"P0313","EC_0011.jpg"
"4057",8.9947096,3.3525,"P0313","EC_0183.jpg"
"4058",7.103174805,3.6461,"P0313","EC_0118.jpg"
"4059",9.087301789,4.7769,"P0313","EC_0134.jpg"
"4060",4.100529706,5.2622,"P0313","EC_0111.jpg"
"4061",4.153438952,3.3798,"P0313","EC_0197.jpg"
"4062",5.992063492,2.6654,"P0313","EC_0089.jpg"
"4063",2.857143261,3.4451,"P0313","EC_0083.jpg"
"4064",7.195766994,2.9304,"P0313","EC_0069.jpg"
"4065",8.042328042,2.4535,"P0313","EC_0117.jpg"
"4066",2.830687629,4.3383,"P0313","EC_0230.jpg"
"4067",2.73809544,3.2472,"P0313","EC_0055.jpg"
"4068",2.566137364,3.4785,"P0313","EC_0244.jpg"
"4069",3.505291611,5.2437,"P0313","EC_0242.jpg"
"4070",4.775132679,4.9904,"P0313","EC_0094.jpg"
"4071",3.915344319,4.3205,"P0313","EC_0063.jpg"
"4072",8.13492124,2.8164,"P0313","EC_0135.jpg"
"4073",9.100529101,2.7825,"P0313","EC_0120.jpg"
"4074",8.98148128,3.3671,"P0313","EC_0062.jpg"
"4075",6.005290803,3.0716,"P0313","EC_0016.jpg"
"4076",9.828042328,3.9289,"P0313","EC_0125.jpeg"
"4077",8.452380751,4.858,"P0313","EC_0226.jpg"
"4078",9.947091158,2.8411,"P0313","EC_0037.jpg"
"4079",7.407408013,3.1383,"P0313","EC_0214.jpg"
"4080",4.007936508,3.1968,"P0313","EC_0147.png"
"4081",9.907408215,2.6543,"P0313","EC_0104.jpg"
"4082",7.896825599,6.6199,"P0313","EC_0024.jpg"
"4083",2.103174401,3.2014,"P0313","EC_0232.jpg"
"4084",9.100529101,3.2009,"P0313","EC_0017.jpg"
"4085",8.452380751,2.9667,"P0313","EC_0193.png"
"4086",9.338624742,3.2843,"P0313","EC_0059.jpg"
"4087",9.880953592,3.0894,"P0313","EC_0096.jpg"
"4088",3.994709197,5.3077,"P0313","EC_0129.jpeg"
"4089",7.976190476,2.8348,"P0313","EC_0070.jpg"
"4090",7.169312371,2.8242,"P0313","EC_0046.jpg"
"4091",4.087301385,3.0506,"P0313","EC_0013.jpg"
"4092",7.195766994,4.1847,"P0313","EC_0248.jpg"
"4093",8.783068581,4.0939,"P0313","EC_0079.jpg"
"4094",7.010582616,2.7802,"P0313","EC_0228.jpg"
"4095",7.870370976,4.1428,"P0313","EC_0185.jpg"
"4096",9.854496951,3.3311,"P0313","EC_0245.jpg"
"4097",3.518518922,2.6498,"P0313","EC_0210.jpg"
"4098",9.087301789,3.1735,"P0313","EC_0167.jpg"
"4099",9.338624742,3.1473,"P0313","EC_0036.jpeg"
"4100",8.478836383,3.8625,"P0313","EC_0002.jpg"
"4101",8.478836383,5.3899,"P0313","EC_0124.jpeg"
"4102",5.198412698,3.6472,"P0313","EC_0099.jpg"
"4103",6.587301587,3.505,"P0313","EC_0031.jpg"
"4104",7.843915344,2.8654,"P0313","EC_0207.jpg"
"4105",6.94444505,4.3133,"P0313","EC_0201.jpg"
"4106",3.571429177,3.3573,"P0313","EC_0097.jpg"
"4107",6.137565936,3.5619,"P0313","EC_0239.jpg"
"4108",4.14021164,2.5179,"P0313","EC_0235.jpg"
"4109",4.126984329,4.0517,"P0313","EC_0169.png"
"4110",5.383598085,3.9923,"P0313","EC_0113.jpg"
"4111",5.013227311,3.1718,"P0313","EC_0163.jpg"
"4112",2.380952986,3.6666,"P0313","EC_0022.jpg"
"4113",7.26190456,3.28,"P0313","EC_0156.jpg"
"4114",1.309523608,4.5945,"P0313","EC_0080.jpg"
"4115",2.711640817,2.7128,"P0313","EC_0247.jpg"
"4116",4.325397027,2.3494,"P0313","EC_0085.jpg"
"4117",5.780423482,3.4676,"P0313","EC_0087.jpg"
"4118",9.550265761,2.4841,"P0313","EC_0073.jpg"
"4119",7.15608506,2.4492,"P0313","EC_0152.jpg"
"4120",7.632275334,3.6777,"P0313","EC_0003.jpg"
"4121",3.108466214,2.955,"P0313","EC_0006.jpg"
"4122",8.611111515,2.6453,"P0313","EC_0236.jpg"
"4123",6.097884002,3.9707,"P0313","EC_0041.jpg"
"4124",2.592592996,3.8342,"P0313","EC_0075.jpg"
"4125",4.642857547,3.8679,"P0313","EC_0249.jpg"
"4126",6.111111313,2.5538,"P0313","EC_0213.jpg"
"4127",4.57671998,3.5053,"P0313","EC_0195.jpg"
"4128",4.563492669,2.7664,"P0313","EC_0165.jpg"
"4129",3.769841875,3.4642,"P0313","EC_0101.jpg"
"4130",2.116402722,3.3623,"P0313","EC_0140.jpg"
"4131",7.169312371,7.257,"P0313","EC_0188.jpg"
"4132",5.489418595,4.8825,"P0313","EC_0088.jpg"
"4133",9.854496951,3.1077,"P0313","EC_0164.jpg"
"4134",9.576720384,2.7302,"P0313","EC_0237.jpg"
"4135",7.328042126,2.9462,"P0313","EC_0203.jpg"
"4136",5.013227311,4.3109,"P0313","EC_0066.jpg"
"4137",1.01851872,2.864,"P0313","EC_0054.jpg"
"4138",1.997354901,3.054,"P0313","EC_0049.jpg"
"4139",5.780423482,2.9467,"P0313","EC_0061.jpg"
"4140",2.923280827,4.2594,"P0313","EC_0142.jpg"
"4141",8.359788562,3.343,"P0313","EC_0196.jpg"
"4142",7.711640212,2.4916,"P0313","EC_0060.jpg"
"4143",1.812169514,3.7786,"P0313","EC_0204.jpg"
"4144",4.391534593,2.9995,"P0313","EC_0116.jpg"
"4145",5.54232784,3.0149,"P0313","EC_0128.jpeg"
"4146",6.547619653,2.6821,"P0313","EC_0176.jpg"
"4147",7.883598287,2.9732,"P0313","EC_0172.jpg"
"4148",9.894179894,2.8655,"P0313","EC_0170.jpg"
"4149",9.563492063,2.6978,"P0313","EC_0123.jpeg"
"4150",4.960318066,2.4568,"P0313","EC_0027.jpg"
"4151",1.98412759,3.1063,"P0313","EC_0240.jpg"
"4152",4.35185165,2.8738,"P0313","EC_0040.jpg"
"4153",6.71957672,2.7546,"P0313","EC_0044.jpg"
"4154",8.187830486,3.5969,"P0313","EC_0038.jpg"
"4155",8.796296902,4.0659,"P0313","EC_0157.jpg"
"4156",6.560846965,3.6918,"P0313","EC_0033.jpeg"
"4157",6.044973747,2.8788,"P0313","EC_0095.jpg"
"4158",5.806878105,4.1657,"P0313","EC_0222.jpg"
"4159",8.12169292,2.5487,"P0313","EC_0198.jpg"
"4160",2.843915949,2.8679,"P0313","EC_0131.jpg"
"4161",4.298942404,3.0671,"P0313","EC_0180.jpg"
"4162",9.563492063,3.1392,"P0313","EC_0162.jpg"
"4163",7.685185589,2.4471,"P0313","EC_0234.jpg"
"4164",8.716931015,3.9611,"P0313","EC_0233.jpg"
"4165",8.399471505,2.5314,"P0313","EC_0138.png"
"4166",5.317460519,3.0713,"P0313","EC_0077.jpg"
"4167",7.91005291,2.5822,"P0313","EC_0019.jpg"
"4168",6.097884002,3.1136,"P0313","EC_0246.jpg"
"4169",2.222222222,3.0325,"P0313","EC_0009.jpg"
"4170",5.992063492,3.0348,"P0313","EC_0029.jpg"
"4171",7.80423341,5.5492,"P0313","EC_0067.jpg"
"4172",6.08465669,3.3623,"P0313","EC_0137.jpg"
"4173",3.5978838,2.9401,"P0313","EC_0151.jpg"
"4174",8.439153439,3.5979,"P0313","EC_0231.jpg"
"4175",7.566137768,2.9954,"P0313","EC_0092.jpg"
"4176",7.15608506,4.1105,"P0313","EC_0171.jpg"
"4177",3.902117008,7.5114,"P0313","EC_0149.jpg"
"4178",3.320106224,3.7444,"P0313","EC_0007.jpg"
"4179",6.058201058,3.0537,"P0313","EC_0034.jpg"
"4180",9.894179894,4.1771,"P0313","EC_0074.jpg"
"4181",9.166666667,2.8994,"P0313","EC_0030.jpg"
"4182",8.029100731,2.796,"P0313","EC_0250.jpg"
"4183",3.637566743,3.3956,"P0313","EC_0241.jpg"
"4184",8.756613958,3.0695,"P0313","EC_0071.jpg"
"4185",7.208995315,5.5348,"P0313","EC_0238.jpg"
"4186",3.505291611,3.29,"P0313","EC_0081.jpg"
"4187",6.613757219,3.1622,"P0313","EC_0082.jpg"
"4188",6.732804031,3.1138,"P0313","EC_0154.jpg"
"4189",2.486772487,2.7265,"P0313","EC_0150.jpg"
"4190",5.846561048,3.0739,"P0313","EC_0010.jpg"
"4191",0.965608466,3.5743,"P0313","EC_0058.jpg"
"4192",6.600528899,3.6112,"P0313","EC_0223.jpg"
"4193",6.931216729,3.1658,"P0313","EC_0221.jpg"
"4194",6.441799144,3.8067,"P0313","EC_0211.jpg"
"4195",8.373015873,3.1419,"P0313","EC_0068.jpg"
"4196",5.489418595,3.2151,"P0313","EC_0161.jpg"
"4197",8.716931015,4.054,"P0313","EC_0102.jpg"
"4198",6.534391333,2.8016,"P0313","EC_0148.jpg"
"4199",9.841270649,2.7548,"P0313","EC_0072.jpg"
"4200",8.174603175,3.6852,"P0313","EC_0032.jpg"
"4201",0.013227917,7.2172,"P0321","EC_0121.jpg"
"4202",1.005291409,5.7177,"P0321","EC_0048.jpg"
"4203",0.939153641,6.3793,"P0321","EC_0119.jpg"
"4204",0.952380952,4.0456,"P0321","EC_0019.jpg"
"4205",0.978836181,3.6037,"P0321","EC_0049.jpg"
"4206",4.973545377,5.1828,"P0321","EC_0246.jpg"
"4207",2.010582212,4.5831,"P0321","EC_0226.jpg"
"4208",6.984126984,6.5666,"P0321","EC_0104.jpg"
"4209",6.970900278,5.4329,"P0321","EC_0106.jpg"
"4210",6.018519326,4.7878,"P0321","EC_0135.jpg"
"4211",1.044973949,4.4256,"P0321","EC_0113.jpg"
"4212",1.005291409,6.7836,"P0321","EC_0238.jpg"
"4213",7.949735853,5.3667,"P0321","EC_0181.jpg"
"4214",2.063492063,4.8893,"P0321","EC_0250.jpg"
"4215",1.984126984,4.4651,"P0321","EC_0163.jpg"
"4216",1.005291409,5.5032,"P0321","EC_0097.jpg"
"4217",0.992063492,4.6798,"P0321","EC_0115.jpg"
"4218",1.005291409,4.4971,"P0321","EC_0234.jpg"
"4219",0.965608869,4.3336,"P0321","EC_0180.jpg"
"4220",2.037037441,4.6341,"P0321","EC_0149.jpg"
"4221",1.970899673,5.4384,"P0321","EC_0086.jpg"
"4222",5.965608869,4.9657,"P0321","EC_0132.jpg"
"4223",1.997354901,5.2864,"P0321","EC_0128.jpeg"
"4224",8.00264631,5.2634,"P0321","EC_0123.jpeg"
"4225",6.005291409,4.2441,"P0321","EC_0141.jpg"
"4226",6.018519326,3.4143,"P0321","EC_0070.jpg"
"4227",5.978836786,3.8703,"P0321","EC_0151.jpg"
"4228",2.949735853,4.2774,"P0321","EC_0242.jpg"
"4229",1.970899673,5.1889,"P0321","EC_0200.png"
"4230",1.944444444,3.6677,"P0321","EC_0065.jpg"
"4231",2.910053314,5.1461,"P0321","EC_0009.jpg"
"4232",5.939154246,5.2645,"P0321","EC_0051.jpg"
"4233",3.00264631,8.5322,"P0321","EC_0221.jpg"
"4234",7.989418393,3.747,"P0321","EC_0150.jpg"
"4235",5.978836786,4.6151,"P0321","EC_0018.jpg"
"4236",7.010582818,3.8962,"P0321","EC_0211.jpg"
"4237",0.965608869,5.013,"P0321","EC_0028.jpg"
"4238",8.055555556,3.9476,"P0321","EC_0116.jpg"
"4239",2.010582212,4.9547,"P0321","EC_0169.png"
"4240",8.994709802,4.0117,"P0321","EC_0013.jpg"
"4241",0.978836181,3.7119,"P0321","EC_0152.jpg"
"4242",1.005291409,3.6287,"P0321","EC_0142.jpg"
"4243",0.978836181,2.9741,"P0321","EC_0177.jpg"
"4244",1.031746032,4.1501,"P0321","EC_0111.jpg"
"4245",2.010582212,3.3943,"P0321","EC_0047.jpg"
"4246",1.931217133,3.6855,"P0321","EC_0101.jpg"
"4247",0.978836181,3.9834,"P0321","EC_0064.jpg"
"4248",1.997354901,3.8585,"P0321","EC_0084.jpg"
"4249",6.957672361,3.1977,"P0321","EC_0030.jpg"
"4250",4.021164425,5.415,"P0321","EC_0067.jpg"
"4251",5.978836786,4.1104,"P0321","EC_0235.jpg"
"4252",2.063492063,4.0565,"P0321","EC_0098.jpg"
"4253",9.947090754,4.1244,"P0321","EC_0081.jpg"
"4254",7.910053314,3.3591,"P0321","EC_0073.jpg"
"4255",5.912698413,3.8393,"P0321","EC_0196.jpg"
"4256",5.03968254,3.901,"P0321","EC_0223.jpg"
"4257",7.15608506,6.2648,"P0321","EC_0082.jpg"
"4258",1.044973949,3.8661,"P0321","EC_0039.jpg"
"4259",5,4.295,"P0321","EC_0209.jpg"
"4260",9.074074881,3.8243,"P0321","EC_0228.jpg"
"4261",6.018519326,4.3152,"P0321","EC_0248.jpg"
"4262",7.923281231,4.936,"P0321","EC_0156.jpg"
"4263",2.883598691,6.0804,"P0321","EC_0230.jpg"
"4264",0.952380952,3.7567,"P0321","EC_0075.jpg"
"4265",0.992063492,3.3025,"P0321","EC_0134.jpg"
"4266",8.029100933,4.2089,"P0321","EC_0207.jpg"
"4267",4.973545377,3.8622,"P0321","EC_0085.jpg"
"4268",1.0978838,3.7993,"P0321","EC_0029.jpg"
"4269",2.050264752,3.8698,"P0321","EC_0173.jpg"
"4270",0.978836181,3.7141,"P0321","EC_0214.jpg"
"4271",3.955027262,3.4968,"P0321","EC_0203.jpg"
"4272",2.050264752,5.1527,"P0321","EC_0241.jpg"
"4273",2.96296377,3.4015,"P0321","EC_0046.jpg"
"4274",1.997354901,4.5403,"P0321","EC_0185.jpg"
"4275",4.973545377,4.1768,"P0321","EC_0022.jpg"
"4276",4.920634921,4.0304,"P0321","EC_0105.jpg"
"4277",6.031746032,3.0764,"P0321","EC_0060.jpg"
"4278",4.021164425,4.1492,"P0321","EC_0063.jpg"
"4279",8.095238095,3.8456,"P0321","EC_0124.jpeg"
"4280",1.084656488,3.7407,"P0321","EC_0053.jpg"
"4281",0.978836181,4.6173,"P0321","EC_0204.jpg"
"4282",0.92592633,3.4074,"P0321","EC_0090.jpg"
"4283",2.063492063,3.9795,"P0321","EC_0153.jpg"
"4284",6.044973949,5.1119,"P0321","EC_0061.jpg"
"4285",4.96031746,3.9289,"P0321","EC_0158.jpg"
"4286",5.873015873,4.5756,"P0321","EC_0164.jpg"
"4287",6.957672361,3.3966,"P0321","EC_0131.jpg"
"4288",7.169312977,3.9302,"P0321","EC_0096.jpg"
"4289",4.047619048,3.2854,"P0321","EC_0071.jpg"
"4290",4.973545377,3.9486,"P0321","EC_0249.jpg"
"4291",2.910053314,3.2568,"P0321","EC_0199.jpg"
"4292",4.100529504,3.1799,"P0321","EC_0044.jpg"
"4293",0.859788562,4.3807,"P0321","EC_0240.jpg"
"4294",4.060846965,3.0744,"P0321","EC_0243.jpg"
"4295",1.005291409,5.0103,"P0321","EC_0015.jpg"
"4296",2.063492063,3.7632,"P0321","EC_0054.jpg"
"4297",3.068783472,3.8141,"P0321","EC_0083.jpg"
"4298",8.055555556,4.4774,"P0321","EC_0008.jpg"
"4299",2.843916151,5.2332,"P0321","EC_0032.jpg"
"4300",6.984126984,5.5013,"P0321","EC_0007.jpg"
"4301",6.984126984,5.048,"P0321","EC_0118.jpg"
"4302",4.113757421,3.1326,"P0321","EC_0100.jpg"
"4303",1.26984127,3.6572,"P0321","EC_0184.jpg"
"4304",1.111111111,3.8815,"P0321","EC_0206.png"
"4305",1.984126984,3.1142,"P0321","EC_0202.jpg"
"4306",8.108466012,3.0655,"P0321","EC_0160.jpg"
"4307",5.899471707,3.3607,"P0321","EC_0050.jpg"
"4308",3.108466012,13.138,"P0321","EC_0147.png"
"4309",2.976190476,3.4086,"P0321","EC_0133.jpg"
"4310",7.010582818,5.5787,"P0321","EC_0072.jpg"
"4311",2.910053314,3.4291,"P0321","EC_0011.jpg"
"4312",2.010582212,3.2929,"P0321","EC_0213.jpg"
"4313",7.936507937,3.7316,"P0321","EC_0068.jpg"
"4314",5.939154246,3.8115,"P0321","EC_0038.jpg"
"4315",3.888888889,3.0446,"P0321","EC_0095.jpg"
"4316",1.071428571,8.5065,"P0321","EC_0056.jpg"
"4317",2.11640252,6.4979,"P0321","EC_0227.jpg"
"4318",2.936507937,4.7189,"P0321","EC_0042.jpg"
"4319",1.997354901,3.9946,"P0321","EC_0245.jpg"
"4320",6.865079365,4.9928,"P0321","EC_0017.jpg"
"4321",6.044973949,3.1767,"P0321","EC_0010.jpg"
"4322",7.103174603,4.0418,"P0321","EC_0034.jpg"
"4323",3.849206349,5.4299,"P0321","EC_0239.jpg"
"4324",2.857142857,5.4103,"P0321","EC_0231.jpg"
"4325",5.780424088,7.3164,"P0321","EC_0138.png"
"4326",5.965608869,4.0316,"P0321","EC_0079.jpg"
"4327",8.00264631,3.6098,"P0321","EC_0183.jpg"
"4328",1.997354901,3.7046,"P0321","EC_0244.jpg"
"4329",2.129629831,3.3019,"P0321","EC_0161.jpg"
"4330",9.986773294,5.0359,"P0321","EC_0219.jpg"
"4331",5.873015873,3.2642,"P0321","EC_0108.jpg"
"4332",3.835979643,4.2424,"P0321","EC_0012.jpg"
"4333",0.727513631,3.1807,"P0321","EC_0027.jpg"
"4334",3.955027262,8.5698,"P0321","EC_0247.jpg"
"4335",4.96031746,3.2416,"P0321","EC_0188.jpg"
"4336",5.026455834,3.4961,"P0321","EC_0020.jpg"
"4337",4.113757421,2.6223,"P0321","EC_0031.jpg"
"4338",0.992063492,2.8884,"P0321","EC_0140.jpg"
"4339",0.965608869,3.2932,"P0321","EC_0176.jpg"
"4340",0.939153641,3.7423,"P0321","EC_0059.jpg"
"4341",1.031746032,3.7585,"P0321","EC_0117.jpg"
"4342",1.997354901,3.3135,"P0321","EC_0232.jpg"
"4343",0.873015873,3.0034,"P0321","EC_0005.jpg"
"4344",1.812169514,4.0285,"P0321","EC_0174.jpg"
"4345",1.19047619,3.9307,"P0321","EC_0236.jpg"
"4346",6.904761905,3.9701,"P0321","EC_0062.jpg"
"4347",6.970900278,4.366,"P0321","EC_0087.jpg"
"4348",1.785714286,4.2403,"P0321","EC_0162.jpg"
"4349",7.07671998,6.2318,"P0321","EC_0033.jpeg"
"4350",7.989418393,3.3059,"P0321","EC_0157.jpg"
"4351",3.055555556,5.1906,"P0321","EC_0103.jpg"
"4352",1.0978838,2.9131,"P0321","EC_0171.jpg"
"4353",6.944444444,4.5463,"P0321","EC_0201.jpg"
"4354",2.883598691,4.6631,"P0321","EC_0125.jpeg"
"4355",6.851852659,5.1297,"P0321","EC_0129.jpeg"
"4356",2.142857143,6.0435,"P0321","EC_0187.jpeg"
"4357",2.896825397,3.876,"P0321","EC_0229.jpg"
"4358",3.068783472,5.9694,"P0321","EC_0002.jpg"
"4359",7.195767599,3.995,"P0321","EC_0224.jpg"
"4360",3.875662183,3.6968,"P0321","EC_0109.jpg"
"4361",6.071428571,3.2186,"P0321","EC_0058.jpg"
"4362",6.944444444,4.1104,"P0321","EC_0139.png"
"4363",9.907408215,9.6899,"P0321","EC_0041.jpg"
"4364",8.015873016,3.6269,"P0321","EC_0094.jpg"
"4365",7.103174603,3.8133,"P0321","EC_0210.jpg"
"4366",5,4.9965,"P0321","EC_0099.jpg"
"4367",1.970899673,5.9466,"P0321","EC_0165.jpg"
"4368",0.952380952,4.5952,"P0321","EC_0154.jpg"
"4369",6.904761905,4.8977,"P0321","EC_0182.jpg"
"4370",1.917989822,4.4167,"P0321","EC_0069.jpg"
"4371",2.010582212,7.0342,"P0321","EC_0040.jpg"
"4372",9.907408215,6.566,"P0321","EC_0168.jpeg"
"4373",3.928571429,3.9487,"P0321","EC_0170.jpg"
"4374",7.923281231,3.6318,"P0321","EC_0080.jpg"
"4375",7.089947897,3.0458,"P0321","EC_0193.png"
"4376",5.978836786,3.6642,"P0321","EC_0037.jpg"
"4377",5.92592633,3.2311,"P0321","EC_0137.jpg"
"4378",7.010582818,4.5474,"P0321","EC_0088.jpg"
"4379",2.103174603,3.6047,"P0321","EC_0237.jpg"
"4380",1.931217133,4.5162,"P0321","EC_0006.jpg"
"4381",3.981481885,3.462,"P0321","EC_0077.jpg"
"4382",0.992063492,12.0728,"P0321","EC_0148.jpg"
"4383",3.862434266,4.1273,"P0321","EC_0074.jpg"
"4384",3.029100933,6.9344,"P0321","EC_0197.jpg"
"4385",2.050264752,3.913,"P0321","EC_0194.jpg"
"4386",1.997354901,4.6169,"P0321","EC_0102.jpg"
"4387",2.063492063,3.6944,"P0321","EC_0092.jpg"
"4388",2.063492063,3.3298,"P0321","EC_0089.jpg"
"4389",6.917989822,3.5002,"P0321","EC_0159.jpg"
"4390",6.137566945,14.1723,"P0321","EC_0066.jpg"
"4391",9.007936508,3.8461,"P0321","EC_0057.jpeg"
"4392",4.973545377,3.9035,"P0321","EC_0036.jpeg"
"4393",5.992063492,3.4968,"P0321","EC_0093.jpg"
"4394",4.007936508,3.749,"P0321","EC_0055.jpg"
"4395",6.058201866,3.5853,"P0321","EC_0195.jpg"
"4396",6.970900278,3.106,"P0321","EC_0136.jpg"
"4397",2.976190476,3.518,"P0321","EC_0167.jpg"
"4398",0.965608869,3.2054,"P0321","EC_0222.jpg"
"4399",2.11640252,3.196,"P0321","EC_0198.jpg"
"4400",0.92592633,4.4795,"P0321","EC_0001.jpg"
"4401",2.037037441,3.8281,"P0321","EC_0166.jpg"
"4402",8.928571429,3.3943,"P0321","EC_0205.jpg"
"4403",2.936507937,3.3939,"P0321","EC_0014.jpg"
"4404",9.933862838,7.3777,"P0321","EC_0003.jpg"
"4405",7.949735853,4.0261,"P0321","EC_0016.jpg"
"4406",5.820106627,3.445,"P0321","EC_0076.jpg"
"4407",5.952380952,5.2923,"P0321","EC_0172.jpg"
"4408",2.063492063,5.2997,"P0321","EC_0024.jpg"
"4409",2.103174603,4.2639,"P0321","EC_0120.jpg"
"4410",2.989418393,8.7348,"P0321","EC_0233.jpg"
"4411",7.261905065,5.1195,"P0336","EC_0151.jpg"
"4412",7.123016781,4.3875,"P0336","EC_0203.jpg"
"4413",3.214285714,3.1294,"P0336","EC_0183.jpg"
"4414",3.144841573,4.3812,"P0336","EC_0242.jpg"
"4415",3.908730159,3.4528,"P0336","EC_0096.jpg"
"4416",3.124999849,4.1678,"P0336","EC_0042.jpg"
"4417",2.8968257,2.7279,"P0336","EC_0148.jpg"
"4418",2.976190325,2.9988,"P0336","EC_0124.jpeg"
"4419",4.097222374,3.0428,"P0336","EC_0034.jpg"
"4420",3.998016024,2.9771,"P0336","EC_0233.jpg"
"4421",5.744047619,3.4531,"P0336","EC_0195.jpg"
"4422",4.940476342,2.8573,"P0336","EC_0228.jpg"
"4423",7.738095844,3.7203,"P0336","EC_0029.jpg"
"4424",7.261905065,6.3717,"P0336","EC_0080.jpg"
"4425",3.759920635,2.3544,"P0336","EC_0121.jpg"
"4426",4.960317309,2.7692,"P0336","EC_0064.jpg"
"4427",6.0218257,3.5865,"P0336","EC_0131.jpg"
"4428",4.900793651,3.8189,"P0336","EC_0065.jpg"
"4429",5.932540591,5.328,"P0336","EC_0102.jpg"
"4430",6.984126984,2.7136,"P0336","EC_0002.jpg"
"4431",7.132936508,4.2517,"P0336","EC_0173.jpg"
"4432",6.984126984,2.3626,"P0336","EC_0231.jpg"
"4433",7.113095541,2.5601,"P0336","EC_0062.jpg"
"4434",4.910714134,3.5307,"P0336","EC_0120.jpg"
"4435",5.079365382,3.0344,"P0336","EC_0049.jpg"
"4436",5.049603175,2.8834,"P0336","EC_0071.jpg"
"4437",5.059524415,2.4829,"P0336","EC_0108.jpg"
"4438",4.136905065,3.0189,"P0336","EC_0097.jpg"
"4439",7.8670644,3.0547,"P0336","EC_0103.jpg"
"4440",6.438492063,2.5073,"P0336","EC_0056.jpg"
"4441",6.428572337,2.4365,"P0336","EC_0180.jpg"
"4442",5.783731067,2.8521,"P0336","EC_0226.jpg"
"4443",6.815476493,2.6009,"P0336","EC_0085.jpg"
"4444",6.150794256,2.4742,"P0336","EC_0132.jpg"
"4445",5,3.7831,"P0336","EC_0239.jpg"
"4446",4.920635375,3.8912,"P0336","EC_0240.jpg"
"4447",3.829365533,2.9163,"P0336","EC_0007.jpg"
"4448",5.099206349,2.7371,"P0336","EC_0164.jpg"
"4449",4.970238549,2.907,"P0336","EC_0069.jpg"
"4450",5.91269811,2.6018,"P0336","EC_0177.jpg"
"4451",4.146825548,3.1293,"P0336","EC_0210.jpg"
"4452",9.990079668,3.918,"P0336","EC_0137.jpg"
"4453",5.853175209,2.5922,"P0336","EC_0170.jpg"
"4454",6.309523507,2.6185,"P0336","EC_0061.jpg"
"4455",5.00992124,2.365,"P0336","EC_0140.jpg"
"4456",3.998016024,2.5884,"P0336","EC_0156.jpg"
"4457",7.698412396,2.5852,"P0336","EC_0074.jpg"
"4458",2.371031746,2.3069,"P0336","EC_0019.jpg"
"4459",5.208333939,2.2816,"P0336","EC_0234.jpg"
"4460",8.174603175,2.2906,"P0336","EC_0037.jpg"
"4461",5.049603175,3.0773,"P0336","EC_0181.jpg"
"4462",3.918650642,6.6852,"P0336","EC_0081.jpg"
"4463",4.632936811,2.6362,"P0336","EC_0247.jpg"
"4464",5.793650794,2.4514,"P0336","EC_0028.jpg"
"4465",5.942460317,2.5929,"P0336","EC_0040.jpg"
"4466",4.930555858,2.1662,"P0336","EC_0182.jpg"
"4467",4.037698715,2.6244,"P0336","EC_0204.jpg"
"4468",7.003967951,2.9911,"P0336","EC_0082.jpg"
"4469",6.636904762,2.425,"P0336","EC_0015.jpg"
"4470",5.744047619,2.3939,"P0336","EC_0147.png"
"4471",5.674603477,4.5113,"P0336","EC_0169.png"
"4472",6.785714286,2.2484,"P0336","EC_0168.jpeg"
"4473",4.126984581,2.8941,"P0336","EC_0128.jpeg"
"4474",2.996032049,4.6015,"P0336","EC_0013.jpg"
"4475",3.908730159,3.1832,"P0336","EC_0213.jpg"
"4476",5.863094935,2.4497,"P0336","EC_0047.jpg"
"4477",6.55753938,2.6663,"P0336","EC_0135.jpg"
"4478",6.646826002,2.906,"P0336","EC_0174.jpg"
"4479",7.698412396,3.1688,"P0336","EC_0009.jpg"
"4480",7.450396523,2.2478,"P0336","EC_0055.jpg"
"4481",5.297619048,2.6693,"P0336","EC_0159.jpg"
"4482",5.039683448,2.5778,"P0336","EC_0016.jpg"
"4483",9.970238701,3.7099,"P0336","EC_0194.jpg"
"4484",8.601190779,2.3683,"P0336","EC_0073.jpg"
"4485",6.626985035,2.4688,"P0336","EC_0165.jpg"
"4486",4.950396825,4.2211,"P0336","EC_0083.jpg"
"4487",5.317460015,3.177,"P0336","EC_0067.jpg"
"4488",7.619048527,2.7318,"P0336","EC_0246.jpg"
"4489",7.440476796,3.4388,"P0336","EC_0050.jpg"
"4490",2.956349358,2.4705,"P0336","EC_0044.jpg"
"4491",1.09126969,2.7233,"P0336","EC_0033.jpeg"
"4492",5.079365382,3.8808,"P0336","EC_0036.jpeg"
"4493",4.176587756,3.0401,"P0336","EC_0230.jpg"
"4494",5.069444142,3.8956,"P0336","EC_0001.jpg"
"4495",5.367063189,2.4362,"P0336","EC_0046.jpg"
"4496",5.773809827,2.581,"P0336","EC_0099.jpg"
"4497",6.408729856,3.3426,"P0336","EC_0229.jpg"
"4498",10,3.2008,"P0336","EC_0209.jpg"
"4499",8.015873924,2.8078,"P0336","EC_0113.jpg"
"4500",4.950396825,2.5224,"P0336","EC_0235.jpg"
"4501",4.960317309,4.741,"P0336","EC_0089.jpg"
"4502",4.980159033,2.5829,"P0336","EC_0024.jpg"
"4503",7.093254574,2.6333,"P0336","EC_0038.jpg"
"4504",5.019840967,2.4536,"P0336","EC_0093.jpg"
"4505",5.049603175,4.192,"P0336","EC_0079.jpg"
"4506",6.19047619,2.6305,"P0336","EC_0163.jpg"
"4507",8.611112019,2.6172,"P0336","EC_0248.jpg"
"4508",6.130953289,2.5917,"P0336","EC_0020.jpg"
"4509",9.563492063,2.8838,"P0336","EC_0157.jpg"
"4510",4.990079516,2.9083,"P0336","EC_0222.jpg"
"4511",4.960317309,4.2325,"P0336","EC_0086.jpg"
"4512",5.853175209,2.6597,"P0336","EC_0084.jpg"
"4513",7.96627075,3.2343,"P0336","EC_0187.jpeg"
"4514",5.992063492,2.6672,"P0336","EC_0133.jpg"
"4515",7.96627075,2.4602,"P0336","EC_0058.jpg"
"4516",4.980159033,2.5164,"P0336","EC_0022.jpg"
"4517",7.658730461,3.7885,"P0336","EC_0031.jpg"
"4518",6.388888889,4.7445,"P0336","EC_0167.jpg"
"4519",4.007936508,3.0451,"P0336","EC_0199.jpg"
"4520",8.055555858,3.0301,"P0336","EC_0053.jpg"
"4521",9.781745729,2.9808,"P0336","EC_0185.jpg"
"4522",8.065477099,3.2519,"P0336","EC_0139.png"
"4523",7.093254574,2.5343,"P0336","EC_0158.jpg"
"4524",7.341270447,2.4769,"P0336","EC_0219.jpg"
"4525",6.071428874,4.0575,"P0336","EC_0232.jpg"
"4526",8.005952684,3.1859,"P0336","EC_0003.jpg"
"4527",4.990079516,2.4349,"P0336","EC_0100.jpg"
"4528",5.019840967,2.1567,"P0336","EC_0136.jpg"
"4529",6.507936205,2.4715,"P0336","EC_0088.jpg"
"4530",8.105159033,2.7071,"P0336","EC_0070.jpg"
"4531",5.892857143,2.2792,"P0336","EC_0150.jpg"
"4532",6.924604083,2.3882,"P0336","EC_0054.jpg"
"4533",4.920635375,4.1855,"P0336","EC_0202.jpg"
"4534",4.980159033,2.4045,"P0336","EC_0008.jpg"
"4535",5.952381558,2.3034,"P0336","EC_0207.jpg"
"4536",4.880952684,2.5215,"P0336","EC_0196.jpg"
"4537",5.257937113,3.7802,"P0336","EC_0005.jpg"
"4538",6.041666667,2.2699,"P0336","EC_0095.jpg"
"4539",6.716270144,2.6489,"P0336","EC_0188.jpg"
"4540",5.892857143,2.2809,"P0336","EC_0134.jpg"
"4541",5.089286623,2.9146,"P0336","EC_0092.jpg"
"4542",4.990079516,2.2025,"P0336","EC_0106.jpg"
"4543",4.930555858,2.3242,"P0336","EC_0149.jpg"
"4544",7.757936811,2.3955,"P0336","EC_0060.jpg"
"4545",10,2.4798,"P0336","EC_0198.jpg"
"4546",7.123016781,2.8432,"P0336","EC_0142.jpg"
"4547",5.932540591,2.5765,"P0336","EC_0201.jpg"
"4548",7.599206046,3.2963,"P0336","EC_0205.jpg"
"4549",6.28968254,2.3928,"P0336","EC_0006.jpg"
"4550",5.029762208,4.0895,"P0336","EC_0018.jpg"
"4551",8.571428571,2.7515,"P0336","EC_0057.jpeg"
"4552",6.160713983,2.1815,"P0336","EC_0197.jpg"
"4553",4.047619199,2.8397,"P0336","EC_0214.jpg"
"4554",6.875000908,2.5813,"P0336","EC_0101.jpg"
"4555",4.970238549,2.2278,"P0336","EC_0224.jpg"
"4556",5.049603175,2.4049,"P0336","EC_0068.jpg"
"4557",3.80952381,3.0904,"P0336","EC_0076.jpg"
"4558",7.96627075,6.3853,"P0336","EC_0123.jpeg"
"4559",5.138889797,2.4963,"P0336","EC_0032.jpg"
"4560",4.920635375,7.1816,"P0336","EC_0010.jpg"
"4561",6.319444747,8.196,"P0336","EC_0184.jpg"
"4562",6.349206955,5.4827,"P0336","EC_0017.jpg"
"4563",8.323412698,2.2834,"P0336","EC_0172.jpg"
"4564",5.902778383,2.1985,"P0336","EC_0237.jpg"
"4565",5.198412698,2.2574,"P0336","EC_0236.jpg"
"4566",5.128968557,2.2505,"P0336","EC_0244.jpg"
"4567",6.974207257,2.5496,"P0336","EC_0077.jpg"
"4568",5.257937113,2.4579,"P0336","EC_0154.jpg"
"4569",5.119047316,2.2496,"P0336","EC_0152.jpg"
"4570",7.083333333,3.2674,"P0336","EC_0111.jpg"
"4571",4.990079516,2.0244,"P0336","EC_0116.jpg"
"4572",4.930555858,2.1162,"P0336","EC_0249.jpg"
"4573",4.156746032,2.1182,"P0336","EC_0162.jpg"
"4574",7.85714316,2.2277,"P0336","EC_0072.jpg"
"4575",6.061507634,2.4415,"P0336","EC_0109.jpg"
"4576",4.960317309,2.3167,"P0336","EC_0200.png"
"4577",4.970238549,3.108,"P0336","EC_0090.jpg"
"4578",4.007936508,2.3487,"P0336","EC_0206.png"
"4579",7.420635829,2.5367,"P0336","EC_0014.jpg"
"4580",5.049603175,3.0496,"P0336","EC_0041.jpg"
"4581",4.960317309,2.109,"P0336","EC_0115.jpg"
"4582",5.10912759,2.4521,"P0336","EC_0193.png"
"4583",5.079365382,2.6547,"P0336","EC_0125.jpeg"
"4584",3.789682842,2.6222,"P0336","EC_0105.jpg"
"4585",4.166666515,2.3193,"P0336","EC_0161.jpg"
"4586",7.162698715,2.3414,"P0336","EC_0141.jpg"
"4587",6.279762813,2.4604,"P0336","EC_0118.jpg"
"4588",6.140873016,3.1054,"P0336","EC_0039.jpg"
"4589",5.168650491,2.3199,"P0336","EC_0104.jpg"
"4590",4.940476342,2.3662,"P0336","EC_0011.jpg"
"4591",5.099206349,2.1642,"P0336","EC_0238.jpg"
"4592",7.142857748,2.453,"P0336","EC_0119.jpg"
"4593",4.980159033,2.0774,"P0336","EC_0250.jpg"
"4594",5.843253968,2.6942,"P0336","EC_0012.jpg"
"4595",4.980159033,2.2183,"P0336","EC_0241.jpg"
"4596",5.853175209,2.279,"P0336","EC_0027.jpg"
"4597",5.853175209,2.7099,"P0336","EC_0221.jpg"
"4598",6.904761602,2.602,"P0336","EC_0098.jpg"
"4599",4.057539683,3.4927,"P0336","EC_0227.jpg"
"4600",5.019840967,8.2821,"P0336","EC_0087.jpg"
"4601",6.498016479,10.7796,"P0336","EC_0117.jpg"
"4602",5.158730764,33.9238,"P0336","EC_0211.jpg"
"4603",5.595238095,2.8937,"P0336","EC_0066.jpg"
"4604",4.890873167,2.5329,"P0336","EC_0063.jpg"
"4605",5.982143765,5.0421,"P0336","EC_0245.jpg"
"4606",6.418651096,2.3327,"P0336","EC_0243.jpg"
"4607",5.426587604,2.0156,"P0336","EC_0153.jpg"
"4608",6.775794559,2.1643,"P0336","EC_0059.jpg"
"4609",3.918650642,2.8057,"P0336","EC_0129.jpeg"
"4610",5.029762208,2.4938,"P0336","EC_0166.jpg"
"4611",4.8710322,2.2704,"P0336","EC_0030.jpg"
"4612",6.111110808,2.2493,"P0336","EC_0051.jpg"
"4613",5.00992124,5.1447,"P0336","EC_0075.jpg"
"4614",5.049603175,2.11,"P0336","EC_0171.jpg"
"4615",4.900793651,2.043,"P0336","EC_0048.jpg"
"4616",5.664682237,2.7514,"P0336","EC_0160.jpg"
"4617",6.269841573,3.1834,"P0336","EC_0138.png"
"4618",6.001984732,2.2246,"P0336","EC_0223.jpg"
"4619",4.910714134,2.1236,"P0336","EC_0176.jpg"
"4620",5.148809524,5.6823,"P0336","EC_0094.jpg"
"4621",2.050265156,5.8581,"P0389","EC_0072.jpg"
"4622",5.132275132,4.4816,"P0389","EC_0224.jpg"
"4623",3.042328648,3.5138,"P0389","EC_0067.jpg"
"4624",3.082010582,3.1208,"P0389","EC_0213.jpg"
"4625",6.150794256,2.7992,"P0389","EC_0113.jpg"
"4626",4.126984329,3.963,"P0389","EC_0201.jpg"
"4627",1.970899269,4.1818,"P0389","EC_0239.jpg"
"4628",8.835978836,4.1994,"P0389","EC_0180.jpg"
"4629",7.208995315,2.8388,"P0389","EC_0167.jpg"
"4630",0.171957672,3.3403,"P0389","EC_0154.jpg"
"4631",4.179894584,3.7458,"P0389","EC_0092.jpg"
"4632",5,3.888,"P0389","EC_0169.png"
"4633",7.91005291,3.4656,"P0389","EC_0088.jpg"
"4634",7.883598287,3.0669,"P0389","EC_0028.jpg"
"4635",0.793651399,3.3869,"P0389","EC_0019.jpg"
"4636",7.195766994,3.0851,"P0389","EC_0234.jpg"
"4637",8.240740741,4.1917,"P0389","EC_0046.jpg"
"4638",9.920634517,3.2892,"P0389","EC_0211.jpg"
"4639",7.791005089,3.8975,"P0389","EC_0048.jpg"
"4640",1.097883598,3.3238,"P0389","EC_0059.jpg"
"4641",7.116402116,2.7948,"P0389","EC_0174.jpg"
"4642",6.904762107,3.2019,"P0389","EC_0020.jpg"
"4643",0.079364978,2.9488,"P0389","EC_0184.jpg"
"4644",8.809524213,4.1231,"P0389","EC_0139.png"
"4645",7.830688033,6.5769,"P0389","EC_0134.jpg"
"4646",8.941799345,4.9815,"P0389","EC_0235.jpg"
"4647",3.994709197,6.9499,"P0389","EC_0244.jpg"
"4648",6.785714286,2.8155,"P0389","EC_0187.jpeg"
"4649",4.907407811,3.2628,"P0389","EC_0117.jpg"
"4650",3.968254574,2.8327,"P0389","EC_0099.jpg"
"4651",6.137565936,3.0014,"P0389","EC_0095.jpg"
"4652",8.928572034,3.6857,"P0389","EC_0231.jpg"
"4653",2.076719779,2.9799,"P0389","EC_0199.jpg"
"4654",5.873015671,3.2682,"P0389","EC_0079.jpg"
"4655",7.923280221,6.5917,"P0389","EC_0053.jpg"
"4656",8.082010986,2.9261,"P0389","EC_0172.jpg"
"4657",7.989417788,5.0291,"P0389","EC_0197.jpg"
"4658",2.73809544,4.0487,"P0389","EC_0247.jpg"
"4659",0.37037037,4.2448,"P0389","EC_0177.jpg"
"4660",2.248677854,3.212,"P0389","EC_0249.jpg"
"4661",0.806878711,2.8485,"P0389","EC_0153.jpg"
"4662",0.145502545,3.5986,"P0389","EC_0005.jpg"
"4663",1.031746032,2.8385,"P0389","EC_0198.jpg"
"4664",5.833333737,2.9857,"P0389","EC_0156.jpg"
"4665",7.328042126,2.9486,"P0389","EC_0100.jpg"
"4666",1.759259259,3.9848,"P0389","EC_0194.jpg"
"4667",7.182539683,6.6965,"P0389","EC_0115.jpg"
"4668",4.973545377,2.9713,"P0389","EC_0006.jpg"
"4669",8.968253968,2.752,"P0389","EC_0044.jpg"
"4670",7.830688033,3.3408,"P0389","EC_0083.jpg"
"4671",6.044973747,17.247,"P0389","EC_0237.jpg"
"4672",4.087301385,2.8956,"P0389","EC_0085.jpg"
"4673",6.031746435,2.4158,"P0389","EC_0098.jpg"
"4674",1.044973343,2.493,"P0389","EC_0105.jpg"
"4675",8.002646108,2.8911,"P0389","EC_0229.jpg"
"4676",6.230159134,2.8075,"P0389","EC_0058.jpg"
"4677",4.960318066,3.4645,"P0389","EC_0120.jpg"
"4678",8.955026657,3.2827,"P0389","EC_0090.jpg"
"4679",7.103174805,2.5644,"P0389","EC_0246.jpg"
"4680",9.761904762,2.6608,"P0389","EC_0118.jpg"
"4681",8.941799345,3.6452,"P0389","EC_0205.jpg"
"4682",6.851851852,2.5849,"P0389","EC_0039.jpg"
"4683",8.98148128,3.1651,"P0389","EC_0029.jpg"
"4684",0.132275233,2.7271,"P0389","EC_0141.jpg"
"4685",5.013227311,2.8406,"P0389","EC_0036.jpeg"
"4686",5.026455632,3.4486,"P0389","EC_0152.jpg"
"4687",6.19047619,2.7648,"P0389","EC_0074.jpg"
"4688",8.148148552,2.7157,"P0389","EC_0050.jpg"
"4689",3.108466214,4.1804,"P0389","EC_0037.jpg"
"4690",5,2.7772,"P0389","EC_0108.jpg"
"4691",8.082010986,2.7778,"P0389","EC_0013.jpg"
"4692",8.55820126,2.9314,"P0389","EC_0051.jpg"
"4693",7.380952381,3.1011,"P0389","EC_0073.jpg"
"4694",8.862434468,2.837,"P0389","EC_0084.jpg"
"4695",9.087301789,2.9132,"P0389","EC_0016.jpg"
"4696",5.846561048,2.8141,"P0389","EC_0170.jpg"
"4697",7.91005291,4.532,"P0389","EC_0185.jpg"
"4698",1.375661174,2.736,"P0389","EC_0010.jpg"
"4699",1.269841674,3.7116,"P0389","EC_0204.jpg"
"4700",5.066137566,3.2424,"P0389","EC_0223.jpg"
"4701",4.775132679,2.9402,"P0389","EC_0049.jpg"
"4702",7.566137768,3.755,"P0389","EC_0203.jpg"
"4703",4.828042934,3.1604,"P0389","EC_0163.jpg"
"4704",6.031746435,3.3049,"P0389","EC_0168.jpeg"
"4705",3.16137546,3.4181,"P0389","EC_0015.jpg"
"4706",0.899470899,3.0382,"P0389","EC_0238.jpg"
"4707",5.873015671,4.0284,"P0389","EC_0242.jpg"
"4708",4.907407811,4.9165,"P0389","EC_0086.jpg"
"4709",5.013227311,5.5775,"P0389","EC_0106.jpg"
"4710",6.137565936,3.3172,"P0389","EC_0151.jpg"
"4711",4.933862434,3.316,"P0389","EC_0209.jpg"
"4712",8.174603175,2.764,"P0389","EC_0027.jpg"
"4713",2.169311967,3.0879,"P0389","EC_0181.jpg"
"4714",3.465608667,2.9313,"P0389","EC_0148.jpg"
"4715",8.677249081,2.9493,"P0389","EC_0082.jpg"
"4716",8.941799345,3.2341,"P0389","EC_0089.jpg"
"4717",8.055555354,2.9203,"P0389","EC_0124.jpeg"
"4718",5.145502444,2.8953,"P0389","EC_0042.jpg"
"4719",6.891534795,5.3196,"P0389","EC_0219.jpg"
"4720",2.169311967,7.9858,"P0389","EC_0222.jpg"
"4721",8.042328042,3.4161,"P0389","EC_0055.jpg"
"4722",4.867724868,2.7673,"P0389","EC_0093.jpg"
"4723",6.08465669,3.0265,"P0389","EC_0164.jpg"
"4724",1.111110909,4.35,"P0389","EC_0123.jpeg"
"4725",7.870370976,4.1839,"P0389","EC_0243.jpg"
"4726",7.526454825,8.2204,"P0389","EC_0065.jpg"
"4727",1.931217335,5.8585,"P0389","EC_0171.jpg"
"4728",0.767195767,11.8928,"P0389","EC_0202.jpg"
"4729",7.923280221,17.8524,"P0389","EC_0040.jpg"
"4730",0,4.1195,"P0389","EC_0161.jpg"
"4731",7.896825599,2.9622,"P0389","EC_0056.jpg"
"4732",4.907407811,3.987,"P0389","EC_0011.jpg"
"4733",7.129629428,3.1547,"P0389","EC_0227.jpg"
"4734",6.772486974,3.8221,"P0389","EC_0063.jpg"
"4735",0.119047922,4.368,"P0389","EC_0033.jpeg"
"4736",8.597884203,3.7829,"P0389","EC_0068.jpg"
"4737",8.955026657,2.6936,"P0389","EC_0087.jpg"
"4738",5.489418595,3.146,"P0389","EC_0158.jpg"
"4739",7.857142655,5.6846,"P0389","EC_0012.jpg"
"4740",7.989417788,3.2045,"P0389","EC_0024.jpg"
"4741",4.841270245,3.7158,"P0389","EC_0077.jpg"
"4742",3.611111111,3.1722,"P0389","EC_0075.jpg"
"4743",7.341270447,3.2393,"P0389","EC_0018.jpg"
"4744",7.063491862,2.9523,"P0389","EC_0002.jpg"
"4745",1.33597924,3.2292,"P0389","EC_0140.jpg"
"4746",5.198412698,4.4899,"P0389","EC_0069.jpg"
"4747",8.849206147,2.8399,"P0389","EC_0080.jpg"
"4748",6.970899673,2.955,"P0389","EC_0230.jpg"
"4749",10,4.2528,"P0389","EC_0157.jpg"
"4750",8.862434468,3.3421,"P0389","EC_0103.jpg"
"4751",7.023809927,3.0034,"P0389","EC_0138.png"
"4752",9.880953592,3.2272,"P0389","EC_0210.jpg"
"4753",8.783068581,3.1167,"P0389","EC_0233.jpg"
"4754",7.433862636,9.0216,"P0389","EC_0007.jpg"
"4755",7.089947494,2.8454,"P0389","EC_0057.jpeg"
"4756",5.621693727,3.0562,"P0389","EC_0245.jpg"
"4757",1.87830708,2.4035,"P0389","EC_0214.jpg"
"4758",5.171958076,5.1759,"P0389","EC_0111.jpg"
"4759",6.058201058,3.0509,"P0389","EC_0221.jpg"
"4760",8.55820126,3.9489,"P0389","EC_0017.jpg"
"4761",6.759259663,2.5426,"P0389","EC_0165.jpg"
"4762",5.701058605,2.8243,"P0389","EC_0200.png"
"4763",7.619048023,3.0148,"P0389","EC_0008.jpg"
"4764",0.727513328,3.0025,"P0389","EC_0121.jpg"
"4765",9.193122299,3.9381,"P0389","EC_0207.jpg"
"4766",8.068783674,3.3947,"P0389","EC_0135.jpg"
"4767",8.849206147,2.9503,"P0389","EC_0188.jpg"
"4768",6.111111313,2.6697,"P0389","EC_0101.jpg"
"4769",6.94444505,4.0215,"P0389","EC_0129.jpeg"
"4770",0.105820106,2.6926,"P0389","EC_0142.jpg"
"4771",8.095238297,3.4333,"P0389","EC_0128.jpeg"
"4772",9.272487176,3.3099,"P0389","EC_0030.jpg"
"4773",0.145502545,3.038,"P0389","EC_0195.jpg"
"4774",5.899471303,3.2652,"P0389","EC_0228.jpg"
"4775",6.494709398,3.721,"P0389","EC_0182.jpg"
"4776",0.052910356,3.2626,"P0389","EC_0162.jpg"
"4777",7.010582616,2.5265,"P0389","EC_0133.jpg"
"4778",1.190476796,3.4434,"P0389","EC_0241.jpg"
"4779",0.68783089,2.5461,"P0389","EC_0009.jpg"
"4780",7.764550466,4.6814,"P0389","EC_0003.jpg"
"4781",6.005290803,2.9781,"P0389","EC_0022.jpg"
"4782",9.20634961,4.8484,"P0389","EC_0193.png"
"4783",2.896825195,7.7393,"P0389","EC_0014.jpg"
"4784",5.158730764,2.776,"P0389","EC_0160.jpg"
"4785",2.116402722,2.7127,"P0389","EC_0176.jpg"
"4786",6.931216729,2.581,"P0389","EC_0166.jpg"
"4787",5,3.074,"P0389","EC_0131.jpg"
"4788",6.785714286,10.5558,"P0389","EC_0109.jpg"
"4789",1.164021164,3.66,"P0389","EC_0206.png"
"4790",9.272487176,3.5412,"P0389","EC_0132.jpg"
"4791",7.936508542,2.4534,"P0389","EC_0159.jpg"
"4792",7.142857748,7.0826,"P0389","EC_0236.jpg"
"4793",0,5.7798,"P0389","EC_0226.jpg"
"4794",6.044973747,2.9408,"P0389","EC_0038.jpg"
"4795",8.55820126,2.8671,"P0389","EC_0250.jpg"
"4796",9.060847166,10.8603,"P0389","EC_0125.jpeg"
"4797",8.174603175,24.2507,"P0389","EC_0041.jpg"
"4798",6.481482087,3.4102,"P0389","EC_0001.jpg"
"4799",7.023809927,2.4641,"P0389","EC_0047.jpg"
"4800",5.052910255,3.1188,"P0389","EC_0183.jpg"
"4801",8.187830486,5.8061,"P0389","EC_0119.jpg"
"4802",9.074074478,3.8765,"P0389","EC_0031.jpg"
"4803",4.986772689,3.7909,"P0389","EC_0060.jpg"
"4804",3.730158932,3.7474,"P0389","EC_0097.jpg"
"4805",3.121693525,3.6088,"P0389","EC_0066.jpg"
"4806",4.761905367,3.2608,"P0389","EC_0137.jpg"
"4807",8.783068581,3.8198,"P0389","EC_0102.jpg"
"4808",6.600528899,2.9473,"P0389","EC_0173.jpg"
"4809",5.793650794,2.9309,"P0389","EC_0062.jpg"
"4810",8.915343714,3.2571,"P0389","EC_0070.jpg"
"4811",4.748677047,5.9522,"P0389","EC_0196.jpg"
"4812",2.473545175,4.5235,"P0389","EC_0232.jpg"
"4813",5.013227311,4.0615,"P0389","EC_0071.jpg"
"4814",5.092593198,10.7121,"P0389","EC_0054.jpg"
"4815",7.738095844,2.8253,"P0389","EC_0076.jpg"
"4816",5.978836181,2.7652,"P0389","EC_0094.jpg"
"4817",5.026455632,2.3762,"P0389","EC_0147.png"
"4818",8.862434468,2.9141,"P0389","EC_0248.jpg"
"4819",8.095238297,2.9608,"P0389","EC_0149.jpg"
"4820",7.658729957,2.7427,"P0389","EC_0061.jpg"
"4821",2.751322751,2.9691,"P0389","EC_0032.jpg"
"4822",8.650793449,2.9612,"P0389","EC_0081.jpg"
"4823",8.928572034,2.9647,"P0389","EC_0136.jpg"
"4824",8.941799345,6.5313,"P0389","EC_0104.jpg"
"4825",9.933862838,4.6992,"P0389","EC_0116.jpg"
"4826",8.399471505,4.342,"P0389","EC_0034.jpg"
"4827",9.113756412,4.0487,"P0389","EC_0096.jpg"
"4828",5.793650794,3.1564,"P0389","EC_0064.jpg"
"4829",5.462962963,4.8919,"P0389","EC_0150.jpg"
"4830",3.108466214,2.8832,"P0389","EC_0240.jpg"
"4831",6.005291005,5.862,"P0406","EC_0069.jpg"
"4832",4.947089947,6.298,"P0406","EC_0003.jpg"
"4833",7.010582011,4.811,"P0406","EC_0105.jpg"
"4834",5.952380952,5.289,"P0406","EC_0047.jpg"
"4835",7.989417989,4.962,"P0406","EC_0197.jpg"
"4836",3.082010582,5.083,"P0406","EC_0151.jpg"
"4837",4.96031746,5.739,"P0406","EC_0180.jpg"
"4838",4.021164021,6.142,"P0406","EC_0121.jpg"
"4839",6.957671958,6.398,"P0406","EC_0200.png"
"4840",8.082010582,4.674,"P0406","EC_0100.jpg"
"4841",3.994708995,4.151,"P0406","EC_0198.jpg"
"4842",5.079365079,4.967,"P0406","EC_0153.jpg"
"4843",3.015873016,4.642,"P0406","EC_0113.jpg"
"4844",9.761904762,6.057,"P0406","EC_0098.jpg"
"4845",9.933862434,5.896,"P0406","EC_0219.jpg"
"4846",3.928571429,3.765,"P0406","EC_0067.jpg"
"4847",4.947089947,5.612,"P0406","EC_0247.jpg"
"4848",7.989417989,5.888,"P0406","EC_0231.jpg"
"4849",4.947089947,5.965,"P0406","EC_0229.jpg"
"4850",4.986772487,6.101,"P0406","EC_0039.jpg"
"4851",4.947089947,3.494,"P0406","EC_0109.jpg"
"4852",6.031746032,4.975,"P0406","EC_0177.jpg"
"4853",4.973544974,4.147,"P0406","EC_0137.jpg"
"4854",9.100529101,3.848,"P0406","EC_0102.jpg"
"4855",6.044973545,5.725,"P0406","EC_0248.jpg"
"4856",7.076719577,8.785,"P0406","EC_0080.jpg"
"4857",3.042328042,9.169,"P0406","EC_0115.jpg"
"4858",7.962962963,4.819,"P0406","EC_0032.jpg"
"4859",3.121693122,4.355,"P0406","EC_0058.jpg"
"4860",4.947089947,6.294,"P0406","EC_0093.jpg"
"4861",4.986772487,4.361,"P0406","EC_0152.jpg"
"4862",5.978835979,9.289,"P0406","EC_0044.jpg"
"4863",3.888888889,6.349,"P0406","EC_0250.jpg"
"4864",5.899470899,5.386,"P0406","EC_0077.jpg"
"4865",2.037037037,5.068,"P0406","EC_0237.jpg"
"4866",5.105820106,4.214,"P0406","EC_0054.jpg"
"4867",7.989417989,3.684,"P0406","EC_0132.jpg"
"4868",5.952380952,5.259,"P0406","EC_0040.jpg"
"4869",5,4.237,"P0406","EC_0224.jpg"
"4870",6.005291005,5.337,"P0406","EC_0015.jpg"
"4871",8.928571429,7.174,"P0406","EC_0034.jpg"
"4872",4.96031746,5.589,"P0406","EC_0214.jpg"
"4873",6.058201058,4.454,"P0406","EC_0070.jpg"
"4874",2.023809524,6.48,"P0406","EC_0136.jpg"
"4875",7.169312169,5.408,"P0406","EC_0030.jpg"
"4876",2.169312169,8.405,"P0406","EC_0072.jpg"
"4877",6.044973545,3.928,"P0406","EC_0169.png"
"4878",6.018518519,6.358,"P0406","EC_0239.jpg"
"4879",6.494708995,5.773,"P0406","EC_0171.jpg"
"4880",9.060846561,3.255,"P0406","EC_0160.jpg"
"4881",6.071428571,5.166,"P0406","EC_0011.jpg"
"4882",5.066137566,5.686,"P0406","EC_0181.jpg"
"4883",6.018518519,4.158,"P0406","EC_0017.jpg"
"4884",7.076719577,5.3,"P0406","EC_0094.jpg"
"4885",5.026455026,5.982,"P0406","EC_0002.jpg"
"4886",6.124338624,4.991,"P0406","EC_0016.jpg"
"4887",5.013227513,8.484,"P0406","EC_0230.jpg"
"4888",1.997354497,7.029,"P0406","EC_0038.jpg"
"4889",5.171957672,4.527,"P0406","EC_0057.jpeg"
"4890",5.939153439,5.317,"P0406","EC_0141.jpg"
"4891",7.962962963,4.582,"P0406","EC_0056.jpg"
"4892",6.970899471,6.062,"P0406","EC_0068.jpg"
"4893",4.907407407,5.313,"P0406","EC_0119.jpg"
"4894",4.947089947,5.161,"P0406","EC_0222.jpg"
"4895",5.992063492,7.336,"P0406","EC_0037.jpg"
"4896",5.132275132,4.377,"P0406","EC_0006.jpg"
"4897",5.026455026,7.781,"P0406","EC_0205.jpg"
"4898",6.507936508,7.726,"P0406","EC_0020.jpg"
"4899",6.058201058,5.463,"P0406","EC_0201.jpg"
"4900",6.071428571,4.456,"P0406","EC_0087.jpg"
"4901",8.201058201,5.366,"P0406","EC_0135.jpg"
"4902",6.825396825,4.324,"P0406","EC_0041.jpg"
"4903",7.394179894,7.857,"P0406","EC_0084.jpg"
"4904",2.037037037,3.65,"P0406","EC_0245.jpg"
"4905",5.965608466,4.147,"P0406","EC_0008.jpg"
"4906",6.904761905,6.631,"P0406","EC_0081.jpg"
"4907",4.933862434,4.506,"P0406","EC_0129.jpeg"
"4908",5.978835979,4.639,"P0406","EC_0060.jpg"
"4909",8.002645503,5.037,"P0406","EC_0101.jpg"
"4910",6.058201058,4.818,"P0406","EC_0159.jpg"
"4911",8.042328042,4.556,"P0406","EC_0096.jpg"
"4912",5.992063492,5.212,"P0406","EC_0133.jpg"
"4913",2.037037037,6.615,"P0406","EC_0014.jpg"
"4914",4.933862434,9.023,"P0406","EC_0235.jpg"
"4915",4.933862434,6.563,"P0406","EC_0204.jpg"
"4916",8.002645503,7.071,"P0406","EC_0117.jpg"
"4917",5.052910053,4.347,"P0406","EC_0147.png"
"4918",2.103174603,6.621,"P0406","EC_0154.jpg"
"4919",5.092592593,6.509,"P0406","EC_0202.jpg"
"4920",8.029100529,4.766,"P0406","EC_0001.jpg"
"4921",6.997354497,5.668,"P0406","EC_0249.jpg"
"4922",9.920634921,8.894,"P0406","EC_0185.jpg"
"4923",7.05026455,4.703,"P0406","EC_0210.jpg"
"4924",5.052910053,5.803,"P0406","EC_0099.jpg"
"4925",5,7.606,"P0406","EC_0076.jpg"
"4926",5.952380952,4.556,"P0406","EC_0203.jpg"
"4927",7.010582011,4.246,"P0406","EC_0064.jpg"
"4928",6.375661376,4.976,"P0406","EC_0116.jpg"
"4929",6.018518519,6.236,"P0406","EC_0193.png"
"4930",8.928571429,7.572,"P0406","EC_0118.jpg"
"4931",5.092592593,8.105,"P0406","EC_0195.jpg"
"4932",5.965608466,6.384,"P0406","EC_0048.jpg"
"4933",2.103174603,4.031,"P0406","EC_0050.jpg"
"4934",5.013227513,6.309,"P0406","EC_0173.jpg"
"4935",5.992063492,7.006,"P0406","EC_0232.jpg"
"4936",3.981481481,7.178,"P0406","EC_0066.jpg"
"4937",5,5.343,"P0406","EC_0073.jpg"
"4938",5.939153439,3.733,"P0406","EC_0213.jpg"
"4939",6.058201058,7.43,"P0406","EC_0090.jpg"
"4940",7.711640212,4.433,"P0406","EC_0134.jpg"
"4941",6.044973545,8.72,"P0406","EC_0157.jpg"
"4942",7.169312169,8.707,"P0406","EC_0236.jpg"
"4943",6.044973545,4.991,"P0406","EC_0150.jpg"
"4944",6.018518519,14.248,"P0406","EC_0194.jpg"
"4945",7.116402116,3.741,"P0406","EC_0082.jpg"
"4946",7.169312169,7.135,"P0406","EC_0233.jpg"
"4947",4.907407407,4.223,"P0406","EC_0166.jpg"
"4948",5.925925926,6.026,"P0406","EC_0089.jpg"
"4949",4.074074074,7.506,"P0406","EC_0010.jpg"
"4950",3.174603175,3.992,"P0406","EC_0022.jpg"
"4951",4.96031746,4.849,"P0406","EC_0238.jpg"
"4952",4.973544974,7.047,"P0406","EC_0007.jpg"
"4953",5.952380952,6.175,"P0406","EC_0051.jpg"
"4954",9.920634921,8.419,"P0406","EC_0083.jpg"
"4955",6.970899471,7.818,"P0406","EC_0088.jpg"
"4956",4.973544974,5.639,"P0406","EC_0148.jpg"
"4957",6.005291005,4.879,"P0406","EC_0211.jpg"
"4958",2.275132275,9.214,"P0406","EC_0036.jpeg"
"4959",4.021164021,4.814,"P0406","EC_0106.jpg"
"4960",6.018518519,7.72,"P0406","EC_0163.jpg"
"4961",5.092592593,5.313,"P0406","EC_0005.jpg"
"4962",5.939153439,4.07,"P0406","EC_0046.jpg"
"4963",4.920634921,5.501,"P0406","EC_0228.jpg"
"4964",6.957671958,6.279,"P0406","EC_0013.jpg"
"4965",6.997354497,5.865,"P0406","EC_0009.jpg"
"4966",4.947089947,7.215,"P0406","EC_0196.jpg"
"4967",7.05026455,4.442,"P0406","EC_0174.jpg"
"4968",5.013227513,5.285,"P0406","EC_0111.jpg"
"4969",6.917989418,10.865,"P0406","EC_0086.jpg"
"4970",5.013227513,7.971,"P0406","EC_0065.jpg"
"4971",4.933862434,3.83,"P0406","EC_0206.png"
"4972",9.047619048,5.625,"P0406","EC_0104.jpg"
"4973",5.105820106,8.488,"P0406","EC_0123.jpeg"
"4974",6.044973545,4.107,"P0406","EC_0018.jpg"
"4975",4.947089947,4.465,"P0406","EC_0125.jpeg"
"4976",3.015873016,4.663,"P0406","EC_0028.jpg"
"4977",5.965608466,7.041,"P0406","EC_0164.jpg"
"4978",6.812169312,4.476,"P0406","EC_0182.jpg"
"4979",6.097883598,3.918,"P0406","EC_0029.jpg"
"4980",7.08994709,5.136,"P0406","EC_0063.jpg"
"4981",6.746031746,5.677,"P0406","EC_0209.jpg"
"4982",7.94973545,3.717,"P0406","EC_0042.jpg"
"4983",3.187830688,4.419,"P0406","EC_0167.jpg"
"4984",3.915343915,3.756,"P0406","EC_0120.jpg"
"4985",3.148148148,4.405,"P0406","EC_0128.jpeg"
"4986",5.013227513,5.692,"P0406","EC_0108.jpg"
"4987",5.026455026,5.086,"P0406","EC_0059.jpg"
"4988",6.111111111,5.209,"P0406","EC_0012.jpg"
"4989",7.989417989,4.596,"P0406","EC_0156.jpg"
"4990",3.055555556,4.733,"P0406","EC_0095.jpg"
"4991",5.026455026,5.253,"P0406","EC_0085.jpg"
"4992",6.957671958,4.548,"P0406","EC_0223.jpg"
"4993",2.076719577,5.237,"P0406","EC_0176.jpg"
"4994",5.026455026,7.297,"P0406","EC_0027.jpg"
"4995",5,4.939,"P0406","EC_0242.jpg"
"4996",4.920634921,4.045,"P0406","EC_0031.jpg"
"4997",3.994708995,4.195,"P0406","EC_0075.jpg"
"4998",4.894179894,6.319,"P0406","EC_0019.jpg"
"4999",6.018518519,6.426,"P0406","EC_0097.jpg"
"5000",5.105820106,6.26,"P0406","EC_0103.jpg"
"5001",6.031746032,5.817,"P0406","EC_0226.jpg"
"5002",7.989417989,4.331,"P0406","EC_0061.jpg"
"5003",6.931216931,6.12,"P0406","EC_0142.jpg"
"5004",7.711640212,8.085,"P0406","EC_0165.jpg"
"5005",5.873015873,5.523,"P0406","EC_0053.jpg"
"5006",6.851851852,6.478,"P0406","EC_0168.jpeg"
"5007",3.941798942,5.566,"P0406","EC_0024.jpg"
"5008",3.095238095,4.774,"P0406","EC_0243.jpg"
"5009",5.978835979,8.338,"P0406","EC_0184.jpg"
"5010",5.238095238,6.382,"P0406","EC_0234.jpg"
"5011",5.912698413,3.765,"P0406","EC_0187.jpeg"
"5012",2.12962963,5.08,"P0406","EC_0124.jpeg"
"5013",3.783068783,6.294,"P0406","EC_0161.jpg"
"5014",4.047619048,5.945,"P0406","EC_0170.jpg"
"5015",5.198412698,5.573,"P0406","EC_0241.jpg"
"5016",6.164021164,7.489,"P0406","EC_0158.jpg"
"5017",6.031746032,5.458,"P0406","EC_0139.png"
"5018",6.018518519,4.593,"P0406","EC_0188.jpg"
"5019",6.944444444,4.856,"P0406","EC_0162.jpg"
"5020",6.018518519,4.518,"P0406","EC_0079.jpg"
"5021",7.05026455,5.682,"P0406","EC_0199.jpg"
"5022",6.415343915,9.133,"P0406","EC_0049.jpg"
"5023",6.031746032,9.476,"P0406","EC_0149.jpg"
"5024",5.899470899,5.105,"P0406","EC_0033.jpeg"
"5025",4.907407407,5.889,"P0406","EC_0138.png"
"5026",4.986772487,15.671,"P0406","EC_0244.jpg"
"5027",3.955026455,10.557,"P0406","EC_0221.jpg"
"5028",7.883597884,6.583,"P0406","EC_0055.jpg"
"5029",6.044973545,11.577,"P0406","EC_0074.jpg"
"5030",7.91005291,5.106,"P0406","EC_0183.jpg"
"5031",5.952380952,4.627,"P0406","EC_0131.jpg"
"5032",4.021164021,10.927,"P0406","EC_0240.jpg"
"5033",6.997354497,6.569,"P0406","EC_0092.jpg"
"5034",7.023809524,9.943,"P0406","EC_0140.jpg"
"5035",8.80952381,9.582,"P0406","EC_0172.jpg"
"5036",5.912698413,7.514,"P0406","EC_0246.jpg"
"5037",5.978835979,4.024,"P0406","EC_0062.jpg"
"5038",8.095238095,19.107,"P0406","EC_0207.jpg"
"5039",6.812169312,4.295,"P0406","EC_0071.jpg"
"5040",2.116402116,3.459,"P0406","EC_0227.jpg"
"5041",7.023809927,5.6597,"P0408","EC_0156.jpg"
"5042",1.957671958,6.5836,"P0408","EC_0049.jpg"
"5043",2.976191082,4.924,"P0408","EC_0119.jpg"
"5044",8.055555354,4.8883,"P0408","EC_0205.jpg"
"5045",0.939153843,4.4864,"P0408","EC_0109.jpg"
"5046",9.973545781,3.6301,"P0408","EC_0073.jpg"
"5047",9.007936912,5.3769,"P0408","EC_0068.jpg"
"5048",0.079364978,6.8646,"P0408","EC_0124.jpeg"
"5049",1.00918e-07,4.0791,"P0408","EC_0128.jpeg"
"5050",2.037036835,5.9445,"P0408","EC_0024.jpg"
"5051",6.970899673,4.2821,"P0408","EC_0153.jpg"
"5052",9.907408215,3.7938,"P0408","EC_0041.jpg"
"5053",4.920635122,4.0605,"P0408","EC_0181.jpg"
"5054",5.978836181,3.8329,"P0408","EC_0172.jpg"
"5055",4.986772689,3.707,"P0408","EC_0062.jpg"
"5056",6.970899673,3.6512,"P0408","EC_0001.jpg"
"5057",5.912698615,3.4465,"P0408","EC_0200.png"
"5058",1.87830708,3.158,"P0408","EC_0135.jpg"
"5059",5.013227311,3.5956,"P0408","EC_0018.jpg"
"5060",2.010582212,4.9896,"P0408","EC_0206.png"
"5061",8.002646108,3.4961,"P0408","EC_0197.jpg"
"5062",8.9947096,4.8332,"P0408","EC_0241.jpg"
"5063",4.986772689,4.2533,"P0408","EC_0084.jpg"
"5064",9.920634517,3.5455,"P0408","EC_0042.jpg"
"5065",3.042328648,3.8385,"P0408","EC_0248.jpg"
"5066",4.947089745,3.4432,"P0408","EC_0174.jpg"
"5067",8.941799345,4.8912,"P0408","EC_0121.jpg"
"5068",6.997354296,3.9337,"P0408","EC_0141.jpg"
"5069",8.968253968,3.558,"P0408","EC_0163.jpg"
"5070",9.973545781,3.8088,"P0408","EC_0083.jpg"
"5071",8.941799345,3.8298,"P0408","EC_0168.jpeg"
"5072",1.997354901,3.2588,"P0408","EC_0240.jpg"
"5073",4.973545377,5.4404,"P0408","EC_0162.jpg"
"5074",2.923280827,3.6934,"P0408","EC_0113.jpg"
"5075",5.039682943,3.5386,"P0408","EC_0231.jpg"
"5076",7.023809927,3.9732,"P0408","EC_0064.jpg"
"5077",7.989417788,3.3032,"P0408","EC_0211.jpg"
"5078",7.010582616,4.5799,"P0408","EC_0034.jpg"
"5079",7.923280221,3.6183,"P0408","EC_0207.jpg"
"5080",1.058201664,3.9884,"P0408","EC_0187.jpeg"
"5081",2.962962761,3.7092,"P0408","EC_0233.jpg"
"5082",0.013227412,4.4038,"P0408","EC_0227.jpg"
"5083",4.933862434,4.0596,"P0408","EC_0069.jpg"
"5084",9.96031746,3.4092,"P0408","EC_0074.jpg"
"5085",6.957672361,3.5169,"P0408","EC_0133.jpg"
"5086",0.066137667,3.5839,"P0408","EC_0184.jpg"
"5087",5.026455632,3.4807,"P0408","EC_0161.jpg"
"5088",6.984126984,3.3545,"P0408","EC_0017.jpg"
"5089",9.894179894,3.0791,"P0408","EC_0070.jpg"
"5090",5.013227311,3.8386,"P0408","EC_0036.jpeg"
"5091",6.917989418,4.0461,"P0408","EC_0194.jpg"
"5092",6.031746435,3.636,"P0408","EC_0020.jpg"
"5093",0.03968254,3.3554,"P0408","EC_0129.jpeg"
"5094",7.989417788,3.884,"P0408","EC_0019.jpg"
"5095",9.880953592,3.9265,"P0408","EC_0030.jpg"
"5096",4.960318066,3.0929,"P0408","EC_0039.jpg"
"5097",2.989418393,3.5257,"P0408","EC_0054.jpg"
"5098",6.005290803,3.3107,"P0408","EC_0228.jpg"
"5099",4.986772689,4.9829,"P0408","EC_0076.jpg"
"5100",7.037037239,3.1856,"P0408","EC_0239.jpg"
"5101",6.891534795,4.0721,"P0408","EC_0011.jpg"
"5102",9.047618846,3.539,"P0408","EC_0016.jpg"
"5103",4.986772689,3.0499,"P0408","EC_0093.jpg"
"5104",1.98412759,3.4901,"P0408","EC_0159.jpg"
"5105",4.907407811,2.9479,"P0408","EC_0108.jpg"
"5106",0.052910356,3.3356,"P0408","EC_0053.jpg"
"5107",4.986772689,2.9593,"P0408","EC_0106.jpg"
"5108",5.978836181,3.1329,"P0408","EC_0201.jpg"
"5109",4.007936508,3.3362,"P0408","EC_0235.jpg"
"5110",6.997354296,3.5268,"P0408","EC_0010.jpg"
"5111",4.960318066,3.3507,"P0408","EC_0166.jpg"
"5112",6.997354296,3.7872,"P0408","EC_0086.jpg"
"5113",0.052910356,4.5682,"P0408","EC_0058.jpg"
"5114",0.992064098,5.2088,"P0408","EC_0125.jpeg"
"5115",5.978836181,3.1166,"P0408","EC_0071.jpg"
"5116",1.98412759,5.1073,"P0408","EC_0185.jpg"
"5117",2.870370572,3.6153,"P0408","EC_0028.jpg"
"5118",0.105820106,3.8512,"P0408","EC_0056.jpg"
"5119",7.923280221,3.235,"P0408","EC_0080.jpg"
"5120",1.997354901,3.2599,"P0408","EC_0234.jpg"
"5121",0.873016277,3.9805,"P0408","EC_0148.jpg"
"5122",8.042328042,3.4577,"P0408","EC_0063.jpg"
"5123",4.933862434,3.3311,"P0408","EC_0088.jpg"
"5124",9.907408215,3.1284,"P0408","EC_0044.jpg"
"5125",1.031746032,4.1953,"P0408","EC_0247.jpg"
"5126",2.976191082,3.3591,"P0408","EC_0100.jpg"
"5127",4.960318066,3.2447,"P0408","EC_0154.jpg"
"5128",2.962962761,3.2537,"P0408","EC_0098.jpg"
"5129",1.98412759,3.0566,"P0408","EC_0007.jpg"
"5130",6.94444505,2.7046,"P0408","EC_0210.jpg"
"5131",0.978835777,3.004,"P0408","EC_0223.jpg"
"5132",9.788359385,3.3021,"P0408","EC_0104.jpg"
"5133",1.957671958,3.6308,"P0408","EC_0029.jpg"
"5134",4.933862434,2.7022,"P0408","EC_0032.jpg"
"5135",1.044973343,3.147,"P0408","EC_0147.png"
"5136",2.936508138,2.967,"P0408","EC_0137.jpg"
"5137",5.013227311,2.9204,"P0408","EC_0118.jpg"
"5138",5.992063492,3.1588,"P0408","EC_0160.jpg"
"5139",6.984126984,2.989,"P0408","EC_0092.jpg"
"5140",9.907408215,3.0795,"P0408","EC_0081.jpg"
"5141",0.978835777,3.8088,"P0408","EC_0195.jpg"
"5142",4.920635122,2.7756,"P0408","EC_0120.jpg"
"5143",5.026455632,2.8895,"P0408","EC_0250.jpg"
"5144",3.029100327,11.9275,"P0408","EC_0075.jpg"
"5145",9.986772083,3.2786,"P0408","EC_0008.jpg"
"5146",8.98148128,4.2827,"P0408","EC_0105.jpg"
"5147",5.978836181,4.5254,"P0408","EC_0246.jpg"
"5148",7.949735853,3.3074,"P0408","EC_0038.jpg"
"5149",0.978835777,2.9745,"P0408","EC_0198.jpg"
"5150",0.820106022,2.7675,"P0408","EC_0140.jpg"
"5151",2.910053516,3.3232,"P0408","EC_0182.jpg"
"5152",1.031746032,4.2131,"P0408","EC_0061.jpg"
"5153",6.970899673,5.5229,"P0408","EC_0082.jpg"
"5154",0.026455228,2.9365,"P0408","EC_0009.jpg"
"5155",7.896825599,3.9196,"P0408","EC_0116.jpg"
"5156",5,3.366,"P0408","EC_0193.png"
"5157",4.907407811,4.3498,"P0408","EC_0046.jpg"
"5158",1.031746032,3.6365,"P0408","EC_0222.jpg"
"5159",6.058201058,3.3244,"P0408","EC_0158.jpg"
"5160",4.986772689,3.4112,"P0408","EC_0149.jpg"
"5161",6.970899673,4.6791,"P0408","EC_0219.jpg"
"5162",4.960318066,3.0215,"P0408","EC_0237.jpg"
"5163",5.992063492,3.6662,"P0408","EC_0238.jpg"
"5164",7.023809927,3.4046,"P0408","EC_0229.jpg"
"5165",7.05026455,4.7258,"P0408","EC_0131.jpg"
"5166",8.068783674,2.62,"P0408","EC_0167.jpg"
"5167",8.968253968,3.3408,"P0408","EC_0077.jpg"
"5168",2.976191082,4.0687,"P0408","EC_0115.jpg"
"5169",8.955026657,3.1553,"P0408","EC_0170.jpg"
"5170",0.939153843,2.8409,"P0408","EC_0095.jpg"
"5171",0.03968254,2.9082,"P0408","EC_0123.jpeg"
"5172",0.992064098,3.0105,"P0408","EC_0209.jpg"
"5173",4.986772689,3.0213,"P0408","EC_0226.jpg"
"5174",9.933862838,3.7256,"P0408","EC_0057.jpeg"
"5175",0.079364978,2.8429,"P0408","EC_0214.jpg"
"5176",4.986772689,2.7232,"P0408","EC_0136.jpg"
"5177",8.915343714,4.6677,"P0408","EC_0065.jpg"
"5178",0.03968254,3.4913,"P0408","EC_0232.jpg"
"5179",1.98412759,3.4188,"P0408","EC_0101.jpg"
"5180",0.978835777,4.017,"P0408","EC_0033.jpeg"
"5181",3.968254574,3.613,"P0408","EC_0047.jpg"
"5182",0.03968254,4.041,"P0408","EC_0244.jpg"
"5183",4.947089745,2.8515,"P0408","EC_0051.jpg"
"5184",1.005291409,2.7905,"P0408","EC_0213.jpg"
"5185",1.111110909,4.4024,"P0408","EC_0134.jpg"
"5186",1.970899269,2.7935,"P0408","EC_0048.jpg"
"5187",4.748677047,2.5796,"P0408","EC_0173.jpg"
"5188",7.05026455,3.1477,"P0408","EC_0177.jpg"
"5189",9.894179894,3.323,"P0408","EC_0037.jpg"
"5190",4.973545377,3.0987,"P0408","EC_0066.jpg"
"5191",8.108465608,3.227,"P0408","EC_0067.jpg"
"5192",6.005290803,2.6364,"P0408","EC_0060.jpg"
"5193",2.724868129,3.0122,"P0408","EC_0139.png"
"5194",8.002646108,2.8161,"P0408","EC_0099.jpg"
"5195",4.973545377,3.063,"P0408","EC_0202.jpg"
"5196",5.992063492,3.4087,"P0408","EC_0079.jpg"
"5197",3.002645704,3.1167,"P0408","EC_0006.jpg"
"5198",7.976190476,3.7137,"P0408","EC_0103.jpg"
"5199",4.933862434,3.1383,"P0408","EC_0087.jpg"
"5200",0.03968254,3.543,"P0408","EC_0204.jpg"
"5201",8.928572034,2.8044,"P0408","EC_0152.jpg"
"5202",0.992064098,4.4283,"P0408","EC_0005.jpg"
"5203",4.960318066,3.0244,"P0408","EC_0176.jpg"
"5204",5.912698615,3.5753,"P0408","EC_0221.jpg"
"5205",9.880953592,3.9559,"P0408","EC_0013.jpg"
"5206",7.989417788,3.6157,"P0408","EC_0031.jpg"
"5207",1.058201664,4.0003,"P0408","EC_0027.jpg"
"5208",6.891534795,2.5751,"P0408","EC_0015.jpg"
"5209",0.992064098,3.0578,"P0408","EC_0150.jpg"
"5210",4.8941805,2.9537,"P0408","EC_0094.jpg"
"5211",0.925926531,4.2169,"P0408","EC_0242.jpg"
"5212",4.933862434,3.4298,"P0408","EC_0224.jpg"
"5213",2.116402722,3.1803,"P0408","EC_0089.jpg"
"5214",4.973545377,2.7586,"P0408","EC_0203.jpg"
"5215",9.894179894,3.5695,"P0408","EC_0188.jpg"
"5216",3.121693525,4.5374,"P0408","EC_0012.jpg"
"5217",9.788359385,3.3822,"P0408","EC_0171.jpg"
"5218",4.047619451,3.7571,"P0408","EC_0111.jpg"
"5219",0.873016277,3.4789,"P0408","EC_0040.jpg"
"5220",0.013227412,2.6857,"P0408","EC_0165.jpg"
"5221",0.912698211,3.0933,"P0408","EC_0142.jpg"
"5222",1.005291409,3.0109,"P0408","EC_0059.jpg"
"5223",1.997354901,3.1821,"P0408","EC_0164.jpg"
"5224",8.955026657,3.7463,"P0408","EC_0196.jpg"
"5225",4.03439214,3.9271,"P0408","EC_0180.jpg"
"5226",5.978836181,3.2185,"P0408","EC_0132.jpg"
"5227",4.947089745,4.2545,"P0408","EC_0097.jpg"
"5228",2.08994709,3.9519,"P0408","EC_0199.jpg"
"5229",0.079364978,3.2144,"P0408","EC_0249.jpg"
"5230",5.886243992,3.0955,"P0408","EC_0230.jpg"
"5231",8.002646108,2.8849,"P0408","EC_0002.jpg"
"5232",5,3.0124,"P0408","EC_0022.jpg"
"5233",7.089947494,3.9838,"P0408","EC_0138.png"
"5234",6.005290803,3.2133,"P0408","EC_0245.jpg"
"5235",9.801587705,3.0739,"P0408","EC_0072.jpg"
"5236",4.960318066,3.768,"P0408","EC_0014.jpg"
"5237",7.063491862,3.3055,"P0408","EC_0243.jpg"
"5238",4.986772689,2.9155,"P0408","EC_0236.jpg"
"5239",8.01587342,2.6078,"P0408","EC_0102.jpg"
"5240",8.055555354,2.8952,"P0408","EC_0157.jpg"
"5241",5.092593198,3.6566,"P0408","EC_0003.jpg"
"5242",3.968254574,3.0086,"P0408","EC_0117.jpg"
"5243",1.970899269,3.1939,"P0408","EC_0090.jpg"
"5244",2.976191082,3.0711,"P0408","EC_0151.jpg"
"5245",4.986772689,2.9399,"P0408","EC_0096.jpg"
"5246",2.037036835,2.9173,"P0408","EC_0085.jpg"
"5247",4.880952179,2.702,"P0408","EC_0169.png"
"5248",6.018519124,2.6631,"P0408","EC_0050.jpg"
"5249",0.079364978,2.759,"P0408","EC_0055.jpg"
"5250",0.026455228,3.9173,"P0408","EC_0183.jpg"
"5251",3.197129023,2.915,"P0413","EC_0094.jpg"
"5252",6.849951366,3.5456,"P0413","EC_0002.jpg"
"5253",8.680390858,4.2289,"P0413","EC_0001.jpg"
"5254",7.305867513,2.583,"P0413","EC_0088.jpg"
"5255",7.319802905,2.6438,"P0413","EC_0243.jpg"
"5256",3.97755747,2.8985,"P0413","EC_0089.jpg"
"5257",9.486677866,3.1816,"P0413","EC_0074.jpg"
"5258",3.699761285,5.1571,"P0413","EC_0090.jpg"
"5259",7.982018849,2.7635,"P0413","EC_0042.jpg"
"5260",6.878825839,3.6682,"P0413","EC_0032.jpg"
"5261",2.048127674,2.5382,"P0413","EC_0020.jpg"
"5262",2.114723811,4.6126,"P0413","EC_0148.jpg"
"5263",2.462664892,4.0305,"P0413","EC_0009.jpg"
"5264",3.937841991,2.6289,"P0413","EC_0079.jpg"
"5265",6.655255999,2.737,"P0413","EC_0229.jpg"
"5266",5.603504968,2.2259,"P0413","EC_0239.jpg"
"5267",7.476100377,2.4902,"P0413","EC_0139.png"
"5268",1.849057152,2.6157,"P0413","EC_0006.jpg"
"5269",7.685692197,3.2289,"P0413","EC_0065.jpg"
"5270",1.148330931,2.5467,"P0413","EC_0140.jpg"
"5271",4.86084275,2.2077,"P0413","EC_0193.png"
"5272",7.267714727,2.3415,"P0413","EC_0221.jpg"
"5273",5.082266671,2.5207,"P0413","EC_0241.jpg"
"5274",6.452735538,2.376,"P0413","EC_0233.jpg"
"5275",2.325964549,4.5841,"P0413","EC_0165.jpg"
"5276",1.869270446,3.083,"P0413","EC_0174.jpg"
"5277",8.110333155,2.5962,"P0413","EC_0188.jpg"
"5278",7.984304277,5.1324,"P0413","EC_0085.jpg"
"5279",7.155900259,2.9836,"P0413","EC_0120.jpg"
"5280",7.91358972,2.31,"P0413","EC_0046.jpg"
"5281",3.609307183,2.5849,"P0413","EC_0125.jpeg"
"5282",5.930896577,2.6336,"P0413","EC_0210.jpg"
"5283",2.115694561,2.5503,"P0413","EC_0202.jpg"
"5284",1.849226694,2.7371,"P0413","EC_0236.jpg"
"5285",1.848472959,4.5522,"P0413","EC_0195.jpg"
"5286",1.88733007,6.2877,"P0413","EC_0111.jpg"
"5287",5.989115397,2.7929,"P0413","EC_0092.jpg"
"5288",7.818710085,2.4158,"P0413","EC_0039.jpg"
"5289",3.653917101,2.7769,"P0413","EC_0061.jpg"
"5290",8.084232391,3.6227,"P0413","EC_0116.jpg"
"5291",6.96371024,3.1419,"P0413","EC_0118.jpg"
"5292",8.182130844,2.2724,"P0413","EC_0211.jpg"
"5293",9.766552153,4.4173,"P0413","EC_0196.jpg"
"5294",1.980989002,2.552,"P0413","EC_0153.jpg"
"5295",8.038537404,3.3218,"P0413","EC_0080.jpg"
"5296",3.74254596,6.8439,"P0413","EC_0084.jpg"
"5297",8.042441716,4.5799,"P0413","EC_0166.jpg"
"5298",7.697709341,2.3803,"P0413","EC_0200.png"
"5299",9.505467975,3.9472,"P0413","EC_0103.jpg"
"5300",7.882691398,2.3626,"P0413","EC_0194.jpg"
"5301",3.573750814,25.5537,"P0413","EC_0069.jpg"
"5302",1.835210891,3.77,"P0413","EC_0203.jpg"
"5303",1.0431194,2.4373,"P0413","EC_0214.jpg"
"5304",4.945536296,2.3989,"P0413","EC_0161.jpg"
"5305",5.628851028,2.6794,"P0413","EC_0067.jpg"
"5306",6.880070762,2.2151,"P0413","EC_0181.jpg"
"5307",1.485344781,2.2275,"P0413","EC_0240.jpg"
"5308",6.854478624,4.0787,"P0413","EC_0172.jpg"
"5309",1.508143834,5.2006,"P0413","EC_0086.jpg"
"5310",7.062235514,2.3798,"P0413","EC_0156.jpg"
"5311",7.62912617,5.1264,"P0413","EC_0007.jpg"
"5312",1.807118249,3.4878,"P0413","EC_0062.jpg"
"5313",7.753282335,3.1745,"P0413","EC_0056.jpg"
"5314",4.777491009,5.6032,"P0413","EC_0168.jpeg"
"5315",8.451205783,2.5958,"P0413","EC_0228.jpg"
"5316",9.767112126,2.6274,"P0413","EC_0223.jpg"
"5317",0.227232434,3.3421,"P0413","EC_0129.jpeg"
"5318",2.485409691,3.3914,"P0413","EC_0033.jpeg"
"5319",6.900257898,2.4469,"P0413","EC_0040.jpg"
"5320",2.921685113,4.2775,"P0413","EC_0137.jpg"
"5321",2.145160978,4.1849,"P0413","EC_0053.jpg"
"5322",2.766524058,2.8057,"P0413","EC_0011.jpg"
"5323",6.734305246,2.5784,"P0413","EC_0054.jpg"
"5324",2.841024732,2.5284,"P0413","EC_0041.jpg"
"5325",1.418406169,4.0819,"P0413","EC_0204.jpg"
"5326",8.694686647,3.6892,"P0413","EC_0104.jpg"
"5327",6.992904421,2.9938,"P0413","EC_0030.jpg"
"5328",2.326130216,4.1426,"P0413","EC_0222.jpg"
"5329",3.353872148,5.6233,"P0413","EC_0015.jpg"
"5330",6.711175828,3.564,"P0413","EC_0162.jpg"
"5331",7.871827141,7.9971,"P0413","EC_0180.jpg"
"5332",9.637005518,3.9308,"P0413","EC_0115.jpg"
"5333",8.977327861,2.8492,"P0413","EC_0008.jpg"
"5334",7.145135789,4.8304,"P0413","EC_0160.jpg"
"5335",2.073935857,3.0347,"P0413","EC_0209.jpg"
"5336",6.984229678,3.7984,"P0413","EC_0182.jpg"
"5337",5.847299727,4.2118,"P0413","EC_0167.jpg"
"5338",7.827973865,4.9775,"P0413","EC_0234.jpg"
"5339",8.281101772,5.1995,"P0413","EC_0237.jpg"
"5340",8.846760099,5.4976,"P0413","EC_0244.jpg"
"5341",2.782081241,37.7257,"P0413","EC_0071.jpg"
"5342",0.96881927,7.2313,"P0413","EC_0250.jpg"
"5343",8.539501372,6.1968,"P0413","EC_0058.jpg"
"5344",2.258233933,2.7312,"P0413","EC_0171.jpg"
"5345",8.163510277,3.1766,"P0413","EC_0099.jpg"
"5346",6.206791953,3.3819,"P0413","EC_0047.jpg"
"5347",6.88619656,4.6309,"P0413","EC_0095.jpg"
"5348",4.075756255,3.1333,"P0413","EC_0100.jpg"
"5349",8.803689624,2.8938,"P0413","EC_0073.jpg"
"5350",5.91082473,4.601,"P0413","EC_0187.jpeg"
"5351",1.101961651,3.3176,"P0413","EC_0199.jpg"
"5352",7.333524189,2.4885,"P0413","EC_0098.jpg"
"5353",4.913199289,3.0932,"P0413","EC_0124.jpeg"
"5354",7.065455845,2.7325,"P0413","EC_0066.jpg"
"5355",8.239378914,2.8005,"P0413","EC_0038.jpg"
"5356",5.601155599,3.0325,"P0413","EC_0227.jpg"
"5357",5.754515633,2.9458,"P0413","EC_0055.jpg"
"5358",7.378242614,2.6848,"P0413","EC_0012.jpg"
"5359",6.833979531,2.6801,"P0413","EC_0207.jpg"
"5360",4.448885479,2.5161,"P0413","EC_0176.jpg"
"5361",8.477044,2.6329,"P0413","EC_0082.jpg"
"5362",1.545605372,2.6487,"P0413","EC_0249.jpg"
"5363",1.964043511,2.9339,"P0413","EC_0135.jpg"
"5364",7.111582923,3.0484,"P0413","EC_0019.jpg"
"5365",1.433393206,2.9491,"P0413","EC_0248.jpg"
"5366",7.025323777,2.5457,"P0413","EC_0102.jpg"
"5367",6.711407374,2.6104,"P0413","EC_0138.png"
"5368",7.284970238,2.87,"P0413","EC_0219.jpg"
"5369",7.357102167,2.7147,"P0413","EC_0213.jpg"
"5370",1.483020601,4.0005,"P0413","EC_0113.jpg"
"5371",8.598404173,2.6762,"P0413","EC_0097.jpg"
"5372",5.556894454,2.8342,"P0413","EC_0224.jpg"
"5373",0.52320886,3.4317,"P0413","EC_0027.jpg"
"5374",4.8916936,2.9642,"P0413","EC_0197.jpg"
"5375",5.951896546,4.0786,"P0413","EC_0048.jpg"
"5376",8.309269012,2.9181,"P0413","EC_0068.jpg"
"5377",5.471836635,2.9691,"P0413","EC_0049.jpg"
"5378",6.959050254,3.2841,"P0413","EC_0136.jpg"
"5379",6.342170836,3.4594,"P0413","EC_0131.jpg"
"5380",2.558526902,3.7668,"P0413","EC_0159.jpg"
"5381",9.776965913,2.962,"P0413","EC_0028.jpg"
"5382",7.118714348,4.1177,"P0413","EC_0106.jpg"
"5383",3.528356159,2.4174,"P0413","EC_0051.jpg"
"5384",7.629694863,2.7141,"P0413","EC_0185.jpg"
"5385",3.887669155,3.1116,"P0413","EC_0247.jpg"
"5386",1.1837444,3.6071,"P0413","EC_0206.png"
"5387",9.194029793,3.1901,"P0413","EC_0170.jpg"
"5388",3.268239824,3.1962,"P0413","EC_0142.jpg"
"5389",4.281524174,4.3002,"P0413","EC_0158.jpg"
"5390",7.772430904,2.5326,"P0413","EC_0152.jpg"
"5391",9.02893357,3.7923,"P0413","EC_0075.jpg"
"5392",3.178347633,2.78,"P0413","EC_0238.jpg"
"5393",2.092007107,5.3275,"P0413","EC_0164.jpg"
"5394",1.14935884,3.1313,"P0413","EC_0141.jpg"
"5395",7.787231445,2.8458,"P0413","EC_0149.jpg"
"5396",6.990347726,3.4355,"P0413","EC_0169.png"
"5397",3.652649895,2.9153,"P0413","EC_0017.jpg"
"5398",6.121113126,2.5771,"P0413","EC_0022.jpg"
"5399",8.613571894,4.686,"P0413","EC_0003.jpg"
"5400",9.582264734,3.1729,"P0413","EC_0037.jpg"
"5401",2.518950932,4.0539,"P0413","EC_0087.jpg"
"5402",8.84585426,3.2418,"P0413","EC_0077.jpg"
"5403",8.979896182,2.6952,"P0413","EC_0183.jpg"
"5404",5.129488506,6.6168,"P0413","EC_0060.jpg"
"5405",7.746667287,3.0641,"P0413","EC_0018.jpg"
"5406",8.451247442,6.4111,"P0413","EC_0242.jpg"
"5407",9.42253573,2.7586,"P0413","EC_0163.jpg"
"5408",7.182678223,2.4345,"P0413","EC_0109.jpg"
"5409",8.267519996,3.3132,"P0413","EC_0024.jpg"
"5410",6.671105763,2.5784,"P0413","EC_0050.jpg"
"5411",7.281286815,2.9308,"P0413","EC_0014.jpg"
"5412",8.796243335,3.1908,"P0413","EC_0083.jpg"
"5413",5.674841502,2.7291,"P0413","EC_0031.jpg"
"5414",3.848231724,2.3095,"P0413","EC_0173.jpg"
"5415",8.073503767,3.2157,"P0413","EC_0123.jpeg"
"5416",7.719094897,2.9282,"P0413","EC_0205.jpg"
"5417",7.375642322,6.2133,"P0413","EC_0230.jpg"
"5418",7.305378263,2.7616,"P0413","EC_0101.jpg"
"5419",8.715736026,3.651,"P0413","EC_0072.jpg"
"5420",2.531671433,3.058,"P0413","EC_0231.jpg"
"5421",6.455758231,4.4167,"P0413","EC_0108.jpg"
"5422",4.525281149,3.3662,"P0413","EC_0063.jpg"
"5423",6.742216564,6.2934,"P0413","EC_0010.jpg"
"5424",3.162768167,2.4121,"P0413","EC_0184.jpg"
"5425",6.164948963,3.7939,"P0413","EC_0154.jpg"
"5426",8.090337844,3.5616,"P0413","EC_0232.jpg"
"5427",0.433516245,5.6782,"P0413","EC_0013.jpg"
"5428",8.550832597,4.0819,"P0413","EC_0057.jpeg"
"5429",8.337154328,4.2456,"P0413","EC_0132.jpg"
"5430",7.59429641,3.8511,"P0413","EC_0134.jpg"
"5431",7.922988165,4.5263,"P0413","EC_0034.jpg"
"5432",3.764912923,3.3803,"P0413","EC_0093.jpg"
"5433",5.277085077,5.194,"P0413","EC_0121.jpg"
"5434",2.708708264,5.9183,"P0413","EC_0005.jpg"
"5435",5.114686027,2.5704,"P0413","EC_0150.jpg"
"5436",3.191134983,15.8729,"P0413","EC_0119.jpg"
"5437",3.060977996,2.8591,"P0413","EC_0235.jpg"
"5438",5.816709488,2.5459,"P0413","EC_0226.jpg"
"5439",7.819109235,10.1383,"P0413","EC_0029.jpg"
"5440",3.500935872,3.0308,"P0413","EC_0059.jpg"
"5441",4.933845641,2.4517,"P0413","EC_0201.jpg"
"5442",2.819714743,3.1172,"P0413","EC_0198.jpg"
"5443",2.111365909,3.5438,"P0413","EC_0147.png"
"5444",6.043907529,2.3259,"P0413","EC_0096.jpg"
"5445",5.756124829,2.248,"P0413","EC_0081.jpg"
"5446",7.964129736,4.4323,"P0413","EC_0246.jpg"
"5447",0.565428719,2.9848,"P0413","EC_0128.jpeg"
"5448",5.892202226,2.9469,"P0413","EC_0070.jpg"
"5449",8.048458039,4.4533,"P0413","EC_0105.jpg"
"5450",7.918401809,2.8487,"P0413","EC_0064.jpg"
"5451",5.389454675,4.4705,"P0413","EC_0036.jpeg"
"5452",8.22520035,4.8115,"P0413","EC_0044.jpg"
"5453",2.122784327,3.3099,"P0413","EC_0177.jpg"
"5454",2.48663427,3.6981,"P0413","EC_0245.jpg"
"5455",5.874904088,2.3477,"P0413","EC_0016.jpg"
"5456",7.448551239,2.8121,"P0413","EC_0157.jpg"
"5457",6.932656909,3.7293,"P0413","EC_0133.jpg"
"5458",7.479677231,3.1153,"P0413","EC_0076.jpg"
"5459",6.749277266,4.2169,"P0413","EC_0117.jpg"
"5460",7.728879898,5.696,"P0413","EC_0151.jpg"
"5461",5.948660714,6.3688,"P0455","EC_0180.jpg"
"5462",1.986607143,6.2504,"P0455","EC_0222.jpg"
"5463",6.041666667,5.308,"P0455","EC_0177.jpg"
"5464",7.976190476,4.4075,"P0455","EC_0038.jpg"
"5465",9.073660714,3.964,"P0455","EC_0008.jpg"
"5466",8.962053571,3.9204,"P0455","EC_0096.jpg"
"5467",7.994791667,3.6382,"P0455","EC_0158.jpg"
"5468",6.990327381,4.9252,"P0455","EC_0176.jpg"
"5469",6.004464286,4.631,"P0455","EC_0063.jpg"
"5470",8.069196429,3.3193,"P0455","EC_0050.jpg"
"5471",6.990327381,4.996,"P0455","EC_0205.jpg"
"5472",5.930059524,4.1678,"P0455","EC_0085.jpg"
"5473",7.957589286,3.573,"P0455","EC_0250.jpg"
"5474",6.93452381,4.3046,"P0455","EC_0083.jpg"
"5475",4.944196429,4.054,"P0455","EC_0011.jpg"
"5476",6.041666667,3.4158,"P0455","EC_0193.png"
"5477",8.943452381,3.209,"P0455","EC_0233.jpg"
"5478",6.990327381,3.2966,"P0455","EC_0154.jpg"
"5479",7.064732143,3.3411,"P0455","EC_0013.jpg"
"5480",5.985863095,3.535,"P0455","EC_0019.jpg"
"5481",7.957589286,3.5167,"P0455","EC_0018.jpg"
"5482",4.962797619,7.0113,"P0455","EC_0249.jpg"
"5483",3.958333333,5.3856,"P0455","EC_0111.jpg"
"5484",5.967261905,3.3531,"P0455","EC_0224.jpg"
"5485",7.046130952,3.7646,"P0455","EC_0046.jpg"
"5486",7.920386905,4.0465,"P0455","EC_0223.jpg"
"5487",5.930059524,4.6497,"P0455","EC_0164.jpg"
"5488",7.027529762,3.6285,"P0455","EC_0051.jpg"
"5489",6.004464286,5.5145,"P0455","EC_0028.jpg"
"5490",7.027529762,3.5044,"P0455","EC_0210.jpg"
"5491",6.990327381,5.8524,"P0455","EC_0054.jpg"
"5492",7.008928571,5.1351,"P0455","EC_0131.jpg"
"5493",5.930059524,4.4894,"P0455","EC_0135.jpg"
"5494",6.990327381,5.037,"P0455","EC_0170.jpg"
"5495",8.013392857,3.6719,"P0455","EC_0012.jpg"
"5496",3.009672619,18.0592,"P0455","EC_0183.jpg"
"5497",5.01860119,5.1367,"P0455","EC_0108.jpg"
"5498",9.036458333,3.7523,"P0455","EC_0055.jpg"
"5499",8.999255952,3.5494,"P0455","EC_0058.jpg"
"5500",1.912202381,4.6325,"P0455","EC_0141.jpg"
"5501",4.98139881,5.9705,"P0455","EC_0103.jpg"
"5502",7.845982143,3.5643,"P0455","EC_0120.jpg"
"5503",8.962053571,4.4304,"P0455","EC_0219.jpg"
"5504",5.948660714,4.6701,"P0455","EC_0084.jpg"
"5505",8.013392857,3.3222,"P0455","EC_0030.jpg"
"5506",8.10639881,3.3221,"P0455","EC_0152.jpg"
"5507",5.985863095,3.9319,"P0455","EC_0042.jpg"
"5508",9.073660714,3.7846,"P0455","EC_0072.jpg"
"5509",8.031994048,3.5328,"P0455","EC_0061.jpg"
"5510",9.017857143,3.8587,"P0455","EC_0065.jpg"
"5511",8.013392857,4.4695,"P0455","EC_0214.jpg"
"5512",7.046130952,3.1354,"P0455","EC_0202.jpg"
"5513",7.957589286,4.4252,"P0455","EC_0034.jpg"
"5514",6.023065476,5.0769,"P0455","EC_0194.jpg"
"5515",3.976934524,6.0379,"P0455","EC_0204.jpg"
"5516",9.036458333,3.8462,"P0455","EC_0172.jpg"
"5517",8.013392857,6.5197,"P0455","EC_0231.jpg"
"5518",5.930059524,3.5684,"P0455","EC_0165.jpg"
"5519",6.023065476,3.2135,"P0455","EC_0020.jpg"
"5520",5.967261905,3.8288,"P0455","EC_0168.jpeg"
"5521",5,3.7456,"P0455","EC_0162.jpg"
"5522",8.031994048,3.5296,"P0455","EC_0066.jpg"
"5523",7.027529762,4.0763,"P0455","EC_0241.jpg"
"5524",3.921130952,9.6083,"P0455","EC_0213.jpg"
"5525",0.963541667,9.9642,"P0455","EC_0199.jpg"
"5526",8.013392857,4.2884,"P0455","EC_0070.jpg"
"5527",6.004464286,4.1193,"P0455","EC_0053.jpg"
"5528",7.957589286,3.8565,"P0455","EC_0200.png"
"5529",4.962797619,3.5258,"P0455","EC_0048.jpg"
"5530",7.957589286,4.2698,"P0455","EC_0137.jpg"
"5531",6.953125,6.5265,"P0455","EC_0036.jpeg"
"5532",7.994791667,4.3965,"P0455","EC_0188.jpg"
"5533",7.027529762,3.5612,"P0455","EC_0060.jpg"
"5534",7.938988095,19.5488,"P0455","EC_0071.jpg"
"5535",7.938988095,4.5936,"P0455","EC_0142.jpg"
"5536",6.004464286,4.2736,"P0455","EC_0027.jpg"
"5537",4.962797619,4.951,"P0455","EC_0097.jpg"
"5538",4.98139881,4.8435,"P0455","EC_0150.jpg"
"5539",8.962053571,3.715,"P0455","EC_0234.jpg"
"5540",1.949404762,5.9352,"P0455","EC_0148.jpg"
"5541",7.920386905,4.2181,"P0455","EC_0014.jpg"
"5542",1.949404762,5.6434,"P0455","EC_0123.jpeg"
"5543",3.009672619,4.3136,"P0455","EC_0005.jpg"
"5544",7.957589286,3.4741,"P0455","EC_0132.jpg"
"5545",3.939732143,12.4778,"P0455","EC_0161.jpg"
"5546",2.991071429,5.0118,"P0455","EC_0184.jpg"
"5547",4.925595238,4.4536,"P0455","EC_0247.jpg"
"5548",7.938988095,3.9401,"P0455","EC_0001.jpg"
"5549",3.995535714,4.2738,"P0455","EC_0140.jpg"
"5550",5.985863095,4.5216,"P0455","EC_0196.jpg"
"5551",5.967261905,4.3691,"P0455","EC_0124.jpeg"
"5552",5.967261905,3.5805,"P0455","EC_0039.jpg"
"5553",6.93452381,4.1678,"P0455","EC_0044.jpg"
"5554",7.920386905,6.7617,"P0455","EC_0016.jpg"
"5555",6.990327381,6.6497,"P0455","EC_0076.jpg"
"5556",7.976190476,4.6522,"P0455","EC_0068.jpg"
"5557",7.008928571,3.5974,"P0455","EC_0173.jpg"
"5558",8.999255952,3.5925,"P0455","EC_0102.jpg"
"5559",4.944196429,5.7184,"P0455","EC_0056.jpg"
"5560",7.027529762,4.0711,"P0455","EC_0093.jpg"
"5561",5.948660714,5.3859,"P0455","EC_0088.jpg"
"5562",6.97172619,4.2725,"P0455","EC_0089.jpg"
"5563",7.027529762,16.2408,"P0455","EC_0182.jpg"
"5564",7.994791667,8.3779,"P0455","EC_0105.jpg"
"5565",6.97172619,7.5293,"P0455","EC_0094.jpg"
"5566",7.920386905,12.7305,"P0455","EC_0017.jpg"
"5567",6.990327381,4.435,"P0455","EC_0156.jpg"
"5568",7.976190476,32.1097,"P0455","EC_0136.jpg"
"5569",7.938988095,3.9036,"P0455","EC_0010.jpg"
"5570",6.93452381,39.987,"P0455","EC_0117.jpg"
"5571",7.976190476,3.9866,"P0455","EC_0138.png"
"5572",5.985863095,3.7839,"P0455","EC_0113.jpg"
"5573",6.97172619,4.9138,"P0455","EC_0206.png"
"5574",8.031994048,6.742,"P0455","EC_0181.jpg"
"5575",8.031994048,13.3179,"P0455","EC_0041.jpg"
"5576",5,6.6883,"P0455","EC_0095.jpg"
"5577",6.990327381,12.847,"P0455","EC_0169.png"
"5578",6.023065476,5.9899,"P0455","EC_0119.jpg"
"5579",7.957589286,4.115,"P0455","EC_0100.jpg"
"5580",6.93452381,8.3096,"P0455","EC_0245.jpg"
"5581",5.874255952,3.8141,"P0455","EC_0230.jpg"
"5582",3.939732143,4.5006,"P0455","EC_0228.jpg"
"5583",7.976190476,16.6223,"P0455","EC_0128.jpeg"
"5584",6.990327381,14.9769,"P0455","EC_0232.jpg"
"5585",4.962797619,3.84,"P0455","EC_0059.jpg"
"5586",7.957589286,3.8257,"P0455","EC_0081.jpg"
"5587",7.008928571,3.3858,"P0455","EC_0238.jpg"
"5588",7.920386905,3.625,"P0455","EC_0098.jpg"
"5589",7.994791667,4.0124,"P0455","EC_0133.jpg"
"5590",4.925595238,5.9985,"P0455","EC_0242.jpg"
"5591",7.994791667,3.7366,"P0455","EC_0032.jpg"
"5592",7.008928571,3.9723,"P0455","EC_0092.jpg"
"5593",7.046130952,4.135,"P0455","EC_0160.jpg"
"5594",7.976190476,4.6615,"P0455","EC_0121.jpg"
"5595",7.976190476,3.5163,"P0455","EC_0163.jpg"
"5596",7.994791667,3.9355,"P0455","EC_0003.jpg"
"5597",6.023065476,3.5168,"P0455","EC_0006.jpg"
"5598",8.980654762,3.4831,"P0455","EC_0057.jpeg"
"5599",3.902529762,4.468,"P0455","EC_0185.jpg"
"5600",6.93452381,5.0128,"P0455","EC_0067.jpg"
"5601",8.031994048,4.0415,"P0455","EC_0118.jpg"
"5602",5.948660714,3.78,"P0455","EC_0248.jpg"
"5603",5.01860119,3.991,"P0455","EC_0244.jpg"
"5604",5.911458333,3.4062,"P0455","EC_0115.jpg"
"5605",5.967261905,4.1965,"P0455","EC_0125.jpeg"
"5606",5.930059524,27.476,"P0455","EC_0029.jpg"
"5607",6.97172619,22.6906,"P0455","EC_0075.jpg"
"5608",6.990327381,4.4198,"P0455","EC_0167.jpg"
"5609",7.027529762,3.5874,"P0455","EC_0229.jpg"
"5610",5.037202381,5.5534,"P0455","EC_0243.jpg"
"5611",9.017857143,73.2687,"P0455","EC_0090.jpg"
"5612",5.037202381,5.7478,"P0455","EC_0201.jpg"
"5613",8.869047619,3.3394,"P0455","EC_0074.jpg"
"5614",5.930059524,2.9889,"P0455","EC_0221.jpg"
"5615",8.031994048,2.7673,"P0455","EC_0197.jpg"
"5616",5,3.5282,"P0455","EC_0064.jpg"
"5617",4.962797619,3.4207,"P0455","EC_0149.jpg"
"5618",6.004464286,4.3834,"P0455","EC_0211.jpg"
"5619",6.953125,15.6512,"P0455","EC_0153.jpg"
"5620",8.013392857,3.628,"P0455","EC_0099.jpg"
"5621",6.023065476,4.0684,"P0455","EC_0134.jpg"
"5622",8.980654762,2.9835,"P0455","EC_0104.jpg"
"5623",5,3.6498,"P0455","EC_0147.png"
"5624",5.037202381,3.5807,"P0455","EC_0101.jpg"
"5625",7.008928571,10.2447,"P0455","EC_0236.jpg"
"5626",5.985863095,4.3717,"P0455","EC_0082.jpg"
"5627",3.902529762,3.7686,"P0455","EC_0069.jpg"
"5628",5.01860119,3.6464,"P0455","EC_0106.jpg"
"5629",6.93452381,4.0786,"P0455","EC_0171.jpg"
"5630",6.023065476,14.179,"P0455","EC_0022.jpg"
"5631",7.994791667,3.6099,"P0455","EC_0139.png"
"5632",2.972470238,8.7165,"P0455","EC_0033.jpeg"
"5633",5,3.7042,"P0455","EC_0047.jpg"
"5634",5.967261905,3.2207,"P0455","EC_0209.jpg"
"5635",6.990327381,3.0861,"P0455","EC_0116.jpg"
"5636",7.957589286,4.5292,"P0455","EC_0073.jpg"
"5637",3.939732143,14.7568,"P0455","EC_0109.jpg"
"5638",4.032738095,5.8278,"P0455","EC_0227.jpg"
"5639",5,4.0026,"P0455","EC_0024.jpg"
"5640",4.98139881,10.362,"P0455","EC_0239.jpg"
"5641",7.008928571,3.7447,"P0455","EC_0195.jpg"
"5642",6.023065476,3.7512,"P0455","EC_0235.jpg"
"5643",6.953125,4.1052,"P0455","EC_0187.jpeg"
"5644",6.953125,3.7494,"P0455","EC_0207.jpg"
"5645",5.948660714,5.5087,"P0455","EC_0129.jpeg"
"5646",6.97172619,4.1772,"P0455","EC_0080.jpg"
"5647",6.93452381,3.7717,"P0455","EC_0237.jpg"
"5648",9.092261905,3.8196,"P0455","EC_0037.jpg"
"5649",4.98139881,3.8446,"P0455","EC_0240.jpg"
"5650",5.967261905,3.4722,"P0455","EC_0198.jpg"
"5651",5.967261905,5.9346,"P0455","EC_0226.jpg"
"5652",2.916666667,4.3415,"P0455","EC_0246.jpg"
"5653",7.008928571,4.3039,"P0455","EC_0031.jpg"
"5654",4.98139881,4.2849,"P0455","EC_0015.jpg"
"5655",5.967261905,4.0788,"P0455","EC_0151.jpg"
"5656",6.004464286,4.9855,"P0455","EC_0002.jpg"
"5657",6.023065476,13.2984,"P0455","EC_0077.jpg"
"5658",4.98139881,3.3392,"P0455","EC_0049.jpg"
"5659",5.01860119,3.9526,"P0455","EC_0174.jpg"
"5660",6.915922619,3.8642,"P0455","EC_0166.jpg"
"5661",5.985863095,4.6896,"P0455","EC_0159.jpg"
"5662",7.083333333,3.8195,"P0455","EC_0157.jpg"
"5663",6.93452381,3.1651,"P0455","EC_0203.jpg"
"5664",6.004464286,4.0062,"P0455","EC_0040.jpg"
"5665",6.97172619,4.1428,"P0455","EC_0086.jpg"
"5666",5,4.1663,"P0455","EC_0079.jpg"
"5667",5.985863095,4.3273,"P0455","EC_0087.jpg"
"5668",6.023065476,4.2646,"P0455","EC_0009.jpg"
"5669",6.023065476,3.7031,"P0455","EC_0007.jpg"
"5670",4.944196429,6.1863,"P0455","EC_0062.jpg"
"5671",0.912698413,3.8387,"P0464","EC_0053.jpg"
"5672",5.992063492,2.5325,"P0464","EC_0236.jpg"
"5673",8.068783069,2.8172,"P0464","EC_0213.jpg"
"5674",7.87037037,2.9001,"P0464","EC_0156.jpg"
"5675",4.907407407,3.499,"P0464","EC_0080.jpg"
"5676",0.092592593,4.7673,"P0464","EC_0129.jpeg"
"5677",6.904761905,3.15,"P0464","EC_0223.jpg"
"5678",1.851851852,3.9662,"P0464","EC_0226.jpg"
"5679",6.137566138,4.265,"P0464","EC_0039.jpg"
"5680",8.029100529,3.6906,"P0464","EC_0188.jpg"
"5681",7.380952381,3.8059,"P0464","EC_0167.jpg"
"5682",5.952380952,3.0839,"P0464","EC_0139.png"
"5683",9.96031746,3.3671,"P0464","EC_0116.jpg"
"5684",3.108465608,4.5968,"P0464","EC_0036.jpeg"
"5685",1.904761905,3.7367,"P0464","EC_0097.jpg"
"5686",4.973544974,7.2331,"P0464","EC_0073.jpg"
"5687",3.015873016,3.7634,"P0464","EC_0001.jpg"
"5688",10,4.6501,"P0464","EC_0008.jpg"
"5689",4.14021164,3.3333,"P0464","EC_0111.jpg"
"5690",4.933862434,3.0147,"P0464","EC_0047.jpg"
"5691",6.838624339,2.6329,"P0464","EC_0105.jpg"
"5692",6.904761905,3.0331,"P0464","EC_0017.jpg"
"5693",3.161375661,2.9688,"P0464","EC_0085.jpg"
"5694",9.047619048,3.8163,"P0464","EC_0153.jpg"
"5695",5.886243386,2.9647,"P0464","EC_0163.jpg"
"5696",7.05026455,34.5444,"P0464","EC_0058.jpg"
"5697",3.955026455,3.1837,"P0464","EC_0049.jpg"
"5698",6.878306878,3.2666,"P0464","EC_0103.jpg"
"5699",8.915343915,2.6099,"P0464","EC_0160.jpg"
"5700",6.984126984,2.7846,"P0464","EC_0205.jpg"
"5701",7.94973545,2.4285,"P0464","EC_0102.jpg"
"5702",6.005291005,6.0976,"P0464","EC_0011.jpg"
"5703",3.015873016,6.0359,"P0464","EC_0090.jpg"
"5704",2.023809524,3.5335,"P0464","EC_0233.jpg"
"5705",5.912698413,3.3302,"P0464","EC_0028.jpg"
"5706",4.034391534,3.6013,"P0464","EC_0042.jpg"
"5707",6.044973545,2.7478,"P0464","EC_0164.jpg"
"5708",7.94973545,2.5671,"P0464","EC_0013.jpg"
"5709",2.857142857,3.3953,"P0464","EC_0009.jpg"
"5710",5.833333333,7.1514,"P0464","EC_0066.jpg"
"5711",0.992063492,6.5799,"P0464","EC_0088.jpg"
"5712",0,3.3844,"P0464","EC_0199.jpg"
"5713",6.044973545,13.8354,"P0464","EC_0172.jpg"
"5714",6.957671958,5.7129,"P0464","EC_0104.jpg"
"5715",7.116402116,3.1402,"P0464","EC_0099.jpg"
"5716",4.007936508,5.7202,"P0464","EC_0204.jpg"
"5717",7.989417989,4.0315,"P0464","EC_0202.jpg"
"5718",4.034391534,4.915,"P0464","EC_0046.jpg"
"5719",4.933862434,5.5165,"P0464","EC_0038.jpg"
"5720",6.058201058,4.0628,"P0464","EC_0141.jpg"
"5721",6.944444444,4.8034,"P0464","EC_0106.jpg"
"5722",2.91005291,3.7996,"P0464","EC_0054.jpg"
"5723",7.116402116,3.7023,"P0464","EC_0229.jpg"
"5724",0,2.6834,"P0464","EC_0124.jpeg"
"5725",0,2.3871,"P0464","EC_0033.jpeg"
"5726",3.955026455,2.4055,"P0464","EC_0002.jpg"
"5727",6.931216931,3.4141,"P0464","EC_0020.jpg"
"5728",8.981481481,3.73,"P0464","EC_0050.jpg"
"5729",6.997354497,3.1906,"P0464","EC_0183.jpg"
"5730",7.87037037,3.5558,"P0464","EC_0094.jpg"
"5731",9.100529101,2.871,"P0464","EC_0158.jpg"
"5732",3.015873016,3.589,"P0464","EC_0234.jpg"
"5733",10,2.8025,"P0464","EC_0157.jpg"
"5734",8.108465608,3.832,"P0464","EC_0196.jpg"
"5735",6.044973545,2.8989,"P0464","EC_0007.jpg"
"5736",0,2.0409,"P0464","EC_0206.png"
"5737",10,2.2432,"P0464","EC_0135.jpg"
"5738",2.91005291,5.1138,"P0464","EC_0133.jpg"
"5739",1.957671958,2.842,"P0464","EC_0148.jpg"
"5740",8.875661376,3.5149,"P0464","EC_0062.jpg"
"5741",0,6.8289,"P0464","EC_0242.jpg"
"5742",0,3.9878,"P0464","EC_0131.jpg"
"5743",10,3.0437,"P0464","EC_0137.jpg"
"5744",9.047619048,2.8884,"P0464","EC_0132.jpg"
"5745",8.029100529,2.7376,"P0464","EC_0075.jpg"
"5746",7.936507937,4.2314,"P0464","EC_0117.jpg"
"5747",6.997354497,4.6424,"P0464","EC_0224.jpg"
"5748",5.066137566,3.9032,"P0464","EC_0201.jpg"
"5749",6.891534392,3.2749,"P0464","EC_0077.jpg"
"5750",1.044973545,5.8295,"P0464","EC_0065.jpg"
"5751",6.058201058,2.7853,"P0464","EC_0235.jpg"
"5752",3.955026455,3.8119,"P0464","EC_0165.jpg"
"5753",7.05026455,2.5505,"P0464","EC_0120.jpg"
"5754",4.920634921,3.0613,"P0464","EC_0048.jpg"
"5755",7.037037037,2.9335,"P0464","EC_0177.jpg"
"5756",7.962962963,3.8333,"P0464","EC_0193.png"
"5757",5.066137566,3.7031,"P0464","EC_0211.jpg"
"5758",9.100529101,3.4166,"P0464","EC_0119.jpg"
"5759",4.074074074,4.3668,"P0464","EC_0176.jpg"
"5760",3.055555556,4.3138,"P0464","EC_0169.png"
"5761",1.018518519,8.5337,"P0464","EC_0083.jpg"
"5762",0,4.3678,"P0464","EC_0012.jpg"
"5763",10,6.5819,"P0464","EC_0079.jpg"
"5764",5.965608466,4.1949,"P0464","EC_0072.jpg"
"5765",3.055555556,4.0274,"P0464","EC_0115.jpg"
"5766",8.029100529,3.265,"P0464","EC_0095.jpg"
"5767",8.981481481,2.8028,"P0464","EC_0171.jpg"
"5768",10,2.2698,"P0464","EC_0061.jpg"
"5769",8.042328042,3.9997,"P0464","EC_0030.jpg"
"5770",6.970899471,5.0838,"P0464","EC_0210.jpg"
"5771",10,3.3971,"P0464","EC_0084.jpg"
"5772",9.007936508,3.4668,"P0464","EC_0063.jpg"
"5773",7.87037037,2.6861,"P0464","EC_0250.jpg"
"5774",5.767195767,6.066,"P0464","EC_0249.jpg"
"5775",0,2.6152,"P0464","EC_0034.jpg"
"5776",0,2.767,"P0464","EC_0076.jpg"
"5777",6.018518519,3.4846,"P0464","EC_0197.jpg"
"5778",5.965608466,3.1797,"P0464","EC_0173.jpg"
"5779",0,22.7681,"P0464","EC_0194.jpg"
"5780",3.915343915,3.1791,"P0464","EC_0059.jpg"
"5781",1.970899471,3.0668,"P0464","EC_0019.jpg"
"5782",5.952380952,2.8972,"P0464","EC_0200.png"
"5783",5.965608466,3.1477,"P0464","EC_0150.jpg"
"5784",0,2.3672,"P0464","EC_0055.jpg"
"5785",7.976190476,3.0019,"P0464","EC_0180.jpg"
"5786",0,3.4768,"P0464","EC_0040.jpg"
"5787",10,2.35,"P0464","EC_0051.jpg"
"5788",6.970899471,3.5823,"P0464","EC_0096.jpg"
"5789",7.037037037,3.6834,"P0464","EC_0231.jpg"
"5790",3.121693122,3.1976,"P0464","EC_0162.jpg"
"5791",10,2.4744,"P0464","EC_0003.jpg"
"5792",3.80952381,3.6818,"P0464","EC_0109.jpg"
"5793",6.084656085,4.0844,"P0464","EC_0174.jpg"
"5794",2.896825397,6.7649,"P0464","EC_0222.jpg"
"5795",8.002645503,4.048,"P0464","EC_0248.jpg"
"5796",6.812169312,3.2365,"P0464","EC_0214.jpg"
"5797",0,3.1342,"P0464","EC_0247.jpg"
"5798",0,2.5156,"P0464","EC_0134.jpg"
"5799",7.91005291,3.3806,"P0464","EC_0071.jpg"
"5800",0,2.1511,"P0464","EC_0056.jpg"
"5801",0,3.5977,"P0464","EC_0128.jpeg"
"5802",4.074074074,3.7162,"P0464","EC_0121.jpg"
"5803",0,4.218,"P0464","EC_0136.jpg"
"5804",4.021164021,2.6827,"P0464","EC_0041.jpg"
"5805",7.08994709,2.8795,"P0464","EC_0029.jpg"
"5806",0,2.2299,"P0464","EC_0140.jpg"
"5807",0,2.1883,"P0464","EC_0125.jpeg"
"5808",7.063492063,3.048,"P0464","EC_0142.jpg"
"5809",8.042328042,2.7818,"P0464","EC_0181.jpg"
"5810",7.076719577,2.9834,"P0464","EC_0237.jpg"
"5811",7.063492063,2.8126,"P0464","EC_0240.jpg"
"5812",3.994708995,3.5479,"P0464","EC_0170.jpg"
"5813",2.883597884,3.1515,"P0464","EC_0154.jpg"
"5814",8.015873016,4.484,"P0464","EC_0166.jpg"
"5815",10,3.1839,"P0464","EC_0089.jpg"
"5816",7.857142857,2.7446,"P0464","EC_0032.jpg"
"5817",0,7.0817,"P0464","EC_0069.jpg"
"5818",0,2.535,"P0464","EC_0161.jpg"
"5819",8.015873016,2.9098,"P0464","EC_0074.jpg"
"5820",5.992063492,2.9794,"P0464","EC_0082.jpg"
"5821",10,2.7113,"P0464","EC_0070.jpg"
"5822",6.19047619,2.7999,"P0464","EC_0239.jpg"
"5823",7.103174603,2.9507,"P0464","EC_0108.jpg"
"5824",8.029100529,2.8136,"P0464","EC_0209.jpg"
"5825",5.066137566,2.6514,"P0464","EC_0005.jpg"
"5826",2.076719577,5.8492,"P0464","EC_0067.jpg"
"5827",7.976190476,3.1296,"P0464","EC_0098.jpg"
"5828",5.992063492,3.147,"P0464","EC_0244.jpg"
"5829",2.989417989,3.2503,"P0464","EC_0027.jpg"
"5830",10,2.8496,"P0464","EC_0238.jpg"
"5831",8.029100529,2.8329,"P0464","EC_0015.jpg"
"5832",8.80952381,3.0995,"P0464","EC_0092.jpg"
"5833",4.007936508,2.8191,"P0464","EC_0064.jpg"
"5834",6.825396825,2.2492,"P0464","EC_0057.jpeg"
"5835",3.002645503,2.8997,"P0464","EC_0118.jpg"
"5836",8.981481481,2.927,"P0464","EC_0101.jpg"
"5837",7.08994709,2.533,"P0464","EC_0037.jpg"
"5838",5.066137566,2.7994,"P0464","EC_0246.jpg"
"5839",10,3.1789,"P0464","EC_0230.jpg"
"5840",3.862433862,3.2513,"P0464","EC_0185.jpg"
"5841",8.055555556,3.9617,"P0464","EC_0018.jpg"
"5842",6.044973545,3.6384,"P0464","EC_0022.jpg"
"5843",0,3.6498,"P0464","EC_0219.jpg"
"5844",2.94973545,7.2655,"P0464","EC_0010.jpg"
"5845",0,3.4676,"P0464","EC_0123.jpeg"
"5846",7.857142857,2.6011,"P0464","EC_0168.jpeg"
"5847",10,3.0627,"P0464","EC_0203.jpg"
"5848",2.976190476,6.1834,"P0464","EC_0151.jpg"
"5849",2.05026455,2.9733,"P0464","EC_0081.jpg"
"5850",7.142857143,2.5499,"P0464","EC_0149.jpg"
"5851",9.100529101,3.5969,"P0464","EC_0006.jpg"
"5852",0,2.4338,"P0464","EC_0187.jpeg"
"5853",2.923280423,3.349,"P0464","EC_0147.png"
"5854",8.981481481,2.8986,"P0464","EC_0207.jpg"
"5855",0.978835979,3.2588,"P0464","EC_0241.jpg"
"5856",5.912698413,4.0823,"P0464","EC_0227.jpg"
"5857",1.058201058,22.2012,"P0464","EC_0232.jpg"
"5858",0,2.8846,"P0464","EC_0228.jpg"
"5859",7.936507937,2.5845,"P0464","EC_0087.jpg"
"5860",6.018518519,3.4817,"P0464","EC_0182.jpg"
"5861",4.007936508,9.4376,"P0464","EC_0243.jpg"
"5862",10,5.4995,"P0464","EC_0093.jpg"
"5863",0,3.7995,"P0464","EC_0184.jpg"
"5864",8.082010582,3.238,"P0464","EC_0198.jpg"
"5865",10,5.6012,"P0464","EC_0044.jpg"
"5866",5.886243386,6.0135,"P0464","EC_0138.png"
"5867",3.28042328,3.2844,"P0464","EC_0024.jpg"
"5868",8.055555556,18.9993,"P0464","EC_0100.jpg"
"5869",6.071428571,10.0733,"P0464","EC_0159.jpg"
"5870",6.944444444,3.2831,"P0464","EC_0221.jpg"
"5871",10,2.7947,"P0464","EC_0152.jpg"
"5872",2.076719577,5.4652,"P0464","EC_0113.jpg"
"5873",10,2.4664,"P0464","EC_0245.jpg"
"5874",10,3.4162,"P0464","EC_0031.jpg"
"5875",6.124338624,5.7988,"P0464","EC_0195.jpg"
"5876",10,3.5507,"P0464","EC_0014.jpg"
"5877",2.962962963,4.0939,"P0464","EC_0086.jpg"
"5878",0,3.7031,"P0464","EC_0060.jpg"
"5879",8.015873016,2.7826,"P0464","EC_0016.jpg"
"5880",7.12962963,2.5915,"P0464","EC_0068.jpg"
"5881",0.952380952,2.7241,"P0499","EC_0048.jpg"
"5882",3.994708995,2.743,"P0499","EC_0193.png"
"5883",1.891534392,2.73,"P0499","EC_0136.jpg"
"5884",1.772486772,2.3811,"P0499","EC_0068.jpg"
"5885",4.285714286,3.4254,"P0499","EC_0223.jpg"
"5886",4.087301587,2.5106,"P0499","EC_0015.jpg"
"5887",6.216931217,3.1122,"P0499","EC_0221.jpg"
"5888",7.08994709,4.1215,"P0499","EC_0243.jpg"
"5889",3.015873016,3.1423,"P0499","EC_0194.jpg"
"5890",7.962962963,2.7553,"P0499","EC_0203.jpg"
"5891",3.981481481,2.763,"P0499","EC_0038.jpg"
"5892",5.846560847,2.6769,"P0499","EC_0012.jpg"
"5893",0.198412698,2.4977,"P0499","EC_0226.jpg"
"5894",3.082010582,2.7924,"P0499","EC_0198.jpg"
"5895",3.796296296,2.8781,"P0499","EC_0210.jpg"
"5896",7.989417989,3.2589,"P0499","EC_0199.jpg"
"5897",5.992063492,2.7133,"P0499","EC_0131.jpg"
"5898",7.645502646,3.3329,"P0499","EC_0117.jpg"
"5899",9.907407407,2.8425,"P0499","EC_0071.jpg"
"5900",7.791005291,2.8424,"P0499","EC_0177.jpg"
"5901",2.896825397,4.6072,"P0499","EC_0076.jpg"
"5902",5.066137566,2.6916,"P0499","EC_0147.png"
"5903",8.082010582,2.4385,"P0499","EC_0167.jpg"
"5904",9.126984127,2.5549,"P0499","EC_0209.jpg"
"5905",9.920634921,3.315,"P0499","EC_0160.jpg"
"5906",5.727513228,2.3624,"P0499","EC_0027.jpg"
"5907",2.208994709,2.3311,"P0499","EC_0119.jpg"
"5908",3.399470899,2.0812,"P0499","EC_0176.jpg"
"5909",6.150793651,2.6464,"P0499","EC_0086.jpg"
"5910",6.917989418,2.322,"P0499","EC_0232.jpg"
"5911",7.94973545,2.2448,"P0499","EC_0168.jpeg"
"5912",5.251322751,2.5657,"P0499","EC_0064.jpg"
"5913",7.169312169,2.7751,"P0499","EC_0138.png"
"5914",3.161375661,2.4492,"P0499","EC_0182.jpg"
"5915",1.402116402,2.2733,"P0499","EC_0171.jpg"
"5916",6.097883598,2.8759,"P0499","EC_0103.jpg"
"5917",7.248677249,2.4928,"P0499","EC_0159.jpg"
"5918",7.579365079,3.0576,"P0499","EC_0124.jpeg"
"5919",9.060846561,3.2154,"P0499","EC_0051.jpg"
"5920",7.023809524,2.5026,"P0499","EC_0150.jpg"
"5921",3.968253968,3.1122,"P0499","EC_0148.jpg"
"5922",6.798941799,2.9942,"P0499","EC_0247.jpg"
"5923",6.613756614,2.5595,"P0499","EC_0006.jpg"
"5924",7.394179894,4.163,"P0499","EC_0181.jpg"
"5925",6.164021164,2.4638,"P0499","EC_0142.jpg"
"5926",6.626984127,2.5554,"P0499","EC_0067.jpg"
"5927",8.240740741,2.3925,"P0499","EC_0244.jpg"
"5928",7.645502646,2.2216,"P0499","EC_0174.jpg"
"5929",7.843915344,2.8125,"P0499","EC_0033.jpeg"
"5930",8.399470899,2.889,"P0499","EC_0105.jpg"
"5931",8.796296296,2.4601,"P0499","EC_0073.jpg"
"5932",7.275132275,2.4822,"P0499","EC_0156.jpg"
"5933",4.047619048,2.2942,"P0499","EC_0234.jpg"
"5934",9.153439153,2.7387,"P0499","EC_0123.jpeg"
"5935",5.304232804,2.5267,"P0499","EC_0222.jpg"
"5936",6.67989418,2.5396,"P0499","EC_0036.jpeg"
"5937",8.544973545,2.5893,"P0499","EC_0164.jpg"
"5938",7.751322751,2.1607,"P0499","EC_0059.jpg"
"5939",9.060846561,2.6808,"P0499","EC_0061.jpg"
"5940",9.986772487,2.6252,"P0499","EC_0080.jpg"
"5941",6.798941799,2.0542,"P0499","EC_0040.jpg"
"5942",3.002645503,3.1999,"P0499","EC_0242.jpg"
"5943",3.941798942,2.4384,"P0499","EC_0090.jpg"
"5944",6.071428571,3.2002,"P0499","EC_0202.jpg"
"5945",7.261904762,2.5666,"P0499","EC_0077.jpg"
"5946",8.068783069,2.7328,"P0499","EC_0229.jpg"
"5947",8.928571429,2.5669,"P0499","EC_0087.jpg"
"5948",6.005291005,2.6832,"P0499","EC_0104.jpg"
"5949",8.082010582,2.6879,"P0499","EC_0188.jpg"
"5950",2.037037037,5.8163,"P0499","EC_0204.jpg"
"5951",8.849206349,2.9729,"P0499","EC_0102.jpg"
"5952",7.08994709,3.0296,"P0499","EC_0140.jpg"
"5953",0.714285714,5.1135,"P0499","EC_0116.jpg"
"5954",6.984126984,2.9224,"P0499","EC_0211.jpg"
"5955",6.084656085,2.8223,"P0499","EC_0230.jpg"
"5956",1.693121693,2.7061,"P0499","EC_0069.jpg"
"5957",1.587301587,2.4617,"P0499","EC_0184.jpg"
"5958",2.473544974,2.2484,"P0499","EC_0072.jpg"
"5959",6.706349206,2.4627,"P0499","EC_0099.jpg"
"5960",8.28042328,2.33,"P0499","EC_0014.jpg"
"5961",8.743386243,2.1981,"P0499","EC_0070.jpg"
"5962",9.828042328,2.4882,"P0499","EC_0084.jpg"
"5963",3.571428571,2.622,"P0499","EC_0240.jpg"
"5964",7.420634921,2.2287,"P0499","EC_0227.jpg"
"5965",8.174603175,2.3089,"P0499","EC_0239.jpg"
"5966",5.873015873,2.3236,"P0499","EC_0065.jpg"
"5967",7.883597884,2.5135,"P0499","EC_0093.jpg"
"5968",10,3.1117,"P0499","EC_0169.png"
"5969",10,2.9312,"P0499","EC_0111.jpg"
"5970",6.706349206,2.4596,"P0499","EC_0141.jpg"
"5971",7.671957672,2.3638,"P0499","EC_0002.jpg"
"5972",8.73015873,2.1048,"P0499","EC_0057.jpeg"
"5973",9.14021164,2.4967,"P0499","EC_0197.jpg"
"5974",8.015873016,2.2924,"P0499","EC_0100.jpg"
"5975",6.481481481,2.6221,"P0499","EC_0037.jpg"
"5976",5.767195767,2.4142,"P0499","EC_0163.jpg"
"5977",7.08994709,2.1588,"P0499","EC_0042.jpg"
"5978",7.685185185,2.7236,"P0499","EC_0125.jpeg"
"5979",7.632275132,2.3116,"P0499","EC_0010.jpg"
"5980",8.121693122,3.856,"P0499","EC_0085.jpg"
"5981",1.547619048,2.6969,"P0499","EC_0121.jpg"
"5982",4.801587302,2.2256,"P0499","EC_0180.jpg"
"5983",3.955026455,2.2233,"P0499","EC_0224.jpg"
"5984",4.867724868,2.8587,"P0499","EC_0046.jpg"
"5985",3.35978836,2.8095,"P0499","EC_0249.jpg"
"5986",7.156084656,2.8822,"P0499","EC_0082.jpg"
"5987",8.108465608,2.0972,"P0499","EC_0079.jpg"
"5988",8.399470899,2.5751,"P0499","EC_0028.jpg"
"5989",7.195767196,2.5823,"P0499","EC_0039.jpg"
"5990",8.214285714,2.3225,"P0499","EC_0133.jpg"
"5991",0.529100529,2.4089,"P0499","EC_0031.jpg"
"5992",1.402116402,2.3912,"P0499","EC_0034.jpg"
"5993",7.380952381,2.5997,"P0499","EC_0183.jpg"
"5994",10,2.7722,"P0499","EC_0003.jpg"
"5995",6.30952381,2.1993,"P0499","EC_0233.jpg"
"5996",8.28042328,2.5164,"P0499","EC_0157.jpg"
"5997",8.849206349,3.484,"P0499","EC_0098.jpg"
"5998",1.944444444,3.0835,"P0499","EC_0120.jpg"
"5999",8.32010582,2.8383,"P0499","EC_0154.jpg"
"6000",8.478835979,2.4335,"P0499","EC_0237.jpg"
"6001",1.878306878,2.4501,"P0499","EC_0153.jpg"
"6002",9.444444444,2.5504,"P0499","EC_0135.jpg"
"6003",2.936507937,3.1163,"P0499","EC_0173.jpg"
"6004",10,2.9665,"P0499","EC_0106.jpg"
"6005",0.952380952,2.65,"P0499","EC_0113.jpg"
"6006",8.148148148,2.3898,"P0499","EC_0158.jpg"
"6007",8.306878307,2.6662,"P0499","EC_0172.jpg"
"6008",0,2.9497,"P0499","EC_0235.jpg"
"6009",1.759259259,2.3994,"P0499","EC_0149.jpg"
"6010",3.637566138,2.1498,"P0499","EC_0170.jpg"
"6011",4.007936508,2.5822,"P0499","EC_0228.jpg"
"6012",3.452380952,2.2039,"P0499","EC_0097.jpg"
"6013",7.394179894,2.7381,"P0499","EC_0250.jpg"
"6014",8.412698413,2.3165,"P0499","EC_0058.jpg"
"6015",6.455026455,2.622,"P0499","EC_0049.jpg"
"6016",1.772486772,2.7494,"P0499","EC_0032.jpg"
"6017",1.534391534,2.7569,"P0499","EC_0088.jpg"
"6018",2.261904762,3.0333,"P0499","EC_0060.jpg"
"6019",2.936507937,2.9844,"P0499","EC_0129.jpeg"
"6020",1.044973545,2.6163,"P0499","EC_0075.jpg"
"6021",9.166666667,2.6001,"P0499","EC_0062.jpg"
"6022",2.156084656,2.7993,"P0499","EC_0139.png"
"6023",3.227513228,2.3669,"P0499","EC_0029.jpg"
"6024",0,2.8503,"P0499","EC_0161.jpg"
"6025",0,3.8165,"P0499","EC_0013.jpg"
"6026",1.997354497,2.8334,"P0499","EC_0246.jpg"
"6027",5.066137566,2.4499,"P0499","EC_0092.jpg"
"6028",3.35978836,3.0654,"P0499","EC_0238.jpg"
"6029",7.94973545,2.7663,"P0499","EC_0137.jpg"
"6030",2.962962963,3.2496,"P0499","EC_0201.jpg"
"6031",10,3.1152,"P0499","EC_0020.jpg"
"6032",10,4.9166,"P0499","EC_0041.jpg"
"6033",2.142857143,2.7653,"P0499","EC_0118.jpg"
"6034",0,3.0718,"P0499","EC_0011.jpg"
"6035",1.203703704,2.7501,"P0499","EC_0053.jpg"
"6036",8.253968254,2.651,"P0499","EC_0132.jpg"
"6037",1.322751323,2.4997,"P0499","EC_0005.jpg"
"6038",0.886243386,2.4457,"P0499","EC_0054.jpg"
"6039",0,3.0168,"P0499","EC_0162.jpg"
"6040",3.888888889,2.4383,"P0499","EC_0115.jpg"
"6041",6.71957672,3.6977,"P0499","EC_0022.jpg"
"6042",2.142857143,2.4885,"P0499","EC_0213.jpg"
"6043",10,3.25,"P0499","EC_0083.jpg"
"6044",1.349206349,2.8342,"P0499","EC_0241.jpg"
"6045",0.238095238,3.1502,"P0499","EC_0050.jpg"
"6046",10,2.5487,"P0499","EC_0007.jpg"
"6047",3.187830688,2.4,"P0499","EC_0196.jpg"
"6048",1.164021164,2.7216,"P0499","EC_0195.jpg"
"6049",8.187830688,2.5827,"P0499","EC_0134.jpg"
"6050",6.838624339,2.499,"P0499","EC_0165.jpg"
"6051",2.182539683,3.5228,"P0499","EC_0055.jpg"
"6052",10,2.5653,"P0499","EC_0245.jpg"
"6053",9.100529101,2.6499,"P0499","EC_0219.jpg"
"6054",10,2.9335,"P0499","EC_0016.jpg"
"6055",6.891534392,2.5837,"P0499","EC_0200.png"
"6056",3.227513228,3.0171,"P0499","EC_0044.jpg"
"6057",1.746031746,2.5156,"P0499","EC_0019.jpg"
"6058",7.447089947,3.0254,"P0499","EC_0128.jpeg"
"6059",1.838624339,2.3999,"P0499","EC_0214.jpg"
"6060",8.637566138,2.5668,"P0499","EC_0205.jpg"
"6061",7.936507937,2.3656,"P0499","EC_0017.jpg"
"6062",2.724867725,2.6002,"P0499","EC_0047.jpg"
"6063",1.706349206,2.6828,"P0499","EC_0089.jpg"
"6064",1.746031746,2.62,"P0499","EC_0001.jpg"
"6065",8.452380952,2.6997,"P0499","EC_0066.jpg"
"6066",8.492063492,2.888,"P0499","EC_0030.jpg"
"6067",7.116402116,2.4726,"P0499","EC_0018.jpg"
"6068",9.246031746,2.7995,"P0499","EC_0096.jpg"
"6069",7.91005291,2.3836,"P0499","EC_0094.jpg"
"6070",6.798941799,2.3799,"P0499","EC_0063.jpg"
"6071",7.671957672,2.666,"P0499","EC_0081.jpg"
"6072",1.296296296,2.4835,"P0499","EC_0187.jpeg"
"6073",2.103174603,2.6998,"P0499","EC_0166.jpg"
"6074",9.259259259,2.6671,"P0499","EC_0236.jpg"
"6075",0.595238095,2.5153,"P0499","EC_0056.jpg"
"6076",0,2.3832,"P0499","EC_0024.jpg"
"6077",7.777777778,2.8996,"P0499","EC_0152.jpg"
"6078",10,2.5385,"P0499","EC_0108.jpg"
"6079",10,2.4663,"P0499","EC_0185.jpg"
"6080",10,2.4669,"P0499","EC_0151.jpg"
"6081",1.574074074,3.2169,"P0499","EC_0206.png"
"6082",2.923280423,2.1183,"P0499","EC_0074.jpg"
"6083",2.91005291,2.0664,"P0499","EC_0101.jpg"
"6084",7.751322751,2.6165,"P0499","EC_0207.jpg"
"6085",6.097883598,2.1164,"P0499","EC_0095.jpg"
"6086",8.148148148,2.2824,"P0499","EC_0248.jpg"
"6087",8.492063492,2.167,"P0499","EC_0109.jpg"
"6088",9.246031746,2.4165,"P0499","EC_0009.jpg"
"6089",2.275132275,2.4333,"P0499","EC_0231.jpg"
"6090",9.100529101,2.9158,"P0499","EC_0008.jpg"
"6091",7.547619411,4.7675,"P0504","EC_0061.jpg"
"6092",6.642857143,3.2602,"P0504","EC_0219.jpg"
"6093",2.166666848,3.5693,"P0504","EC_0121.jpg"
"6094",6.952381679,3.3545,"P0504","EC_0206.png"
"6095",7.452381679,2.5141,"P0504","EC_0055.jpg"
"6096",7.285714286,3.3762,"P0504","EC_0133.jpg"
"6097",7.285714286,3.4845,"P0504","EC_0063.jpg"
"6098",8.380953108,3.7085,"P0504","EC_0201.jpg"
"6099",6.547619411,4.4183,"P0504","EC_0105.jpg"
"6100",8.190476554,3.4307,"P0504","EC_0018.jpg"
"6101",7.738095965,3.1544,"P0504","EC_0139.png"
"6102",4.416667393,4.3164,"P0504","EC_0029.jpg"
"6103",7.238095965,3.5114,"P0504","EC_0051.jpg"
"6104",2.380952563,2.7872,"P0504","EC_0118.jpg"
"6105",8.238095965,2.8717,"P0504","EC_0137.jpg"
"6106",7.833333697,2.6904,"P0504","EC_0132.jpg"
"6107",7.726190839,2.5404,"P0504","EC_0167.jpg"
"6108",7.547619411,3.3631,"P0504","EC_0066.jpg"
"6109",5.595238822,6.4907,"P0504","EC_0242.jpg"
"6110",1.464285714,2.654,"P0504","EC_0072.jpg"
"6111",2.059523991,3.0425,"P0504","EC_0084.jpg"
"6112",1.583333697,2.5405,"P0504","EC_0246.jpg"
"6113",2.071428571,2.5781,"P0504","EC_0226.jpg"
"6114",2.809524536,5.3463,"P0504","EC_0151.jpg"
"6115",7.464285714,2.3384,"P0504","EC_0071.jpg"
"6116",7.392857143,2.6298,"P0504","EC_0202.jpg"
"6117",0.559523991,2.7267,"P0504","EC_0211.jpg"
"6118",8.916667393,4.2727,"P0504","EC_0083.jpg"
"6119",2.047619411,3.2154,"P0504","EC_0003.jpg"
"6120",7.178571429,4.3603,"P0504","EC_0006.jpg"
"6121",8.464285714,3.0181,"P0504","EC_0234.jpg"
"6122",1.607142857,2.6213,"P0504","EC_0115.jpg"
"6123",5.5,2.7513,"P0504","EC_0250.jpg"
"6124",5.119047982,4.5079,"P0504","EC_0204.jpg"
"6125",6.690476554,2.7545,"P0504","EC_0104.jpg"
"6126",7.607142857,3.3167,"P0504","EC_0180.jpg"
"6127",6.988095965,3.7236,"P0504","EC_0188.jpg"
"6128",4.976190839,4.3845,"P0504","EC_0141.jpg"
"6129",7.464285714,2.8786,"P0504","EC_0081.jpg"
"6130",6.988095965,2.0488,"P0504","EC_0203.jpg"
"6131",7.309524536,2.6363,"P0504","EC_0221.jpg"
"6132",6.988095965,4.024,"P0504","EC_0239.jpg"
"6133",7.488095965,2.6723,"P0504","EC_0008.jpg"
"6134",3.595238822,4.4386,"P0504","EC_0046.jpg"
"6135",7.452381679,2.6937,"P0504","EC_0171.jpg"
"6136",7.142857143,2.8257,"P0504","EC_0103.jpg"
"6137",0.642857143,2.9509,"P0504","EC_0124.jpeg"
"6138",0.940476554,3.5711,"P0504","EC_0042.jpg"
"6139",4.690476554,2.3203,"P0504","EC_0147.png"
"6140",0.392857143,2.4238,"P0504","EC_0235.jpg"
"6141",6.095238822,2.4846,"P0504","EC_0170.jpg"
"6142",1.607142857,6.5022,"P0504","EC_0136.jpg"
"6143",1.73809542,3.3688,"P0504","EC_0119.jpg"
"6144",5.440476554,2.5149,"P0504","EC_0101.jpg"
"6145",5.107142857,2.5033,"P0504","EC_0193.png"
"6146",0.892857143,3.2357,"P0504","EC_0005.jpg"
"6147",3.059524536,3.1343,"P0504","EC_0164.jpg"
"6148",6.738095965,3.8369,"P0504","EC_0163.jpg"
"6149",1.285714286,4.6989,"P0504","EC_0223.jpg"
"6150",1.73809542,3.0689,"P0504","EC_0158.jpg"
"6151",1.726190839,3.593,"P0504","EC_0044.jpg"
"6152",1.714285714,3.3028,"P0504","EC_0059.jpg"
"6153",3.678571429,2.9722,"P0504","EC_0047.jpg"
"6154",5.309524536,4.3477,"P0504","EC_0106.jpg"
"6155",1.48809542,2.8376,"P0504","EC_0148.jpg"
"6156",1.369047982,2.4541,"P0504","EC_0150.jpg"
"6157",7.559524536,3.3323,"P0504","EC_0032.jpg"
"6158",8.285714286,2.3816,"P0504","EC_0100.jpg"
"6159",5.5,4.06,"P0504","EC_0205.jpg"
"6160",7.845238822,2.975,"P0504","EC_0231.jpg"
"6161",8.130953108,2.3365,"P0504","EC_0243.jpg"
"6162",1.059523991,2.4932,"P0504","EC_0181.jpg"
"6163",1.702381134,3.0624,"P0504","EC_0094.jpg"
"6164",1.726190839,2.7784,"P0504","EC_0185.jpg"
"6165",2.047619411,4.1031,"P0504","EC_0229.jpg"
"6166",7.761905125,2.3146,"P0504","EC_0187.jpeg"
"6167",1.476190839,3.9392,"P0504","EC_0232.jpg"
"6168",5.083333697,3.963,"P0504","EC_0166.jpg"
"6169",0.392857143,2.6121,"P0504","EC_0128.jpeg"
"6170",0.690476554,3.4959,"P0504","EC_0123.jpeg"
"6171",4.369047982,2.7632,"P0504","EC_0113.jpg"
"6172",7.190476554,2.5287,"P0504","EC_0117.jpg"
"6173",4.714285714,3.0193,"P0504","EC_0053.jpg"
"6174",6.464285714,3.3226,"P0504","EC_0102.jpg"
"6175",7.309524536,2.5232,"P0504","EC_0116.jpg"
"6176",1.047619411,3.8484,"P0504","EC_0196.jpg"
"6177",5.440476554,3.2414,"P0504","EC_0068.jpg"
"6178",0.011905125,3.4554,"P0504","EC_0230.jpg"
"6179",4.214285714,3.4022,"P0504","EC_0152.jpg"
"6180",0.190476554,3.1215,"P0504","EC_0194.jpg"
"6181",6.011905125,5.2553,"P0504","EC_0173.jpg"
"6182",0.976190839,3.5698,"P0504","EC_0233.jpg"
"6183",0.916666848,2.5145,"P0504","EC_0085.jpg"
"6184",0.095238277,2.2434,"P0504","EC_0162.jpg"
"6185",6.690476554,2.3708,"P0504","EC_0082.jpg"
"6186",7.02381025,2.7172,"P0504","EC_0088.jpg"
"6187",6.630953108,2.1151,"P0504","EC_0060.jpg"
"6188",4.02381025,3.4639,"P0504","EC_0165.jpg"
"6189",2.107142857,3.6548,"P0504","EC_0213.jpg"
"6190",7.916667393,2.9764,"P0504","EC_0168.jpeg"
"6191",6.428571429,3.396,"P0504","EC_0062.jpg"
"6192",8.119047982,2.801,"P0504","EC_0174.jpg"
"6193",0.047619411,2.6283,"P0504","EC_0049.jpg"
"6194",5.809524536,3.0239,"P0504","EC_0079.jpg"
"6195",0.285714286,3.0442,"P0504","EC_0249.jpg"
"6196",2.011905125,4.0932,"P0504","EC_0010.jpg"
"6197",5.357142857,4.0875,"P0504","EC_0022.jpg"
"6198",4.285714286,3.4536,"P0504","EC_0089.jpg"
"6199",1.011905125,3.7149,"P0504","EC_0140.jpg"
"6200",6.797619411,2.3249,"P0504","EC_0177.jpg"
"6201",6.916667393,4.5571,"P0504","EC_0240.jpg"
"6202",0.642857143,3.3274,"P0504","EC_0097.jpg"
"6203",0.380952563,3.224,"P0504","EC_0028.jpg"
"6204",1.5,3.0298,"P0504","EC_0001.jpg"
"6205",1.273809705,2.4806,"P0504","EC_0129.jpeg"
"6206",8.047619411,3.3387,"P0504","EC_0086.jpg"
"6207",5.583333697,2.9812,"P0504","EC_0020.jpg"
"6208",0.023809705,3.069,"P0504","EC_0149.jpg"
"6209",6.107142857,2.5905,"P0504","EC_0054.jpg"
"6210",6.083333697,4.1562,"P0504","EC_0245.jpg"
"6211",5.833333697,2.6177,"P0504","EC_0015.jpg"
"6212",4.976190839,3.793,"P0504","EC_0069.jpg"
"6213",4.821428571,2.4752,"P0504","EC_0016.jpg"
"6214",6.738095965,2.6363,"P0504","EC_0099.jpg"
"6215",4.297619411,2.5929,"P0504","EC_0058.jpg"
"6216",5.25,2.515,"P0504","EC_0014.jpg"
"6217",2.619047982,3.3272,"P0504","EC_0199.jpg"
"6218",9.380953108,4.6116,"P0504","EC_0138.png"
"6219",7.738095965,2.6416,"P0504","EC_0087.jpg"
"6220",5.964285714,4.351,"P0504","EC_0248.jpg"
"6221",0.452381134,3.5883,"P0504","EC_0210.jpg"
"6222",0.023809705,4.2558,"P0504","EC_0161.jpg"
"6223",0.297619411,2.8269,"P0504","EC_0017.jpg"
"6224",6.345238822,2.6718,"P0504","EC_0080.jpg"
"6225",0.452381134,5.3694,"P0504","EC_0033.jpeg"
"6226",6.464285714,2.3474,"P0504","EC_0019.jpg"
"6227",4.642857143,3.8114,"P0504","EC_0098.jpg"
"6228",5.654762268,4.235,"P0504","EC_0131.jpg"
"6229",5.27381025,2.2916,"P0504","EC_0238.jpg"
"6230",5.035714286,3.279,"P0504","EC_0244.jpg"
"6231",5.345238822,2.3784,"P0504","EC_0108.jpg"
"6232",6.345238822,2.23,"P0504","EC_0172.jpg"
"6233",4.5,2.1428,"P0504","EC_0031.jpg"
"6234",5.428571429,2.5985,"P0504","EC_0209.jpg"
"6235",1.880952563,2.723,"P0504","EC_0169.png"
"6236",4,2.7383,"P0504","EC_0120.jpg"
"6237",2.119047982,3.7754,"P0504","EC_0012.jpg"
"6238",5.892857143,3.7519,"P0504","EC_0009.jpg"
"6239",5.988095965,2.5388,"P0504","EC_0092.jpg"
"6240",0.98809542,2.8359,"P0504","EC_0067.jpg"
"6241",6.690476554,2.9714,"P0504","EC_0074.jpg"
"6242",5.27381025,2.7198,"P0504","EC_0227.jpg"
"6243",1.547619411,2.7057,"P0504","EC_0125.jpeg"
"6244",2.142857143,2.5606,"P0504","EC_0222.jpg"
"6245",0,3.0122,"P0504","EC_0040.jpg"
"6246",5.535714286,2.3326,"P0504","EC_0153.jpg"
"6247",7.547619411,2.3122,"P0504","EC_0013.jpg"
"6248",0.761905125,3.5379,"P0504","EC_0065.jpg"
"6249",4.25,3.2001,"P0504","EC_0197.jpg"
"6250",0.785714286,3.46,"P0504","EC_0247.jpg"
"6251",6.75,2.862,"P0504","EC_0156.jpg"
"6252",7.27381025,2.1502,"P0504","EC_0057.jpeg"
"6253",2.047619411,2.2527,"P0504","EC_0048.jpg"
"6254",5.52381025,2.6552,"P0504","EC_0002.jpg"
"6255",2,2.4074,"P0504","EC_0237.jpg"
"6256",1.654762268,3.7754,"P0504","EC_0076.jpg"
"6257",5.630953108,2.7237,"P0504","EC_0007.jpg"
"6258",6.285714286,3.2822,"P0504","EC_0056.jpg"
"6259",2.607142857,2.8491,"P0504","EC_0064.jpg"
"6260",7.428571429,3.32,"P0504","EC_0037.jpg"
"6261",2.440476554,2.9811,"P0504","EC_0154.jpg"
"6262",7.940476554,2.6175,"P0504","EC_0200.png"
"6263",6.654762268,2.2299,"P0504","EC_0070.jpg"
"6264",5.27381025,5.2266,"P0504","EC_0207.jpg"
"6265",3.107142857,3.438,"P0504","EC_0038.jpg"
"6266",1.119047982,3.3539,"P0504","EC_0109.jpg"
"6267",0,3.11,"P0504","EC_0183.jpg"
"6268",10,2.5234,"P0504","EC_0030.jpg"
"6269",8.809524536,2.7322,"P0504","EC_0157.jpg"
"6270",0.095238277,3.1265,"P0504","EC_0090.jpg"
"6271",0,2.4487,"P0504","EC_0195.jpg"
"6272",4.857142857,2.6617,"P0504","EC_0228.jpg"
"6273",5.511905125,2.59,"P0504","EC_0073.jpg"
"6274",6.27381025,2.3694,"P0504","EC_0093.jpg"
"6275",0.202381134,4.1391,"P0504","EC_0027.jpg"
"6276",0.880952563,2.2727,"P0504","EC_0214.jpg"
"6277",0,2.2304,"P0504","EC_0182.jpg"
"6278",6.52381025,2.7812,"P0504","EC_0134.jpg"
"6279",5.869047982,3.0059,"P0504","EC_0241.jpg"
"6280",0,2.2472,"P0504","EC_0159.jpg"
"6281",2.107142857,3.3087,"P0504","EC_0224.jpg"
"6282",6.52381025,2.6967,"P0504","EC_0011.jpg"
"6283",0,2.957,"P0504","EC_0050.jpg"
"6284",6.488095965,3.4481,"P0504","EC_0095.jpg"
"6285",1.797619411,2.9513,"P0504","EC_0236.jpg"
"6286",0,3.9749,"P0504","EC_0184.jpg"
"6287",4,3.0602,"P0504","EC_0160.jpg"
"6288",6.809524536,2.6775,"P0504","EC_0041.jpg"
"6289",7.583333697,3.0299,"P0504","EC_0034.jpg"
"6290",0,2.7284,"P0504","EC_0111.jpg"
"6291",6.619047982,3.0124,"P0504","EC_0142.jpg"
"6292",0,3.9879,"P0504","EC_0075.jpg"
"6293",0,3.378,"P0504","EC_0176.jpg"
"6294",4.607142857,4.4178,"P0504","EC_0039.jpg"
"6295",7.25,3.1329,"P0504","EC_0077.jpg"
"6296",0,2.9457,"P0504","EC_0036.jpeg"
"6297",3.321428571,2.9481,"P0504","EC_0024.jpg"
"6298",7.845238822,2.7169,"P0504","EC_0096.jpg"
"6299",0,3.5566,"P0504","EC_0198.jpg"
"6300",7.226190839,2.4813,"P0504","EC_0135.jpg"
"6301",5.224867725,5.3329,"P0505","EC_0169.png"
"6302",2.473544974,2.6499,"P0505","EC_0020.jpg"
"6303",5.462962963,3.6191,"P0505","EC_0036.jpeg"
"6304",6.759259259,3.9605,"P0505","EC_0137.jpg"
"6305",4.55026455,4.4895,"P0505","EC_0203.jpg"
"6306",7.87037037,2.9542,"P0505","EC_0101.jpg"
"6307",8.28042328,2.4883,"P0505","EC_0211.jpg"
"6308",9.312169312,3.2696,"P0505","EC_0229.jpg"
"6309",1.111111111,3.3046,"P0505","EC_0206.png"
"6310",5.502645503,3.7871,"P0505","EC_0090.jpg"
"6311",7.222222222,2.6434,"P0505","EC_0008.jpg"
"6312",7.010582011,3.3505,"P0505","EC_0064.jpg"
"6313",4.920634921,3.1092,"P0505","EC_0177.jpg"
"6314",7.023809524,2.7774,"P0505","EC_0171.jpg"
"6315",7.037037037,4.0107,"P0505","EC_0201.jpg"
"6316",6.362433862,2.5009,"P0505","EC_0060.jpg"
"6317",6.177248677,2.7198,"P0505","EC_0164.jpg"
"6318",3.955026455,2.9763,"P0505","EC_0142.jpg"
"6319",0.171957672,3.2862,"P0505","EC_0184.jpg"
"6320",9.312169312,2.7866,"P0505","EC_0086.jpg"
"6321",6.917989418,2.7232,"P0505","EC_0071.jpg"
"6322",7.328042328,2.3377,"P0505","EC_0181.jpg"
"6323",2.751322751,2.7022,"P0505","EC_0188.jpg"
"6324",4.113756614,2.8791,"P0505","EC_0234.jpg"
"6325",7.12962963,3.6026,"P0505","EC_0046.jpg"
"6326",4.656084656,3.9302,"P0505","EC_0200.png"
"6327",5.78042328,2.254,"P0505","EC_0089.jpg"
"6328",4.060846561,2.8783,"P0505","EC_0108.jpg"
"6329",6.137566138,3.2613,"P0505","EC_0151.jpg"
"6330",5.912698413,2.0113,"P0505","EC_0160.jpg"
"6331",6.944444444,2.4461,"P0505","EC_0246.jpg"
"6332",9.021164021,2.5042,"P0505","EC_0249.jpg"
"6333",7.711640212,2.3638,"P0505","EC_0016.jpg"
"6334",10,3.7252,"P0505","EC_0044.jpg"
"6335",10,2.4707,"P0505","EC_0077.jpg"
"6336",9.603174603,2.7879,"P0505","EC_0079.jpg"
"6337",7.341269841,3.1039,"P0505","EC_0095.jpg"
"6338",3.373015873,2.9858,"P0505","EC_0209.jpg"
"6339",5.013227513,3.8251,"P0505","EC_0244.jpg"
"6340",6.587301587,2.586,"P0505","EC_0153.jpg"
"6341",7.989417989,2.698,"P0505","EC_0236.jpg"
"6342",5.277777778,2.895,"P0505","EC_0047.jpg"
"6343",4.470899471,2.6617,"P0505","EC_0221.jpg"
"6344",6.494708995,2.2062,"P0505","EC_0055.jpg"
"6345",7.857142857,2.4198,"P0505","EC_0152.jpg"
"6346",7.420634921,2.2102,"P0505","EC_0073.jpg"
"6347",7.037037037,2.1542,"P0505","EC_0034.jpg"
"6348",8.783068783,2.9547,"P0505","EC_0138.png"
"6349",3.187830688,2.9973,"P0505","EC_0005.jpg"
"6350",4.365079365,2.353,"P0505","EC_0017.jpg"
"6351",6.256613757,3.5086,"P0505","EC_0136.jpg"
"6352",6.455026455,2.2391,"P0505","EC_0166.jpg"
"6353",6.494708995,2.2261,"P0505","EC_0040.jpg"
"6354",3.518518519,2.7461,"P0505","EC_0176.jpg"
"6355",7.896825397,2.6549,"P0505","EC_0007.jpg"
"6356",8.161375661,2.3633,"P0505","EC_0149.jpg"
"6357",6.322751323,3.0928,"P0505","EC_0002.jpg"
"6358",7.367724868,2.3407,"P0505","EC_0051.jpg"
"6359",6.23015873,3.1587,"P0505","EC_0067.jpg"
"6360",10,2.3362,"P0505","EC_0062.jpg"
"6361",6.891534392,2.8725,"P0505","EC_0133.jpg"
"6362",6.772486772,2.6792,"P0505","EC_0197.jpg"
"6363",8.002645503,2.5976,"P0505","EC_0102.jpg"
"6364",0,4.4733,"P0505","EC_0148.jpg"
"6365",6.296296296,4.1074,"P0505","EC_0012.jpg"
"6366",7.156084656,2.8036,"P0505","EC_0075.jpg"
"6367",10,3.3931,"P0505","EC_0074.jpg"
"6368",7.116402116,2.462,"P0505","EC_0024.jpg"
"6369",3.597883598,2.2307,"P0505","EC_0106.jpg"
"6370",3.161375661,2.8755,"P0505","EC_0202.jpg"
"6371",5.992063492,3.6911,"P0505","EC_0085.jpg"
"6372",7.380952381,2.2592,"P0505","EC_0100.jpg"
"6373",0.899470899,2.9008,"P0505","EC_0232.jpg"
"6374",6.772486772,2.3716,"P0505","EC_0109.jpg"
"6375",7.513227513,2.1431,"P0505","EC_0210.jpg"
"6376",4.986772487,4.2227,"P0505","EC_0198.jpg"
"6377",3.346560847,3.1726,"P0505","EC_0195.jpg"
"6378",10,2.4977,"P0505","EC_0135.jpg"
"6379",10,3.402,"P0505","EC_0174.jpg"
"6380",8.134920635,3.2755,"P0505","EC_0173.jpg"
"6381",7.076719577,3.3402,"P0505","EC_0080.jpg"
"6382",4.96031746,3.2774,"P0505","EC_0154.jpg"
"6383",4.232804233,2.5428,"P0505","EC_0213.jpg"
"6384",10,2.2938,"P0505","EC_0057.jpeg"
"6385",5.291005291,4.5727,"P0505","EC_0163.jpg"
"6386",5.555555556,2.3868,"P0505","EC_0172.jpg"
"6387",9.007936508,2.6399,"P0505","EC_0087.jpg"
"6388",10,2.4951,"P0505","EC_0245.jpg"
"6389",6.243386243,2.5309,"P0505","EC_0068.jpg"
"6390",0,2.6055,"P0505","EC_0194.jpg"
"6391",7.367724868,2.5033,"P0505","EC_0058.jpg"
"6392",10,2.9145,"P0505","EC_0207.jpg"
"6393",6.666666667,2.6947,"P0505","EC_0165.jpg"
"6394",5,3.7635,"P0505","EC_0239.jpg"
"6395",0,4.8952,"P0505","EC_0033.jpeg"
"6396",5.251322751,2.4321,"P0505","EC_0187.jpeg"
"6397",4.814814815,2.4526,"P0505","EC_0131.jpg"
"6398",6.30952381,2.489,"P0505","EC_0233.jpg"
"6399",6.825396825,2.5536,"P0505","EC_0097.jpg"
"6400",6.124338624,1.8931,"P0505","EC_0224.jpg"
"6401",6.296296296,2.6544,"P0505","EC_0028.jpg"
"6402",4.986772487,2.6471,"P0505","EC_0247.jpg"
"6403",5.03968254,2.9258,"P0505","EC_0049.jpg"
"6404",5.793650794,2.2143,"P0505","EC_0158.jpg"
"6405",6.785714286,2.0698,"P0505","EC_0193.png"
"6406",4.17989418,2.3191,"P0505","EC_0150.jpg"
"6407",6.574074074,2.8757,"P0505","EC_0124.jpeg"
"6408",7.076719577,2.1475,"P0505","EC_0223.jpg"
"6409",6.30952381,2.1035,"P0505","EC_0032.jpg"
"6410",8.531746032,2.4194,"P0505","EC_0092.jpg"
"6411",6.005291005,2.2692,"P0505","EC_0093.jpg"
"6412",6.759259259,2.4213,"P0505","EC_0219.jpg"
"6413",0,2.528,"P0505","EC_0121.jpg"
"6414",10,2.6306,"P0505","EC_0157.jpg"
"6415",4.907407407,2.8214,"P0505","EC_0238.jpg"
"6416",10,3.03,"P0505","EC_0081.jpg"
"6417",6.071428571,2.7103,"P0505","EC_0076.jpg"
"6418",7.156084656,2.2792,"P0505","EC_0228.jpg"
"6419",5.092592593,3.1984,"P0505","EC_0141.jpg"
"6420",8.875661376,3.5447,"P0505","EC_0011.jpg"
"6421",5.992063492,3.3534,"P0505","EC_0054.jpg"
"6422",6.203703704,2.5032,"P0505","EC_0105.jpg"
"6423",8.095238095,3.2866,"P0505","EC_0083.jpg"
"6424",8.042328042,2.3047,"P0505","EC_0018.jpg"
"6425",10,2.6619,"P0505","EC_0061.jpg"
"6426",4.55026455,2.5882,"P0505","EC_0214.jpg"
"6427",6.058201058,2.1162,"P0505","EC_0056.jpg"
"6428",6.031746032,2.3064,"P0505","EC_0069.jpg"
"6429",3.849206349,3.0542,"P0505","EC_0059.jpg"
"6430",9.58994709,3.0026,"P0505","EC_0240.jpg"
"6431",5.462962963,2.998,"P0505","EC_0048.jpg"
"6432",5.661375661,3.0699,"P0505","EC_0199.jpg"
"6433",5.952380952,2.6203,"P0505","EC_0099.jpg"
"6434",10,2.6551,"P0505","EC_0063.jpg"
"6435",3.267195767,3.3865,"P0505","EC_0227.jpg"
"6436",6.626984127,2.9843,"P0505","EC_0066.jpg"
"6437",4.034391534,2.4536,"P0505","EC_0140.jpg"
"6438",6.005291005,2.3649,"P0505","EC_0038.jpg"
"6439",8.201058201,2.549,"P0505","EC_0050.jpg"
"6440",6.547619048,2.061,"P0505","EC_0116.jpg"
"6441",8.968253968,2.1297,"P0505","EC_0156.jpg"
"6442",9.708994709,3.1099,"P0505","EC_0117.jpg"
"6443",6.031746032,2.4771,"P0505","EC_0001.jpg"
"6444",5.701058201,2.825,"P0505","EC_0139.png"
"6445",10,2.7036,"P0505","EC_0084.jpg"
"6446",8.399470899,3.8463,"P0505","EC_0082.jpg"
"6447",6.164021164,3.5116,"P0505","EC_0088.jpg"
"6448",10,2.8612,"P0505","EC_0037.jpg"
"6449",6.335978836,2.7042,"P0505","EC_0128.jpeg"
"6450",4.96031746,3.854,"P0505","EC_0029.jpg"
"6451",9.748677249,3.8152,"P0505","EC_0041.jpg"
"6452",10,2.7198,"P0505","EC_0205.jpg"
"6453",2.447089947,3.4383,"P0505","EC_0168.jpeg"
"6454",6.005291005,2.4822,"P0505","EC_0113.jpg"
"6455",8.029100529,2.5585,"P0505","EC_0118.jpg"
"6456",7.288359788,2.3615,"P0505","EC_0070.jpg"
"6457",7.063492063,2.8872,"P0505","EC_0204.jpg"
"6458",9.166666667,2.5868,"P0505","EC_0013.jpg"
"6459",7.936507937,3.1699,"P0505","EC_0115.jpg"
"6460",9.206349206,2.8528,"P0505","EC_0098.jpg"
"6461",8.756613757,2.4559,"P0505","EC_0003.jpg"
"6462",7.724867725,2.4692,"P0505","EC_0241.jpg"
"6463",7.142857143,2.6896,"P0505","EC_0053.jpg"
"6464",4.14021164,2.3748,"P0505","EC_0022.jpg"
"6465",9.166666667,2.5152,"P0505","EC_0159.jpg"
"6466",6.838624339,2.371,"P0505","EC_0120.jpg"
"6467",1.825396825,2.8029,"P0505","EC_0030.jpg"
"6468",0,2.5244,"P0505","EC_0226.jpg"
"6469",8.677248677,2.531,"P0505","EC_0010.jpg"
"6470",8.465608466,2.703,"P0505","EC_0182.jpg"
"6471",7.05026455,2.3273,"P0505","EC_0015.jpg"
"6472",6.851851852,2.5532,"P0505","EC_0243.jpg"
"6473",7.010582011,3.8809,"P0505","EC_0123.jpeg"
"6474",10,2.3186,"P0505","EC_0167.jpg"
"6475",8.068783069,2.2559,"P0505","EC_0027.jpg"
"6476",5.992063492,3.5156,"P0505","EC_0134.jpg"
"6477",6.825396825,3.2046,"P0505","EC_0042.jpg"
"6478",9.126984127,2.8697,"P0505","EC_0006.jpg"
"6479",0,3.2412,"P0505","EC_0019.jpg"
"6480",6.322751323,2.8546,"P0505","EC_0196.jpg"
"6481",6.917989418,2.5318,"P0505","EC_0147.png"
"6482",8.068783069,2.4672,"P0505","EC_0183.jpg"
"6483",7.658730159,2.9718,"P0505","EC_0014.jpg"
"6484",9.537037037,2.5412,"P0505","EC_0132.jpg"
"6485",6.547619048,2.7787,"P0505","EC_0103.jpg"
"6486",7.023809524,2.3697,"P0505","EC_0250.jpg"
"6487",1.468253968,2.9686,"P0505","EC_0235.jpg"
"6488",6.428571429,2.3809,"P0505","EC_0039.jpg"
"6489",10,2.2357,"P0505","EC_0031.jpg"
"6490",7.592592593,2.9117,"P0505","EC_0096.jpg"
"6491",7.632275132,2.9939,"P0505","EC_0119.jpg"
"6492",7.632275132,3.9018,"P0505","EC_0170.jpg"
"6493",9.100529101,2.687,"P0505","EC_0009.jpg"
"6494",5.873015873,3.3705,"P0505","EC_0242.jpg"
"6495",0,2.3696,"P0505","EC_0162.jpg"
"6496",0,2.7028,"P0505","EC_0161.jpg"
"6497",7.976190476,2.9584,"P0505","EC_0125.jpeg"
"6498",5.899470899,3.0391,"P0505","EC_0222.jpg"
"6499",4.259259259,4.4573,"P0505","EC_0185.jpg"
"6500",6.097883598,4.2634,"P0505","EC_0111.jpg"
"6501",6.587301587,2.7459,"P0505","EC_0065.jpg"
"6502",6.706349206,2.2865,"P0505","EC_0094.jpg"
"6503",6.481481481,2.3106,"P0505","EC_0231.jpg"
"6504",6.19047619,2.8722,"P0505","EC_0237.jpg"
"6505",6.124338624,2.5015,"P0505","EC_0104.jpg"
"6506",7.394179894,2.8542,"P0505","EC_0129.jpeg"
"6507",9.060846561,2.3854,"P0505","EC_0180.jpg"
"6508",8.624338624,2.3982,"P0505","EC_0248.jpg"
"6509",7.380952381,3.11,"P0505","EC_0230.jpg"
"6510",9.391534392,2.5789,"P0505","EC_0072.jpg"
"6511",7.936507315,3.349,"P0509","EC_0121.jpg"
"6512",8.002644233,2.8741,"P0509","EC_0138.png"
"6513",5.767194909,2.7858,"P0509","EC_0237.jpg"
"6514",0.304232325,4.3334,"P0509","EC_0148.jpg"
"6515",8.082009309,3.999,"P0509","EC_0090.jpg"
"6516",5.052909223,3.4081,"P0509","EC_0207.jpg"
"6517",7.050263318,3.219,"P0509","EC_0149.jpg"
"6518",5.092591761,3.0784,"P0509","EC_0168.jpeg"
"6519",8.121691847,3.2185,"P0509","EC_0051.jpg"
"6520",8.373015234,2.7917,"P0509","EC_0042.jpg"
"6521",7.076718667,3.0865,"P0509","EC_0101.jpg"
"6522",9.550263219,10.8702,"P0509","EC_0210.jpg"
"6523",7.976189853,2.8112,"P0509","EC_0029.jpg"
"6524",9.007935844,12.8188,"P0509","EC_0241.jpg"
"6525",6.944443863,3.8332,"P0509","EC_0015.jpg"
"6526",4.947089768,3.227,"P0509","EC_0036.jpeg"
"6527",7.764549004,2.9535,"P0509","EC_0058.jpg"
"6528",7.037036129,3.949,"P0509","EC_0068.jpg"
"6529",3.84920589,2.4736,"P0509","EC_0193.png"
"6530",8.187829734,8.7473,"P0509","EC_0012.jpg"
"6531",4.920634419,2.8945,"P0509","EC_0181.jpg"
"6532",3.042327938,7.0265,"P0509","EC_0006.jpg"
"6533",1.878306175,3.236,"P0509","EC_0228.jpg"
"6534",3.86243308,3.5735,"P0509","EC_0152.jpg"
"6535",9.933860441,19.1926,"P0509","EC_0236.jpg"
"6536",7.116401205,25.2074,"P0509","EC_0046.jpg"
"6537",4.947089768,4.8848,"P0509","EC_0022.jpg"
"6538",8.571427925,3.8298,"P0509","EC_0104.jpg"
"6539",6.097882404,3.5035,"P0509","EC_0250.jpg"
"6540",2.751322013,6.6692,"P0509","EC_0140.jpg"
"6541",3.769840814,11.1538,"P0509","EC_0047.jpg"
"6542",7.063491477,2.741,"P0509","EC_0014.jpg"
"6543",7.989417043,22.7502,"P0509","EC_0167.jpg"
"6544",8.280422,2.943,"P0509","EC_0106.jpg"
"6545",8.637564843,2.2037,"P0509","EC_0085.jpg"
"6546",7.883596619,15.7467,"P0509","EC_0065.jpg"
"6547",3.174602743,4.8432,"P0509","EC_0187.jpeg"
"6548",9.894177903,13.2491,"P0509","EC_0219.jpg"
"6549",5.806877447,3.4852,"P0509","EC_0169.png"
"6550",1.600528408,3.1466,"P0509","EC_0180.jpg"
"6551",6.481480595,5.684,"P0509","EC_0084.jpg"
"6552",4.986772306,11.2592,"P0509","EC_0177.jpg"
"6553",9.140209679,3.5939,"P0509","EC_0161.jpg"
"6554",7.962961695,3.0872,"P0509","EC_0120.jpg"
"6555",5.052909223,2.914,"P0509","EC_0164.jpg"
"6556",9.999999297,4.0888,"P0509","EC_0083.jpg"
"6557",6.243385366,2.5639,"P0509","EC_0160.jpg"
"6558",9.74867591,24.8847,"P0509","EC_0096.jpg"
"6559",0.07936477,3.8335,"P0509","EC_0184.jpg"
"6560",9.828040986,30.46,"P0509","EC_0013.jpg"
"6561",8.650793001,3.0899,"P0509","EC_0030.jpg"
"6562",3.690475738,2.7585,"P0509","EC_0125.jpeg"
"6563",6.468253405,2.9956,"P0509","EC_0201.jpg"
"6564",3.835978701,3.676,"P0509","EC_0005.jpg"
"6565",5.661375453,2.3953,"P0509","EC_0246.jpg"
"6566",6.878305976,2.199,"P0509","EC_0135.jpg"
"6567",6.772485552,3.5045,"P0509","EC_0115.jpg"
"6568",8.849205692,2.3666,"P0509","EC_0066.jpg"
"6569",8.783066836,4.5011,"P0509","EC_0200.png"
"6570",8.042326771,5.9434,"P0509","EC_0024.jpg"
"6571",5.11904711,3.5436,"P0509","EC_0088.jpg"
"6572",9.31216799,5.1541,"P0509","EC_0173.jpg"
"6573",9.828040986,3.3584,"P0509","EC_0037.jpg"
"6574",7.354496433,2.4903,"P0509","EC_0182.jpg"
"6575",3.981480694,2.7548,"P0509","EC_0054.jpg"
"6576",6.362432981,2.9245,"P0509","EC_0239.jpg"
"6577",2.632274399,3.2728,"P0509","EC_0049.jpg"
"6578",5.052909223,6.243,"P0509","EC_0165.jpg"
"6579",6.388888329,3.5928,"P0509","EC_0163.jpg"
"6580",7.460316858,2.9837,"P0509","EC_0073.jpg"
"6581",6.970898242,3.3435,"P0509","EC_0199.jpg"
"6582",8.333332696,3.4264,"P0509","EC_0243.jpg"
"6583",6.203702828,2.4464,"P0509","EC_0238.jpg"
"6584",4.960316957,2.8915,"P0509","EC_0124.jpeg"
"6585",1.759258561,3.7503,"P0509","EC_0154.jpg"
"6586",9.854495365,3.4805,"P0509","EC_0157.jpg"
"6587",4.629629463,2.6925,"P0509","EC_0196.jpg"
"6588",7.116401205,4.4587,"P0509","EC_0134.jpg"
"6589",9.166665997,2.8648,"P0509","EC_0001.jpg"
"6590",4.523809038,2.282,"P0509","EC_0214.jpg"
"6591",2.129628593,4.1857,"P0509","EC_0198.jpg"
"6592",3.902115618,3.1869,"P0509","EC_0055.jpg"
"6593",9.867723524,2.3017,"P0509","EC_0057.jpeg"
"6594",7.248676009,3.9903,"P0509","EC_0067.jpg"
"6595",7.023808939,2.6032,"P0509","EC_0097.jpg"
"6596",8.148147196,3.4244,"P0509","EC_0158.jpg"
"6597",9.854495365,3.7819,"P0509","EC_0170.jpg"
"6598",8.399469614,4.3636,"P0509","EC_0098.jpg"
"6599",9.960316759,3.0983,"P0509","EC_0247.jpg"
"6600",5.978834789,2.6012,"P0509","EC_0235.jpg"
"6601",9.999999297,3.0178,"P0509","EC_0103.jpg"
"6602",9.894177903,2.2418,"P0509","EC_0075.jpg"
"6603",6.732803013,2.549,"P0509","EC_0099.jpg"
"6604",5.396824876,2.8634,"P0509","EC_0240.jpg"
"6605",8.068782119,2.3383,"P0509","EC_0141.jpg"
"6606",9.007935844,2.2947,"P0509","EC_0071.jpg"
"6607",3.769840814,4.0309,"P0509","EC_0176.jpg"
"6608",9.960316759,2.6433,"P0509","EC_0242.jpg"
"6609",7.222221629,2.3164,"P0509","EC_0166.jpg"
"6610",7.989417043,2.5789,"P0509","EC_0136.jpg"
"6611",8.068782119,2.6117,"P0509","EC_0008.jpg"
"6612",6.732803013,3.1812,"P0509","EC_0105.jpg"
"6613",5.767194909,2.4836,"P0509","EC_0100.jpg"
"6614",8.637564843,2.8212,"P0509","EC_0032.jpg"
"6615",9.828040986,2.8346,"P0509","EC_0194.jpg"
"6616",3.677248548,3.1691,"P0509","EC_0139.png"
"6617",2.724867634,8.5852,"P0509","EC_0195.jpg"
"6618",9.656082675,3.1764,"P0509","EC_0188.jpg"
"6619",8.862431913,3.4703,"P0509","EC_0010.jpg"
"6620",9.510580681,3.0275,"P0509","EC_0102.jpg"
"6621",5.185184996,3.1241,"P0509","EC_0202.jpg"
"6622",9.497352522,2.9381,"P0509","EC_0063.jpg"
"6623",8.849205692,3.2528,"P0509","EC_0213.jpg"
"6624",7.486771237,2.8772,"P0509","EC_0133.jpg"
"6625",8.187829734,2.3704,"P0509","EC_0061.jpg"
"6626",0.066137096,3.9288,"P0509","EC_0129.jpeg"
"6627",5.833332796,2.8845,"P0509","EC_0003.jpg"
"6628",9.523808839,3.5362,"P0509","EC_0081.jpg"
"6629",9.1137553,3.2847,"P0509","EC_0062.jpg"
"6630",8.571427925,2.2471,"P0509","EC_0109.jpg"
"6631",9.97354298,2.5066,"P0509","EC_0093.jpg"
"6632",7.61904701,2.358,"P0509","EC_0117.jpg"
"6633",8.584654146,2.4609,"P0509","EC_0209.jpg"
"6634",6.283067905,3.3897,"P0509","EC_0113.jpg"
"6635",1.335977831,3.3473,"P0509","EC_0048.jpg"
"6636",8.439152152,2.4225,"P0509","EC_0205.jpg"
"6637",3.66402039,3.3186,"P0509","EC_0248.jpg"
"6638",8.174602544,2.2718,"P0509","EC_0233.jpg"
"6639",6.666666096,2.5342,"P0509","EC_0007.jpg"
"6640",9.391533067,3.9532,"P0509","EC_0074.jpg"
"6641",6.732803013,3.2762,"P0509","EC_0142.jpg"
"6642",7.870369429,2.3071,"P0509","EC_0132.jpg"
"6643",9.576717599,3.3741,"P0509","EC_0044.jpg"
"6644",8.346559886,3.3986,"P0509","EC_0151.jpg"
"6645",7.526453776,3.5584,"P0509","EC_0119.jpg"
"6646",7.804231542,2.4141,"P0509","EC_0229.jpg"
"6647",8.25396762,2.3838,"P0509","EC_0203.jpg"
"6648",5.383597687,3.0493,"P0509","EC_0087.jpg"
"6649",6.891533166,2.5163,"P0509","EC_0172.jpg"
"6650",6.058199866,2.5148,"P0509","EC_0150.jpg"
"6651",6.851850628,2.4958,"P0509","EC_0079.jpg"
"6652",3.293650357,2.3236,"P0509","EC_0222.jpg"
"6653",6.574072861,2.3972,"P0509","EC_0064.jpg"
"6654",8.373015234,2.4736,"P0509","EC_0108.jpg"
"6655",4.219575923,2.4422,"P0509","EC_0244.jpg"
"6656",5.277777262,2.5589,"P0509","EC_0027.jpg"
"6657",7.526453776,2.5861,"P0509","EC_0082.jpg"
"6658",0.211639574,4.296,"P0509","EC_0011.jpg"
"6659",5.701057992,2.7166,"P0509","EC_0245.jpg"
"6660",4.828042153,2.8077,"P0509","EC_0183.jpg"
"6661",3.902115618,2.5451,"P0509","EC_0053.jpg"
"6662",8.121691847,3.1253,"P0509","EC_0069.jpg"
"6663",8.280422,3.3815,"P0509","EC_0226.jpg"
"6664",8.849205692,2.9405,"P0509","EC_0086.jpg"
"6665",3.84920589,2.6873,"P0509","EC_0171.jpg"
"6666",0.119047308,4.832,"P0509","EC_0232.jpg"
"6667",8.002644233,3.6902,"P0509","EC_0076.jpg"
"6668",9.193120376,3.3839,"P0509","EC_0234.jpg"
"6669",0.026454558,3.1048,"P0509","EC_0070.jpg"
"6670",0.013226884,3.3421,"P0509","EC_0128.jpeg"
"6671",0.119047308,3.1637,"P0509","EC_0227.jpg"
"6672",8.994707686,2.6478,"P0509","EC_0162.jpg"
"6673",2.354496632,2.6051,"P0509","EC_0159.jpg"
"6674",0.899469912,2.871,"P0509","EC_0147.png"
"6675",8.47883469,2.6575,"P0509","EC_0077.jpg"
"6676",4.629629463,2.8381,"P0509","EC_0094.jpg"
"6677",8.677247381,3.6369,"P0509","EC_0089.jpg"
"6678",9.97354298,2.7149,"P0509","EC_0002.jpg"
"6679",9.828040986,2.52,"P0509","EC_0131.jpg"
"6680",6.838623438,2.6136,"P0509","EC_0080.jpg"
"6681",4.947089768,2.3469,"P0509","EC_0095.jpg"
"6682",7.896824777,3.8802,"P0509","EC_0031.jpg"
"6683",9.960316759,3.4236,"P0509","EC_0016.jpg"
"6684",0.251322112,3.2427,"P0509","EC_0204.jpg"
"6685",9.616400137,2.8689,"P0509","EC_0020.jpg"
"6686",7.314813895,2.3279,"P0509","EC_0174.jpg"
"6687",0.661374683,2.7323,"P0509","EC_0059.jpg"
"6688",2.658729747,4.1342,"P0509","EC_0185.jpg"
"6689",1.798941099,2.6815,"P0509","EC_0056.jpg"
"6690",6.574072861,2.9156,"P0509","EC_0009.jpg"
"6691",7.222221629,2.681,"P0509","EC_0231.jpg"
"6692",9.550263219,2.327,"P0509","EC_0221.jpg"
"6693",8.25396762,2.7247,"P0509","EC_0060.jpg"
"6694",5.132274299,3.0558,"P0509","EC_0230.jpg"
"6695",4.947089768,2.4731,"P0509","EC_0116.jpg"
"6696",9.246031073,3.6447,"P0509","EC_0039.jpg"
"6697",0.502644531,4.8733,"P0509","EC_0033.jpeg"
"6698",9.894177903,4.3596,"P0509","EC_0041.jpg"
"6699",0.171957036,2.6857,"P0509","EC_0153.jpg"
"6700",2.447088898,3.1671,"P0509","EC_0040.jpg"
"6701",8.280422,4.3374,"P0509","EC_0034.jpg"
"6702",0.515872689,2.5392,"P0509","EC_0123.jpeg"
"6703",9.907406062,2.8657,"P0509","EC_0092.jpg"
"6704",9.576717599,3.3779,"P0509","EC_0197.jpg"
"6705",6.16402029,3.7779,"P0509","EC_0249.jpg"
"6706",9.219574756,2.4206,"P0509","EC_0156.jpg"
"6707",7.301586706,2.5045,"P0509","EC_0050.jpg"
"6708",7.6322742,2.4104,"P0509","EC_0017.jpg"
"6709",9.894177903,2.4278,"P0509","EC_0072.jpg"
"6710",4.431216772,3.6333,"P0509","EC_0111.jpg"
"6711",7.910051967,2.5985,"P0509","EC_0137.jpg"
"6712",8.875660071,2.4719,"P0509","EC_0118.jpg"
"6713",9.920634221,3.1049,"P0509","EC_0018.jpg"
"6714",6.732803013,3.4116,"P0509","EC_0211.jpg"
"6715",9.404761225,2.8969,"P0509","EC_0038.jpg"
"6716",0.132274498,4.0026,"P0509","EC_0206.png"
"6717",8.25396762,2.3648,"P0509","EC_0019.jpg"
"6718",9.933860441,3.8892,"P0509","EC_0224.jpg"
"6719",9.9470886,3.1503,"P0509","EC_0223.jpg"
"6720",6.653437937,3.5453,"P0509","EC_0028.jpg"
"6721",0,4.3605,"P0510","EC_0033.jpeg"
"6722",0,3.8577,"P0510","EC_0222.jpg"
"6723",1.904761905,4.9707,"P0510","EC_0154.jpg"
"6724",4.968253968,5.8352,"P0510","EC_0236.jpg"
"6725",2.888888889,5.0664,"P0510","EC_0040.jpg"
"6726",2,4.7163,"P0510","EC_0234.jpg"
"6727",0,5.7652,"P0510","EC_0232.jpg"
"6728",5.984126984,4.3079,"P0510","EC_0159.jpg"
"6729",5,3.4377,"P0510","EC_0224.jpg"
"6730",10,3.2645,"P0510","EC_0098.jpg"
"6731",5.968253968,4.8496,"P0510","EC_0229.jpg"
"6732",5.095238095,3.7162,"P0510","EC_0176.jpg"
"6733",0,3.5991,"P0510","EC_0055.jpg"
"6734",7.015873016,3.4831,"P0510","EC_0006.jpg"
"6735",4.968253968,3.2999,"P0510","EC_0041.jpg"
"6736",0.047619048,4.1528,"P0510","EC_0134.jpg"
"6737",0.031746032,3.6163,"P0510","EC_0053.jpg"
"6738",6.031746032,3.2074,"P0510","EC_0244.jpg"
"6739",10,4.4,"P0510","EC_0037.jpg"
"6740",5.079365079,4.4227,"P0510","EC_0032.jpg"
"6741",6.984126984,3.2838,"P0510","EC_0086.jpg"
"6742",0.920634921,3.6486,"P0510","EC_0071.jpg"
"6743",4.952380952,3.2611,"P0510","EC_0201.jpg"
"6744",7.031746032,3.307,"P0510","EC_0227.jpg"
"6745",0,4.1303,"P0510","EC_0124.jpeg"
"6746",2.047619048,3.4082,"P0510","EC_0100.jpg"
"6747",10,3.8086,"P0510","EC_0014.jpg"
"6748",1.936507937,5.1747,"P0510","EC_0002.jpg"
"6749",3,4.0572,"P0510","EC_0050.jpg"
"6750",10,2.9421,"P0510","EC_0209.jpg"
"6751",0,3.6218,"P0510","EC_0162.jpg"
"6752",5,3.4997,"P0510","EC_0135.jpg"
"6753",10,4.7381,"P0510","EC_0206.png"
"6754",5.968253968,4.9051,"P0510","EC_0196.jpg"
"6755",2.984126984,3.7253,"P0510","EC_0133.jpg"
"6756",5.015873016,3.5712,"P0510","EC_0106.jpg"
"6757",4.920634921,3.7274,"P0510","EC_0228.jpg"
"6758",4.968253968,3.3831,"P0510","EC_0142.jpg"
"6759",2.968253968,4.116,"P0510","EC_0102.jpg"
"6760",10,3.1025,"P0510","EC_0210.jpg"
"6761",5.952380952,3.3028,"P0510","EC_0250.jpg"
"6762",5.111111111,3.4824,"P0510","EC_0042.jpg"
"6763",5,2.883,"P0510","EC_0061.jpg"
"6764",5.936507937,3.3496,"P0510","EC_0049.jpg"
"6765",7,2.9015,"P0510","EC_0027.jpg"
"6766",5.015873016,2.7209,"P0510","EC_0249.jpg"
"6767",9.920634921,2.9254,"P0510","EC_0066.jpg"
"6768",4.920634921,3.6876,"P0510","EC_0121.jpg"
"6769",0.111111111,3.6164,"P0510","EC_0076.jpg"
"6770",7.174603175,3.0729,"P0510","EC_0044.jpg"
"6771",6.984126984,3.1725,"P0510","EC_0243.jpg"
"6772",10,3.3856,"P0510","EC_0010.jpg"
"6773",10,3.0774,"P0510","EC_0057.jpeg"
"6774",4.920634921,2.883,"P0510","EC_0011.jpg"
"6775",0,3.3329,"P0510","EC_0131.jpg"
"6776",4.920634921,2.7986,"P0510","EC_0182.jpg"
"6777",10,4.4162,"P0510","EC_0211.jpg"
"6778",10,2.7829,"P0510","EC_0138.png"
"6779",5.063492063,3.1223,"P0510","EC_0020.jpg"
"6780",5.079365079,2.6831,"P0510","EC_0022.jpg"
"6781",5.984126984,3.5442,"P0510","EC_0048.jpg"
"6782",5.047619048,3.0163,"P0510","EC_0153.jpg"
"6783",5.031746032,3.6523,"P0510","EC_0060.jpg"
"6784",6.079365079,3.638,"P0510","EC_0233.jpg"
"6785",6.047619048,3.1498,"P0510","EC_0167.jpg"
"6786",0,3.6832,"P0510","EC_0125.jpeg"
"6787",4.888888889,3.4743,"P0510","EC_0166.jpg"
"6788",9.888888889,3.0332,"P0510","EC_0173.jpg"
"6789",6.079365079,3.7267,"P0510","EC_0083.jpg"
"6790",0,3.9324,"P0510","EC_0103.jpg"
"6791",5.904761905,2.5956,"P0510","EC_0198.jpg"
"6792",6.015873016,3.0324,"P0510","EC_0180.jpg"
"6793",7,3.6825,"P0510","EC_0013.jpg"
"6794",5.079365079,3.6329,"P0510","EC_0194.jpg"
"6795",0.047619048,3.5597,"P0510","EC_0184.jpg"
"6796",6.015873016,3.2728,"P0510","EC_0015.jpg"
"6797",6.936507937,2.5698,"P0510","EC_0109.jpg"
"6798",4.968253968,3.6198,"P0510","EC_0017.jpg"
"6799",6.079365079,3.5533,"P0510","EC_0183.jpg"
"6800",5.031746032,3.6664,"P0510","EC_0158.jpg"
"6801",0,3.9479,"P0510","EC_0129.jpeg"
"6802",5.968253968,2.9125,"P0510","EC_0246.jpg"
"6803",3.952380952,3.4198,"P0510","EC_0169.png"
"6804",6.873015873,3.4898,"P0510","EC_0104.jpg"
"6805",9.984126984,4.0882,"P0510","EC_0009.jpg"
"6806",7.126984127,3.7927,"P0510","EC_0077.jpg"
"6807",10,2.9097,"P0510","EC_0223.jpg"
"6808",0,3.2913,"P0510","EC_0226.jpg"
"6809",2.936507937,3.4832,"P0510","EC_0239.jpg"
"6810",0,3.8497,"P0510","EC_0230.jpg"
"6811",3.936507937,4.0333,"P0510","EC_0019.jpg"
"6812",0.015873016,4.1163,"P0510","EC_0123.jpeg"
"6813",4.952380952,3.5348,"P0510","EC_0241.jpg"
"6814",0,3.2528,"P0510","EC_0161.jpg"
"6815",4.888888889,2.5279,"P0510","EC_0016.jpg"
"6816",0,5.2662,"P0510","EC_0247.jpg"
"6817",5.936507937,3.4498,"P0510","EC_0141.jpg"
"6818",6.968253968,3.6497,"P0510","EC_0063.jpg"
"6819",10,3.6322,"P0510","EC_0231.jpg"
"6820",4.936507937,2.4699,"P0510","EC_0119.jpg"
"6821",7.015873016,3.1208,"P0510","EC_0195.jpg"
"6822",4.904761905,2.9661,"P0510","EC_0101.jpg"
"6823",4.825396825,2.5212,"P0510","EC_0096.jpg"
"6824",10,3.0492,"P0510","EC_0008.jpg"
"6825",10,3.2507,"P0510","EC_0070.jpg"
"6826",0,4.0701,"P0510","EC_0149.jpg"
"6827",10,4.6829,"P0510","EC_0245.jpg"
"6828",5.031746032,2.8034,"P0510","EC_0046.jpg"
"6829",2.920634921,3.7767,"P0510","EC_0038.jpg"
"6830",3.047619048,3.4274,"P0510","EC_0150.jpg"
"6831",4.904761905,2.8437,"P0510","EC_0219.jpg"
"6832",10,3.7864,"P0510","EC_0085.jpg"
"6833",10,3.1112,"P0510","EC_0058.jpg"
"6834",5.031746032,3.0043,"P0510","EC_0165.jpg"
"6835",5.984126984,3.3928,"P0510","EC_0003.jpg"
"6836",3.968253968,2.9493,"P0510","EC_0197.jpg"
"6837",6.079365079,3.3548,"P0510","EC_0115.jpg"
"6838",7.047619048,2.4329,"P0510","EC_0105.jpg"
"6839",6.888888889,2.8826,"P0510","EC_0248.jpg"
"6840",5.079365079,2.3493,"P0510","EC_0171.jpg"
"6841",10,3.0664,"P0510","EC_0062.jpg"
"6842",6.904761905,3.3833,"P0510","EC_0030.jpg"
"6843",4.968253968,3.1025,"P0510","EC_0095.jpg"
"6844",4.888888889,2.7995,"P0510","EC_0118.jpg"
"6845",4.936507937,2.6162,"P0510","EC_0148.jpg"
"6846",10,5.15,"P0510","EC_0139.png"
"6847",0,3.3664,"P0510","EC_0238.jpg"
"6848",10,3.5161,"P0510","EC_0072.jpg"
"6849",2.031746032,3.6662,"P0510","EC_0204.jpg"
"6850",10,3.5196,"P0510","EC_0094.jpg"
"6851",5.873015873,2.8377,"P0510","EC_0029.jpg"
"6852",10,3.0865,"P0510","EC_0074.jpg"
"6853",7.587301587,8.1376,"P0510","EC_0160.jpg"
"6854",2.301587302,3.8828,"P0510","EC_0075.jpg"
"6855",7.206349206,4.5155,"P0510","EC_0237.jpg"
"6856",10,2.9344,"P0510","EC_0174.jpg"
"6857",5.063492063,3.3575,"P0510","EC_0213.jpg"
"6858",5.031746032,4.5803,"P0510","EC_0099.jpg"
"6859",0,3.1825,"P0510","EC_0097.jpg"
"6860",7.031746032,3.0738,"P0510","EC_0235.jpg"
"6861",10,3.0491,"P0510","EC_0172.jpg"
"6862",0,3.199,"P0510","EC_0069.jpg"
"6863",0,2.7228,"P0510","EC_0054.jpg"
"6864",10,3.633,"P0510","EC_0240.jpg"
"6865",0,4.283,"P0510","EC_0111.jpg"
"6866",10,3.9408,"P0510","EC_0156.jpg"
"6867",5.920634921,3.6835,"P0510","EC_0116.jpg"
"6868",7.015873016,6.8324,"P0510","EC_0202.jpg"
"6869",6.968253968,3.75,"P0510","EC_0113.jpg"
"6870",6.428571429,6.8989,"P0510","EC_0068.jpg"
"6871",2.825396825,4.8474,"P0510","EC_0170.jpg"
"6872",10,2.9832,"P0510","EC_0082.jpg"
"6873",3.53968254,5.9159,"P0510","EC_0108.jpg"
"6874",0,2.6799,"P0510","EC_0187.jpeg"
"6875",3.523809524,3.1203,"P0510","EC_0001.jpg"
"6876",7.015873016,2.9703,"P0510","EC_0152.jpg"
"6877",0,3.2833,"P0510","EC_0140.jpg"
"6878",6.952380952,3.1435,"P0510","EC_0200.png"
"6879",10,2.6828,"P0510","EC_0073.jpg"
"6880",2.46031746,3.7499,"P0510","EC_0185.jpg"
"6881",0,3.1328,"P0510","EC_0059.jpg"
"6882",10,3.2498,"P0510","EC_0079.jpg"
"6883",7.571428571,3.1325,"P0510","EC_0018.jpg"
"6884",1.206349206,3.8365,"P0510","EC_0024.jpg"
"6885",7.873015873,3.9496,"P0510","EC_0092.jpg"
"6886",10,3.7832,"P0510","EC_0084.jpg"
"6887",5.015873016,3.083,"P0510","EC_0193.png"
"6888",0,3.4663,"P0510","EC_0128.jpeg"
"6889",3.126984127,4.6334,"P0510","EC_0205.jpg"
"6890",3.206349206,4.7997,"P0510","EC_0065.jpg"
"6891",6.73015873,4.5658,"P0510","EC_0203.jpg"
"6892",10,4.0514,"P0510","EC_0036.jpeg"
"6893",0,6.0717,"P0510","EC_0199.jpg"
"6894",10,3.6948,"P0510","EC_0089.jpg"
"6895",0,4.6447,"P0510","EC_0056.jpg"
"6896",3.047619048,3.9784,"P0510","EC_0242.jpg"
"6897",5.063492063,3.1864,"P0510","EC_0031.jpg"
"6898",6.952380952,3.3108,"P0510","EC_0151.jpg"
"6899",4.904761905,4.071,"P0510","EC_0221.jpg"
"6900",6.984126984,4.4997,"P0510","EC_0137.jpg"
"6901",10,2.6832,"P0510","EC_0007.jpg"
"6902",5.968253968,3.4165,"P0510","EC_0064.jpg"
"6903",0.904761905,5.4858,"P0510","EC_0039.jpg"
"6904",7.222222222,2.8888,"P0510","EC_0164.jpg"
"6905",7.317460317,3.229,"P0510","EC_0168.jpeg"
"6906",2.873015873,3.9484,"P0510","EC_0120.jpg"
"6907",7,3.8721,"P0510","EC_0177.jpg"
"6908",7.063492063,2.9749,"P0510","EC_0047.jpg"
"6909",10,3.183,"P0510","EC_0081.jpg"
"6910",3.238095238,4.1163,"P0510","EC_0188.jpg"
"6911",6,3.9332,"P0510","EC_0005.jpg"
"6912",7.063492063,3.3375,"P0510","EC_0132.jpg"
"6913",0,6.8667,"P0510","EC_0012.jpg"
"6914",5.19047619,5.4023,"P0510","EC_0181.jpg"
"6915",10,3.3168,"P0510","EC_0087.jpg"
"6916",6,3.7103,"P0510","EC_0136.jpg"
"6917",5.238095238,4.5343,"P0510","EC_0214.jpg"
"6918",6.365079365,3.6665,"P0510","EC_0163.jpg"
"6919",6.761904762,3.9667,"P0510","EC_0157.jpg"
"6920",3.841269841,4.1531,"P0510","EC_0034.jpg"
"6921",1.095238095,4.2726,"P0510","EC_0028.jpg"
"6922",3.80952381,6.8595,"P0510","EC_0090.jpg"
"6923",10,3.3375,"P0510","EC_0051.jpg"
"6924",10,4.8521,"P0510","EC_0093.jpg"
"6925",10,3.7807,"P0510","EC_0207.jpg"
"6926",5.174603175,3.1612,"P0510","EC_0147.png"
"6927",6.888888889,2.8201,"P0510","EC_0080.jpg"
"6928",0,4.9218,"P0510","EC_0088.jpg"
"6929",6.920634921,4.7159,"P0510","EC_0117.jpg"
"6930",0,5.6892,"P0510","EC_0067.jpg"
"6931",6.984126984,7.6054,"P0517","EC_0227.jpg"
"6932",5.031746032,4.7891,"P0517","EC_0067.jpg"
"6933",6.888888889,4.4489,"P0517","EC_0210.jpg"
"6934",5.015873016,4.2008,"P0517","EC_0151.jpg"
"6935",8.063492063,7.2059,"P0517","EC_0125.jpeg"
"6936",7.888888889,3.4514,"P0517","EC_0049.jpg"
"6937",5.031746032,3.9963,"P0517","EC_0234.jpg"
"6938",5.904761905,2.8255,"P0517","EC_0040.jpg"
"6939",6.031746032,2.723,"P0517","EC_0172.jpg"
"6940",5.079365079,2.9558,"P0517","EC_0236.jpg"
"6941",5.015873016,2.6884,"P0517","EC_0006.jpg"
"6942",8.904761905,3.8016,"P0517","EC_0188.jpg"
"6943",8.825396825,3.9224,"P0517","EC_0187.jpeg"
"6944",5.920634921,2.5178,"P0517","EC_0060.jpg"
"6945",4.047619048,3.7483,"P0517","EC_0050.jpg"
"6946",5.015873016,2.8083,"P0517","EC_0099.jpg"
"6947",4.888888889,2.8714,"P0517","EC_0009.jpg"
"6948",6.936507937,5.1475,"P0517","EC_0152.jpg"
"6949",6.047619048,3.8513,"P0517","EC_0182.jpg"
"6950",6.73015873,4.2244,"P0517","EC_0031.jpg"
"6951",5.825396825,2.7912,"P0517","EC_0205.jpg"
"6952",4.968253968,2.5765,"P0517","EC_0087.jpg"
"6953",4.904761905,2.5214,"P0517","EC_0005.jpg"
"6954",5.841269841,2.9387,"P0517","EC_0238.jpg"
"6955",4.936507937,3.6353,"P0517","EC_0176.jpg"
"6956",5.587301587,3.0397,"P0517","EC_0184.jpg"
"6957",8.793650794,2.9846,"P0517","EC_0193.png"
"6958",6.031746032,3.8313,"P0517","EC_0083.jpg"
"6959",4.063492063,4.2349,"P0517","EC_0013.jpg"
"6960",8.904761905,2.7892,"P0517","EC_0088.jpg"
"6961",8.984126984,2.683,"P0517","EC_0012.jpg"
"6962",5.111111111,2.7753,"P0517","EC_0170.jpg"
"6963",7.031746032,2.9745,"P0517","EC_0116.jpg"
"6964",4.888888889,2.8414,"P0517","EC_0150.jpg"
"6965",4.984126984,2.6553,"P0517","EC_0010.jpg"
"6966",5,4.1366,"P0517","EC_0204.jpg"
"6967",5.047619048,4.2572,"P0517","EC_0024.jpg"
"6968",4.936507937,3.1273,"P0517","EC_0124.jpeg"
"6969",7.936507937,2.8578,"P0517","EC_0128.jpeg"
"6970",4.825396825,2.4231,"P0517","EC_0022.jpg"
"6971",5.095238095,2.3409,"P0517","EC_0029.jpg"
"6972",6.936507937,3.2547,"P0517","EC_0073.jpg"
"6973",5,2.2868,"P0517","EC_0092.jpg"
"6974",5,2.9725,"P0517","EC_0140.jpg"
"6975",6.015873016,3.365,"P0517","EC_0239.jpg"
"6976",5.095238095,2.7584,"P0517","EC_0228.jpg"
"6977",9.555555556,3.2469,"P0517","EC_0044.jpg"
"6978",6.396825397,3.4387,"P0517","EC_0233.jpg"
"6979",5.349206349,2.8043,"P0517","EC_0158.jpg"
"6980",6.936507937,2.9561,"P0517","EC_0135.jpg"
"6981",6.492063492,3.9913,"P0517","EC_0196.jpg"
"6982",6.396825397,2.956,"P0517","EC_0063.jpg"
"6983",7.984126984,2.6179,"P0517","EC_0133.jpg"
"6984",5.095238095,2.3055,"P0517","EC_0154.jpg"
"6985",5.984126984,3.1221,"P0517","EC_0046.jpg"
"6986",4.920634921,2.6741,"P0517","EC_0166.jpg"
"6987",7.793650794,3.5725,"P0517","EC_0104.jpg"
"6988",3.873015873,3.2173,"P0517","EC_0232.jpg"
"6989",5.015873016,3.3078,"P0517","EC_0138.png"
"6990",7.19047619,3.0057,"P0517","EC_0195.jpg"
"6991",4.936507937,2.8519,"P0517","EC_0161.jpg"
"6992",4.714285714,2.5219,"P0517","EC_0240.jpg"
"6993",4.968253968,2.3003,"P0517","EC_0153.jpg"
"6994",5.015873016,2.4389,"P0517","EC_0011.jpg"
"6995",7.746031746,2.6843,"P0517","EC_0246.jpg"
"6996",5.142857143,2.1593,"P0517","EC_0082.jpg"
"6997",6.80952381,2.4213,"P0517","EC_0230.jpg"
"6998",5.984126984,2.5994,"P0517","EC_0139.png"
"6999",4.936507937,2.3003,"P0517","EC_0221.jpg"
"7000",5.634920635,2.4918,"P0517","EC_0244.jpg"
"7001",1.380952381,2.9239,"P0517","EC_0194.jpg"
"7002",9.253968254,3.5178,"P0517","EC_0167.jpg"
"7003",4.777777778,2.5316,"P0517","EC_0119.jpg"
"7004",2.968253968,2.8701,"P0517","EC_0180.jpg"
"7005",6.079365079,3.4953,"P0517","EC_0056.jpg"
"7006",6,2.1563,"P0517","EC_0070.jpg"
"7007",6.634920635,2.8671,"P0517","EC_0207.jpg"
"7008",5.079365079,2.2751,"P0517","EC_0222.jpg"
"7009",5,2.3882,"P0517","EC_0089.jpg"
"7010",1.793650794,2.6682,"P0517","EC_0248.jpg"
"7011",8.253968254,4.1069,"P0517","EC_0077.jpg"
"7012",4.793650794,3.6108,"P0517","EC_0206.png"
"7013",5.492063492,2.5843,"P0517","EC_0141.jpg"
"7014",7.476190476,2.41,"P0517","EC_0096.jpg"
"7015",4.476190476,2.2558,"P0517","EC_0047.jpg"
"7016",7.968253968,3.652,"P0517","EC_0136.jpg"
"7017",5.936507937,2.5554,"P0517","EC_0237.jpg"
"7018",4.396825397,3.0848,"P0517","EC_0241.jpg"
"7019",8.047619048,2.6886,"P0517","EC_0242.jpg"
"7020",6.365079365,2.4024,"P0517","EC_0071.jpg"
"7021",7.317460317,2.6073,"P0517","EC_0198.jpg"
"7022",3.015873016,2.8921,"P0517","EC_0038.jpg"
"7023",6.031746032,3.4946,"P0517","EC_0034.jpg"
"7024",6,2.5876,"P0517","EC_0007.jpg"
"7025",7.301587302,3.6827,"P0517","EC_0030.jpg"
"7026",4.841269841,3.5865,"P0517","EC_0185.jpg"
"7027",5.476190476,2.9677,"P0517","EC_0102.jpg"
"7028",5.222222222,2.7387,"P0517","EC_0002.jpg"
"7029",2,3.2166,"P0517","EC_0249.jpg"
"7030",5.142857143,2.4871,"P0517","EC_0032.jpg"
"7031",5.984126984,117.1507,"P0517","EC_0069.jpg"
"7032",4.904761905,3.4323,"P0517","EC_0028.jpg"
"7033",8.968253968,2.5004,"P0517","EC_0016.jpg"
"7034",6.079365079,2.583,"P0517","EC_0093.jpg"
"7035",4.73015873,2.1817,"P0517","EC_0081.jpg"
"7036",5.920634921,2.4229,"P0517","EC_0094.jpg"
"7037",6,3.0885,"P0517","EC_0090.jpg"
"7038",8.80952381,3.6985,"P0517","EC_0058.jpg"
"7039",6.920634921,3.8173,"P0517","EC_0018.jpg"
"7040",5.031746032,2.6231,"P0517","EC_0137.jpg"
"7041",5.031746032,2.416,"P0517","EC_0203.jpg"
"7042",6.095238095,2.573,"P0517","EC_0108.jpg"
"7043",4.968253968,2.3386,"P0517","EC_0235.jpg"
"7044",4.936507937,2.3522,"P0517","EC_0115.jpg"
"7045",6.888888889,3.5952,"P0517","EC_0055.jpg"
"7046",4.507936508,2.8979,"P0517","EC_0197.jpg"
"7047",4.968253968,4.6085,"P0517","EC_0111.jpg"
"7048",6.126984127,2.8229,"P0517","EC_0085.jpg"
"7049",7.952380952,2.666,"P0517","EC_0103.jpg"
"7050",4.825396825,2.3184,"P0517","EC_0095.jpg"
"7051",2.666666667,5.1974,"P0517","EC_0121.jpg"
"7052",6.53968254,3.0229,"P0517","EC_0042.jpg"
"7053",5.666666667,2.3882,"P0517","EC_0037.jpg"
"7054",5,2.2976,"P0517","EC_0160.jpg"
"7055",7.952380952,2.4654,"P0517","EC_0117.jpg"
"7056",5.015873016,2.5241,"P0517","EC_0231.jpg"
"7057",5.80952381,2.5232,"P0517","EC_0014.jpg"
"7058",6.873015873,2.3841,"P0517","EC_0157.jpg"
"7059",4.444444444,2.461,"P0517","EC_0174.jpg"
"7060",5.142857143,2.4558,"P0517","EC_0181.jpg"
"7061",0.349206349,2.7135,"P0517","EC_0105.jpg"
"7062",4.365079365,2.4328,"P0517","EC_0027.jpg"
"7063",4.031746032,2.3503,"P0517","EC_0019.jpg"
"7064",5.952380952,2.193,"P0517","EC_0054.jpg"
"7065",5.047619048,2.2046,"P0517","EC_0142.jpg"
"7066",5.285714286,2.5505,"P0517","EC_0001.jpg"
"7067",5.873015873,2.4417,"P0517","EC_0223.jpg"
"7068",7.174603175,2.1889,"P0517","EC_0134.jpg"
"7069",4.428571429,2.1721,"P0517","EC_0147.png"
"7070",5.063492063,2.7679,"P0517","EC_0076.jpg"
"7071",5.904761905,3.4898,"P0517","EC_0020.jpg"
"7072",4.301587302,2.5378,"P0517","EC_0118.jpg"
"7073",1.952380952,2.5912,"P0517","EC_0226.jpg"
"7074",4.952380952,2.0564,"P0517","EC_0062.jpg"
"7075",5.380952381,2.2559,"P0517","EC_0173.jpg"
"7076",8.015873016,3.9648,"P0517","EC_0229.jpg"
"7077",5.111111111,2.7825,"P0517","EC_0109.jpg"
"7078",2.206349206,3.2596,"P0517","EC_0064.jpg"
"7079",3.301587302,3.4883,"P0517","EC_0131.jpg"
"7080",4.920634921,2.5845,"P0517","EC_0201.jpg"
"7081",8.111111111,2.9011,"P0517","EC_0149.jpg"
"7082",2.19047619,3.156,"P0517","EC_0213.jpg"
"7083",4.857142857,2.6737,"P0517","EC_0132.jpg"
"7084",5,3.8829,"P0517","EC_0036.jpeg"
"7085",4.888888889,3.9531,"P0517","EC_0202.jpg"
"7086",6.920634921,2.606,"P0517","EC_0075.jpg"
"7087",5.888888889,2.2259,"P0517","EC_0224.jpg"
"7088",5.079365079,3.6384,"P0517","EC_0003.jpg"
"7089",3.936507937,3.2245,"P0517","EC_0017.jpg"
"7090",5.444444444,2.3258,"P0517","EC_0106.jpg"
"7091",5.428571429,2.823,"P0517","EC_0245.jpg"
"7092",7.920634921,3.0996,"P0517","EC_0199.jpg"
"7093",8.380952381,2.7324,"P0517","EC_0247.jpg"
"7094",5.571428571,3.4845,"P0517","EC_0159.jpg"
"7095",4.746031746,2.6225,"P0517","EC_0066.jpg"
"7096",8.158730159,2.9819,"P0517","EC_0072.jpg"
"7097",6.238095238,2.5171,"P0517","EC_0059.jpg"
"7098",5.063492063,3.0577,"P0517","EC_0080.jpg"
"7099",7.079365079,3.5715,"P0517","EC_0051.jpg"
"7100",6.46031746,2.3511,"P0517","EC_0061.jpg"
"7101",6.53968254,2.5064,"P0517","EC_0177.jpg"
"7102",5.746031746,2.4915,"P0517","EC_0250.jpg"
"7103",7.793650794,3.9062,"P0517","EC_0123.jpeg"
"7104",0.142857143,2.4986,"P0517","EC_0162.jpg"
"7105",5.079365079,2.2805,"P0517","EC_0169.png"
"7106",5.063492063,2.1809,"P0517","EC_0048.jpg"
"7107",5.095238095,2.1851,"P0517","EC_0053.jpg"
"7108",4.761904762,1.9881,"P0517","EC_0171.jpg"
"7109",4,4.7555,"P0517","EC_0033.jpeg"
"7110",6.714285714,2.941,"P0517","EC_0183.jpg"
"7111",3.317460317,3.5269,"P0517","EC_0209.jpg"
"7112",5.047619048,3.1752,"P0517","EC_0098.jpg"
"7113",7.555555556,2.3742,"P0517","EC_0211.jpg"
"7114",5.015873016,2.5102,"P0517","EC_0219.jpg"
"7115",2.73015873,2.8652,"P0517","EC_0097.jpg"
"7116",4.476190476,2.4354,"P0517","EC_0168.jpeg"
"7117",5.047619048,2.0871,"P0517","EC_0041.jpg"
"7118",4.984126984,2.1566,"P0517","EC_0113.jpg"
"7119",4.888888889,2.3242,"P0517","EC_0165.jpg"
"7120",4.888888889,2.3552,"P0517","EC_0039.jpg"
"7121",2.174603175,3.0504,"P0517","EC_0148.jpg"
"7122",3.46031746,2.4351,"P0517","EC_0100.jpg"
"7123",1.619047619,2.8496,"P0517","EC_0065.jpg"
"7124",5.619047619,2.6531,"P0517","EC_0200.png"
"7125",7.507936508,4.0615,"P0517","EC_0057.jpeg"
"7126",7.412698413,2.5892,"P0517","EC_0084.jpg"
"7127",1.920634921,2.7077,"P0517","EC_0214.jpg"
"7128",5.746031746,2.5578,"P0517","EC_0086.jpg"
"7129",5.206349206,2.3883,"P0517","EC_0156.jpg"
"7130",4.761904762,2.4181,"P0517","EC_0015.jpg"
"7131",5.365079365,2.1235,"P0517","EC_0101.jpg"
"7132",5.650793651,3.8921,"P0517","EC_0008.jpg"
"7133",5.873015873,2.2458,"P0517","EC_0079.jpg"
"7134",5.523809524,2.8401,"P0517","EC_0163.jpg"
"7135",7.444444444,2.7725,"P0517","EC_0120.jpg"
"7136",4.968253968,3.4834,"P0517","EC_0129.jpeg"
"7137",5.888888889,2.679,"P0517","EC_0164.jpg"
"7138",6.666666667,2.4742,"P0517","EC_0243.jpg"
"7139",7.936507937,3.0067,"P0517","EC_0074.jpg"
"7140",7.444444444,2.2822,"P0517","EC_0068.jpg"
"7141",6.997354497,5.5042,"P0518","EC_0081.jpg"
"7142",8.955026455,3.3465,"P0518","EC_0229.jpg"
"7143",9.947089947,4.4564,"P0518","EC_0167.jpg"
"7144",2.962962963,3.2532,"P0518","EC_0041.jpg"
"7145",6.825396825,2.7061,"P0518","EC_0031.jpg"
"7146",9.933862434,2.6408,"P0518","EC_0198.jpg"
"7147",5.595238095,3.0365,"P0518","EC_0119.jpg"
"7148",6.732804233,2.839,"P0518","EC_0209.jpg"
"7149",8.902116402,2.6799,"P0518","EC_0077.jpg"
"7150",3.346560847,3.5049,"P0518","EC_0024.jpg"
"7151",5.264550265,3.329,"P0518","EC_0154.jpg"
"7152",4.153439153,3.793,"P0518","EC_0019.jpg"
"7153",6.560846561,5.0727,"P0518","EC_0194.jpg"
"7154",5.82010582,3.7642,"P0518","EC_0016.jpg"
"7155",2.261904762,2.7393,"P0518","EC_0174.jpg"
"7156",7.94973545,3.5181,"P0518","EC_0013.jpg"
"7157",3.095238095,4.2266,"P0518","EC_0048.jpg"
"7158",2.063492063,3.9878,"P0518","EC_0205.jpg"
"7159",4.933862434,3.9573,"P0518","EC_0187.jpeg"
"7160",7.08994709,2.8896,"P0518","EC_0156.jpg"
"7161",7.579365079,3.1923,"P0518","EC_0010.jpg"
"7162",8.531746032,3.4732,"P0518","EC_0177.jpg"
"7163",9.669312169,3.0107,"P0518","EC_0169.png"
"7164",2.619047619,3.7289,"P0518","EC_0069.jpg"
"7165",5.793650794,4.4058,"P0518","EC_0082.jpg"
"7166",6.851851852,4.9712,"P0518","EC_0038.jpg"
"7167",9.973544974,5.2997,"P0518","EC_0199.jpg"
"7168",5.701058201,2.6702,"P0518","EC_0213.jpg"
"7169",3.082010582,2.7166,"P0518","EC_0001.jpg"
"7170",6.150793651,3.0328,"P0518","EC_0240.jpg"
"7171",6.706349206,3.3167,"P0518","EC_0003.jpg"
"7172",10,5.9658,"P0518","EC_0042.jpg"
"7173",6.097883598,3.4912,"P0518","EC_0097.jpg"
"7174",6.600529101,2.4095,"P0518","EC_0203.jpg"
"7175",1.64021164,3.579,"P0518","EC_0184.jpg"
"7176",3.611111111,2.3986,"P0518","EC_0183.jpg"
"7177",7.605820106,2.7414,"P0518","EC_0138.png"
"7178",6.137566138,2.9556,"P0518","EC_0195.jpg"
"7179",6.666666667,3.9631,"P0518","EC_0066.jpg"
"7180",6.507936508,2.4267,"P0518","EC_0105.jpg"
"7181",6.878306878,2.2566,"P0518","EC_0111.jpg"
"7182",8.201058201,2.3553,"P0518","EC_0142.jpg"
"7183",5.436507937,3.1974,"P0518","EC_0211.jpg"
"7184",6.26984127,1.9965,"P0518","EC_0250.jpg"
"7185",8.465608466,2.1659,"P0518","EC_0137.jpg"
"7186",8.267195767,2.2972,"P0518","EC_0238.jpg"
"7187",4.735449735,3.6566,"P0518","EC_0171.jpg"
"7188",1.626984127,3.1588,"P0518","EC_0185.jpg"
"7189",6.970899471,2.3423,"P0518","EC_0168.jpeg"
"7190",7.103174603,2.2138,"P0518","EC_0221.jpg"
"7191",6.402116402,2.3339,"P0518","EC_0095.jpg"
"7192",5.238095238,2.6618,"P0518","EC_0029.jpg"
"7193",7.87037037,2.7602,"P0518","EC_0065.jpg"
"7194",3.743386243,3.2394,"P0518","EC_0133.jpg"
"7195",8.941798942,2.1565,"P0518","EC_0057.jpeg"
"7196",4.880952381,3.6892,"P0518","EC_0139.png"
"7197",9.947089947,4.7058,"P0518","EC_0056.jpg"
"7198",4.775132275,2.7646,"P0518","EC_0060.jpg"
"7199",6.600529101,2.6899,"P0518","EC_0036.jpeg"
"7200",6.785714286,3.9268,"P0518","EC_0062.jpg"
"7201",5.793650794,2.4615,"P0518","EC_0108.jpg"
"7202",3.743386243,2.8365,"P0518","EC_0064.jpg"
"7203",8.888888889,2.6914,"P0518","EC_0149.jpg"
"7204",1.097883598,2.3462,"P0518","EC_0113.jpg"
"7205",5.476190476,2.69,"P0518","EC_0147.png"
"7206",7.169312169,2.3294,"P0518","EC_0237.jpg"
"7207",8.80952381,2.3759,"P0518","EC_0157.jpg"
"7208",4.894179894,2.4891,"P0518","EC_0079.jpg"
"7209",2.87037037,2.7421,"P0518","EC_0128.jpeg"
"7210",7.857142857,2.5813,"P0518","EC_0022.jpg"
"7211",6.084656085,2.2559,"P0518","EC_0102.jpg"
"7212",8.716931217,1.9652,"P0518","EC_0245.jpg"
"7213",6.931216931,2.233,"P0518","EC_0247.jpg"
"7214",6.283068783,2.0566,"P0518","EC_0129.jpeg"
"7215",8.253968254,2.0438,"P0518","EC_0163.jpg"
"7216",6.547619048,2.9936,"P0518","EC_0201.jpg"
"7217",8.544973545,2.0233,"P0518","EC_0067.jpg"
"7218",8.703703704,2.1725,"P0518","EC_0044.jpg"
"7219",9.973544974,3.226,"P0518","EC_0232.jpg"
"7220",6.587301587,2.3397,"P0518","EC_0233.jpg"
"7221",7.235449735,2.7535,"P0518","EC_0181.jpg"
"7222",6.468253968,2.6728,"P0518","EC_0173.jpg"
"7223",6.600529101,2.0263,"P0518","EC_0148.jpg"
"7224",7.407407407,2.1218,"P0518","EC_0071.jpg"
"7225",6.534391534,1.7552,"P0518","EC_0017.jpg"
"7226",7.182539683,1.7954,"P0518","EC_0200.png"
"7227",6.507936508,1.7063,"P0518","EC_0109.jpg"
"7228",8.571428571,2.6393,"P0518","EC_0159.jpg"
"7229",6.732804233,1.732,"P0518","EC_0132.jpg"
"7230",9.880952381,3.4397,"P0518","EC_0040.jpg"
"7231",7.08994709,2.766,"P0518","EC_0227.jpg"
"7232",6.64021164,2.1324,"P0518","EC_0222.jpg"
"7233",8.28042328,2.2161,"P0518","EC_0223.jpg"
"7234",10,3.2452,"P0518","EC_0230.jpg"
"7235",5.793650794,3.5067,"P0518","EC_0018.jpg"
"7236",7.275132275,2.3892,"P0518","EC_0106.jpg"
"7237",7.711640212,2.5992,"P0518","EC_0092.jpg"
"7238",5.714285714,2.2994,"P0518","EC_0100.jpg"
"7239",6.415343915,2.4162,"P0518","EC_0002.jpg"
"7240",5.317460317,2.801,"P0518","EC_0235.jpg"
"7241",5.052910053,2.4994,"P0518","EC_0172.jpg"
"7242",3.941798942,3.181,"P0518","EC_0090.jpg"
"7243",5.965608466,3.4213,"P0518","EC_0239.jpg"
"7244",6.666666667,2.505,"P0518","EC_0123.jpeg"
"7245",8.333333333,2.2325,"P0518","EC_0118.jpg"
"7246",5.092592593,2.3553,"P0518","EC_0115.jpg"
"7247",6.521164021,2.1551,"P0518","EC_0086.jpg"
"7248",2.619047619,2.3052,"P0518","EC_0058.jpg"
"7249",3.478835979,2.2654,"P0518","EC_0226.jpg"
"7250",4.246031746,2.6955,"P0518","EC_0028.jpg"
"7251",5.767195767,2.2925,"P0518","EC_0020.jpg"
"7252",5.78042328,3.043,"P0518","EC_0014.jpg"
"7253",6.904761905,3.1658,"P0518","EC_0087.jpg"
"7254",8.055555556,3.024,"P0518","EC_0210.jpg"
"7255",3.055555556,3.0382,"P0518","EC_0249.jpg"
"7256",6.494708995,2.5397,"P0518","EC_0103.jpg"
"7257",7.804232804,2.7051,"P0518","EC_0165.jpg"
"7258",9.907407407,3.3549,"P0518","EC_0207.jpg"
"7259",2.751322751,2.8984,"P0518","EC_0121.jpg"
"7260",6.481481481,2.9883,"P0518","EC_0197.jpg"
"7261",7.394179894,2.8883,"P0518","EC_0234.jpg"
"7262",6.296296296,2.455,"P0518","EC_0180.jpg"
"7263",4.880952381,2.3718,"P0518","EC_0096.jpg"
"7264",6.177248677,2.2927,"P0518","EC_0059.jpg"
"7265",5.529100529,3.8549,"P0518","EC_0053.jpg"
"7266",6.005291005,2.4047,"P0518","EC_0204.jpg"
"7267",3.822751323,2.5068,"P0518","EC_0094.jpg"
"7268",6.415343915,2.7951,"P0518","EC_0030.jpg"
"7269",8.650793651,5.0366,"P0518","EC_0098.jpg"
"7270",2.632275132,2.2453,"P0518","EC_0084.jpg"
"7271",7.513227513,2.855,"P0518","EC_0050.jpg"
"7272",7.513227513,2.412,"P0518","EC_0151.jpg"
"7273",3.664021164,3.3215,"P0518","EC_0242.jpg"
"7274",2.566137566,3.422,"P0518","EC_0009.jpg"
"7275",5.582010582,2.9718,"P0518","EC_0182.jpg"
"7276",7.552910053,2.3049,"P0518","EC_0072.jpg"
"7277",7.883597884,3.3889,"P0518","EC_0032.jpg"
"7278",6.798941799,2.1557,"P0518","EC_0196.jpg"
"7279",6.164021164,2.1054,"P0518","EC_0034.jpg"
"7280",5.925925926,2.1214,"P0518","EC_0153.jpg"
"7281",7.301587302,2.96,"P0518","EC_0135.jpg"
"7282",10,2.9294,"P0518","EC_0073.jpg"
"7283",2.923280423,3.4443,"P0518","EC_0074.jpg"
"7284",6.071428571,2.6128,"P0518","EC_0085.jpg"
"7285",3.677248677,2.5548,"P0518","EC_0214.jpg"
"7286",7.248677249,2.1551,"P0518","EC_0176.jpg"
"7287",6.547619048,1.9216,"P0518","EC_0007.jpg"
"7288",7.341269841,2.9723,"P0518","EC_0055.jpg"
"7289",5.925925926,2.3814,"P0518","EC_0101.jpg"
"7290",7.288359788,2.3818,"P0518","EC_0224.jpg"
"7291",7.857142857,2.5325,"P0518","EC_0136.jpg"
"7292",8.373015873,2.3653,"P0518","EC_0188.jpg"
"7293",2.447089947,2.4631,"P0518","EC_0246.jpg"
"7294",4.484126984,2.3431,"P0518","EC_0231.jpg"
"7295",7.169312169,2.1717,"P0518","EC_0236.jpg"
"7296",3.373015873,2.2987,"P0518","EC_0228.jpg"
"7297",6.917989418,2.4062,"P0518","EC_0046.jpg"
"7298",5.013227513,3.3281,"P0518","EC_0241.jpg"
"7299",2.91005291,3.7814,"P0518","EC_0162.jpg"
"7300",6.468253968,2.5406,"P0518","EC_0120.jpg"
"7301",3.439153439,3.0435,"P0518","EC_0061.jpg"
"7302",6.335978836,2.3548,"P0518","EC_0047.jpg"
"7303",7.195767196,2.1318,"P0518","EC_0005.jpg"
"7304",8.412698413,2.6089,"P0518","EC_0166.jpg"
"7305",6.693121693,2.0215,"P0518","EC_0116.jpg"
"7306",2.777777778,2.8731,"P0518","EC_0051.jpg"
"7307",3.716931217,2.7215,"P0518","EC_0076.jpg"
"7308",6.534391534,2.4399,"P0518","EC_0160.jpg"
"7309",7.023809524,2.0959,"P0518","EC_0099.jpg"
"7310",4.880952381,4.4716,"P0518","EC_0037.jpg"
"7311",5.066137566,4.5719,"P0518","EC_0063.jpg"
"7312",5.489417989,4.1109,"P0518","EC_0080.jpg"
"7313",6.798941799,2.5117,"P0518","EC_0158.jpg"
"7314",7.447089947,3.2409,"P0518","EC_0070.jpg"
"7315",4.365079365,3.2882,"P0518","EC_0083.jpg"
"7316",6.904761905,3.1261,"P0518","EC_0140.jpg"
"7317",5.158730159,3.3719,"P0518","EC_0150.jpg"
"7318",7.552910053,4.1477,"P0518","EC_0125.jpeg"
"7319",3.994708995,3.498,"P0518","EC_0219.jpg"
"7320",6.984126984,2.405,"P0518","EC_0243.jpg"
"7321",6.441798942,2.6949,"P0518","EC_0012.jpg"
"7322",10,2.6639,"P0518","EC_0117.jpg"
"7323",6.997354497,2.288,"P0518","EC_0093.jpg"
"7324",6.23015873,2.1763,"P0518","EC_0006.jpg"
"7325",3.478835979,2.3731,"P0518","EC_0124.jpeg"
"7326",3.531746032,3.9398,"P0518","EC_0206.png"
"7327",3.955026455,2.7759,"P0518","EC_0161.jpg"
"7328",5.489417989,2.3565,"P0518","EC_0131.jpg"
"7329",7.53968254,2.0557,"P0518","EC_0089.jpg"
"7330",6.216931217,1.9224,"P0518","EC_0164.jpg"
"7331",8.015873016,1.8061,"P0518","EC_0104.jpg"
"7332",9.907407407,2.7486,"P0518","EC_0134.jpg"
"7333",6.825396825,2.6273,"P0518","EC_0011.jpg"
"7334",7.843915344,2.0137,"P0518","EC_0054.jpg"
"7335",3.439153439,1.9999,"P0518","EC_0027.jpg"
"7336",6.997354497,1.716,"P0518","EC_0244.jpg"
"7337",6.243386243,1.9215,"P0518","EC_0049.jpg"
"7338",7.87037037,1.9895,"P0518","EC_0170.jpg"
"7339",7.526455026,3.4528,"P0518","EC_0075.jpg"
"7340",5.978835979,2.6156,"P0518","EC_0141.jpg"
"7341",9.96031746,3.4024,"P0518","EC_0008.jpg"
"7342",5.806878307,2.1756,"P0518","EC_0193.png"
"7343",6.534391534,1.8813,"P0518","EC_0152.jpg"
"7344",7.473544974,2.406,"P0518","EC_0088.jpg"
"7345",6.851851852,2.9391,"P0518","EC_0015.jpg"
"7346",7.208994709,2.0499,"P0518","EC_0202.jpg"
"7347",5.687830688,2.0993,"P0518","EC_0248.jpg"
"7348",7.063492063,2.326,"P0518","EC_0068.jpg"
"7349",4.920634921,2.2396,"P0518","EC_0033.jpeg"
"7350",6.785714286,1.8328,"P0518","EC_0039.jpg"
"7351",8.835978836,3.7275,"P0519","EC_0197.jpg"
"7352",6.23015873,2.6332,"P0519","EC_0055.jpg"
"7353",7.116402116,3.3635,"P0519","EC_0102.jpg"
"7354",1.838624339,3.4474,"P0519","EC_0211.jpg"
"7355",5,2.7491,"P0519","EC_0176.jpg"
"7356",1.044973545,3.5488,"P0519","EC_0059.jpg"
"7357",4.034391534,2.9692,"P0519","EC_0048.jpg"
"7358",4.087301587,4.4667,"P0519","EC_0239.jpg"
"7359",0.066137566,3.4826,"P0519","EC_0066.jpg"
"7360",0.026455026,5.3814,"P0519","EC_0020.jpg"
"7361",4.126984127,3.5223,"P0519","EC_0010.jpg"
"7362",1.944444444,2.7587,"P0519","EC_0089.jpg"
"7363",0.85978836,4.1357,"P0519","EC_0241.jpg"
"7364",5.992063492,2.81,"P0519","EC_0171.jpg"
"7365",0.158730159,5.2997,"P0519","EC_0195.jpg"
"7366",7.896825397,6.2538,"P0519","EC_0087.jpg"
"7367",3.902116402,3.4317,"P0519","EC_0228.jpg"
"7368",6.944444444,2.9893,"P0519","EC_0077.jpg"
"7369",6.64021164,12.8664,"P0519","EC_0024.jpg"
"7370",6.944444444,2.9001,"P0519","EC_0119.jpg"
"7371",2.169312169,7.1788,"P0519","EC_0069.jpg"
"7372",9.907407407,7.7052,"P0519","EC_0174.jpg"
"7373",8.915343915,3.1047,"P0519","EC_0063.jpg"
"7374",5,2.8803,"P0519","EC_0073.jpg"
"7375",0.978835979,2.9316,"P0519","EC_0169.png"
"7376",0.026455026,2.5981,"P0519","EC_0161.jpg"
"7377",7.91005291,3.2798,"P0519","EC_0071.jpg"
"7378",7.037037037,2.8963,"P0519","EC_0184.jpg"
"7379",7.804232804,2.4714,"P0519","EC_0076.jpg"
"7380",5.026455026,2.7044,"P0519","EC_0124.jpeg"
"7381",6.970899471,2.6723,"P0519","EC_0038.jpg"
"7382",1.865079365,2.6549,"P0519","EC_0085.jpg"
"7383",6.944444444,2.2515,"P0519","EC_0248.jpg"
"7384",4.907407407,2.2152,"P0519","EC_0167.jpg"
"7385",9.272486772,2.1057,"P0519","EC_0133.jpg"
"7386",2.857142857,2.9213,"P0519","EC_0183.jpg"
"7387",9.484126984,2.0827,"P0519","EC_0083.jpg"
"7388",3.253968254,2.6848,"P0519","EC_0214.jpg"
"7389",3.835978836,2.631,"P0519","EC_0101.jpg"
"7390",7.063492063,2.338,"P0519","EC_0034.jpg"
"7391",0.092592593,2.4829,"P0519","EC_0105.jpg"
"7392",7.936507937,3.3545,"P0519","EC_0135.jpg"
"7393",0.277777778,2.9322,"P0519","EC_0159.jpg"
"7394",0.634920635,3.0165,"P0519","EC_0095.jpg"
"7395",4.021164021,3.0658,"P0519","EC_0008.jpg"
"7396",7.843915344,2.8664,"P0519","EC_0229.jpg"
"7397",1.67989418,2.3831,"P0519","EC_0057.jpeg"
"7398",8.108465608,2.6324,"P0519","EC_0001.jpg"
"7399",9.021164021,2.8757,"P0519","EC_0230.jpg"
"7400",4.788359788,2.2037,"P0519","EC_0235.jpg"
"7401",3.28042328,2.9852,"P0519","EC_0050.jpg"
"7402",6.19047619,2.8619,"P0519","EC_0005.jpg"
"7403",6.984126984,3.0333,"P0519","EC_0027.jpg"
"7404",7.883597884,2.3359,"P0519","EC_0231.jpg"
"7405",6.772486772,3.024,"P0519","EC_0173.jpg"
"7406",5.224867725,2.2582,"P0519","EC_0098.jpg"
"7407",0.132275132,3.0972,"P0519","EC_0194.jpg"
"7408",0.105820106,3.3906,"P0519","EC_0162.jpg"
"7409",0.44973545,2.7656,"P0519","EC_0233.jpg"
"7410",3.068783069,2.863,"P0519","EC_0168.jpeg"
"7411",1.891534392,3.4353,"P0519","EC_0219.jpg"
"7412",3.928571429,3.6292,"P0519","EC_0152.jpg"
"7413",2.976190476,3.9836,"P0519","EC_0075.jpg"
"7414",8.875661376,3.2994,"P0519","EC_0028.jpg"
"7415",5.899470899,2.7498,"P0519","EC_0147.png"
"7416",4.973544974,2.6297,"P0519","EC_0062.jpg"
"7417",2.142857143,2.4491,"P0519","EC_0007.jpg"
"7418",9.735449735,2.6839,"P0519","EC_0009.jpg"
"7419",0.198412698,4.1042,"P0519","EC_0209.jpg"
"7420",4.100529101,5.305,"P0519","EC_0172.jpg"
"7421",0.952380952,5.3041,"P0519","EC_0148.jpg"
"7422",4.973544974,7.3982,"P0519","EC_0058.jpg"
"7423",7.063492063,3.044,"P0519","EC_0243.jpg"
"7424",3.412698413,2.95,"P0519","EC_0011.jpg"
"7425",2.777777778,4.0331,"P0519","EC_0056.jpg"
"7426",0.965608466,9.9511,"P0519","EC_0108.jpg"
"7427",4.986772487,2.9867,"P0519","EC_0064.jpg"
"7428",6.838624339,2.154,"P0519","EC_0193.png"
"7429",4.153439153,2.4557,"P0519","EC_0016.jpg"
"7430",7.87037037,2.5952,"P0519","EC_0092.jpg"
"7431",5.026455026,2.3039,"P0519","EC_0137.jpg"
"7432",7.764550265,2.7296,"P0519","EC_0099.jpg"
"7433",5.952380952,2.833,"P0519","EC_0136.jpg"
"7434",2.08994709,12.7098,"P0519","EC_0012.jpg"
"7435",8.095238095,2.8876,"P0519","EC_0246.jpg"
"7436",0.066137566,2.545,"P0519","EC_0234.jpg"
"7437",0.224867725,2.419,"P0519","EC_0106.jpg"
"7438",5.873015873,2.7743,"P0519","EC_0188.jpg"
"7439",2.605820106,9.7776,"P0519","EC_0006.jpg"
"7440",8.796296296,2.5703,"P0519","EC_0084.jpg"
"7441",1.944444444,2.3391,"P0519","EC_0014.jpg"
"7442",3.425925926,2.672,"P0519","EC_0240.jpg"
"7443",0.171957672,5.6875,"P0519","EC_0238.jpg"
"7444",8.042328042,3.9497,"P0519","EC_0151.jpg"
"7445",8.148148148,2.7177,"P0519","EC_0104.jpg"
"7446",5.211640212,2.7135,"P0519","EC_0196.jpg"
"7447",7.261904762,2.3828,"P0519","EC_0096.jpg"
"7448",2.076719577,2.0657,"P0519","EC_0115.jpg"
"7449",2.989417989,2.6884,"P0519","EC_0116.jpg"
"7450",2.010582011,2.7081,"P0519","EC_0113.jpg"
"7451",8.981481481,2.7533,"P0519","EC_0081.jpg"
"7452",3.002645503,5.8168,"P0519","EC_0199.jpg"
"7453",4.801587302,7.148,"P0519","EC_0207.jpg"
"7454",4.047619048,2.5599,"P0519","EC_0032.jpg"
"7455",0.185185185,6.8993,"P0519","EC_0204.jpg"
"7456",3.108465608,2.7494,"P0519","EC_0042.jpg"
"7457",0.714285714,3.2092,"P0519","EC_0044.jpg"
"7458",4.801587302,6.8379,"P0519","EC_0131.jpg"
"7459",2.605820106,2.1902,"P0519","EC_0165.jpg"
"7460",5.899470899,2.541,"P0519","EC_0245.jpg"
"7461",1.997354497,2.1206,"P0519","EC_0118.jpg"
"7462",6.944444444,3.0743,"P0519","EC_0121.jpg"
"7463",1.931216931,8.0383,"P0519","EC_0140.jpg"
"7464",5.03968254,2.7585,"P0519","EC_0164.jpg"
"7465",2.777777778,2.813,"P0519","EC_0086.jpg"
"7466",4.378306878,2.4138,"P0519","EC_0094.jpg"
"7467",7.142857143,3.238,"P0519","EC_0074.jpg"
"7468",1.71957672,16.6217,"P0519","EC_0120.jpg"
"7469",5.952380952,2.487,"P0519","EC_0170.jpg"
"7470",8.187830688,2.5158,"P0519","EC_0203.jpg"
"7471",1.415343915,2.2665,"P0519","EC_0138.png"
"7472",5,2.1461,"P0519","EC_0141.jpg"
"7473",1.812169312,2.3202,"P0519","EC_0047.jpg"
"7474",5.82010582,17.7536,"P0519","EC_0139.png"
"7475",7.142857143,5.0747,"P0519","EC_0041.jpg"
"7476",5.965608466,2.262,"P0519","EC_0072.jpg"
"7477",8.253968254,2.7415,"P0519","EC_0015.jpg"
"7478",0.238095238,12.6386,"P0519","EC_0142.jpg"
"7479",0.105820106,2.6873,"P0519","EC_0226.jpg"
"7480",0.833333333,2.3669,"P0519","EC_0129.jpeg"
"7481",4.814814815,4.3984,"P0519","EC_0158.jpg"
"7482",9.100529101,14.6878,"P0519","EC_0181.jpg"
"7483",2.05026455,2.9359,"P0519","EC_0013.jpg"
"7484",7.724867725,2.9327,"P0519","EC_0093.jpg"
"7485",1.970899471,3.7698,"P0519","EC_0029.jpg"
"7486",2.394179894,2.6811,"P0519","EC_0065.jpg"
"7487",2.103174603,5.9418,"P0519","EC_0227.jpg"
"7488",4.761904762,2.6876,"P0519","EC_0002.jpg"
"7489",5.886243386,2.654,"P0519","EC_0154.jpg"
"7490",1.521164021,2.6657,"P0519","EC_0060.jpg"
"7491",6.997354497,7.1419,"P0519","EC_0200.png"
"7492",4.841269841,3.6543,"P0519","EC_0037.jpg"
"7493",7.830687831,4.7538,"P0519","EC_0132.jpg"
"7494",4.060846561,11.7679,"P0519","EC_0198.jpg"
"7495",7.87037037,7.9712,"P0519","EC_0061.jpg"
"7496",4.973544974,2.7859,"P0519","EC_0180.jpg"
"7497",3.955026455,14.4196,"P0519","EC_0017.jpg"
"7498",5.158730159,37.4755,"P0519","EC_0053.jpg"
"7499",6.931216931,2.6713,"P0519","EC_0213.jpg"
"7500",3.214285714,2.2407,"P0519","EC_0205.jpg"
"7501",7.883597884,2.2888,"P0519","EC_0079.jpg"
"7502",2.976190476,2.5372,"P0519","EC_0097.jpg"
"7503",6.137566138,2.1325,"P0519","EC_0117.jpg"
"7504",7.976190476,2.3015,"P0519","EC_0187.jpeg"
"7505",7.645502646,2.4878,"P0519","EC_0237.jpg"
"7506",2.116402116,2.4719,"P0519","EC_0182.jpg"
"7507",0,4.1206,"P0519","EC_0247.jpg"
"7508",4.920634921,2.2327,"P0519","EC_0103.jpg"
"7509",0.37037037,13.0741,"P0519","EC_0177.jpg"
"7510",3.346560847,3.8876,"P0519","EC_0082.jpg"
"7511",0.119047619,3.4498,"P0519","EC_0210.jpg"
"7512",6.825396825,2.6326,"P0519","EC_0153.jpg"
"7513",1.005291005,4.7742,"P0519","EC_0150.jpg"
"7514",7.314814815,2.5303,"P0519","EC_0156.jpg"
"7515",6.044973545,2.4556,"P0519","EC_0088.jpg"
"7516",7.685185185,2.6884,"P0519","EC_0244.jpg"
"7517",0.198412698,3.1871,"P0519","EC_0033.jpeg"
"7518",0.515873016,4.8488,"P0519","EC_0019.jpg"
"7519",0.251322751,2.8709,"P0519","EC_0049.jpg"
"7520",0.03968254,10.7922,"P0519","EC_0090.jpg"
"7521",1.507936508,4.4551,"P0519","EC_0030.jpg"
"7522",6.111111111,17.4232,"P0519","EC_0128.jpeg"
"7523",8.042328042,2.222,"P0519","EC_0160.jpg"
"7524",3.902116402,3.6661,"P0519","EC_0242.jpg"
"7525",6.891534392,3.8648,"P0519","EC_0223.jpg"
"7526",2.764550265,4.0049,"P0519","EC_0018.jpg"
"7527",4.894179894,3.8393,"P0519","EC_0250.jpg"
"7528",6.984126984,3.84,"P0519","EC_0031.jpg"
"7529",2.579365079,3.0217,"P0519","EC_0185.jpg"
"7530",7.764550265,2.2447,"P0519","EC_0036.jpeg"
"7531",8.161375661,2.7198,"P0519","EC_0149.jpg"
"7532",4.894179894,3.1436,"P0519","EC_0040.jpg"
"7533",2.896825397,2.7576,"P0519","EC_0202.jpg"
"7534",6.322751323,4.9117,"P0519","EC_0221.jpg"
"7535",2.857142857,3.6482,"P0519","EC_0166.jpg"
"7536",5.119047619,3.1421,"P0519","EC_0003.jpg"
"7537",5.105820106,9.2748,"P0519","EC_0134.jpg"
"7538",1.164021164,2.6209,"P0519","EC_0157.jpg"
"7539",5.502645503,2.9383,"P0519","EC_0039.jpg"
"7540",0.978835979,2.448,"P0519","EC_0236.jpg"
"7541",5.529100529,2.8664,"P0519","EC_0022.jpg"
"7542",2.658730159,3.7717,"P0519","EC_0100.jpg"
"7543",6.203703704,2.6261,"P0519","EC_0163.jpg"
"7544",5.013227513,2.774,"P0519","EC_0125.jpeg"
"7545",2.94973545,2.4369,"P0519","EC_0232.jpg"
"7546",7.698412698,2.2996,"P0519","EC_0070.jpg"
"7547",7.142857143,2.8831,"P0519","EC_0201.jpg"
"7548",10,7.0503,"P0519","EC_0051.jpg"
"7549",8.068783069,3.4284,"P0519","EC_0111.jpg"
"7550",1.203703704,2.5207,"P0519","EC_0067.jpg"
"7551",1.855066014,137.4967,"P0519","EC_0046.jpg"
"7552",6.498294022,5.5582,"P0519","EC_0054.jpg"
"7553",5.445037828,2.5291,"P0519","EC_0249.jpg"
"7554",1.202343866,3.4378,"P0519","EC_0109.jpg"
"7555",5.014834594,2.5233,"P0519","EC_0222.jpg"
"7556",7.053571429,12.7097,"P0519","EC_0224.jpg"
"7557",6.205357143,3.1608,"P0519","EC_0068.jpg"
"7558",6.979166667,3.0202,"P0519","EC_0123.jpeg"
"7559",3.988095238,2.4875,"P0519","EC_0080.jpg"
"7560",5.9375,2.4373,"P0519","EC_0206.png"
"7561",8.002646108,3.161,"P0520","EC_0201.jpg"
"7562",9.126984732,3.26,"P0520","EC_0096.jpg"
"7563",9.867725271,2.909,"P0520","EC_0167.jpg"
"7564",4.087301385,3.174,"P0520","EC_0151.jpg"
"7565",4.933862434,3.534,"P0520","EC_0065.jpg"
"7566",2.222222222,3.722,"P0520","EC_0049.jpg"
"7567",8.029100731,4.524,"P0520","EC_0197.jpg"
"7568",6.031746435,4.621,"P0520","EC_0206.png"
"7569",3.015873016,3.097,"P0520","EC_0018.jpg"
"7570",4.682539481,7.612,"P0520","EC_0228.jpg"
"7571",2.52645543,3.781,"P0520","EC_0139.png"
"7572",8.452380751,2.81,"P0520","EC_0099.jpg"
"7573",8.677249081,3.262,"P0520","EC_0205.jpg"
"7574",9.96031746,3.724,"P0520","EC_0063.jpg"
"7575",9.814816026,2.68,"P0520","EC_0029.jpg"
"7576",3.082010582,3.408,"P0520","EC_0185.jpg"
"7577",7.023809927,2.675,"P0520","EC_0240.jpg"
"7578",6.957672361,2.689,"P0520","EC_0089.jpg"
"7579",7.420635324,5.572,"P0520","EC_0093.jpg"
"7580",7.526454825,2.336,"P0520","EC_0202.jpg"
"7581",4.973545377,3.389,"P0520","EC_0121.jpg"
"7582",0.912698211,3.76,"P0520","EC_0005.jpg"
"7583",5.039682943,4.749,"P0520","EC_0054.jpg"
"7584",6.917989418,3.352,"P0520","EC_0097.jpg"
"7585",9.96031746,2.928,"P0520","EC_0116.jpg"
"7586",2.94973545,4.084,"P0520","EC_0085.jpg"
"7587",8.108465608,3.247,"P0520","EC_0081.jpg"
"7588",8.399471505,4.836,"P0520","EC_0161.jpg"
"7589",8.822751525,2.731,"P0520","EC_0113.jpg"
"7590",3.968254574,5.635,"P0520","EC_0075.jpg"
"7591",7.539683145,5.329,"P0520","EC_0194.jpg"
"7592",4.986772689,4.787,"P0520","EC_0159.jpg"
"7593",9.166666667,3.228,"P0520","EC_0171.jpg"
"7594",0.833333333,3.809,"P0520","EC_0187.jpeg"
"7595",1.309523608,2.725,"P0520","EC_0053.jpg"
"7596",7.566137768,4.493,"P0520","EC_0224.jpg"
"7597",9.708995516,3.345,"P0520","EC_0211.jpg"
"7598",9.775133082,4.104,"P0520","EC_0129.jpeg"
"7599",1.415344117,3.267,"P0520","EC_0056.jpg"
"7600",0.462963064,3.021,"P0520","EC_0076.jpg"
"7601",8.174603175,3.178,"P0520","EC_0070.jpg"
"7602",0.291005493,4.719,"P0520","EC_0124.jpeg"
"7603",9.470899875,2.977,"P0520","EC_0011.jpg"
"7604",9.669312573,2.828,"P0520","EC_0221.jpg"
"7605",0.634920635,3.157,"P0520","EC_0044.jpg"
"7606",8.214286118,3.486,"P0520","EC_0062.jpg"
"7607",9.814816026,7.341,"P0520","EC_0039.jpg"
"7608",9.920634517,3.919,"P0520","EC_0163.jpg"
"7609",0.502645503,5.297,"P0520","EC_0088.jpg"
"7610",5.21164001,7.601,"P0520","EC_0042.jpg"
"7611",7.936508542,6.679,"P0520","EC_0061.jpg"
"7612",7.579365079,6.861,"P0520","EC_0214.jpg"
"7613",8.320105618,6.887,"P0520","EC_0223.jpg"
"7614",8.875661779,5.614,"P0520","EC_0069.jpg"
"7615",7.103174805,6.375,"P0520","EC_0135.jpg"
"7616",1.362433862,6.833,"P0520","EC_0149.jpg"
"7617",8.478836383,6.265,"P0520","EC_0002.jpg"
"7618",8.174603175,5.67,"P0520","EC_0128.jpeg"
"7619",8.716931015,2.968,"P0520","EC_0250.jpg"
"7620",9.854496951,3.67,"P0520","EC_0248.jpg"
"7621",8.756613958,6.919,"P0520","EC_0136.jpg"
"7622",9.894179894,3.085,"P0520","EC_0057.jpeg"
"7623",7.857142655,3.935,"P0520","EC_0038.jpg"
"7624",0.767195767,3.155,"P0520","EC_0247.jpg"
"7625",4.589947292,9.341,"P0520","EC_0074.jpg"
"7626",1.283068985,2.66,"P0520","EC_0012.jpg"
"7627",6.970899673,2.565,"P0520","EC_0246.jpg"
"7628",8.214286118,2.559,"P0520","EC_0237.jpg"
"7629",1.349206551,3.938,"P0520","EC_0103.jpg"
"7630",8.399471505,12.443,"P0520","EC_0226.jpg"
"7631",8.611111515,6.563,"P0520","EC_0077.jpg"
"7632",5.767196171,3.299,"P0520","EC_0051.jpg"
"7633",8.002646108,7.938,"P0520","EC_0140.jpg"
"7634",8.108465608,4.299,"P0520","EC_0033.jpeg"
"7635",9.510582818,3.058,"P0520","EC_0176.jpg"
"7636",9.986772083,3.024,"P0520","EC_0030.jpg"
"7637",2.923280827,3.085,"P0520","EC_0102.jpg"
"7638",8.875661779,2.835,"P0520","EC_0137.jpg"
"7639",8.240740741,3.688,"P0520","EC_0022.jpg"
"7640",8.597884203,2.512,"P0520","EC_0244.jpg"
"7641",9.880953592,3.857,"P0520","EC_0058.jpg"
"7642",9.457671554,9.106,"P0520","EC_0156.jpg"
"7643",9.285715497,2.526,"P0520","EC_0157.jpg"
"7644",7.195766994,5.226,"P0520","EC_0037.jpg"
"7645",4.867724868,4.745,"P0520","EC_0008.jpg"
"7646",0.423280625,2.981,"P0520","EC_0094.jpg"
"7647",7.195766994,2.642,"P0520","EC_0173.jpg"
"7648",8.756613958,2.5,"P0520","EC_0027.jpg"
"7649",0.542327941,3.972,"P0520","EC_0227.jpg"
"7650",9.986772083,2.785,"P0520","EC_0041.jpg"
"7651",7.407408013,2.75,"P0520","EC_0198.jpg"
"7652",8.544973949,2.541,"P0520","EC_0082.jpg"
"7653",1.402116806,3.275,"P0520","EC_0133.jpg"
"7654",7.685185589,2.763,"P0520","EC_0073.jpg"
"7655",7.116402116,5.585,"P0520","EC_0080.jpg"
"7656",9.484128195,3.064,"P0520","EC_0066.jpg"
"7657",8.597884203,3.34,"P0520","EC_0203.jpg"
"7658",2.499999798,2.476,"P0520","EC_0169.png"
"7659",2.08994709,3.549,"P0520","EC_0105.jpg"
"7660",8.756613958,3.101,"P0520","EC_0072.jpg"
"7661",9.907408215,2.73,"P0520","EC_0064.jpg"
"7662",6.878307484,2.585,"P0520","EC_0232.jpg"
"7663",8.730159336,3.464,"P0520","EC_0170.jpg"
"7664",9.047618846,3.608,"P0520","EC_0079.jpg"
"7665",8.9947096,2.609,"P0520","EC_0013.jpg"
"7666",9.880953592,4.302,"P0520","EC_0245.jpg"
"7667",0.026455228,4.272,"P0520","EC_0184.jpg"
"7668",8.333333939,2.869,"P0520","EC_0180.jpg"
"7669",3.518518922,9.607,"P0520","EC_0024.jpg"
"7670",7.645502646,2.45,"P0520","EC_0048.jpg"
"7671",8.068783674,7.077,"P0520","EC_0117.jpg"
"7672",8.492063694,2.626,"P0520","EC_0092.jpg"
"7673",9.034391534,3.475,"P0520","EC_0108.jpg"
"7674",5.105820509,6.812,"P0520","EC_0067.jpg"
"7675",3.888888687,5.825,"P0520","EC_0134.jpg"
"7676",0.965608466,3.568,"P0520","EC_0249.jpg"
"7677",7.949735853,2.569,"P0520","EC_0003.jpg"
"7678",7.685185589,7.504,"P0520","EC_0241.jpg"
"7679",9.947091158,3.054,"P0520","EC_0032.jpg"
"7680",1.309523608,2.597,"P0520","EC_0235.jpg"
"7681",1.00918e-07,5.952,"P0520","EC_0059.jpg"
"7682",9.047618846,2.467,"P0520","EC_0050.jpg"
"7683",8.544973949,2.433,"P0520","EC_0132.jpg"
"7684",9.907408215,2.627,"P0520","EC_0120.jpg"
"7685",4.338624339,7.131,"P0520","EC_0142.jpg"
"7686",7.579365079,3.474,"P0520","EC_0147.png"
"7687",5.515873218,4.507,"P0520","EC_0036.jpeg"
"7688",1.904761703,2.79,"P0520","EC_0204.jpg"
"7689",4.695767801,4.406,"P0520","EC_0238.jpg"
"7690",0.806878711,2.387,"P0520","EC_0182.jpg"
"7691",6.455026455,3.329,"P0520","EC_0084.jpg"
"7692",7.023809927,3.053,"P0520","EC_0060.jpg"
"7693",3.042328648,2.937,"P0520","EC_0090.jpg"
"7694",7.751323155,3.551,"P0520","EC_0009.jpg"
"7695",8.9947096,3.133,"P0520","EC_0015.jpg"
"7696",1.693121693,2.841,"P0520","EC_0233.jpg"
"7697",8.029100731,4.189,"P0520","EC_0106.jpg"
"7698",9.708995516,2.915,"P0520","EC_0168.jpeg"
"7699",2.010582212,3.352,"P0520","EC_0183.jpg"
"7700",6.269841068,16.44,"P0520","EC_0152.jpg"
"7701",8.809524213,3.475,"P0520","EC_0209.jpg"
"7702",2.367724666,3.497,"P0520","EC_0046.jpg"
"7703",8.584655883,2.297,"P0520","EC_0095.jpg"
"7704",8.875661779,3.781,"P0520","EC_0193.png"
"7705",0.423280625,3.111,"P0520","EC_0111.jpg"
"7706",9.828042328,3,"P0520","EC_0006.jpg"
"7707",10,3.239,"P0520","EC_0031.jpg"
"7708",8.227513429,5.154,"P0520","EC_0162.jpg"
"7709",1.640211438,3.292,"P0520","EC_0017.jpg"
"7710",6.137565936,3.597,"P0520","EC_0166.jpg"
"7711",3.002645704,3.247,"P0520","EC_0231.jpg"
"7712",9.735450139,3.279,"P0520","EC_0234.jpg"
"7713",1.970899269,2.419,"P0520","EC_0115.jpg"
"7714",7.301587503,2.184,"P0520","EC_0138.png"
"7715",5.423281029,4.115,"P0520","EC_0119.jpg"
"7716",9.232804233,2.996,"P0520","EC_0014.jpg"
"7717",0,2.603,"P0520","EC_0010.jpg"
"7718",7.447089947,3.051,"P0520","EC_0230.jpg"
"7719",10,3.198,"P0520","EC_0153.jpg"
"7720",8.955026657,3.86,"P0520","EC_0104.jpg"
"7721",9.047618846,2.919,"P0520","EC_0172.jpg"
"7722",2.08994709,3.625,"P0520","EC_0188.jpg"
"7723",9.589946686,2.96,"P0520","EC_0098.jpg"
"7724",5.939153237,3.896,"P0520","EC_0071.jpg"
"7725",5,3.4,"P0520","EC_0222.jpg"
"7726",8.703703704,3.439,"P0520","EC_0141.jpg"
"7727",2.433862232,3.146,"P0520","EC_0019.jpg"
"7728",6.097884002,2.074,"P0520","EC_0086.jpg"
"7729",7.738095844,2.268,"P0520","EC_0213.jpg"
"7730",8.518518317,3.464,"P0520","EC_0020.jpg"
"7731",0.753968456,4.197,"P0520","EC_0034.jpg"
"7732",8.743386647,3.256,"P0520","EC_0154.jpg"
"7733",9.272487176,3.036,"P0520","EC_0210.jpg"
"7734",10,2.393,"P0520","EC_0236.jpg"
"7735",1.00918e-07,2.756,"P0520","EC_0055.jpg"
"7736",0.939153843,2.478,"P0520","EC_0242.jpg"
"7737",7.05026455,2.604,"P0520","EC_0148.jpg"
"7738",8.849206147,3.432,"P0520","EC_0196.jpg"
"7739",10,3.324,"P0520","EC_0199.jpg"
"7740",6.693122097,3.632,"P0520","EC_0068.jpg"
"7741",1.01851872,2.894,"P0520","EC_0207.jpg"
"7742",8.227513429,2.726,"P0520","EC_0181.jpg"
"7743",1.468254372,2.979,"P0520","EC_0125.jpeg"
"7744",7.619048023,3.353,"P0520","EC_0195.jpg"
"7745",8.544973949,3.398,"P0520","EC_0160.jpg"
"7746",8.888889091,2.612,"P0520","EC_0243.jpg"
"7747",8.01587342,4.46,"P0520","EC_0239.jpg"
"7748",1.468254372,2.594,"P0520","EC_0083.jpg"
"7749",9.761904762,2.309,"P0520","EC_0177.jpg"
"7750",0,2.138,"P0520","EC_0040.jpg"
"7751",8.571428571,2.259,"P0520","EC_0118.jpg"
"7752",6.917989418,4.145,"P0520","EC_0229.jpg"
"7753",9.087301789,3.113,"P0520","EC_0174.jpg"
"7754",1.917990023,3.835,"P0520","EC_0028.jpg"
"7755",7.724867523,2.44,"P0520","EC_0164.jpg"
"7756",2.380952986,2.806,"P0520","EC_0131.jpg"
"7757",6.917989418,2.529,"P0520","EC_0219.jpg"
"7758",4.708995113,4.459,"P0520","EC_0016.jpg"
"7759",1.521164627,2.841,"P0520","EC_0101.jpg"
"7760",9.285715497,3.229,"P0520","EC_0047.jpg"
"7761",8.227513429,3.388,"P0520","EC_0087.jpg"
"7762",10,2.544,"P0520","EC_0200.png"
"7763",7.870370976,2.879,"P0520","EC_0109.jpg"
"7764",10,2.995,"P0520","EC_0158.jpg"
"7765",2.010582212,2.867,"P0520","EC_0100.jpg"
"7766",6.626984531,2.752,"P0520","EC_0165.jpg"
"7767",8.386243184,4.112,"P0520","EC_0007.jpg"
"7768",8.280423684,2.444,"P0520","EC_0150.jpg"
"7769",8.161375863,4.419,"P0520","EC_0123.jpeg"
"7770",3.055555959,2.172,"P0520","EC_0001.jpg"
"7771",3.994708995,8.2188,"P0521","EC_0094.jpg"
"7772",8.994708995,5.6018,"P0521","EC_0058.jpg"
"7773",7.976190476,5.7135,"P0521","EC_0171.jpg"
"7774",6.031746032,7.2501,"P0521","EC_0115.jpg"
"7775",9.973544974,4.4989,"P0521","EC_0221.jpg"
"7776",8.981481481,5.0822,"P0521","EC_0009.jpg"
"7777",9.96031746,3.5203,"P0521","EC_0016.jpg"
"7778",10,4.1539,"P0521","EC_0098.jpg"
"7779",6.970899471,12.3342,"P0521","EC_0222.jpg"
"7780",3.955026455,5.5054,"P0521","EC_0138.png"
"7781",9.034391534,9.4111,"P0521","EC_0174.jpg"
"7782",6.018518519,6.7735,"P0521","EC_0024.jpg"
"7783",10,4.0153,"P0521","EC_0087.jpg"
"7784",6.997354497,5.0882,"P0521","EC_0239.jpg"
"7785",7.989417989,6.106,"P0521","EC_0125.jpeg"
"7786",5.992063492,5.0501,"P0521","EC_0116.jpg"
"7787",5.992063492,7.0975,"P0521","EC_0193.png"
"7788",2.989417989,6.0054,"P0521","EC_0005.jpg"
"7789",5.013227513,9.2792,"P0521","EC_0111.jpg"
"7790",2.936507937,9.9958,"P0521","EC_0244.jpg"
"7791",7.962962963,3.3497,"P0521","EC_0046.jpg"
"7792",6.005291005,6.156,"P0521","EC_0097.jpg"
"7793",8.994708995,3.9555,"P0521","EC_0015.jpg"
"7794",6.031746032,5.5677,"P0521","EC_0066.jpg"
"7795",9.986772487,3.6034,"P0521","EC_0237.jpg"
"7796",8.981481481,6.3908,"P0521","EC_0158.jpg"
"7797",8.968253968,4.9266,"P0521","EC_0022.jpg"
"7798",6.970899471,5.0129,"P0521","EC_0081.jpg"
"7799",1.005291005,5.4714,"P0521","EC_0090.jpg"
"7800",0,4.3044,"P0521","EC_0113.jpg"
"7801",8.994708995,3.1029,"P0521","EC_0246.jpg"
"7802",9.933862434,3.6536,"P0521","EC_0068.jpg"
"7803",9.973544974,5.2771,"P0521","EC_0044.jpg"
"7804",6.970899471,3.5405,"P0521","EC_0211.jpg"
"7805",7.989417989,5.0099,"P0521","EC_0156.jpg"
"7806",9.920634921,4.4732,"P0521","EC_0123.jpeg"
"7807",1.984126984,7.5409,"P0521","EC_0033.jpeg"
"7808",9.880952381,3.3446,"P0521","EC_0036.jpeg"
"7809",3.994708995,3.523,"P0521","EC_0163.jpg"
"7810",3.968253968,7.0264,"P0521","EC_0031.jpg"
"7811",8.994708995,4.5817,"P0521","EC_0170.jpg"
"7812",5,7.1065,"P0521","EC_0154.jpg"
"7813",9.973544974,3.658,"P0521","EC_0085.jpg"
"7814",7.989417989,5.9076,"P0521","EC_0185.jpg"
"7815",9.986772487,5.6418,"P0521","EC_0224.jpg"
"7816",8.002645503,6.1179,"P0521","EC_0062.jpg"
"7817",9.96031746,8.5249,"P0521","EC_0037.jpg"
"7818",8.029100529,3.9487,"P0521","EC_0148.jpg"
"7819",0,6.4075,"P0521","EC_0032.jpg"
"7820",1.044973545,6.0557,"P0521","EC_0108.jpg"
"7821",5.925925926,6.4356,"P0521","EC_0194.jpg"
"7822",7.08994709,3.2533,"P0521","EC_0007.jpg"
"7823",8.968253968,4.9838,"P0521","EC_0099.jpg"
"7824",3.955026455,8.0409,"P0521","EC_0117.jpg"
"7825",2.989417989,7.1072,"P0521","EC_0055.jpg"
"7826",8.915343915,3.2787,"P0521","EC_0228.jpg"
"7827",8.994708995,4.7469,"P0521","EC_0128.jpeg"
"7828",1.984126984,7.1085,"P0521","EC_0184.jpg"
"7829",1.124338624,3.2926,"P0521","EC_0060.jpg"
"7830",9.933862434,4.4465,"P0521","EC_0249.jpg"
"7831",10,5.5331,"P0521","EC_0151.jpg"
"7832",3.002645503,3.7213,"P0521","EC_0001.jpg"
"7833",9.986772487,4.3371,"P0521","EC_0102.jpg"
"7834",2.037037037,3.3201,"P0521","EC_0164.jpg"
"7835",7.5,5.1162,"P0521","EC_0250.jpg"
"7836",6.521164021,4.3874,"P0521","EC_0210.jpg"
"7837",8.544973545,4.2984,"P0521","EC_0079.jpg"
"7838",10,14.0095,"P0521","EC_0248.jpg"
"7839",7.407407407,5.0049,"P0521","EC_0040.jpg"
"7840",9.17989418,3.4052,"P0521","EC_0166.jpg"
"7841",7.53968254,3.4863,"P0521","EC_0181.jpg"
"7842",0.85978836,5.4244,"P0521","EC_0034.jpg"
"7843",5.37037037,4.2652,"P0521","EC_0020.jpg"
"7844",7.142857143,4.8661,"P0521","EC_0101.jpg"
"7845",0.462962963,3.5465,"P0521","EC_0047.jpg"
"7846",9.801587302,3.4158,"P0521","EC_0119.jpg"
"7847",5.489417989,3.2088,"P0521","EC_0147.png"
"7848",0.238095238,7.0182,"P0521","EC_0042.jpg"
"7849",2.354497354,4.8776,"P0521","EC_0106.jpg"
"7850",1.071428571,3.7617,"P0521","EC_0076.jpg"
"7851",7.46031746,4.0389,"P0521","EC_0064.jpg"
"7852",9.497354497,2.7953,"P0521","EC_0240.jpg"
"7853",7.46031746,3.0378,"P0521","EC_0003.jpg"
"7854",8.597883598,3.0968,"P0521","EC_0214.jpg"
"7855",9.338624339,3.7537,"P0521","EC_0188.jpg"
"7856",9.100529101,5.7136,"P0521","EC_0223.jpg"
"7857",2.208994709,3.6466,"P0521","EC_0053.jpg"
"7858",8.095238095,3.8638,"P0521","EC_0067.jpg"
"7859",9.246031746,3.5228,"P0521","EC_0063.jpg"
"7860",0.873015873,4.8431,"P0521","EC_0219.jpg"
"7861",7.235449735,3.8646,"P0521","EC_0136.jpg"
"7862",9.325396825,3.5889,"P0521","EC_0196.jpg"
"7863",1.124338624,5.1597,"P0521","EC_0012.jpg"
"7864",9.814814815,3.3274,"P0521","EC_0200.png"
"7865",9.708994709,4.2326,"P0521","EC_0177.jpg"
"7866",2.962962963,3.8061,"P0521","EC_0231.jpg"
"7867",3.915343915,6.5221,"P0521","EC_0165.jpg"
"7868",7.261904762,3.2582,"P0521","EC_0039.jpg"
"7869",9.722222222,4.4568,"P0521","EC_0093.jpg"
"7870",6.071428571,6.9866,"P0521","EC_0065.jpg"
"7871",9.55026455,4.7742,"P0521","EC_0072.jpg"
"7872",9.007936508,11.0788,"P0521","EC_0092.jpg"
"7873",0.753968254,3.4791,"P0521","EC_0242.jpg"
"7874",10,3.8433,"P0521","EC_0118.jpg"
"7875",9.642857143,4.1205,"P0521","EC_0142.jpg"
"7876",1.031746032,4.3038,"P0521","EC_0041.jpg"
"7877",5,4.1307,"P0521","EC_0182.jpg"
"7878",7.976190476,3.6575,"P0521","EC_0059.jpg"
"7879",0.873015873,3.7401,"P0521","EC_0069.jpg"
"7880",10,3.9798,"P0521","EC_0051.jpg"
"7881",10,4.2269,"P0521","EC_0084.jpg"
"7882",2.195767196,4.7351,"P0521","EC_0124.jpeg"
"7883",10,3.2878,"P0521","EC_0077.jpg"
"7884",3.492063492,8.1745,"P0521","EC_0168.jpeg"
"7885",6.203703704,5.9052,"P0521","EC_0227.jpg"
"7886",4.021164021,5.8725,"P0521","EC_0049.jpg"
"7887",7.5,3.245,"P0521","EC_0137.jpg"
"7888",7.976190476,4.6463,"P0521","EC_0109.jpg"
"7889",1.031746032,3.8529,"P0521","EC_0054.jpg"
"7890",9.312169312,4.1208,"P0521","EC_0202.jpg"
"7891",8.518518519,8.5253,"P0521","EC_0121.jpg"
"7892",1.375661376,5.7957,"P0521","EC_0233.jpg"
"7893",1.243386243,5.4838,"P0521","EC_0139.png"
"7894",9.576719577,4.9938,"P0521","EC_0167.jpg"
"7895",6.653439153,3.4696,"P0521","EC_0205.jpg"
"7896",4.894179894,8.9089,"P0521","EC_0195.jpg"
"7897",9.523809524,3.5779,"P0521","EC_0131.jpg"
"7898",5.277777778,3.2529,"P0521","EC_0075.jpg"
"7899",2.87037037,3.9546,"P0521","EC_0129.jpeg"
"7900",1.124338624,3.4727,"P0521","EC_0213.jpg"
"7901",0.595238095,4.3043,"P0521","EC_0080.jpg"
"7902",6.031746032,3.6533,"P0521","EC_0207.jpg"
"7903",9.523809524,2.9186,"P0521","EC_0073.jpg"
"7904",9.947089947,2.8389,"P0521","EC_0057.jpeg"
"7905",0,3.4034,"P0521","EC_0027.jpg"
"7906",2.473544974,3.7366,"P0521","EC_0232.jpg"
"7907",9.298941799,4.5149,"P0521","EC_0247.jpg"
"7908",10,3.1192,"P0521","EC_0149.jpg"
"7909",0,3.2362,"P0521","EC_0120.jpg"
"7910",10,2.9304,"P0521","EC_0006.jpg"
"7911",1.970899471,3.6417,"P0521","EC_0104.jpg"
"7912",0.925925926,3.1927,"P0521","EC_0183.jpg"
"7913",8.134920635,9.5673,"P0521","EC_0160.jpg"
"7914",6.785714286,5.7343,"P0521","EC_0140.jpg"
"7915",9.087301587,4.0863,"P0521","EC_0086.jpg"
"7916",2.777777778,6.1723,"P0521","EC_0105.jpg"
"7917",5.304232804,5.1547,"P0521","EC_0159.jpg"
"7918",9.351851852,4.0465,"P0521","EC_0074.jpg"
"7919",1.521164021,5.0784,"P0521","EC_0088.jpg"
"7920",7.87037037,3.7779,"P0521","EC_0226.jpg"
"7921",3.029100529,6.0226,"P0521","EC_0161.jpg"
"7922",9.867724868,4.0204,"P0521","EC_0153.jpg"
"7923",10,5.9392,"P0521","EC_0071.jpg"
"7924",8.716931217,3.7867,"P0521","EC_0135.jpg"
"7925",9.060846561,3.1832,"P0521","EC_0082.jpg"
"7926",10,3.3204,"P0521","EC_0030.jpg"
"7927",7.976190476,3.1646,"P0521","EC_0235.jpg"
"7928",7.354497354,3.7894,"P0521","EC_0176.jpg"
"7929",8.253968254,3.5526,"P0521","EC_0017.jpg"
"7930",9.153439153,2.8692,"P0521","EC_0096.jpg"
"7931",9.656084656,3.774,"P0521","EC_0236.jpg"
"7932",4.947089947,6.0071,"P0521","EC_0029.jpg"
"7933",1.772486772,3.1238,"P0521","EC_0056.jpg"
"7934",0.714285714,5.2315,"P0521","EC_0150.jpg"
"7935",9.338624339,3.0724,"P0521","EC_0209.jpg"
"7936",2.791005291,3.4117,"P0521","EC_0229.jpg"
"7937",4.986772487,4.1534,"P0521","EC_0241.jpg"
"7938",9.391534392,8.5242,"P0521","EC_0133.jpg"
"7939",2.433862434,4.4211,"P0521","EC_0089.jpg"
"7940",9.497354497,3.4237,"P0521","EC_0008.jpg"
"7941",0.171957672,3.7029,"P0521","EC_0019.jpg"
"7942",9.378306878,3.3801,"P0521","EC_0070.jpg"
"7943",10,3.32,"P0521","EC_0050.jpg"
"7944",1.097883598,4.6044,"P0521","EC_0134.jpg"
"7945",0.992063492,3.4614,"P0521","EC_0162.jpg"
"7946",2.447089947,4.9715,"P0521","EC_0048.jpg"
"7947",0.383597884,3.4864,"P0521","EC_0095.jpg"
"7948",0.013227513,4.6912,"P0521","EC_0204.jpg"
"7949",8.756613757,3.137,"P0521","EC_0198.jpg"
"7950",6.30952381,3.4453,"P0521","EC_0018.jpg"
"7951",9.788359788,3.3864,"P0521","EC_0197.jpg"
"7952",9.854497354,5.1715,"P0521","EC_0169.png"
"7953",3.862433862,4.0147,"P0521","EC_0013.jpg"
"7954",6.732804233,3.1104,"P0521","EC_0234.jpg"
"7955",8.968253968,4.2058,"P0521","EC_0002.jpg"
"7956",7.830687831,5.472,"P0521","EC_0245.jpg"
"7957",9.484126984,3.0116,"P0521","EC_0014.jpg"
"7958",2.936507937,5.1382,"P0521","EC_0243.jpg"
"7959",6.084656085,4.4311,"P0521","EC_0141.jpg"
"7960",9.523809524,3.971,"P0521","EC_0083.jpg"
"7961",8.849206349,6.5761,"P0521","EC_0038.jpg"
"7962",5.965608466,6.2663,"P0521","EC_0100.jpg"
"7963",9.444444444,3.3375,"P0521","EC_0157.jpg"
"7964",5.978835979,4.6038,"P0521","EC_0061.jpg"
"7965",8.994708995,11.0944,"P0521","EC_0199.jpg"
"7966",9.14021164,5.2412,"P0521","EC_0132.jpg"
"7967",3.531746032,5.0214,"P0521","EC_0180.jpg"
"7968",4.113756614,6.5227,"P0521","EC_0152.jpg"
"7969",1.071428571,3.1947,"P0521","EC_0173.jpg"
"7970",5.793650794,5.9004,"P0521","EC_0206.png"
"7971",1.322751323,3.1159,"P0521","EC_0203.jpg"
"7972",2.579365079,5.3882,"P0521","EC_0187.jpeg"
"7973",0.03968254,4.2544,"P0521","EC_0011.jpg"
"7974",5.846560847,5.9893,"P0521","EC_0103.jpg"
"7975",7.962962963,3.1363,"P0521","EC_0238.jpg"
"7976",8.941798942,3.2197,"P0521","EC_0172.jpg"
"7977",9.642857143,4.3372,"P0521","EC_0230.jpg"
"7978",10,3.232,"P0521","EC_0010.jpg"
"7979",5.03968254,4.5754,"P0521","EC_0201.jpg"
"7980",9.17989418,3.2531,"P0521","EC_0028.jpg"
"7981",6.897321429,7.9272,"P0522","EC_0007.jpg"
"7982",6.041666667,5.1682,"P0522","EC_0049.jpg"
"7983",1.930803571,6.6167,"P0522","EC_0111.jpg"
"7984",8.999255952,4.0775,"P0522","EC_0118.jpg"
"7985",7.976190476,13.4979,"P0522","EC_0247.jpg"
"7986",9.036458333,4.0655,"P0522","EC_0001.jpg"
"7987",2.023809524,3.7141,"P0522","EC_0233.jpg"
"7988",8.999255952,4.2236,"P0522","EC_0096.jpg"
"7989",8.999255952,3.1458,"P0522","EC_0236.jpg"
"7990",9.036458333,3.37,"P0522","EC_0006.jpg"
"7991",8.92485119,2.7714,"P0522","EC_0030.jpg"
"7992",9.129464286,2.9806,"P0522","EC_0050.jpg"
"7993",8.999255952,2.7502,"P0522","EC_0071.jpg"
"7994",2.972470238,4.1062,"P0522","EC_0185.jpg"
"7995",6.97172619,5.5717,"P0522","EC_0162.jpg"
"7996",5.967261905,6.8822,"P0522","EC_0072.jpg"
"7997",7.957589286,2.853,"P0522","EC_0224.jpg"
"7998",7.976190476,3.1248,"P0522","EC_0014.jpg"
"7999",9.055059524,3.6038,"P0522","EC_0180.jpg"
"8000",3.902529762,4.6355,"P0522","EC_0161.jpg"
"8001",9.892113095,3.2422,"P0522","EC_0219.jpg"
"8002",8.92485119,2.9949,"P0522","EC_0223.jpg"
"8003",4.962797619,3.3794,"P0522","EC_0100.jpg"
"8004",3.02827381,4.0389,"P0522","EC_0242.jpg"
"8005",4.906994048,3.1808,"P0522","EC_0009.jpg"
"8006",7.064732143,6.5936,"P0522","EC_0232.jpg"
"8007",6.953125,3.8309,"P0522","EC_0034.jpg"
"8008",8.90625,3.1602,"P0522","EC_0173.jpg"
"8009",8.013392857,3.5796,"P0522","EC_0157.jpg"
"8010",8.92485119,4.7428,"P0522","EC_0121.jpg"
"8011",4.906994048,3.1254,"P0522","EC_0135.jpg"
"8012",7.938988095,3.1143,"P0522","EC_0015.jpg"
"8013",1.949404762,4.0444,"P0522","EC_0204.jpg"
"8014",1.968005952,2.7,"P0522","EC_0047.jpg"
"8015",7.046130952,3.0153,"P0522","EC_0074.jpg"
"8016",8.013392857,3.0549,"P0522","EC_0172.jpg"
"8017",2.023809524,3.1371,"P0522","EC_0013.jpg"
"8018",2.023809524,4.7009,"P0522","EC_0033.jpeg"
"8019",4.944196429,2.8613,"P0522","EC_0018.jpg"
"8020",1.912202381,3.1337,"P0522","EC_0201.jpg"
"8021",7.901785714,3.5029,"P0522","EC_0167.jpg"
"8022",1.912202381,2.8584,"P0522","EC_0005.jpg"
"8023",4.014136905,7.3648,"P0522","EC_0083.jpg"
"8024",1.85639881,3.8026,"P0522","EC_0234.jpg"
"8025",7.976190476,3.165,"P0522","EC_0248.jpg"
"8026",9.910714286,2.7656,"P0522","EC_0008.jpg"
"8027",9.966517857,3.1787,"P0522","EC_0003.jpg"
"8028",1.912202381,3.4576,"P0522","EC_0069.jpg"
"8029",3.084077381,3.2915,"P0522","EC_0046.jpg"
"8030",1.968005952,4.4465,"P0522","EC_0128.jpeg"
"8031",7.957589286,4.9232,"P0522","EC_0109.jpg"
"8032",6.93452381,3.8666,"P0522","EC_0081.jpg"
"8033",5.948660714,6.2314,"P0522","EC_0036.jpeg"
"8034",1.968005952,3.3994,"P0522","EC_0088.jpg"
"8035",6.93452381,3.4569,"P0522","EC_0101.jpg"
"8036",0.982142857,2.6798,"P0522","EC_0048.jpg"
"8037",8.999255952,3.0901,"P0522","EC_0120.jpg"
"8038",4.014136905,3.8321,"P0522","EC_0246.jpg"
"8039",0.982142857,3.5019,"P0522","EC_0123.jpeg"
"8040",7.027529762,3.573,"P0522","EC_0136.jpg"
"8041",6.93452381,3.5368,"P0522","EC_0044.jpg"
"8042",7.920386905,3.2764,"P0522","EC_0011.jpg"
"8043",2.953869048,2.9014,"P0522","EC_0084.jpg"
"8044",6.915922619,2.9784,"P0522","EC_0197.jpg"
"8045",8.869047619,4.25,"P0522","EC_0209.jpg"
"8046",0.944940476,3.9995,"P0522","EC_0040.jpg"
"8047",9.017857143,3.4234,"P0522","EC_0168.jpeg"
"8048",7.027529762,3.6713,"P0522","EC_0170.jpg"
"8049",1.89360119,3.2108,"P0522","EC_0150.jpg"
"8050",9.055059524,3.7149,"P0522","EC_0105.jpg"
"8051",8.90625,2.5979,"P0522","EC_0029.jpg"
"8052",9.036458333,2.8869,"P0522","EC_0132.jpg"
"8053",1.912202381,2.6607,"P0522","EC_0075.jpg"
"8054",1.912202381,2.5602,"P0522","EC_0210.jpg"
"8055",4.906994048,3.0781,"P0522","EC_0022.jpg"
"8056",5.948660714,2.7597,"P0522","EC_0117.jpg"
"8057",3.06547619,4.4526,"P0522","EC_0066.jpg"
"8058",4.962797619,7.68,"P0522","EC_0206.png"
"8059",8.943452381,6.0507,"P0522","EC_0039.jpg"
"8060",7.529761905,3.6181,"P0522","EC_0188.jpg"
"8061",2.340029762,3.641,"P0522","EC_0124.jpeg"
"8062",7.566964286,3.3391,"P0522","EC_0214.jpg"
"8063",1.46577381,2.7921,"P0522","EC_0182.jpg"
"8064",8.366815476,4.7489,"P0522","EC_0028.jpg"
"8065",9.929315476,2.9635,"P0522","EC_0058.jpg"
"8066",8.943452381,3.6454,"P0522","EC_0138.png"
"8067",9.073660714,3.7677,"P0522","EC_0073.jpg"
"8068",7.548363095,3.1701,"P0522","EC_0063.jpg"
"8069",8.757440476,3.0884,"P0522","EC_0194.jpg"
"8070",0.014880952,3.5294,"P0522","EC_0184.jpg"
"8071",7.920386905,3.0102,"P0522","EC_0141.jpg"
"8072",5.911458333,5.398,"P0522","EC_0031.jpg"
"8073",7.027529762,5.2749,"P0522","EC_0226.jpg"
"8074",8.031994048,8.2808,"P0522","EC_0102.jpg"
"8075",7.938988095,4.4557,"P0522","EC_0153.jpg"
"8076",2.005208333,3.6339,"P0522","EC_0133.jpg"
"8077",4.925595238,3.4261,"P0522","EC_0228.jpg"
"8078",4.906994048,4.7326,"P0522","EC_0142.jpg"
"8079",2.879464286,4.6353,"P0522","EC_0151.jpg"
"8080",6.357886905,5.294,"P0522","EC_0244.jpg"
"8081",6.636904762,4.064,"P0522","EC_0085.jpg"
"8082",7.511160714,3.1293,"P0522","EC_0200.png"
"8083",2.302827381,3.6665,"P0522","EC_0012.jpg"
"8084",6.990327381,3.3702,"P0522","EC_0158.jpg"
"8085",8.999255952,3.0291,"P0522","EC_0169.png"
"8086",0.907738095,3.5805,"P0522","EC_0103.jpg"
"8087",0.944940476,3.8691,"P0522","EC_0241.jpg"
"8088",1.168154762,2.7107,"P0522","EC_0089.jpg"
"8089",6.097470238,4.0184,"P0522","EC_0082.jpg"
"8090",6.953125,3.4655,"P0522","EC_0152.jpg"
"8091",5.01860119,2.9174,"P0522","EC_0139.png"
"8092",7.083333333,3.7623,"P0522","EC_0160.jpg"
"8093",2.061011905,2.9461,"P0522","EC_0165.jpg"
"8094",6.860119048,4.633,"P0522","EC_0239.jpg"
"8095",8.980654762,3.0879,"P0522","EC_0032.jpg"
"8096",1.577380952,3.0187,"P0522","EC_0054.jpg"
"8097",8.831845238,3.0868,"P0522","EC_0060.jpg"
"8098",5.874255952,4.0298,"P0522","EC_0086.jpg"
"8099",2.953869048,3.7741,"P0522","EC_0156.jpg"
"8100",0.982142857,3.793,"P0522","EC_0227.jpg"
"8101",8.869047619,2.8125,"P0522","EC_0113.jpg"
"8102",8.738839286,3.3815,"P0522","EC_0080.jpg"
"8103",8.069196429,2.9082,"P0522","EC_0171.jpg"
"8104",8.031994048,2.8152,"P0522","EC_0166.jpg"
"8105",2.507440476,3.6898,"P0522","EC_0222.jpg"
"8106",8.645833333,3.1534,"P0522","EC_0092.jpg"
"8107",5.985863095,3.637,"P0522","EC_0116.jpg"
"8108",7.938988095,2.9571,"P0522","EC_0131.jpg"
"8109",2.321428571,3.6347,"P0522","EC_0055.jpg"
"8110",6.915922619,4.3971,"P0522","EC_0087.jpg"
"8111",9.110863095,3.1823,"P0522","EC_0002.jpg"
"8112",7.994791667,3.6271,"P0522","EC_0017.jpg"
"8113",7.901785714,2.7238,"P0522","EC_0098.jpg"
"8114",2.991071429,2.883,"P0522","EC_0061.jpg"
"8115",1.930803571,2.8234,"P0522","EC_0163.jpg"
"8116",4.925595238,2.6331,"P0522","EC_0097.jpg"
"8117",6.004464286,3.1631,"P0522","EC_0148.jpg"
"8118",4.832589286,2.8062,"P0522","EC_0095.jpg"
"8119",4.888392857,2.3308,"P0522","EC_0119.jpg"
"8120",1.781994048,3.0391,"P0522","EC_0240.jpg"
"8121",5.093005952,3.6044,"P0522","EC_0176.jpg"
"8122",4.032738095,2.7033,"P0522","EC_0198.jpg"
"8123",1.149553571,2.9052,"P0522","EC_0181.jpg"
"8124",7.864583333,3.307,"P0522","EC_0020.jpg"
"8125",3.084077381,4.4864,"P0522","EC_0129.jpeg"
"8126",2.842261905,3.4605,"P0522","EC_0237.jpg"
"8127",9.854910714,2.5941,"P0522","EC_0221.jpg"
"8128",2.005208333,2.6704,"P0522","EC_0243.jpg"
"8129",4.014136905,4.9834,"P0522","EC_0147.png"
"8130",2.935267857,4.0255,"P0522","EC_0164.jpg"
"8131",8.980654762,2.9111,"P0522","EC_0250.jpg"
"8132",7.920386905,3.1152,"P0522","EC_0137.jpg"
"8133",3.976934524,3.5144,"P0522","EC_0229.jpg"
"8134",7.883184524,2.7294,"P0522","EC_0099.jpg"
"8135",0.963541667,2.7037,"P0522","EC_0056.jpg"
"8136",5.985863095,3.6408,"P0522","EC_0231.jpg"
"8137",0.963541667,2.5638,"P0522","EC_0187.jpeg"
"8138",5.055803571,2.9549,"P0522","EC_0245.jpg"
"8139",2.953869048,3.2659,"P0522","EC_0196.jpg"
"8140",7.139136905,3.2643,"P0522","EC_0010.jpg"
"8141",4.906994048,2.7151,"P0522","EC_0094.jpg"
"8142",8.031994048,3.1902,"P0522","EC_0177.jpg"
"8143",3.102678571,3.4677,"P0522","EC_0077.jpg"
"8144",8.013392857,3.1355,"P0522","EC_0106.jpg"
"8145",0.070684524,2.8442,"P0522","EC_0059.jpg"
"8146",0.982142857,2.9032,"P0522","EC_0016.jpg"
"8147",5.930059524,4.0855,"P0522","EC_0249.jpg"
"8148",5.967261905,4.0232,"P0522","EC_0230.jpg"
"8149",6.990327381,2.8117,"P0522","EC_0041.jpg"
"8150",3.976934524,2.9229,"P0522","EC_0205.jpg"
"8151",5.892857143,3.4142,"P0522","EC_0203.jpg"
"8152",3.995535714,3.8173,"P0522","EC_0064.jpg"
"8153",1.186755952,3.572,"P0522","EC_0134.jpg"
"8154",6.023065476,2.7547,"P0522","EC_0019.jpg"
"8155",0.089285714,3.1148,"P0522","EC_0053.jpg"
"8156",2.079613095,2.9992,"P0522","EC_0042.jpg"
"8157",3.976934524,3.2059,"P0522","EC_0079.jpg"
"8158",6.023065476,4.0084,"P0522","EC_0024.jpg"
"8159",2.042410714,2.9515,"P0522","EC_0076.jpg"
"8160",4.851190476,2.9417,"P0522","EC_0154.jpg"
"8161",8.943452381,3.1589,"P0522","EC_0193.png"
"8162",3.84672619,3.1536,"P0522","EC_0051.jpg"
"8163",3.139880952,3.8931,"P0522","EC_0104.jpg"
"8164",9.073660714,2.829,"P0522","EC_0027.jpg"
"8165",6.915922619,3.2595,"P0522","EC_0149.jpg"
"8166",1.130952381,3.4417,"P0522","EC_0090.jpg"
"8167",8.14360119,2.5927,"P0522","EC_0213.jpg"
"8168",2.154017857,2.8275,"P0522","EC_0062.jpg"
"8169",7.027529762,3.0334,"P0522","EC_0140.jpg"
"8170",2.321428571,2.7123,"P0522","EC_0195.jpg"
"8171",4.851190476,2.6007,"P0522","EC_0070.jpg"
"8172",5.037202381,2.9804,"P0522","EC_0238.jpg"
"8173",1.205357143,2.8509,"P0522","EC_0211.jpg"
"8174",1.000744048,2.4826,"P0522","EC_0183.jpg"
"8175",4.962797619,3.2673,"P0522","EC_0067.jpg"
"8176",1.968005952,3.1824,"P0522","EC_0065.jpg"
"8177",1.261160714,2.7533,"P0522","EC_0235.jpg"
"8178",7.120535714,3.5663,"P0522","EC_0093.jpg"
"8179",7.976190476,2.7424,"P0522","EC_0108.jpg"
"8180",8.962053571,3.0947,"P0522","EC_0174.jpg"
"8181",6.97172619,5.0167,"P0522","EC_0199.jpg"
"8182",6.97172619,7.1171,"P0522","EC_0207.jpg"
"8183",6.990327381,5.9043,"P0522","EC_0068.jpg"
"8184",7.046130952,3.0082,"P0522","EC_0057.jpeg"
"8185",1.968005952,3.132,"P0522","EC_0159.jpg"
"8186",6.953125,2.9941,"P0522","EC_0115.jpg"
"8187",3.121279762,2.9917,"P0522","EC_0037.jpg"
"8188",1.986607143,2.7105,"P0522","EC_0125.jpeg"
"8189",8.980654762,3.182,"P0522","EC_0038.jpg"
"8190",6.915922619,2.5664,"P0522","EC_0202.jpg"
