"","value","rating.rt","participant","pic_path"
"1",7.070106627,2.4239,"P0001","EC_0166.jpg"
"2",5.88624379,2.0906,"P0001","EC_0177.jpg"
"3",9.94047619,2.5498,"P0001","EC_0020.jpg"
"4",3.73015873,2.7892,"P0001","EC_0150.jpg"
"5",7.030424088,2.0811,"P0001","EC_0128.jpeg"
"6",7.916666667,2.2611,"P0001","EC_0070.jpg"
"7",3.253968254,2.7811,"P0001","EC_0201.jpg"
"8",9.900793651,2.2691,"P0001","EC_0028.jpg"
"9",9.080688234,2.1253,"P0001","EC_0003.jpg"
"10",4.034392342,2.5811,"P0001","EC_0124.jpeg"
"11",5.092592996,2.1709,"P0001","EC_0197.jpg"
"12",3.240741548,2.3296,"P0001","EC_0005.jpg"
"13",7.996031746,2.1943,"P0001","EC_0065.jpg"
"14",6.884920635,2.2125,"P0001","EC_0056.jpg"
"15",8.108466012,1.9537,"P0001","EC_0059.jpg"
"16",6.078043135,2.3174,"P0001","EC_0176.jpg"
"17",6.177249485,2.2779,"P0001","EC_0018.jpg"
"18",7.810846965,2.0017,"P0001","EC_0238.jpg"
"19",9.160053314,2.0555,"P0001","EC_0119.jpg"
"20",9.933862838,2.0004,"P0001","EC_0085.jpg"
"21",8.855820913,2.0949,"P0001","EC_0094.jpg"
"22",7.638888889,2.0104,"P0001","EC_0229.jpg"
"23",9.861111111,2.6157,"P0001","EC_0104.jpg"
"24",9.054233612,1.9536,"P0001","EC_0010.jpg"
"25",9.047619048,1.7921,"P0001","EC_0233.jpg"
"26",6.957672361,2.1657,"P0001","EC_0066.jpg"
"27",8.154761905,2.0488,"P0001","EC_0188.jpg"
"28",6.130952381,2.1669,"P0001","EC_0211.jpg"
"29",7.771164425,2.0637,"P0001","EC_0159.jpg"
"30",9.404761905,2.1648,"P0001","EC_0041.jpg"
"31",9.768519326,2.4076,"P0001","EC_0039.jpg"
"32",5.271164425,2.3131,"P0001","EC_0012.jpg"
"33",6.038360596,1.8657,"P0001","EC_0117.jpg"
"34",6.865079365,2.0112,"P0001","EC_0027.jpg"
"35",8.465608869,2.0547,"P0001","EC_0139.png"
"36",7.777777778,2.001,"P0001","EC_0097.jpg"
"37",9.027777778,2.15,"P0001","EC_0022.jpg"
"38",6.501323155,2.2497,"P0001","EC_0224.jpg"
"39",5.46296377,2.0574,"P0001","EC_0200.png"
"40",6.798942203,1.8882,"P0001","EC_0086.jpg"
"41",9.034392342,2.0997,"P0001","EC_0171.jpg"
"42",9.920634921,1.9956,"P0001","EC_0223.jpg"
"43",6.765873016,2.1013,"P0001","EC_0138.png"
"44",8.141535199,1.92,"P0001","EC_0234.jpg"
"45",9.285714286,2.0183,"P0001","EC_0174.jpg"
"46",9.457672361,2.0036,"P0001","EC_0037.jpg"
"47",7.837301587,2.0388,"P0001","EC_0049.jpg"
"48",6.521164425,2.1298,"P0001","EC_0015.jpg"
"49",7.605820913,1.9412,"P0001","EC_0168.jpeg"
"50",7.46031746,1.9333,"P0001","EC_0219.jpg"
"51",4.067460317,2.3812,"P0001","EC_0011.jpg"
"52",4.669312977,2.0458,"P0001","EC_0101.jpg"
"53",6.785714286,2.0677,"P0001","EC_0194.jpg"
"54",8.280424088,1.8667,"P0001","EC_0032.jpg"
"55",7.149471707,1.8918,"P0001","EC_0014.jpg"
"56",8.121693929,1.7141,"P0001","EC_0098.jpg"
"57",9.113757421,1.9994,"P0001","EC_0116.jpg"
"58",9.074074881,1.6168,"P0001","EC_0214.jpg"
"59",9.417989822,1.8896,"P0001","EC_0250.jpg"
"60",9.669312977,1.8971,"P0001","EC_0148.jpg"
"61",8.253968254,1.9982,"P0001","EC_0068.jpg"
"62",9.874339028,2.1662,"P0001","EC_0081.jpg"
"63",7.837301587,1.9059,"P0001","EC_0153.jpg"
"64",9.861111111,2.396,"P0001","EC_0169.png"
"65",8.822751726,2.1523,"P0001","EC_0069.jpg"
"66",8.34656125,1.9826,"P0001","EC_0240.jpg"
"67",5.985450139,2.2564,"P0001","EC_0090.jpg"
"68",6.818783472,1.9594,"P0001","EC_0237.jpg"
"69",8.260582818,2.0164,"P0001","EC_0064.jpg"
"70",6.547619048,1.95,"P0001","EC_0071.jpg"
"71",8.121693929,2.1942,"P0001","EC_0120.jpg"
"72",9.391535199,2.2445,"P0001","EC_0228.jpg"
"73",6.805555556,2.0036,"P0001","EC_0184.jpg"
"74",6.097884405,2.1337,"P0001","EC_0154.jpg"
"75",6.494709802,1.9306,"P0001","EC_0213.jpg"
"76",7.248678056,1.8797,"P0001","EC_0193.png"
"77",8.06217012,1.8673,"P0001","EC_0047.jpg"
"78",9.794973949,2.1312,"P0001","EC_0008.jpg"
"79",9.173281231,1.9994,"P0001","EC_0131.jpg"
"80",5.90608506,2.4665,"P0001","EC_0007.jpg"
"81",7.453704107,1.9665,"P0001","EC_0016.jpg"
"82",4.993386647,2.5,"P0001","EC_0198.jpg"
"83",9.543650794,2.3995,"P0001","EC_0072.jpg"
"84",8.134920635,2.0146,"P0001","EC_0203.jpg"
"85",9.398148552,2.1321,"P0001","EC_0182.jpg"
"86",9.464285714,1.816,"P0001","EC_0048.jpg"
"87",5.919312977,2.4498,"P0001","EC_0060.jpg"
"88",6.951059008,2.2413,"P0001","EC_0033.jpeg"
"89",7.288360596,1.9772,"P0001","EC_0187.jpeg"
"90",9.451059008,2.2219,"P0001","EC_0019.jpg"
"91",8.948412698,2.045,"P0001","EC_0241.jpg"
"92",9.160053314,1.9799,"P0001","EC_0102.jpg"
"93",7.17592633,2.2378,"P0001","EC_0202.jpg"
"94",8.267196171,1.8376,"P0001","EC_0158.jpg"
"95",9.298942203,2.1189,"P0001","EC_0243.jpg"
"96",8.06217012,1.8908,"P0001","EC_0172.jpg"
"97",7.665344723,1.9911,"P0001","EC_0084.jpg"
"98",8.419312977,1.869,"P0001","EC_0062.jpg"
"99",9.31217012,2.0025,"P0001","EC_0141.jpg"
"100",5.171958076,2.5311,"P0001","EC_0088.jpg"
"101",8.161376469,2.2875,"P0001","EC_0105.jpg"
"102",4.239418393,2.6162,"P0001","EC_0249.jpg"
"103",6.130952381,2.274,"P0001","EC_0036.jpeg"
"104",6.673281231,1.7963,"P0001","EC_0040.jpg"
"105",3.604497758,2.1302,"P0001","EC_0165.jpg"
"106",7.777777778,2.2029,"P0001","EC_0067.jpg"
"107",7.996031746,1.8809,"P0001","EC_0095.jpg"
"108",9.186507937,1.9916,"P0001","EC_0231.jpg"
"109",8.822751726,1.9842,"P0001","EC_0099.jpg"
"110",5.985450139,2.0672,"P0001","EC_0006.jpg"
"111",3.525132679,2.1138,"P0001","EC_0161.jpg"
"112",8.36640252,2.1335,"P0001","EC_0017.jpg"
"113",6.613757421,1.8997,"P0001","EC_0009.jpg"
"114",9.417989822,2.3499,"P0001","EC_0221.jpg"
"115",6.726190476,2.2002,"P0001","EC_0247.jpg"
"116",8.121693929,1.8313,"P0001","EC_0136.jpg"
"117",9.828043135,1.9366,"P0001","EC_0205.jpg"
"118",8.736773294,2.5144,"P0001","EC_0080.jpg"
"119",9.570106627,1.8526,"P0001","EC_0083.jpg"
"120",8.670634921,1.6833,"P0001","EC_0051.jpg"
"121",2.665344723,2.4372,"P0001","EC_0142.jpg"
"122",6.951059008,1.7623,"P0001","EC_0160.jpg"
"123",7.585979643,1.6535,"P0001","EC_0001.jpg"
"124",8.247354901,1.7166,"P0001","EC_0031.jpg"
"125",8.247354901,1.9031,"P0001","EC_0232.jpg"
"126",6.322751726,2.0377,"P0001","EC_0093.jpg"
"127",8.115079365,1.9887,"P0001","EC_0063.jpg"
"128",8.439154246,2.0163,"P0001","EC_0222.jpg"
"129",7.235450139,2.535,"P0001","EC_0076.jpg"
"130",9.007936508,2.0576,"P0001","EC_0236.jpg"
"131",7.51984127,1.8878,"P0001","EC_0034.jpg"
"132",4.788360596,1.9739,"P0001","EC_0183.jpg"
"133",4.887566945,2.1359,"P0001","EC_0244.jpg"
"134",6.302910457,1.8041,"P0001","EC_0245.jpg"
"135",9.444444444,3.7996,"P0001","EC_0073.jpg"
"136",8.280424088,2.0106,"P0001","EC_0185.jpg"
"137",5.052910457,6.0428,"P0001","EC_0118.jpg"
"138",6.534392342,1.7165,"P0001","EC_0210.jpg"
"139",8.121693929,1.9496,"P0001","EC_0248.jpg"
"140",6.164021568,2.091,"P0001","EC_0075.jpg"
"141",4.920634921,1.9224,"P0001","EC_0125.jpeg"
"142",7.142857143,2.1148,"P0001","EC_0156.jpg"
"143",8.055555556,1.7001,"P0001","EC_0207.jpg"
"144",9.351852659,1.8499,"P0001","EC_0089.jpg"
"145",9.351852659,1.7332,"P0001","EC_0092.jpg"
"146",9.94047619,2.0479,"P0001","EC_0123.jpeg"
"147",6.739418393,1.9492,"P0001","EC_0135.jpg"
"148",7.552910457,1.6239,"P0001","EC_0134.jpg"
"149",7.810846965,1.7085,"P0001","EC_0239.jpg"
"150",8.935185993,1.8307,"P0001","EC_0173.jpg"
"151",9.847884405,3.0516,"P0001","EC_0030.jpg"
"152",8.247354901,1.8812,"P0001","EC_0115.jpg"
"153",7.883598691,1.8643,"P0001","EC_0044.jpg"
"154",6.19047619,1.8833,"P0001","EC_0055.jpg"
"155",8.260582818,1.8626,"P0001","EC_0132.jpg"
"156",6.818783472,2.8392,"P0001","EC_0140.jpg"
"157",9.722222222,2.0985,"P0001","EC_0152.jpg"
"158",8.869047619,1.7665,"P0001","EC_0024.jpg"
"159",5.515873016,2.1412,"P0001","EC_0226.jpg"
"160",6.73280504,2.0067,"P0001","EC_0230.jpg"
"161",7.797619048,1.8835,"P0001","EC_0163.jpg"
"162",8.525132679,1.7331,"P0001","EC_0204.jpg"
"163",9.305555556,1.966,"P0001","EC_0079.jpg"
"164",9.814815218,2.0664,"P0001","EC_0077.jpg"
"165",6.474868532,1.8928,"P0001","EC_0054.jpg"
"166",7.658730159,1.7977,"P0001","EC_0100.jpg"
"167",7.810846965,1.9495,"P0001","EC_0227.jpg"
"168",8.538360596,1.9829,"P0001","EC_0042.jpg"
"169",9.365079365,2.3168,"P0001","EC_0109.jpg"
"170",9.649471707,1.9512,"P0001","EC_0157.jpg"
"171",7.248678056,2.0333,"P0001","EC_0151.jpg"
"172",7.605820913,1.835,"P0001","EC_0111.jpg"
"173",5.238095238,2.0669,"P0001","EC_0147.png"
"174",6.607142857,1.6009,"P0001","EC_0058.jpg"
"175",8.267196171,1.9832,"P0001","EC_0002.jpg"
"176",7.53968254,2.1665,"P0001","EC_0181.jpg"
"177",9.801587302,2.0368,"P0001","EC_0038.jpg"
"178",9.484126984,1.8497,"P0001","EC_0196.jpg"
"179",8.412698413,1.8995,"P0001","EC_0082.jpg"
"180",6.779100933,2.0165,"P0001","EC_0053.jpg"
"181",6.858466012,1.9997,"P0001","EC_0061.jpg"
"182",8.260582818,1.9665,"P0001","EC_0170.jpg"
"183",8.260582818,1.935,"P0001","EC_0206.png"
"184",8.902116806,1.9144,"P0001","EC_0106.jpg"
"185",9.933862838,2.2548,"P0001","EC_0103.jpg"
"186",9.973545377,2.0384,"P0001","EC_0013.jpg"
"187",8.829365079,1.9044,"P0001","EC_0096.jpg"
"188",7.162698413,2.0139,"P0001","EC_0162.jpg"
"189",7.784392342,1.8825,"P0001","EC_0137.jpg"
"190",8.373015873,1.9993,"P0001","EC_0046.jpg"
"191",6.243386647,2.3329,"P0001","EC_0199.jpg"
"192",4.67592633,2.4087,"P0001","EC_0164.jpg"
"193",5.92592633,2.287,"P0001","EC_0195.jpg"
"194",7.903439961,2.0536,"P0001","EC_0235.jpg"
"195",9.510582818,1.8995,"P0001","EC_0057.jpeg"
"196",8.677249485,1.8164,"P0001","EC_0167.jpg"
"197",9.880952381,2.1992,"P0001","EC_0149.jpg"
"198",9.67592633,2.1092,"P0001","EC_0242.jpg"
"199",9.206349206,1.9669,"P0001","EC_0129.jpeg"
"200",6.402116806,2.0846,"P0001","EC_0209.jpg"
"201",7.705027262,2.1479,"P0001","EC_0029.jpg"
"202",6.600529504,2.416,"P0001","EC_0113.jpg"
"203",8.247354901,1.9734,"P0001","EC_0121.jpg"
"204",9.517196171,1.9491,"P0001","EC_0108.jpg"
"205",7.830688234,2.2663,"P0001","EC_0180.jpg"
"206",8.955027262,2.2498,"P0001","EC_0246.jpg"
"207",9.31217012,1.8165,"P0001","EC_0133.jpg"
"208",9.761904762,2.0532,"P0001","EC_0074.jpg"
"209",9.728836786,1.7005,"P0001","EC_0050.jpg"
"210",7.599206349,1.9527,"P0001","EC_0087.jpg"
"211",0.912698413,6.3982,"P0002","EC_0121.jpg"
"212",6.984126984,8.6463,"P0002","EC_0163.jpg"
"213",8.941798942,4.5671,"P0002","EC_0103.jpg"
"214",0.013227513,5.3052,"P0002","EC_0246.jpg"
"215",8.015873016,7.6642,"P0002","EC_0157.jpg"
"216",6.084656085,9.2884,"P0002","EC_0063.jpg"
"217",3.981481481,3.9128,"P0002","EC_0176.jpg"
"218",4.986772487,6.792,"P0002","EC_0136.jpg"
"219",0.03968254,3.1876,"P0002","EC_0047.jpg"
"220",6.018518519,6.435,"P0002","EC_0079.jpg"
"221",0.026455026,2.8298,"P0002","EC_0048.jpg"
"222",9.113756614,5.2929,"P0002","EC_0104.jpg"
"223",8.068783069,4.4279,"P0002","EC_0188.jpg"
"224",8.941798942,4.6054,"P0002","EC_0096.jpg"
"225",0.013227513,5.6015,"P0002","EC_0028.jpg"
"226",9.007936508,3.611,"P0002","EC_0066.jpg"
"227",6.957671958,6.6266,"P0002","EC_0038.jpg"
"228",9.947089947,4.7791,"P0002","EC_0142.jpg"
"229",4.947089947,7.8106,"P0002","EC_0113.jpg"
"230",0.052910053,9.7141,"P0002","EC_0185.jpg"
"231",2.94973545,7.7766,"P0002","EC_0082.jpg"
"232",6.164021164,4.2141,"P0002","EC_0197.jpg"
"233",0.03968254,3.6369,"P0002","EC_0118.jpg"
"234",7.94973545,5.1491,"P0002","EC_0207.jpg"
"235",3.862433862,5.4976,"P0002","EC_0201.jpg"
"236",2.91005291,4.5047,"P0002","EC_0243.jpg"
"237",2.777777778,4.6584,"P0002","EC_0193.png"
"238",5.304232804,5.1359,"P0002","EC_0183.jpg"
"239",0.03968254,3.2944,"P0002","EC_0156.jpg"
"240",3.968253968,3.4631,"P0002","EC_0109.jpg"
"241",2.142857143,5.4322,"P0002","EC_0125.jpeg"
"242",5.066137566,3.5592,"P0002","EC_0108.jpg"
"243",7.08994709,5.5645,"P0002","EC_0041.jpg"
"244",8.28042328,4.0964,"P0002","EC_0211.jpg"
"245",0.105820106,4.378,"P0002","EC_0003.jpg"
"246",9.96031746,5.0306,"P0002","EC_0080.jpg"
"247",7.843915344,5.6319,"P0002","EC_0012.jpg"
"248",8.002645503,3.3585,"P0002","EC_0037.jpg"
"249",6.044973545,4.1974,"P0002","EC_0232.jpg"
"250",9.920634921,3.4706,"P0002","EC_0092.jpg"
"251",9.947089947,3.3754,"P0002","EC_0196.jpg"
"252",8.214285714,4.9209,"P0002","EC_0184.jpg"
"253",6.018518519,2.9945,"P0002","EC_0046.jpg"
"254",5.939153439,4.4292,"P0002","EC_0105.jpg"
"255",0.092592593,2.919,"P0002","EC_0153.jpg"
"256",1.71957672,3.1974,"P0002","EC_0154.jpg"
"257",0,4.7286,"P0002","EC_0033.jpeg"
"258",6.878306878,3.0358,"P0002","EC_0241.jpg"
"259",1.746031746,3.304,"P0002","EC_0031.jpg"
"260",3.796296296,4.8328,"P0002","EC_0084.jpg"
"261",9.947089947,155.1013,"P0002","EC_0008.jpg"
"262",0.066137566,6.1819,"P0002","EC_0074.jpg"
"263",6.031746032,4.4467,"P0002","EC_0140.jpg"
"264",0.052910053,20.505,"P0002","EC_0158.jpg"
"265",0.03968254,3.5352,"P0002","EC_0101.jpg"
"266",1.944444444,17.1658,"P0002","EC_0039.jpg"
"267",0.026455026,10.9609,"P0002","EC_0148.jpg"
"268",0.052910053,4.03,"P0002","EC_0169.png"
"269",0.119047619,3.2323,"P0002","EC_0228.jpg"
"270",0.079365079,3.8289,"P0002","EC_0019.jpg"
"271",0.066137566,3.9965,"P0002","EC_0053.jpg"
"272",0,4.7952,"P0002","EC_0129.jpeg"
"273",3.994708995,2.8666,"P0002","EC_0177.jpg"
"274",6.785714286,4.9001,"P0002","EC_0238.jpg"
"275",0.013227513,6.7046,"P0002","EC_0011.jpg"
"276",0.052910053,7.9396,"P0002","EC_0248.jpg"
"277",1.957671958,10.1068,"P0002","EC_0016.jpg"
"278",0.052910053,2.7311,"P0002","EC_0001.jpg"
"279",0.648148148,5.7994,"P0002","EC_0194.jpg"
"280",4.285714286,4.5126,"P0002","EC_0195.jpg"
"281",0.105820106,13.1393,"P0002","EC_0007.jpg"
"282",2.275132275,4.46,"P0002","EC_0024.jpg"
"283",9.920634921,4.218,"P0002","EC_0209.jpg"
"284",0.013227513,3.0298,"P0002","EC_0002.jpg"
"285",1.666666667,8.0331,"P0002","EC_0071.jpg"
"286",2.658730159,3.9998,"P0002","EC_0164.jpg"
"287",0.105820106,3.881,"P0002","EC_0237.jpg"
"288",3.425925926,2.9886,"P0002","EC_0235.jpg"
"289",0.092592593,3.7868,"P0002","EC_0089.jpg"
"290",0.013227513,5.542,"P0002","EC_0206.png"
"291",9.986772487,20.7624,"P0002","EC_0223.jpg"
"292",9.947089947,7.7788,"P0002","EC_0068.jpg"
"293",3.161375661,4.3806,"P0002","EC_0170.jpg"
"294",0.013227513,4.6033,"P0002","EC_0083.jpg"
"295",0.066137566,4.7121,"P0002","EC_0128.jpeg"
"296",0.066137566,2.4803,"P0002","EC_0088.jpg"
"297",0.066137566,2.6311,"P0002","EC_0062.jpg"
"298",0.092592593,6.1284,"P0002","EC_0040.jpg"
"299",0.052910053,3.4955,"P0002","EC_0032.jpg"
"300",9.907407407,9.3764,"P0002","EC_0137.jpg"
"301",3.664021164,3.0126,"P0002","EC_0131.jpg"
"302",0,2.8486,"P0002","EC_0119.jpg"
"303",0.211640212,5.3938,"P0002","EC_0111.jpg"
"304",0.105820106,3.633,"P0002","EC_0013.jpg"
"305",6.177248677,3.7991,"P0002","EC_0067.jpg"
"306",0.026455026,3.6414,"P0002","EC_0244.jpg"
"307",1.018518519,4.0488,"P0002","EC_0097.jpg"
"308",6.203703704,4.846,"P0002","EC_0181.jpg"
"309",3.941798942,4.6004,"P0002","EC_0081.jpg"
"310",2.896825397,4.0126,"P0002","EC_0073.jpg"
"311",0.992063492,48.7172,"P0002","EC_0198.jpg"
"312",7.989417989,4.6298,"P0002","EC_0236.jpg"
"313",0.052910053,8.2992,"P0002","EC_0161.jpg"
"314",4.047619048,9.9612,"P0002","EC_0065.jpg"
"315",5.145502646,9.7948,"P0002","EC_0199.jpg"
"316",0.052910053,4.165,"P0002","EC_0060.jpg"
"317",0.066137566,3.7647,"P0002","EC_0057.jpeg"
"318",0.026455026,6.0578,"P0002","EC_0159.jpg"
"319",0.066137566,5.533,"P0002","EC_0009.jpg"
"320",1.256613757,7.2548,"P0002","EC_0149.jpg"
"321",0.03968254,2.8666,"P0002","EC_0050.jpg"
"322",0.132275132,3.0664,"P0002","EC_0006.jpg"
"323",0.026455026,3.7958,"P0002","EC_0124.jpeg"
"324",9.867724868,3.946,"P0002","EC_0133.jpg"
"325",0.092592593,7.3234,"P0002","EC_0077.jpg"
"326",2.486772487,3.8474,"P0002","EC_0100.jpg"
"327",3.465608466,4.7972,"P0002","EC_0117.jpg"
"328",2.513227513,5.34,"P0002","EC_0029.jpg"
"329",0.092592593,3.1476,"P0002","EC_0014.jpg"
"330",0.092592593,3.7142,"P0002","EC_0227.jpg"
"331",5.82010582,4.4844,"P0002","EC_0086.jpg"
"332",7.94973545,5.2081,"P0002","EC_0210.jpg"
"333",0.132275132,3.6777,"P0002","EC_0168.jpeg"
"334",3.941798942,4.0067,"P0002","EC_0213.jpg"
"335",6.547619048,4.9311,"P0002","EC_0167.jpg"
"336",5.092592593,8.5022,"P0002","EC_0242.jpg"
"337",0.158730159,3.9433,"P0002","EC_0005.jpg"
"338",3.888888889,5.3699,"P0002","EC_0036.jpeg"
"339",2.619047619,3.8828,"P0002","EC_0249.jpg"
"340",0.264550265,3.9681,"P0002","EC_0203.jpg"
"341",3.161375661,3.8642,"P0002","EC_0106.jpg"
"342",0.052910053,2.7278,"P0002","EC_0240.jpg"
"343",1.124338624,3.9206,"P0002","EC_0138.png"
"344",0.886243386,3.4799,"P0002","EC_0165.jpg"
"345",3.783068783,4.5418,"P0002","EC_0076.jpg"
"346",2.46031746,5.0548,"P0002","EC_0233.jpg"
"347",0.052910053,2.9191,"P0002","EC_0015.jpg"
"348",0.03968254,3.2904,"P0002","EC_0018.jpg"
"349",0.03968254,2.5464,"P0002","EC_0115.jpg"
"350",7.08994709,4.8555,"P0002","EC_0231.jpg"
"351",7.619047619,3.697,"P0002","EC_0182.jpg"
"352",4.21957672,2.9942,"P0002","EC_0134.jpg"
"353",0.238095238,3.2462,"P0002","EC_0141.jpg"
"354",0.105820106,3.3423,"P0002","EC_0064.jpg"
"355",0.052910053,3.3435,"P0002","EC_0152.jpg"
"356",0.092592593,3.1428,"P0002","EC_0120.jpg"
"357",0.105820106,2.7455,"P0002","EC_0239.jpg"
"358",0.211640212,3.1405,"P0002","EC_0172.jpg"
"359",0.211640212,2.1472,"P0002","EC_0224.jpg"
"360",2.248677249,4.0488,"P0002","EC_0022.jpg"
"361",0.952380952,12.0543,"P0002","EC_0202.jpg"
"362",5.03968254,6.7623,"P0002","EC_0051.jpg"
"363",0.03968254,7.3001,"P0002","EC_0054.jpg"
"364",6.044973545,6.4116,"P0002","EC_0094.jpg"
"365",0.119047619,4.7869,"P0002","EC_0229.jpg"
"366",0.185185185,2.7815,"P0002","EC_0174.jpg"
"367",0.198412698,4.0043,"P0002","EC_0151.jpg"
"368",7.407407407,6.6467,"P0002","EC_0085.jpg"
"369",9.973544974,3.4806,"P0002","EC_0173.jpg"
"370",9.96031746,3.7651,"P0002","EC_0247.jpg"
"371",7.843915344,8.0546,"P0002","EC_0147.png"
"372",2.023809524,3.703,"P0002","EC_0160.jpg"
"373",0.277777778,2.9519,"P0002","EC_0020.jpg"
"374",0.052910053,2.6899,"P0002","EC_0069.jpg"
"375",0.119047619,2.7824,"P0002","EC_0222.jpg"
"376",0.132275132,2.5681,"P0002","EC_0058.jpg"
"377",0.211640212,3.2968,"P0002","EC_0099.jpg"
"378",0.211640212,2.3812,"P0002","EC_0245.jpg"
"379",0.211640212,2.1464,"P0002","EC_0234.jpg"
"380",7.076719577,6.0793,"P0002","EC_0042.jpg"
"381",0.357142857,2.7945,"P0002","EC_0135.jpg"
"382",2.830687831,3.9479,"P0002","EC_0230.jpg"
"383",7.857142857,4.9316,"P0002","EC_0017.jpg"
"384",9.576719577,4.2211,"P0002","EC_0205.jpg"
"385",3.80952381,5.8991,"P0002","EC_0095.jpg"
"386",0.013227513,3.9631,"P0002","EC_0204.jpg"
"387",0.105820106,2.6134,"P0002","EC_0056.jpg"
"388",0.013227513,3.15,"P0002","EC_0090.jpg"
"389",6.164021164,4.9996,"P0002","EC_0070.jpg"
"390",0.132275132,3.6144,"P0002","EC_0049.jpg"
"391",0.052910053,2.4145,"P0002","EC_0087.jpg"
"392",8.201058201,3.8271,"P0002","EC_0010.jpg"
"393",6.30952381,3.0629,"P0002","EC_0075.jpg"
"394",6.256613757,2.5799,"P0002","EC_0093.jpg"
"395",9.828042328,4.5207,"P0002","EC_0226.jpg"
"396",3.73015873,5.543,"P0002","EC_0150.jpg"
"397",0.211640212,2.5988,"P0002","EC_0055.jpg"
"398",5.013227513,3.2787,"P0002","EC_0027.jpg"
"399",5.621693122,6.0763,"P0002","EC_0139.png"
"400",5.687830688,3.4789,"P0002","EC_0044.jpg"
"401",0.026455026,2.5627,"P0002","EC_0187.jpeg"
"402",3.095238095,7.1331,"P0002","EC_0072.jpg"
"403",0.03968254,2.563,"P0002","EC_0214.jpg"
"404",0.092592593,2.7114,"P0002","EC_0059.jpg"
"405",0.145502646,2.1002,"P0002","EC_0166.jpg"
"406",9.907407407,4.8305,"P0002","EC_0123.jpeg"
"407",0.026455026,3.4622,"P0002","EC_0250.jpg"
"408",4.907407407,7.5992,"P0002","EC_0132.jpg"
"409",7.579365079,5.1387,"P0002","EC_0034.jpg"
"410",0.145502646,3.9152,"P0002","EC_0030.jpg"
"411",0.026455026,4.0676,"P0002","EC_0221.jpg"
"412",8.095238095,4.5058,"P0002","EC_0219.jpg"
"413",0.105820106,2.5828,"P0002","EC_0171.jpg"
"414",4.404761905,6.3515,"P0002","EC_0102.jpg"
"415",7.962962963,3.2117,"P0002","EC_0098.jpg"
"416",9.933862434,2.7385,"P0002","EC_0180.jpg"
"417",9.986772487,3.0992,"P0002","EC_0162.jpg"
"418",4.973544974,5.2935,"P0002","EC_0061.jpg"
"419",0.224867725,4.2797,"P0002","EC_0116.jpg"
"420",0.317460317,2.5989,"P0002","EC_0200.png"
"421",6.970899673,2.659,"P0015","EC_0177.jpg"
"422",9.034391534,2.3364,"P0015","EC_0032.jpg"
"423",0.079364978,3.2816,"P0015","EC_0206.png"
"424",9.100529101,2.5092,"P0015","EC_0048.jpg"
"425",4.219576518,2.6236,"P0015","EC_0019.jpg"
"426",0.013227412,2.4878,"P0015","EC_0240.jpg"
"427",0.119047922,2.6928,"P0015","EC_0094.jpg"
"428",1.970899269,3.0312,"P0015","EC_0010.jpg"
"429",4.986772689,2.3791,"P0015","EC_0153.jpg"
"430",9.947091158,4.2319,"P0015","EC_0138.png"
"431",9.96031746,2.4224,"P0015","EC_0057.jpeg"
"432",9.880953592,2.5681,"P0015","EC_0016.jpg"
"433",1.785714891,2.5884,"P0015","EC_0136.jpg"
"434",0.03968254,3.3871,"P0015","EC_0125.jpeg"
"435",0.291005493,2.5089,"P0015","EC_0194.jpg"
"436",3.015873016,3.0489,"P0015","EC_0001.jpg"
"437",0.992064098,2.4907,"P0015","EC_0128.jpeg"
"438",4.947089745,2.437,"P0015","EC_0083.jpg"
"439",4.074074074,2.3878,"P0015","EC_0159.jpg"
"440",4.854497556,3.5688,"P0015","EC_0040.jpg"
"441",0.925926531,2.7941,"P0015","EC_0121.jpg"
"442",5.925925926,2.9345,"P0015","EC_0013.jpg"
"443",2.843915949,3.3016,"P0015","EC_0042.jpg"
"444",6.044973747,2.4594,"P0015","EC_0064.jpg"
"445",2.539682742,2.2963,"P0015","EC_0249.jpg"
"446",1.190476796,2.2281,"P0015","EC_0182.jpg"
"447",8.108465608,2.5007,"P0015","EC_0173.jpg"
"448",6.547619653,2.3209,"P0015","EC_0030.jpg"
"449",1.203704107,2.7509,"P0015","EC_0150.jpg"
"450",0.026455228,2.3279,"P0015","EC_0124.jpeg"
"451",3.068783271,2.5106,"P0015","EC_0002.jpg"
"452",8.082010986,2.3787,"P0015","EC_0028.jpg"
"453",9.947091158,2.9862,"P0015","EC_0103.jpg"
"454",1.904761703,2.5994,"P0015","EC_0027.jpg"
"455",9.113756412,2.6697,"P0015","EC_0210.jpg"
"456",0.912698211,3.3743,"P0015","EC_0072.jpg"
"457",7.949735853,2.3881,"P0015","EC_0038.jpg"
"458",8.928572034,2.2519,"P0015","EC_0092.jpg"
"459",1.097883598,2.4362,"P0015","EC_0105.jpg"
"460",1.931217335,2.6653,"P0015","EC_0095.jpg"
"461",0.978835777,3.3032,"P0015","EC_0199.jpg"
"462",6.865079163,2.1305,"P0015","EC_0007.jpg"
"463",3.095237893,3.5444,"P0015","EC_0024.jpg"
"464",8.095238297,2.3074,"P0015","EC_0062.jpg"
"465",4.920635122,2.3994,"P0015","EC_0244.jpg"
"466",1.87830708,2.3883,"P0015","EC_0085.jpg"
"467",9.060847166,2.2711,"P0015","EC_0133.jpg"
"468",10,2.1709,"P0015","EC_0137.jpg"
"469",2.195767599,2.3675,"P0015","EC_0053.jpg"
"470",3.915344319,2.514,"P0015","EC_0044.jpg"
"471",8.187830486,2.5028,"P0015","EC_0120.jpg"
"472",9.920634517,2.3802,"P0015","EC_0081.jpg"
"473",7.923280221,2.2133,"P0015","EC_0119.jpg"
"474",1.917990023,2.2571,"P0015","EC_0221.jpg"
"475",1.243386042,2.148,"P0015","EC_0077.jpg"
"476",9.722221819,2.4387,"P0015","EC_0205.jpg"
"477",1.084656286,3.5808,"P0015","EC_0185.jpg"
"478",5.820106426,2.3087,"P0015","EC_0219.jpg"
"479",6.097884002,2.8027,"P0015","EC_0106.jpg"
"480",0.066137667,2.7416,"P0015","EC_0184.jpg"
"481",0.079364978,3.2704,"P0015","EC_0065.jpg"
"482",0.026455228,2.4286,"P0015","EC_0154.jpg"
"483",3.121693525,2.7874,"P0015","EC_0165.jpg"
"484",0.171957672,2.6107,"P0015","EC_0201.jpg"
"485",7.023809927,2.3602,"P0015","EC_0039.jpg"
"486",9.007936912,2.3541,"P0015","EC_0228.jpg"
"487",5.092593198,2.3108,"P0015","EC_0233.jpg"
"488",2.645503251,2.8354,"P0015","EC_0100.jpg"
"489",1.137566541,3.6079,"P0015","EC_0135.jpg"
"490",0.978835777,2.3295,"P0015","EC_0236.jpg"
"491",0.978835777,2.4371,"P0015","EC_0068.jpg"
"492",3.015873016,2.502,"P0015","EC_0084.jpg"
"493",7.063491862,2.6962,"P0015","EC_0248.jpg"
"494",0.859788965,2.36,"P0015","EC_0234.jpg"
"495",0.03968254,2.0968,"P0015","EC_0171.jpg"
"496",0.119047922,2.0687,"P0015","EC_0176.jpg"
"497",7.116402116,2.4815,"P0015","EC_0051.jpg"
"498",9.087301789,2.0553,"P0015","EC_0160.jpg"
"499",10,2.4812,"P0015","EC_0123.jpeg"
"500",5.039682943,3.4789,"P0015","EC_0067.jpg"
"501",0.119047922,2.3868,"P0015","EC_0195.jpg"
"502",1.097883598,2.8042,"P0015","EC_0213.jpg"
"503",0.145502545,2.1871,"P0015","EC_0037.jpg"
"504",0.052910356,3.9418,"P0015","EC_0018.jpg"
"505",0.185185488,2.4867,"P0015","EC_0005.jpg"
"506",9.060847166,2.5912,"P0015","EC_0096.jpg"
"507",6.798941597,2.268,"P0015","EC_0156.jpg"
"508",0.079364978,2.4639,"P0015","EC_0169.png"
"509",1.01851872,2.8364,"P0015","EC_0183.jpg"
"510",1.044973343,2.2762,"P0015","EC_0009.jpg"
"511",6.957672361,2.6106,"P0015","EC_0082.jpg"
"512",1.785714891,2.68,"P0015","EC_0242.jpg"
"513",1.150793853,2.3537,"P0015","EC_0181.jpg"
"514",2.777778383,2.6288,"P0015","EC_0250.jpg"
"515",0.092592794,2.7527,"P0015","EC_0162.jpg"
"516",0.211640111,2.6467,"P0015","EC_0231.jpg"
"517",0.965608466,2.1863,"P0015","EC_0214.jpg"
"518",7.076720182,2.5556,"P0015","EC_0117.jpg"
"519",0.03968254,3.0224,"P0015","EC_0151.jpg"
"520",0.03968254,1.7649,"P0015","EC_0113.jpg"
"521",8.227513429,2.4226,"P0015","EC_0196.jpg"
"522",5.978836181,2.4707,"P0015","EC_0090.jpg"
"523",3.187831092,3.4459,"P0015","EC_0109.jpg"
"524",5.925925926,2.4943,"P0015","EC_0093.jpg"
"525",4.920635122,2.7578,"P0015","EC_0015.jpg"
"526",6.177248879,2.4384,"P0015","EC_0101.jpg"
"527",8.875661779,2.9868,"P0015","EC_0014.jpg"
"528",6.970899673,2.7398,"P0015","EC_0020.jpg"
"529",9.96031746,2.7097,"P0015","EC_0157.jpg"
"530",5.873015671,2.7193,"P0015","EC_0188.jpg"
"531",0.939153843,2.5017,"P0015","EC_0148.jpg"
"532",3.042328648,2.2312,"P0015","EC_0073.jpg"
"533",0.119047922,2.6358,"P0015","EC_0149.jpg"
"534",0.026455228,2.6642,"P0015","EC_0152.jpg"
"535",5.952381558,2.1856,"P0015","EC_0193.png"
"536",2.830687629,2.7532,"P0015","EC_0158.jpg"
"537",0.105820106,2.4783,"P0015","EC_0243.jpg"
"538",1.00918e-07,2.9466,"P0015","EC_0203.jpg"
"539",0.185185488,2.3189,"P0015","EC_0235.jpg"
"540",8.042328042,2.8974,"P0015","EC_0069.jpg"
"541",3.743386243,2.3527,"P0015","EC_0238.jpg"
"542",1.111110909,2.3282,"P0015","EC_0102.jpg"
"543",1.01851872,2.4858,"P0015","EC_0164.jpg"
"544",1.917990023,2.6886,"P0015","EC_0140.jpg"
"545",4.880952179,2.373,"P0015","EC_0166.jpg"
"546",1.01851872,2.3698,"P0015","EC_0029.jpg"
"547",2.169311967,2.4468,"P0015","EC_0097.jpg"
"548",2.261905166,2.3114,"P0015","EC_0237.jpg"
"549",8.9947096,2.4105,"P0015","EC_0047.jpg"
"550",0.753968456,2.554,"P0015","EC_0168.jpeg"
"551",3.042328648,2.9693,"P0015","EC_0247.jpg"
"552",0.026455228,2.4042,"P0015","EC_0036.jpeg"
"553",6.785714286,2.2543,"P0015","EC_0167.jpg"
"554",0.965608466,2.8876,"P0015","EC_0239.jpg"
"555",1.944444646,2.5438,"P0015","EC_0071.jpg"
"556",6.851851852,2.3713,"P0015","EC_0098.jpg"
"557",5.145502444,2.4198,"P0015","EC_0116.jpg"
"558",6.917989418,2.5002,"P0015","EC_0163.jpg"
"559",5.965608869,2.5793,"P0015","EC_0086.jpg"
"560",5.965608869,2.7194,"P0015","EC_0134.jpg"
"561",9.933862838,2.2687,"P0015","EC_0211.jpg"
"562",2.870370572,2.9039,"P0015","EC_0187.jpeg"
"563",1.838624137,2.2624,"P0015","EC_0011.jpg"
"564",6.07142837,2.8704,"P0015","EC_0066.jpg"
"565",6.94444505,3.0592,"P0015","EC_0031.jpg"
"566",0.013227412,2.2538,"P0015","EC_0198.jpg"
"567",8.148148552,2.3059,"P0015","EC_0003.jpg"
"568",0.833333333,2.2932,"P0015","EC_0056.jpg"
"569",1.759259259,2.3157,"P0015","EC_0060.jpg"
"570",4.087301385,2.6856,"P0015","EC_0118.jpg"
"571",6.984126984,2.2567,"P0015","EC_0115.jpg"
"572",1.12433923,3.7605,"P0015","EC_0204.jpg"
"573",5.965608869,2.8639,"P0015","EC_0022.jpg"
"574",7.116402116,2.0967,"P0015","EC_0131.jpg"
"575",1.970899269,2.173,"P0015","EC_0089.jpg"
"576",7.962963165,2.3539,"P0015","EC_0006.jpg"
"577",2.156084656,2.3136,"P0015","EC_0200.png"
"578",0.026455228,2.8798,"P0015","EC_0222.jpg"
"579",0.013227412,2.2429,"P0015","EC_0139.png"
"580",0.343915243,2.2815,"P0015","EC_0129.jpeg"
"581",5.965608869,2.6927,"P0015","EC_0197.jpg"
"582",6.08465669,2.2725,"P0015","EC_0054.jpg"
"583",5.939153237,2.8867,"P0015","EC_0088.jpg"
"584",8.13492124,2.9722,"P0015","EC_0012.jpg"
"585",6.124338624,2.4354,"P0015","EC_0223.jpg"
"586",0.158730361,2.6818,"P0015","EC_0161.jpg"
"587",1.071428975,2.663,"P0015","EC_0108.jpg"
"588",4.060846763,2.9889,"P0015","EC_0170.jpg"
"589",0.03968254,2.8531,"P0015","EC_0061.jpg"
"590",1.203704107,2.3199,"P0015","EC_0147.png"
"591",0.013227412,2.4142,"P0015","EC_0232.jpg"
"592",8.968253968,2.4107,"P0015","EC_0070.jpg"
"593",0.198412799,2.3301,"P0015","EC_0017.jpg"
"594",7.195766994,2.3811,"P0015","EC_0174.jpg"
"595",1.164021164,2.6041,"P0015","EC_0034.jpg"
"596",7.222222626,2.8367,"P0015","EC_0172.jpg"
"597",5.793650794,2.5856,"P0015","EC_0055.jpg"
"598",7.010582616,2.2948,"P0015","EC_0104.jpg"
"599",7.076720182,2.5784,"P0015","EC_0049.jpg"
"600",7.976190476,5.9457,"P0015","EC_0245.jpg"
"601",3.902117008,3.3708,"P0015","EC_0080.jpg"
"602",0.092592794,2.2943,"P0015","EC_0059.jpg"
"603",0.886243588,2.146,"P0015","EC_0202.jpg"
"604",6.058201058,2.2811,"P0015","EC_0229.jpg"
"605",9.828042328,2.3305,"P0015","EC_0079.jpg"
"606",9.973545781,1.9611,"P0015","EC_0041.jpg"
"607",9.007936912,2.3222,"P0015","EC_0132.jpg"
"608",9.708995516,2.4417,"P0015","EC_0008.jpg"
"609",9.867725271,2.0194,"P0015","EC_0050.jpg"
"610",9.854496951,2.4357,"P0015","EC_0207.jpg"
"611",7.976190476,2.4599,"P0015","EC_0063.jpg"
"612",7.116402116,2.9095,"P0015","EC_0111.jpg"
"613",0.542327941,2.7543,"P0015","EC_0076.jpg"
"614",0.185185488,2.9903,"P0015","EC_0033.jpeg"
"615",0.026455228,2.1215,"P0015","EC_0142.jpg"
"616",5.992063492,2.3521,"P0015","EC_0087.jpg"
"617",4.021163819,2.8351,"P0015","EC_0180.jpg"
"618",7.116402116,3.0133,"P0015","EC_0075.jpg"
"619",0.105820106,2.3807,"P0015","EC_0209.jpg"
"620",0.105820106,1.8476,"P0015","EC_0224.jpg"
"621",0.224867927,2.1567,"P0015","EC_0226.jpg"
"622",1.031746032,2.3542,"P0015","EC_0074.jpg"
"623",1.917990023,2.4539,"P0015","EC_0141.jpg"
"624",2.857143261,2.4776,"P0015","EC_0046.jpg"
"625",0.026455228,2.1701,"P0015","EC_0230.jpg"
"626",6.481482087,2.7042,"P0015","EC_0099.jpg"
"627",1.00918e-07,2.5476,"P0015","EC_0241.jpg"
"628",0.132275233,1.9102,"P0015","EC_0246.jpg"
"629",0.238095238,2.2452,"P0015","EC_0227.jpg"
"630",0.74074064,2.0525,"P0015","EC_0058.jpg"
"631",0.992063492,4.423,"P0020","EC_0195.jpg"
"632",1.984126984,4.091,"P0020","EC_0206.png"
"633",2.989417989,4.243,"P0020","EC_0049.jpg"
"634",2.989417989,3.76,"P0020","EC_0230.jpg"
"635",3.955026455,3.653,"P0020","EC_0075.jpg"
"636",1.044973545,5.793,"P0020","EC_0129.jpeg"
"637",4.034391534,4.992,"P0020","EC_0188.jpg"
"638",5.013227513,3.407,"P0020","EC_0167.jpg"
"639",0.978835979,3.181,"P0020","EC_0060.jpg"
"640",3.029100529,4.278,"P0020","EC_0061.jpg"
"641",3.941798942,4.295,"P0020","EC_0164.jpg"
"642",5.013227513,3.909,"P0020","EC_0134.jpg"
"643",5.952380952,3.538,"P0020","EC_0040.jpg"
"644",4.047619048,3.488,"P0020","EC_0135.jpg"
"645",2.94973545,3.156,"P0020","EC_0055.jpg"
"646",5.013227513,4.506,"P0020","EC_0173.jpg"
"647",2.010582011,3.807,"P0020","EC_0241.jpg"
"648",5.03968254,5.093,"P0020","EC_0103.jpg"
"649",5.965608466,3.611,"P0020","EC_0082.jpg"
"650",1.970899471,4.459,"P0020","EC_0140.jpg"
"651",3.015873016,3.394,"P0020","EC_0115.jpg"
"652",3.862433862,3.273,"P0020","EC_0086.jpg"
"653",0.066137566,3.996,"P0020","EC_0204.jpg"
"654",4.986772487,3.81,"P0020","EC_0224.jpg"
"655",8.002645503,5.072,"P0020","EC_0062.jpg"
"656",4.973544974,5.142,"P0020","EC_0050.jpg"
"657",0.066137566,3.542,"P0020","EC_0039.jpg"
"658",4.894179894,4.621,"P0020","EC_0116.jpg"
"659",6.904761905,4.69,"P0020","EC_0168.jpeg"
"660",6.018518519,3.207,"P0020","EC_0234.jpg"
"661",6.018518519,3.996,"P0020","EC_0203.jpg"
"662",3.902116402,4.433,"P0020","EC_0072.jpg"
"663",4.907407407,3.141,"P0020","EC_0100.jpg"
"664",5.026455026,3.611,"P0020","EC_0136.jpg"
"665",2.037037037,3.674,"P0020","EC_0002.jpg"
"666",8.002645503,4.491,"P0020","EC_0233.jpg"
"667",6.031746032,3.726,"P0020","EC_0019.jpg"
"668",1.005291005,5.156,"P0020","EC_0153.jpg"
"669",6.031746032,4.343,"P0020","EC_0090.jpg"
"670",0.03968254,3.673,"P0020","EC_0196.jpg"
"671",4.986772487,3.578,"P0020","EC_0228.jpg"
"672",6.944444444,3.759,"P0020","EC_0205.jpg"
"673",6.005291005,3.375,"P0020","EC_0223.jpg"
"674",3.955026455,4.463,"P0020","EC_0139.png"
"675",2.010582011,3.377,"P0020","EC_0076.jpg"
"676",5.03968254,3.261,"P0020","EC_0030.jpg"
"677",3.994708995,5.696,"P0020","EC_0245.jpg"
"678",0.992063492,3.942,"P0020","EC_0199.jpg"
"679",6.917989418,4.23,"P0020","EC_0068.jpg"
"680",2.962962963,5.307,"P0020","EC_0177.jpg"
"681",7.962962963,6.079,"P0020","EC_0102.jpg"
"682",3.968253968,7.979,"P0020","EC_0098.jpg"
"683",3.981481481,3.86,"P0020","EC_0048.jpg"
"684",0.952380952,6.542,"P0020","EC_0151.jpg"
"685",3.968253968,5.409,"P0020","EC_0165.jpg"
"686",1.931216931,3.509,"P0020","EC_0200.png"
"687",4.96031746,6.245,"P0020","EC_0120.jpg"
"688",6.031746032,4.096,"P0020","EC_0219.jpg"
"689",2.962962963,3.474,"P0020","EC_0174.jpg"
"690",4.034391534,3.88,"P0020","EC_0239.jpg"
"691",5,4.608,"P0020","EC_0034.jpg"
"692",1.931216931,6.873,"P0020","EC_0182.jpg"
"693",3.981481481,3.092,"P0020","EC_0231.jpg"
"694",0.965608466,2.962,"P0020","EC_0202.jpg"
"695",3.968253968,4.197,"P0020","EC_0185.jpg"
"696",2.923280423,6.491,"P0020","EC_0170.jpg"
"697",6.984126984,5.094,"P0020","EC_0083.jpg"
"698",5.952380952,3.841,"P0020","EC_0109.jpg"
"699",1.970899471,5.743,"P0020","EC_0088.jpg"
"700",2.989417989,4.446,"P0020","EC_0101.jpg"
"701",3.042328042,7.38,"P0020","EC_0099.jpg"
"702",2.023809524,5.725,"P0020","EC_0065.jpg"
"703",3.875661376,3.93,"P0020","EC_0003.jpg"
"704",1.957671958,3.613,"P0020","EC_0108.jpg"
"705",1.957671958,3.18,"P0020","EC_0027.jpg"
"706",5,9.225,"P0020","EC_0001.jpg"
"707",5.939153439,3.925,"P0020","EC_0053.jpg"
"708",1.997354497,2.926,"P0020","EC_0113.jpg"
"709",6.984126984,3.724,"P0020","EC_0243.jpg"
"710",2.962962963,4.976,"P0020","EC_0169.png"
"711",4.007936508,3.496,"P0020","EC_0037.jpg"
"712",2.037037037,4.615,"P0020","EC_0022.jpg"
"713",4.973544974,4.608,"P0020","EC_0008.jpg"
"714",0.978835979,3.993,"P0020","EC_0194.jpg"
"715",5.013227513,6.166,"P0020","EC_0246.jpg"
"716",1.931216931,4.461,"P0020","EC_0010.jpg"
"717",1.984126984,10.143,"P0020","EC_0059.jpg"
"718",3.968253968,5.992,"P0020","EC_0119.jpg"
"719",4.986772487,3.491,"P0020","EC_0032.jpg"
"720",0.965608466,6.005,"P0020","EC_0240.jpg"
"721",3.994708995,3.446,"P0020","EC_0095.jpg"
"722",3.994708995,2.442,"P0020","EC_0015.jpg"
"723",2.976190476,3.696,"P0020","EC_0249.jpg"
"724",4.973544974,4.591,"P0020","EC_0014.jpg"
"725",0.912698413,6.558,"P0020","EC_0024.jpg"
"726",5.066137566,5.457,"P0020","EC_0006.jpg"
"727",4.933862434,3.492,"P0020","EC_0172.jpg"
"728",3.994708995,6.242,"P0020","EC_0042.jpg"
"729",1.931216931,3.462,"P0020","EC_0198.jpg"
"730",3.994708995,6.963,"P0020","EC_0160.jpg"
"731",7.962962963,7.563,"P0020","EC_0041.jpg"
"732",5.026455026,3.873,"P0020","EC_0163.jpg"
"733",3.042328042,3.403,"P0020","EC_0007.jpg"
"734",6.031746032,5.808,"P0020","EC_0138.png"
"735",0.03968254,3.576,"P0020","EC_0162.jpg"
"736",3.928571429,5.506,"P0020","EC_0221.jpg"
"737",5.013227513,3.487,"P0020","EC_0193.png"
"738",5.978835979,3.854,"P0020","EC_0150.jpg"
"739",5,4.543,"P0020","EC_0084.jpg"
"740",0.052910053,2.862,"P0020","EC_0235.jpg"
"741",4.933862434,3.732,"P0020","EC_0156.jpg"
"742",0.965608466,4.159,"P0020","EC_0184.jpg"
"743",3.981481481,3.09,"P0020","EC_0046.jpg"
"744",5.939153439,3.724,"P0020","EC_0104.jpg"
"745",6.031746032,3.713,"P0020","EC_0047.jpg"
"746",3.941798942,3.492,"P0020","EC_0187.jpeg"
"747",1.071428571,3.875,"P0020","EC_0176.jpg"
"748",3.955026455,5.875,"P0020","EC_0125.jpeg"
"749",1.044973545,5.59,"P0020","EC_0064.jpg"
"750",0.03968254,3.757,"P0020","EC_0242.jpg"
"751",8.928571429,8.295,"P0020","EC_0207.jpg"
"752",3.941798942,5.209,"P0020","EC_0214.jpg"
"753",5.992063492,6.878,"P0020","EC_0087.jpg"
"754",7.05026455,4.058,"P0020","EC_0081.jpg"
"755",1.997354497,4.259,"P0020","EC_0020.jpg"
"756",5.052910053,7.125,"P0020","EC_0158.jpg"
"757",3.015873016,4.84,"P0020","EC_0056.jpg"
"758",0.978835979,3.156,"P0020","EC_0106.jpg"
"759",0.171957672,3.058,"P0020","EC_0161.jpg"
"760",4.060846561,3.693,"P0020","EC_0248.jpg"
"761",1.018518519,2.764,"P0020","EC_0028.jpg"
"762",0.092592593,3.247,"P0020","EC_0181.jpg"
"763",0.132275132,3.994,"P0020","EC_0232.jpg"
"764",0.052910053,5.258,"P0020","EC_0005.jpg"
"765",0.052910053,2.009,"P0020","EC_0171.jpg"
"766",6.904761905,6.025,"P0020","EC_0063.jpg"
"767",1.031746032,4.857,"P0020","EC_0123.jpeg"
"768",5.03968254,3.706,"P0020","EC_0057.jpeg"
"769",5.965608466,4.721,"P0020","EC_0067.jpg"
"770",4.947089947,3.321,"P0020","EC_0105.jpg"
"771",1.044973545,5.643,"P0020","EC_0222.jpg"
"772",6.005291005,3.376,"P0020","EC_0213.jpg"
"773",1.058201058,3.212,"P0020","EC_0058.jpg"
"774",0.079365079,3.877,"P0020","EC_0226.jpg"
"775",1.944444444,4.417,"P0020","EC_0036.jpeg"
"776",5.925925926,6.772,"P0020","EC_0250.jpg"
"777",7.037037037,5.441,"P0020","EC_0013.jpg"
"778",8.015873016,2.809,"P0020","EC_0117.jpg"
"779",6.997354497,5.359,"P0020","EC_0197.jpg"
"780",4.021164021,6.257,"P0020","EC_0111.jpg"
"781",4.894179894,6.507,"P0020","EC_0074.jpg"
"782",3.002645503,5.796,"P0020","EC_0038.jpg"
"783",1.970899471,4.227,"P0020","EC_0009.jpg"
"784",3.994708995,4.599,"P0020","EC_0018.jpg"
"785",5.026455026,2.724,"P0020","EC_0137.jpg"
"786",0.965608466,4.042,"P0020","EC_0247.jpg"
"787",5.105820106,6.341,"P0020","EC_0092.jpg"
"788",4.947089947,4.329,"P0020","EC_0079.jpg"
"789",3.994708995,4.314,"P0020","EC_0118.jpg"
"790",4.021164021,2.606,"P0020","EC_0031.jpg"
"791",3.029100529,4.264,"P0020","EC_0210.jpg"
"792",4.986772487,7.745,"P0020","EC_0069.jpg"
"793",0.965608466,5.941,"P0020","EC_0229.jpg"
"794",7.989417989,4.529,"P0020","EC_0070.jpg"
"795",0.119047619,3.317,"P0020","EC_0227.jpg"
"796",1.058201058,4.138,"P0020","EC_0147.png"
"797",0.013227513,4.714,"P0020","EC_0244.jpg"
"798",5.952380952,4.891,"P0020","EC_0051.jpg"
"799",7.94973545,7.745,"P0020","EC_0157.jpg"
"800",1.005291005,5.425,"P0020","EC_0054.jpg"
"801",4.986772487,4.29,"P0020","EC_0133.jpg"
"802",0.925925926,5.277,"P0020","EC_0149.jpg"
"803",4.007936508,4.382,"P0020","EC_0077.jpg"
"804",1.005291005,3.84,"P0020","EC_0236.jpg"
"805",2.037037037,4.554,"P0020","EC_0238.jpg"
"806",0,8.672,"P0020","EC_0033.jpeg"
"807",5,13.114,"P0020","EC_0201.jpg"
"808",0.992063492,6.395,"P0020","EC_0154.jpg"
"809",1.957671958,4.455,"P0020","EC_0142.jpg"
"810",4.047619048,3.874,"P0020","EC_0180.jpg"
"811",5.013227513,4.162,"P0020","EC_0094.jpg"
"812",6.984126984,4.279,"P0020","EC_0089.jpg"
"813",0.939153439,3.694,"P0020","EC_0121.jpg"
"814",8.994708995,5.681,"P0020","EC_0211.jpg"
"815",7.976190476,3.822,"P0020","EC_0016.jpg"
"816",4.920634921,4.325,"P0020","EC_0085.jpg"
"817",6.005291005,7.955,"P0020","EC_0166.jpg"
"818",2.010582011,3.323,"P0020","EC_0141.jpg"
"819",3.055555556,4.16,"P0020","EC_0071.jpg"
"820",6.044973545,7.526,"P0020","EC_0237.jpg"
"821",2.023809524,4.509,"P0020","EC_0148.jpg"
"822",2.976190476,4.827,"P0020","EC_0128.jpeg"
"823",2.976190476,2.793,"P0020","EC_0093.jpg"
"824",3.029100529,5.679,"P0020","EC_0017.jpg"
"825",0.026455026,3.311,"P0020","EC_0124.jpeg"
"826",0.026455026,2.892,"P0020","EC_0152.jpg"
"827",3.981481481,5.123,"P0020","EC_0012.jpg"
"828",5.026455026,4.175,"P0020","EC_0066.jpg"
"829",6.944444444,4.025,"P0020","EC_0159.jpg"
"830",0.105820106,3.707,"P0020","EC_0044.jpg"
"831",3.941798942,4.659,"P0020","EC_0080.jpg"
"832",1.044973545,2.549,"P0020","EC_0029.jpg"
"833",4.034391534,3.127,"P0020","EC_0132.jpg"
"834",4.973544974,3.46,"P0020","EC_0073.jpg"
"835",1.044973545,3.31,"P0020","EC_0097.jpg"
"836",4.96031746,3.377,"P0020","EC_0096.jpg"
"837",4.96031746,4.009,"P0020","EC_0209.jpg"
"838",2.010582011,4.562,"P0020","EC_0183.jpg"
"839",5.052910053,4.824,"P0020","EC_0011.jpg"
"840",2.94973545,4.29,"P0020","EC_0131.jpg"
"841",5.715801347,2.7105,"P0023","EC_0167.jpg"
"842",5.169057049,2.2313,"P0023","EC_0040.jpg"
"843",6.061112379,2.7588,"P0023","EC_0181.jpg"
"844",6.564692248,2.2136,"P0023","EC_0102.jpg"
"845",4.66547718,2.1298,"P0023","EC_0100.jpg"
"846",3.456885274,3.5277,"P0023","EC_0244.jpg"
"847",5.543144733,7.3489,"P0023","EC_0166.jpg"
"848",5.111504845,2.4183,"P0023","EC_0128.jpeg"
"849",4.377717255,2.7029,"P0023","EC_0238.jpg"
"850",5.874069086,1.8697,"P0023","EC_0090.jpg"
"851",5.312937012,2.2727,"P0023","EC_0140.jpg"
"852",5.960396844,2.0892,"P0023","EC_0239.jpg"
"853",4.607924975,2.3166,"P0023","EC_0148.jpg"
"854",4.996401533,2.6465,"P0023","EC_0129.jpeg"
"855",7.312868713,2.6781,"P0023","EC_0081.jpg"
"856",5.859681309,2.3324,"P0023","EC_0024.jpg"
"857",4.521597217,3.755,"P0023","EC_0153.jpg"
"858",6.017949049,2.4652,"P0023","EC_0149.jpg"
"859",5.284161458,1.9755,"P0023","EC_0160.jpg"
"860",2.809425442,3.4212,"P0023","EC_0002.jpg"
"861",4.046792901,2.2125,"P0023","EC_0092.jpg"
"862",7.269704285,2.8542,"P0023","EC_0219.jpg"
"863",4.794969366,2.097,"P0023","EC_0249.jpg"
"864",8.708503912,3.4278,"P0023","EC_0242.jpg"
"865",3.010857609,2.6373,"P0023","EC_0227.jpg"
"866",4.406492808,2.2696,"P0023","EC_0152.jpg"
"867",4.392105031,2.1633,"P0023","EC_0108.jpg"
"868",7.543076433,2.2727,"P0023","EC_0136.jpg"
"869",4.924461552,2.1308,"P0023","EC_0059.jpg"
"870",7.16898875,2.0599,"P0023","EC_0075.jpg"
"871",6.910004378,2.5296,"P0023","EC_0228.jpg"
"872",6.190604565,2.1974,"P0023","EC_0077.jpg"
"873",5.442429198,2.1402,"P0023","EC_0098.jpg"
"874",5.082729291,3.5909,"P0023","EC_0022.jpg"
"875",6.017949049,2.7826,"P0023","EC_0046.jpg"
"876",1.802265703,8.6884,"P0023","EC_0041.jpg"
"877",5.456816975,2.3901,"P0023","EC_0139.png"
"878",6.348872304,7.1856,"P0023","EC_0060.jpg"
"879",3.485661925,9.3974,"P0023","EC_0176.jpg"
"880",7.643791968,4.3366,"P0023","EC_0156.jpg"
"881",2.277070019,5.1377,"P0023","EC_0222.jpg"
"882",8.866771651,6.9546,"P0023","EC_0063.jpg"
"883",3.413721944,2.6818,"P0023","EC_0019.jpg"
"884",5.758964677,2.2942,"P0023","EC_0038.jpg"
"885",4.838132696,2.4463,"P0023","EC_0067.jpg"
"886",7.183376527,2.3387,"P0023","EC_0086.jpg"
"887",5.946009067,2.686,"P0023","EC_0089.jpg"
"888",4.737417161,1.9753,"P0023","EC_0158.jpg"
"889",6.08988903,2.3325,"P0023","EC_0016.jpg"
"890",2.665545479,2.9548,"P0023","EC_0194.jpg"
"891",4.708641608,3.4456,"P0023","EC_0233.jpg"
"892",5.312937012,1.8635,"P0023","EC_0234.jpg"
"893",5.787741328,1.8545,"P0023","EC_0246.jpg"
"894",4.348941701,2.2196,"P0023","EC_0006.jpg"
"895",8.492683968,2.3407,"P0023","EC_0188.jpg"
"896",6.420812285,1.9055,"P0023","EC_0056.jpg"
"897",5.327324789,1.8724,"P0023","EC_0116.jpg"
"898",4.089957329,2.5999,"P0023","EC_0237.jpg"
"899",5.499981402,2.0789,"P0023","EC_0231.jpg"
"900",6.579081123,2.027,"P0023","EC_0061.jpg"
"901",7.586240861,2.4946,"P0023","EC_0012.jpg"
"902",5.543144733,3.7447,"P0023","EC_0094.jpg"
"903",4.953237105,3.2584,"P0023","EC_0236.jpg"
"904",5.874069086,2.353,"P0023","EC_0198.jpg"
"905",6.981944359,2.5077,"P0023","EC_0085.jpg"
"906",5.169057049,2.1766,"P0023","EC_0240.jpg"
"907",6.13305236,1.7736,"P0023","EC_0047.jpg"
"908",5.499981402,2.5646,"P0023","EC_0247.jpg"
"909",8.650951707,2.2041,"P0023","EC_0103.jpg"
"910",7.154600973,2.5572,"P0023","EC_0079.jpg"
"911",8.276864024,2.161,"P0023","EC_0084.jpg"
"912",7.399196471,2.028,"P0023","EC_0241.jpg"
"913",8.79483167,2.1813,"P0023","EC_0087.jpg"
"914",5.643861365,2.1544,"P0023","EC_0017.jpg"
"915",0.104482253,4.6931,"P0023","EC_0033.jpeg"
"916",4.85252157,2.0648,"P0023","EC_0202.jpg"
"917",5.816516881,2.1228,"P0023","EC_0118.jpg"
"918",5.384876993,1.8217,"P0023","EC_0050.jpg"
"919",5.989172397,2.0698,"P0023","EC_0029.jpg"
"920",5.471204751,1.9192,"P0023","EC_0226.jpg"
"921",6.507141141,2.0825,"P0023","EC_0170.jpg"
"922",5.471204751,2.2694,"P0023","EC_0015.jpg"
"923",6.017949049,1.8905,"P0023","EC_0054.jpg"
"924",6.564692248,2.2269,"P0023","EC_0008.jpg"
"925",5.212221477,1.8486,"P0023","EC_0095.jpg"
"926",5.758964677,2.1637,"P0023","EC_0221.jpg"
"927",5.974784621,2.221,"P0023","EC_0097.jpg"
"928",6.751736639,2.0632,"P0023","EC_0203.jpg"
"929",9.298411539,3.1474,"P0023","EC_0207.jpg"
"930",5.543144733,2.1213,"P0023","EC_0165.jpg"
"931",4.982012659,2.5095,"P0023","EC_0206.png"
"932",9.37035152,2.5583,"P0023","EC_0205.jpg"
"933",6.521528918,2.0293,"P0023","EC_0088.jpg"
"934",5.715801347,2.0867,"P0023","EC_0214.jpg"
"935",5.025177087,2.6535,"P0023","EC_0111.jpg"
"936",6.766124415,2.1651,"P0023","EC_0245.jpg"
"937",7.888388563,2.2737,"P0023","EC_0010.jpg"
"938",9.686888097,2.3609,"P0023","EC_0037.jpg"
"939",6.320096751,1.9233,"P0023","EC_0182.jpg"
"940",5.370489217,1.9356,"P0023","EC_0020.jpg"
"941",4.996401533,6.9375,"P0023","EC_0199.jpg"
"942",6.651021104,2.5493,"P0023","EC_0138.png"
"943",6.607856676,1.9949,"P0023","EC_0048.jpg"
"944",6.981944359,2.2747,"P0023","EC_0211.jpg"
"945",6.075501253,1.9885,"P0023","EC_0248.jpg"
"946",6.075501253,2.0477,"P0023","EC_0173.jpg"
"947",4.089957329,2.5816,"P0023","EC_0195.jpg"
"948",5.240997031,2.0571,"P0023","EC_0230.jpg"
"949",6.190604565,1.9712,"P0023","EC_0224.jpg"
"950",7.341644266,1.9876,"P0023","EC_0042.jpg"
"951",8.046656303,2.1089,"P0023","EC_0123.jpeg"
"952",8.909936079,2.1371,"P0023","EC_0044.jpg"
"953",7.802060805,2.1211,"P0023","EC_0187.jpeg"
"954",7.312868713,1.9661,"P0023","EC_0235.jpg"
"955",6.967556583,2.857,"P0023","EC_0083.jpg"
"956",5.874069086,2.4396,"P0023","EC_0177.jpg"
"957",9.960259148,2.4877,"P0023","EC_0073.jpg"
"958",5.946009067,1.971,"P0023","EC_0223.jpg"
"959",6.780512192,2.7197,"P0023","EC_0229.jpg"
"960",8.147371838,2.5591,"P0023","EC_0134.jpg"
"961",7.571851987,3.1653,"P0023","EC_0055.jpg"
"962",7.399196471,2.0567,"P0023","EC_0210.jpg"
"963",5.787741328,2.5906,"P0023","EC_0213.jpg"
"964",7.874000787,2.6076,"P0023","EC_0099.jpg"
"965",8.809220544,2.7133,"P0023","EC_0062.jpg"
"966",7.586240861,2.007,"P0023","EC_0065.jpg"
"967",7.039496564,2.9088,"P0023","EC_0209.jpg"
"968",6.147441235,2.7798,"P0023","EC_0109.jpg"
"969",8.492683968,2.3257,"P0023","EC_0076.jpg"
"970",5.125892621,2.6905,"P0023","EC_0121.jpg"
"971",6.204992341,1.8913,"P0023","EC_0031.jpg"
"972",5.946009067,2.4809,"P0023","EC_0105.jpg"
"973",6.694184434,2.0918,"P0023","EC_0132.jpg"
"974",7.413584247,1.9907,"P0023","EC_0080.jpg"
"975",9.758828078,2.5056,"P0023","EC_0074.jpg"
"976",6.492752267,2.3377,"P0023","EC_0250.jpg"
"977",7.586240861,2.4123,"P0023","EC_0032.jpg"
"978",6.938781029,2.1865,"P0023","EC_0163.jpg"
"979",6.147441235,2.0532,"P0023","EC_0172.jpg"
"980",5.586309161,2.0118,"P0023","EC_0180.jpg"
"981",4.953237105,2.0027,"P0023","EC_0117.jpg"
"982",6.967556583,1.8896,"P0023","EC_0071.jpg"
"983",5.672636919,1.9024,"P0023","EC_0169.png"
"984",4.766192715,2.3283,"P0023","EC_0113.jpg"
"985",5.442429198,1.9083,"P0023","EC_0030.jpg"
"986",6.406424509,2.0212,"P0023","EC_0093.jpg"
"987",5.485592528,2.3196,"P0023","EC_0036.jpeg"
"988",6.161829011,1.9819,"P0023","EC_0147.png"
"989",6.780512192,2.1235,"P0023","EC_0070.jpg"
"990",6.910004378,2.6294,"P0023","EC_0011.jpg"
"991",9.312800413,2.5691,"P0023","EC_0001.jpg"
"992",6.981944359,2.048,"P0023","EC_0007.jpg"
"993",5.025177087,3.0627,"P0023","EC_0197.jpg"
"994",6.190604565,2.0992,"P0023","EC_0039.jpg"
"995",5.068341514,2.2562,"P0023","EC_0159.jpg"
"996",9.212083781,3.5072,"P0023","EC_0053.jpg"
"997",5.629472491,1.9461,"P0023","EC_0096.jpg"
"998",5.787741328,2.3548,"P0023","EC_0028.jpg"
"999",6.406424509,1.9654,"P0023","EC_0135.jpg"
"1000",8.24808847,2.3988,"P0023","EC_0124.jpeg"
"1001",7.097048769,2.6315,"P0023","EC_0232.jpg"
"1002",6.161829011,2.022,"P0023","EC_0150.jpg"
"1003",6.722961085,2.6085,"P0023","EC_0003.jpg"
"1004",4.910072677,2.3885,"P0023","EC_0027.jpg"
"1005",5.212221477,2.2048,"P0023","EC_0142.jpg"
"1006",5.672636919,1.957,"P0023","EC_0200.png"
"1007",3.93168959,3.7235,"P0023","EC_0154.jpg"
"1008",5.35610144,2.4652,"P0023","EC_0058.jpg"
"1009",9.586171464,2.5395,"P0023","EC_0157.jpg"
"1010",5.298549235,2.0127,"P0023","EC_0066.jpg"
"1011",6.593468899,2.6618,"P0023","EC_0018.jpg"
"1012",3.269841981,3.0571,"P0023","EC_0013.jpg"
"1013",2.953305404,2.4605,"P0023","EC_0184.jpg"
"1014",4.794969366,1.9944,"P0023","EC_0014.jpg"
"1015",5.687024695,2.3491,"P0023","EC_0183.jpg"
"1016",5.226609254,2.2711,"P0023","EC_0064.jpg"
"1017",6.43520116,1.9887,"P0023","EC_0168.jpeg"
"1018",8.075431856,2.5159,"P0023","EC_0133.jpg"
"1019",5.284161458,2.3045,"P0023","EC_0161.jpg"
"1020",5.859681309,2.2983,"P0023","EC_0164.jpg"
"1021",6.377648955,2.196,"P0023","EC_0120.jpg"
"1022",5.428041421,2.1713,"P0023","EC_0171.jpg"
"1023",3.658317441,2.6315,"P0023","EC_0204.jpg"
"1024",6.895616601,2.6213,"P0023","EC_0131.jpg"
"1025",7.615016415,2.864,"P0023","EC_0034.jpg"
"1026",6.938781029,3.3381,"P0023","EC_0009.jpg"
"1027",4.708641608,2.5236,"P0023","EC_0115.jpg"
"1028",5.039564863,2.9935,"P0023","EC_0185.jpg"
"1029",5.586309161,1.9458,"P0023","EC_0005.jpg"
"1030",6.363261179,2.1049,"P0023","EC_0243.jpg"
"1031",7.701344173,2.0881,"P0023","EC_0068.jpg"
"1032",4.996401533,2.3384,"P0023","EC_0049.jpg"
"1033",6.118664583,2.3268,"P0023","EC_0069.jpg"
"1034",6.420812285,1.9638,"P0023","EC_0101.jpg"
"1035",9.83076806,2.7692,"P0023","EC_0072.jpg"
"1036",6.924392155,2.046,"P0023","EC_0151.jpg"
"1037",4.262612845,2.3655,"P0023","EC_0141.jpg"
"1038",5.859681309,1.8361,"P0023","EC_0119.jpg"
"1039",8.953100507,2.461,"P0023","EC_0104.jpg"
"1040",7.974716321,2.4651,"P0023","EC_0137.jpg"
"1041",5.370489217,3.4184,"P0023","EC_0201.jpg"
"1042",6.348872304,2.2628,"P0023","EC_0193.png"
"1043",7.686956396,2.3363,"P0023","EC_0196.jpg"
"1044",6.722961085,2.0405,"P0023","EC_0082.jpg"
"1045",5.154669273,2.3324,"P0023","EC_0106.jpg"
"1046",9.154531576,2.2742,"P0023","EC_0051.jpg"
"1047",5.730189123,2.2799,"P0023","EC_0162.jpg"
"1048",7.284092062,2.6258,"P0023","EC_0125.jpeg"
"1049",8.967488284,2.2989,"P0023","EC_0174.jpg"
"1050",9.888319166,2.2755,"P0023","EC_0057.jpeg"
"1051",9.965112323,4.955,"P0035","EC_0227.jpg"
"1052",4.954522224,3.9427,"P0035","EC_0162.jpg"
"1053",4.059703237,3.0813,"P0035","EC_0113.jpg"
"1054",9.914674305,4.1565,"P0035","EC_0063.jpg"
"1055",7.030190967,3.3065,"P0035","EC_0200.png"
"1056",9.966447467,5.4623,"P0035","EC_0138.png"
"1057",9.990913754,5.1117,"P0035","EC_0239.jpg"
"1058",7.093647775,5.6027,"P0035","EC_0068.jpg"
"1059",2.040469306,4.2245,"P0035","EC_0062.jpg"
"1060",6.926425525,3.4278,"P0035","EC_0233.jpg"
"1061",7.966032709,3.1876,"P0035","EC_0061.jpg"
"1062",6.978976386,4.463,"P0035","EC_0206.png"
"1063",7.059407461,2.9425,"P0035","EC_0202.jpg"
"1064",6.093715713,4.1634,"P0035","EC_0012.jpg"
"1065",9.948374203,3.6102,"P0035","EC_0157.jpg"
"1066",6.932485898,3.7149,"P0035","EC_0151.jpg"
"1067",9.963394574,4.6298,"P0035","EC_0041.jpg"
"1068",9.962330773,3.8933,"P0035","EC_0248.jpg"
"1069",3.015444619,3.1988,"P0035","EC_0204.jpg"
"1070",6.04482401,3.1017,"P0035","EC_0108.jpg"
"1071",4.004721642,3.4102,"P0035","EC_0051.jpg"
"1072",6.907575698,3.7388,"P0035","EC_0087.jpg"
"1073",8.017565182,5.1822,"P0035","EC_0219.jpg"
"1074",6.09711261,4.4775,"P0035","EC_0097.jpg"
"1075",9.968274207,3.0661,"P0035","EC_0008.jpg"
"1076",9.908105305,2.9944,"P0035","EC_0050.jpg"
"1077",9.900062652,4.0764,"P0035","EC_0037.jpg"
"1078",8.101474898,5.1264,"P0035","EC_0181.jpg"
"1079",9.948873747,4.4518,"P0035","EC_0170.jpg"
"1080",2.630744889,5.5175,"P0035","EC_0009.jpg"
"1081",3.033204533,2.8296,"P0035","EC_0057.jpeg"
"1082",1.885815121,4.2431,"P0035","EC_0198.jpg"
"1083",9.950047675,4.8921,"P0035","EC_0207.jpg"
"1084",7.929629598,4.0253,"P0035","EC_0109.jpg"
"1085",6.095550401,4.0569,"P0035","EC_0180.jpg"
"1086",6.915706907,3.0566,"P0035","EC_0173.jpg"
"1087",9.014538583,3.1266,"P0035","EC_0236.jpg"
"1088",4.985667637,2.7259,"P0035","EC_0027.jpg"
"1089",4.998023396,2.9411,"P0035","EC_0201.jpg"
"1090",4.797064917,4.5753,"P0035","EC_0209.jpg"
"1091",5.85745766,2.6262,"P0035","EC_0058.jpg"
"1092",6.058544431,3.1244,"P0035","EC_0103.jpg"
"1093",1.980450267,3.2999,"P0035","EC_0076.jpg"
"1094",1.091439043,3.9698,"P0035","EC_0095.jpg"
"1095",3.918071247,3.1937,"P0035","EC_0124.jpeg"
"1096",7.024424644,4.5194,"P0035","EC_0224.jpg"
"1097",8.932353428,3.9096,"P0035","EC_0064.jpg"
"1098",7.039817401,3.2438,"P0035","EC_0141.jpg"
"1099",3.954923948,4.3276,"P0035","EC_0022.jpg"
"1100",6.730380739,3.2095,"P0035","EC_0187.jpeg"
"1101",8.098098437,4.1761,"P0035","EC_0088.jpg"
"1102",4.833939189,3.8013,"P0035","EC_0042.jpg"
"1103",4.90740163,2.3333,"P0035","EC_0073.jpg"
"1104",4.934211231,2.7459,"P0035","EC_0065.jpg"
"1105",3.084779013,3.0823,"P0035","EC_0231.jpg"
"1106",1.870779991,2.6725,"P0035","EC_0128.jpeg"
"1107",9.891526131,3.1003,"P0035","EC_0001.jpg"
"1108",7.845470111,2.7858,"P0035","EC_0003.jpg"
"1109",9.973041444,3.4995,"P0035","EC_0210.jpg"
"1110",7.84639086,2.8746,"P0035","EC_0147.png"
"1111",5.008293561,2.5835,"P0035","EC_0211.jpg"
"1112",9.998313813,5.0533,"P0035","EC_0096.jpg"
"1113",9.81331689,2.2468,"P0035","EC_0194.jpg"
"1114",9.987686021,2.4162,"P0035","EC_0086.jpg"
"1115",8.801085835,3.4221,"P0035","EC_0240.jpg"
"1116",7.937100047,3.3917,"P0035","EC_0169.png"
"1117",7.018895603,3.4066,"P0035","EC_0020.jpg"
"1118",5.937222299,3.1272,"P0035","EC_0140.jpg"
"1119",3.078506333,4.6092,"P0035","EC_0084.jpg"
"1120",5.120510374,3.1153,"P0035","EC_0016.jpg"
"1121",9.913919313,4.2335,"P0035","EC_0163.jpg"
"1122",9.81204646,5.1806,"P0035","EC_0092.jpg"
"1123",9.967186564,5.6632,"P0035","EC_0015.jpg"
"1124",5.934034302,3.2294,"P0035","EC_0237.jpg"
"1125",8.026981581,2.7678,"P0035","EC_0246.jpg"
"1126",6.859395845,3.1261,"P0035","EC_0075.jpg"
"1127",9.859214737,2.9496,"P0035","EC_0172.jpg"
"1128",9.954738844,4.8579,"P0035","EC_0067.jpg"
"1129",5.945695241,4.0245,"P0035","EC_0039.jpg"
"1130",5.965950603,2.7172,"P0035","EC_0002.jpg"
"1131",5.108411199,3.7345,"P0035","EC_0116.jpg"
"1132",4.927842049,3.4708,"P0035","EC_0111.jpg"
"1133",9.915689287,4.0392,"P0035","EC_0150.jpg"
"1134",9.890789304,3.9664,"P0035","EC_0118.jpg"
"1135",7.693678084,8.4979,"P0035","EC_0010.jpg"
"1136",8.913178898,2.899,"P0035","EC_0085.jpg"
"1137",6.128716696,2.427,"P0035","EC_0129.jpeg"
"1138",9.935521171,3.7207,"P0035","EC_0223.jpg"
"1139",0.921142328,3.2381,"P0035","EC_0049.jpg"
"1140",7.066857474,2.7676,"P0035","EC_0193.png"
"1141",1.949151584,3.1075,"P0035","EC_0242.jpg"
"1142",0.020213581,4.2026,"P0035","EC_0184.jpg"
"1143",5.932843345,3.0654,"P0035","EC_0250.jpg"
"1144",5.92437835,5.8149,"P0035","EC_0247.jpg"
"1145",6.880996568,2.943,"P0035","EC_0234.jpg"
"1146",5.918152219,6.241,"P0035","EC_0077.jpg"
"1147",9.931516874,3.822,"P0035","EC_0007.jpg"
"1148",6.967810449,2.7162,"P0035","EC_0142.jpg"
"1149",4.97244903,2.3698,"P0035","EC_0125.jpeg"
"1150",5.045245034,3.0108,"P0035","EC_0013.jpg"
"1151",9.992450987,4.6049,"P0035","EC_0018.jpg"
"1152",9.944017955,6.2496,"P0035","EC_0213.jpg"
"1153",0.766795817,3.2382,"P0035","EC_0048.jpg"
"1154",10,3.611,"P0035","EC_0166.jpg"
"1155",9.93951525,3.5421,"P0035","EC_0098.jpg"
"1156",6.95809773,4.3808,"P0035","EC_0199.jpg"
"1157",2.877090318,3.6847,"P0035","EC_0183.jpg"
"1158",7.918153717,3.8542,"P0035","EC_0152.jpg"
"1159",6.056044442,2.8373,"P0035","EC_0149.jpg"
"1160",3.888089543,4.3762,"P0035","EC_0244.jpg"
"1161",3.987289837,2.8212,"P0035","EC_0044.jpg"
"1162",4.05968053,2.3576,"P0035","EC_0174.jpg"
"1163",4.97623648,2.834,"P0035","EC_0222.jpg"
"1164",4.93213926,2.6256,"P0035","EC_0154.jpg"
"1165",4.815995353,3.0698,"P0035","EC_0071.jpg"
"1166",6.721022243,2.8725,"P0035","EC_0137.jpg"
"1167",7.060742605,2.6965,"P0035","EC_0120.jpg"
"1168",6.104647773,3.0393,"P0035","EC_0164.jpg"
"1169",5.932668504,2.8307,"P0035","EC_0241.jpg"
"1170",9.915505364,5.3714,"P0035","EC_0079.jpg"
"1171",5.990025202,3.363,"P0035","EC_0139.png"
"1172",4.909482683,4.2253,"P0035","EC_0214.jpg"
"1173",4.9016126,2.4507,"P0035","EC_0188.jpg"
"1174",4.856739952,2.9691,"P0035","EC_0161.jpg"
"1175",7.691827502,4.1916,"P0035","EC_0159.jpg"
"1176",6.966432163,3.0652,"P0035","EC_0165.jpg"
"1177",9.975047566,7.8091,"P0035","EC_0121.jpg"
"1178",5.992837406,4.1586,"P0035","EC_0176.jpg"
"1179",5.731368292,2.5557,"P0035","EC_0123.jpeg"
"1180",9.952611242,4.3977,"P0035","EC_0011.jpg"
"1181",9.982112703,4.2981,"P0035","EC_0168.jpeg"
"1182",3.112868127,3.3824,"P0035","EC_0005.jpg"
"1183",2.534318197,2.7686,"P0035","EC_0243.jpg"
"1184",10,4.2105,"P0035","EC_0080.jpg"
"1185",6.995790572,3.4,"P0035","EC_0160.jpg"
"1186",5.049564952,2.7435,"P0035","EC_0054.jpg"
"1187",9.939771834,3.3564,"P0035","EC_0177.jpg"
"1188",9.895783606,3.6978,"P0035","EC_0099.jpg"
"1189",6.018838655,3.4632,"P0035","EC_0053.jpg"
"1190",9.828349749,28.6455,"P0035","EC_0117.jpg"
"1191",9.892690976,2.8171,"P0035","EC_0074.jpg"
"1192",6.990731557,3.2774,"P0035","EC_0115.jpg"
"1193",5.747883888,3.1755,"P0035","EC_0094.jpg"
"1194",7.132276126,6.7577,"P0035","EC_0019.jpg"
"1195",6.002764702,5.6969,"P0035","EC_0100.jpg"
"1196",5.942106474,6.276,"P0035","EC_0148.jpg"
"1197",8.050135431,3.0332,"P0035","EC_0167.jpg"
"1198",7.19834305,3.1582,"P0035","EC_0046.jpg"
"1199",9.864291918,5.5147,"P0035","EC_0119.jpg"
"1200",10,5.3745,"P0035","EC_0105.jpg"
"1201",5.929565657,4.895,"P0035","EC_0029.jpg"
"1202",4.726607686,4.3941,"P0035","EC_0034.jpg"
"1203",2.09821315,16.2239,"P0035","EC_0235.jpg"
"1204",9.867299398,15.2428,"P0035","EC_0014.jpg"
"1205",5.252528418,10.4775,"P0035","EC_0030.jpg"
"1206",4.801964987,2.3603,"P0035","EC_0203.jpg"
"1207",2.790223076,3.6552,"P0035","EC_0232.jpg"
"1208",5.918466704,5.0565,"P0035","EC_0090.jpg"
"1209",5.597069377,3.4331,"P0035","EC_0072.jpg"
"1210",5.095614933,2.9651,"P0035","EC_0156.jpg"
"1211",4.844647589,3.1601,"P0035","EC_0083.jpg"
"1212",6.940868014,3.1868,"P0035","EC_0055.jpg"
"1213",6.936283566,2.9312,"P0035","EC_0070.jpg"
"1214",8.03021045,2.9548,"P0035","EC_0102.jpg"
"1215",6.915123349,3.3551,"P0035","EC_0245.jpg"
"1216",9.934027081,3.7727,"P0035","EC_0101.jpg"
"1217",9.838451885,2.926,"P0035","EC_0006.jpg"
"1218",8.001938547,3.074,"P0035","EC_0134.jpg"
"1219",9.920293036,3.6519,"P0035","EC_0221.jpg"
"1220",9.963952019,3.8647,"P0035","EC_0229.jpg"
"1221",5.800880932,2.8317,"P0035","EC_0028.jpg"
"1222",9.974552563,3.8961,"P0035","EC_0104.jpg"
"1223",9.880718958,2.4036,"P0035","EC_0056.jpg"
"1224",1.985631897,3.3592,"P0035","EC_0047.jpg"
"1225",4.973599116,2.8707,"P0035","EC_0024.jpg"
"1226",4.785090628,6.909,"P0035","EC_0040.jpg"
"1227",5.024604797,3.164,"P0035","EC_0171.jpg"
"1228",5.059460458,2.5979,"P0035","EC_0136.jpg"
"1229",4.871294839,3.7745,"P0035","EC_0033.jpeg"
"1230",3.964241573,3.403,"P0035","EC_0230.jpg"
"1231",5.976107234,2.7703,"P0035","EC_0069.jpg"
"1232",6.035828817,2.3928,"P0035","EC_0038.jpg"
"1233",5.023422922,2.4063,"P0035","EC_0036.jpeg"
"1234",9.894007955,3.6271,"P0035","EC_0228.jpg"
"1235",9.956145514,2.7683,"P0035","EC_0197.jpg"
"1236",2.746121316,3.7757,"P0035","EC_0059.jpg"
"1237",8.888557071,3.4681,"P0035","EC_0205.jpg"
"1238",7.87649745,6.1439,"P0035","EC_0031.jpg"
"1239",6.059516271,4.3932,"P0035","EC_0249.jpg"
"1240",7.62373402,2.6431,"P0035","EC_0158.jpg"
"1241",6.742860249,2.6339,"P0035","EC_0153.jpg"
"1242",8.119754791,2.6291,"P0035","EC_0082.jpg"
"1243",7.270422663,3.4634,"P0035","EC_0106.jpg"
"1244",5.662013463,2.6421,"P0035","EC_0017.jpg"
"1245",5.031853857,4.1077,"P0035","EC_0133.jpg"
"1246",4.065827188,2.8654,"P0035","EC_0226.jpg"
"1247",8.416381563,3.4537,"P0035","EC_0081.jpg"
"1248",8.538165774,2.8438,"P0035","EC_0196.jpg"
"1249",7.795355661,2.4565,"P0035","EC_0182.jpg"
"1250",7.907967567,2.4322,"P0035","EC_0132.jpg"
"1251",6.707859266,5.1222,"P0035","EC_0131.jpg"
"1252",3.769060771,3.209,"P0035","EC_0185.jpg"
"1253",2.223166057,3.1252,"P0035","EC_0195.jpg"
"1254",6.306219328,3.7638,"P0035","EC_0135.jpg"
"1255",8.232405299,2.3988,"P0035","EC_0060.jpg"
"1256",7.787620681,2.4039,"P0035","EC_0032.jpg"
"1257",6.929713431,2.5347,"P0035","EC_0089.jpg"
"1258",9.822519847,2.5433,"P0035","EC_0066.jpg"
"1259",8.638150578,2.3835,"P0035","EC_0093.jpg"
"1260",8.265563647,2.1349,"P0035","EC_0238.jpg"
"1261",7.116402116,3.779,"P0041","EC_0034.jpg"
"1262",4.973544974,3.915,"P0041","EC_0031.jpg"
"1263",8.161375661,5.081,"P0041","EC_0169.png"
"1264",7.08994709,3.385,"P0041","EC_0174.jpg"
"1265",4.947089947,3.99,"P0041","EC_0117.jpg"
"1266",6.19047619,3.815,"P0041","EC_0081.jpg"
"1267",4.074074074,8.11,"P0041","EC_0129.jpeg"
"1268",6.997354497,3.365,"P0041","EC_0228.jpg"
"1269",6.031746032,4.892,"P0041","EC_0165.jpg"
"1270",4.047619048,3.681,"P0041","EC_0237.jpg"
"1271",5.145502646,6.287,"P0041","EC_0204.jpg"
"1272",8.862433862,3.544,"P0041","EC_0009.jpg"
"1273",7.076719577,3.324,"P0041","EC_0187.jpeg"
"1274",8.240740741,4.963,"P0041","EC_0038.jpg"
"1275",7.037037037,4.316,"P0041","EC_0230.jpg"
"1276",8.015873016,5.491,"P0041","EC_0185.jpg"
"1277",8.835978836,4.809,"P0041","EC_0104.jpg"
"1278",8.029100529,6.07,"P0041","EC_0054.jpg"
"1279",8.015873016,5.252,"P0041","EC_0070.jpg"
"1280",6.005291005,4.12,"P0041","EC_0005.jpg"
"1281",9.986772487,3.897,"P0041","EC_0084.jpg"
"1282",2.037037037,4.219,"P0041","EC_0036.jpeg"
"1283",9.96031746,3.831,"P0041","EC_0037.jpg"
"1284",5.105820106,5.672,"P0041","EC_0019.jpg"
"1285",9.973544974,3.933,"P0041","EC_0074.jpg"
"1286",9.986772487,3.807,"P0041","EC_0199.jpg"
"1287",9.973544974,2.929,"P0041","EC_0150.jpg"
"1288",9.007936508,4.047,"P0041","EC_0012.jpg"
"1289",9.007936508,5.615,"P0041","EC_0096.jpg"
"1290",8.108465608,4.848,"P0041","EC_0164.jpg"
"1291",7.976190476,7.427,"P0041","EC_0137.jpg"
"1292",8.002645503,2.926,"P0041","EC_0166.jpg"
"1293",7.023809524,6.999,"P0041","EC_0086.jpg"
"1294",7.989417989,8.937,"P0041","EC_0124.jpeg"
"1295",8.002645503,4.661,"P0041","EC_0029.jpg"
"1296",8.029100529,3.574,"P0041","EC_0198.jpg"
"1297",4.007936508,6.551,"P0041","EC_0196.jpg"
"1298",0.026455026,5.648,"P0041","EC_0027.jpg"
"1299",9.007936508,4.68,"P0041","EC_0077.jpg"
"1300",5.952380952,6.497,"P0041","EC_0076.jpg"
"1301",6.984126984,8.68,"P0041","EC_0097.jpg"
"1302",7.023809524,5.146,"P0041","EC_0053.jpg"
"1303",7.962962963,3.488,"P0041","EC_0116.jpg"
"1304",6.970899471,4.032,"P0041","EC_0132.jpg"
"1305",5.939153439,6.847,"P0041","EC_0234.jpg"
"1306",0.079365079,3.809,"P0041","EC_0048.jpg"
"1307",8.981481481,4.556,"P0041","EC_0051.jpg"
"1308",2.989417989,6.586,"P0041","EC_0121.jpg"
"1309",0.03968254,4.759,"P0041","EC_0013.jpg"
"1310",0.03968254,7.153,"P0041","EC_0020.jpg"
"1311",6.957671958,4.352,"P0041","EC_0148.jpg"
"1312",7.976190476,3.485,"P0041","EC_0088.jpg"
"1313",8.968253968,4.279,"P0041","EC_0008.jpg"
"1314",7.989417989,5.391,"P0041","EC_0120.jpg"
"1315",6.917989418,5.27,"P0041","EC_0161.jpg"
"1316",0.026455026,3.48,"P0041","EC_0049.jpg"
"1317",0.052910053,4.178,"P0041","EC_0221.jpg"
"1318",8.955026455,4.865,"P0041","EC_0032.jpg"
"1319",7.936507937,5.402,"P0041","EC_0219.jpg"
"1320",9.986772487,3.182,"P0041","EC_0057.jpeg"
"1321",8.981481481,3.099,"P0041","EC_0082.jpg"
"1322",0.03968254,4.246,"P0041","EC_0090.jpg"
"1323",1.984126984,5.759,"P0041","EC_0131.jpg"
"1324",6.058201058,3.511,"P0041","EC_0017.jpg"
"1325",8.055555556,6.486,"P0041","EC_0172.jpg"
"1326",8.955026455,3.64,"P0041","EC_0136.jpg"
"1327",4.947089947,4.158,"P0041","EC_0022.jpg"
"1328",7.023809524,3.229,"P0041","EC_0016.jpg"
"1329",8.941798942,9.492,"P0041","EC_0073.jpg"
"1330",7.896825397,4.389,"P0041","EC_0182.jpg"
"1331",6.084656085,3.907,"P0041","EC_0139.png"
"1332",9.153439153,4.238,"P0041","EC_0168.jpeg"
"1333",0.026455026,3.329,"P0041","EC_0184.jpg"
"1334",1.071428571,4.389,"P0041","EC_0214.jpg"
"1335",8.968253968,5.869,"P0041","EC_0030.jpg"
"1336",2.936507937,10.921,"P0041","EC_0163.jpg"
"1337",9.060846561,7.947,"P0041","EC_0010.jpg"
"1338",5.952380952,2.945,"P0041","EC_0176.jpg"
"1339",5.886243386,3.611,"P0041","EC_0201.jpg"
"1340",6.23015873,3.465,"P0041","EC_0162.jpg"
"1341",0.03968254,4.432,"P0041","EC_0089.jpg"
"1342",9.007936508,3.085,"P0041","EC_0156.jpg"
"1343",3.981481481,7.387,"P0041","EC_0098.jpg"
"1344",9.021164021,3.168,"P0041","EC_0207.jpg"
"1345",6.931216931,5.002,"P0041","EC_0083.jpg"
"1346",3.875661376,7.005,"P0041","EC_0015.jpg"
"1347",7.989417989,3.242,"P0041","EC_0140.jpg"
"1348",6.018518519,4.238,"P0041","EC_0041.jpg"
"1349",5.833333333,3.023,"P0041","EC_0235.jpg"
"1350",6.957671958,3.138,"P0041","EC_0154.jpg"
"1351",8.042328042,3.346,"P0041","EC_0062.jpg"
"1352",8.941798942,4.219,"P0041","EC_0085.jpg"
"1353",6.970899471,3.098,"P0041","EC_0188.jpg"
"1354",7.989417989,3.055,"P0041","EC_0195.jpg"
"1355",2.962962963,4.372,"P0041","EC_0170.jpg"
"1356",8.002645503,4.65,"P0041","EC_0239.jpg"
"1357",5.965608466,9.622,"P0041","EC_0224.jpg"
"1358",2.037037037,5.479,"P0041","EC_0011.jpg"
"1359",8.981481481,5.021,"P0041","EC_0247.jpg"
"1360",7.962962963,2.994,"P0041","EC_0153.jpg"
"1361",4.021164021,6.217,"P0041","EC_0213.jpg"
"1362",5.952380952,3.553,"P0041","EC_0158.jpg"
"1363",6.997354497,3.15,"P0041","EC_0167.jpg"
"1364",6.984126984,4.156,"P0041","EC_0046.jpg"
"1365",1.944444444,3.54,"P0041","EC_0183.jpg"
"1366",8.095238095,6.398,"P0041","EC_0094.jpg"
"1367",7.91005291,3.625,"P0041","EC_0111.jpg"
"1368",4.973544974,3.333,"P0041","EC_0238.jpg"
"1369",0.066137566,4.464,"P0041","EC_0033.jpeg"
"1370",4.986772487,4.665,"P0041","EC_0014.jpg"
"1371",0.03968254,5.494,"P0041","EC_0069.jpg"
"1372",0,2.982,"P0041","EC_0227.jpg"
"1373",6.058201058,4.573,"P0041","EC_0142.jpg"
"1374",8.134920635,3.436,"P0041","EC_0058.jpg"
"1375",8.108465608,4.473,"P0041","EC_0118.jpg"
"1376",8.915343915,9.197,"P0041","EC_0171.jpg"
"1377",6.018518519,3.183,"P0041","EC_0222.jpg"
"1378",8.002645503,4.927,"P0041","EC_0065.jpg"
"1379",4.933862434,3.557,"P0041","EC_0147.png"
"1380",0.03968254,4.566,"P0041","EC_0233.jpg"
"1381",0.03968254,4.648,"P0041","EC_0105.jpg"
"1382",5,3.678,"P0041","EC_0133.jpg"
"1383",5.912698413,5.208,"P0041","EC_0066.jpg"
"1384",5.092592593,4.882,"P0041","EC_0103.jpg"
"1385",7.989417989,3.494,"P0041","EC_0135.jpg"
"1386",6.177248677,3.429,"P0041","EC_0100.jpg"
"1387",8.002645503,4.176,"P0041","EC_0040.jpg"
"1388",5.965608466,6.776,"P0041","EC_0071.jpg"
"1389",5.03968254,10.873,"P0041","EC_0242.jpg"
"1390",8.941798942,4.073,"P0041","EC_0245.jpg"
"1391",5.052910053,4.854,"P0041","EC_0099.jpg"
"1392",7.169312169,4.751,"P0041","EC_0075.jpg"
"1393",7.010582011,2.945,"P0041","EC_0246.jpg"
"1394",8.015873016,5.786,"P0041","EC_0226.jpg"
"1395",9.007936508,3.909,"P0041","EC_0068.jpg"
"1396",0.026455026,3.549,"P0041","EC_0113.jpg"
"1397",0.013227513,4.148,"P0041","EC_0067.jpg"
"1398",8.148148148,4.851,"P0041","EC_0243.jpg"
"1399",5,3.231,"P0041","EC_0119.jpg"
"1400",3.981481481,5.538,"P0041","EC_0095.jpg"
"1401",8.955026455,4.561,"P0041","EC_0200.png"
"1402",9.867724868,2.733,"P0041","EC_0093.jpg"
"1403",9.007936508,3.342,"P0041","EC_0018.jpg"
"1404",9.986772487,3.099,"P0041","EC_0177.jpg"
"1405",3.915343915,12.654,"P0041","EC_0108.jpg"
"1406",8.161375661,2.808,"P0041","EC_0061.jpg"
"1407",5.026455026,3.456,"P0041","EC_0003.jpg"
"1408",5.066137566,3.207,"P0041","EC_0173.jpg"
"1409",7.976190476,4.296,"P0041","EC_0160.jpg"
"1410",9.96031746,2.858,"P0041","EC_0002.jpg"
"1411",7.91005291,3.759,"P0041","EC_0250.jpg"
"1412",8.055555556,3.394,"P0041","EC_0209.jpg"
"1413",8.928571429,4.373,"P0041","EC_0149.jpg"
"1414",8.994708995,3.166,"P0041","EC_0028.jpg"
"1415",7.962962963,3.704,"P0041","EC_0134.jpg"
"1416",6.137566138,5.031,"P0041","EC_0060.jpg"
"1417",6.084656085,6.164,"P0041","EC_0231.jpg"
"1418",7.023809524,3.052,"P0041","EC_0203.jpg"
"1419",6.150793651,3.536,"P0041","EC_0042.jpg"
"1420",5.052910053,4.164,"P0041","EC_0064.jpg"
"1421",7.156084656,3.329,"P0041","EC_0055.jpg"
"1422",0.013227513,4.908,"P0041","EC_0180.jpg"
"1423",6.044973545,3.492,"P0041","EC_0039.jpg"
"1424",5.119047619,3.512,"P0041","EC_0236.jpg"
"1425",6.944444444,5.653,"P0041","EC_0229.jpg"
"1426",7.962962963,4.308,"P0041","EC_0063.jpg"
"1427",2.989417989,7.021,"P0041","EC_0109.jpg"
"1428",6.058201058,3.173,"P0041","EC_0248.jpg"
"1429",6.944444444,27.061,"P0041","EC_0152.jpg"
"1430",0,4.294,"P0041","EC_0241.jpg"
"1431",0,2.954,"P0041","EC_0194.jpg"
"1432",9.920634921,7.543,"P0041","EC_0072.jpg"
"1433",7.989417989,5.14,"P0041","EC_0128.jpeg"
"1434",6.917989418,3.46,"P0041","EC_0193.png"
"1435",6.071428571,4.291,"P0041","EC_0006.jpg"
"1436",2.023809524,4.593,"P0041","EC_0249.jpg"
"1437",0.026455026,3.224,"P0041","EC_0001.jpg"
"1438",9.933862434,5.869,"P0041","EC_0087.jpg"
"1439",1.931216931,3.515,"P0041","EC_0007.jpg"
"1440",8.029100529,3.629,"P0041","EC_0181.jpg"
"1441",8.108465608,5.36,"P0041","EC_0197.jpg"
"1442",7.156084656,7.269,"P0041","EC_0080.jpg"
"1443",9.973544974,3.901,"P0041","EC_0157.jpg"
"1444",6.931216931,4.606,"P0041","EC_0206.png"
"1445",1.997354497,3.298,"P0041","EC_0159.jpg"
"1446",9.973544974,3.195,"P0041","EC_0044.jpg"
"1447",8.002645503,8.503,"P0041","EC_0102.jpg"
"1448",1.957671958,4.166,"P0041","EC_0232.jpg"
"1449",0.013227513,3.123,"P0041","EC_0059.jpg"
"1450",6.984126984,4,"P0041","EC_0138.png"
"1451",8.015873016,8.723,"P0041","EC_0205.jpg"
"1452",9.947089947,2.924,"P0041","EC_0210.jpg"
"1453",8.968253968,5.887,"P0041","EC_0056.jpg"
"1454",0.052910053,2.782,"P0041","EC_0047.jpg"
"1455",4.96031746,8.653,"P0041","EC_0244.jpg"
"1456",8.042328042,3.889,"P0041","EC_0123.jpeg"
"1457",7.962962963,4.518,"P0041","EC_0125.jpeg"
"1458",2.023809524,4.29,"P0041","EC_0240.jpg"
"1459",7.896825397,3.732,"P0041","EC_0141.jpg"
"1460",8.161375661,3.545,"P0041","EC_0024.jpg"
"1461",6.005291005,5.571,"P0041","EC_0151.jpg"
"1462",8.042328042,4.725,"P0041","EC_0079.jpg"
"1463",3.968253968,3.448,"P0041","EC_0050.jpg"
"1464",6.071428571,2.83,"P0041","EC_0101.jpg"
"1465",6.137566138,5.859,"P0041","EC_0092.jpg"
"1466",8.955026455,5.878,"P0041","EC_0202.jpg"
"1467",0.013227513,13.897,"P0041","EC_0106.jpg"
"1468",4.074074074,3.262,"P0041","EC_0223.jpg"
"1469",8.042328042,3.176,"P0041","EC_0115.jpg"
"1470",8.994708995,3.334,"P0041","EC_0211.jpg"
"1471",2.053571731,5.6809,"P0048","EC_0187.jpeg"
"1472",5.892857143,3.4687,"P0048","EC_0109.jpg"
"1473",7.182539683,3.6696,"P0048","EC_0111.jpg"
"1474",3.273809372,5.384,"P0048","EC_0001.jpg"
"1475",7.341270447,2.8735,"P0048","EC_0163.jpg"
"1476",1.190476039,4.2464,"P0048","EC_0019.jpg"
"1477",7.906746334,3.3192,"P0048","EC_0248.jpg"
"1478",8.055555858,3.6569,"P0048","EC_0219.jpg"
"1479",6.051587907,4.4654,"P0048","EC_0003.jpg"
"1480",7.380952381,3.9598,"P0048","EC_0083.jpg"
"1481",5.843253968,4.8367,"P0048","EC_0125.jpeg"
"1482",1.299603629,3.28,"P0048","EC_0088.jpg"
"1483",3.640873319,4.0024,"P0048","EC_0017.jpg"
"1484",2.28174588,4.0471,"P0048","EC_0150.jpg"
"1485",2.748016176,3.9365,"P0048","EC_0055.jpg"
"1486",4.831349509,4.2594,"P0048","EC_0158.jpg"
"1487",7.529761905,3.9386,"P0048","EC_0183.jpg"
"1488",5.833334242,4.4203,"P0048","EC_0242.jpg"
"1489",2.172619048,3.1148,"P0048","EC_0213.jpg"
"1490",6.746032352,4.2877,"P0048","EC_0104.jpg"
"1491",4.900793651,6.2457,"P0048","EC_0015.jpg"
"1492",8.640872713,3.5869,"P0048","EC_0008.jpg"
"1493",8.055555858,2.8805,"P0048","EC_0062.jpg"
"1494",1.646825851,3.8615,"P0048","EC_0162.jpg"
"1495",5.92261935,6.0258,"P0048","EC_0152.jpg"
"1496",6.904761602,4.2263,"P0048","EC_0234.jpg"
"1497",7.728174603,3.7523,"P0048","EC_0099.jpg"
"1498",3.06547619,4.1744,"P0048","EC_0042.jpg"
"1499",7.529761905,2.959,"P0048","EC_0135.jpg"
"1500",1.458333636,2.91,"P0048","EC_0244.jpg"
"1501",7.361111414,3.8865,"P0048","EC_0090.jpg"
"1502",6.94444505,3.3524,"P0048","EC_0058.jpg"
"1503",3.541666969,4.9873,"P0048","EC_0097.jpg"
"1504",3.938492366,3.4854,"P0048","EC_0173.jpg"
"1505",7.658730461,4.7033,"P0048","EC_0103.jpg"
"1506",1.458333636,3.1708,"P0048","EC_0040.jpg"
"1507",4.017856991,3.3695,"P0048","EC_0106.jpg"
"1508",4.206349206,3.3455,"P0048","EC_0007.jpg"
"1509",6.408729856,3.8367,"P0048","EC_0156.jpg"
"1510",6.121032049,3.7088,"P0048","EC_0136.jpg"
"1511",4.980159033,3.4553,"P0048","EC_0221.jpg"
"1512",6.865079668,2.8523,"P0048","EC_0233.jpg"
"1513",3.839286017,3.2681,"P0048","EC_0101.jpg"
"1514",1.438491912,2.7187,"P0048","EC_0214.jpg"
"1515",2.142857597,2.86,"P0048","EC_0153.jpg"
"1516",3.988095541,3.8313,"P0048","EC_0201.jpg"
"1517",1.656746334,2.9621,"P0048","EC_0012.jpg"
"1518",5.972222525,3.7195,"P0048","EC_0229.jpg"
"1519",3.06547619,5.4371,"P0048","EC_0039.jpg"
"1520",4.057539683,2.9018,"P0048","EC_0141.jpg"
"1521",2.619047619,3.3454,"P0048","EC_0230.jpg"
"1522",0.952381407,2.671,"P0048","EC_0226.jpg"
"1523",7.142857748,3.1807,"P0048","EC_0249.jpg"
"1524",2.28174588,2.5413,"P0048","EC_0028.jpg"
"1525",3.561507937,3.0359,"P0048","EC_0239.jpg"
"1526",6.438492063,3.6955,"P0048","EC_0051.jpg"
"1527",1.884920484,4.5275,"P0048","EC_0231.jpg"
"1528",3.075396674,3.6078,"P0048","EC_0032.jpg"
"1529",7.182539683,5.1045,"P0048","EC_0185.jpg"
"1530",2.539682994,2.9787,"P0048","EC_0060.jpg"
"1531",5.942460317,2.5317,"P0048","EC_0246.jpg"
"1532",8.164683448,2.5848,"P0048","EC_0009.jpg"
"1533",2.093254422,2.4586,"P0048","EC_0024.jpg"
"1534",2.628968103,2.803,"P0048","EC_0038.jpg"
"1535",8.382937113,3.5861,"P0048","EC_0072.jpg"
"1536",6.091269841,3.7246,"P0048","EC_0076.jpg"
"1537",6.765873319,3.0774,"P0048","EC_0166.jpg"
"1538",2.946428874,3.1257,"P0048","EC_0089.jpg"
"1539",4.980159033,2.6684,"P0048","EC_0100.jpg"
"1540",6.468254271,2.8614,"P0048","EC_0177.jpg"
"1541",1.150794105,4.8706,"P0048","EC_0222.jpg"
"1542",2.172619048,3.7884,"P0048","EC_0056.jpg"
"1543",6.150794256,3.295,"P0048","EC_0200.png"
"1544",6.587301587,2.5948,"P0048","EC_0237.jpg"
"1545",6.875000908,2.6846,"P0048","EC_0160.jpg"
"1546",7.460317763,3.0683,"P0048","EC_0168.jpeg"
"1547",5.843253968,3.4263,"P0048","EC_0197.jpg"
"1548",2.628968103,3.0351,"P0048","EC_0232.jpg"
"1549",1.934523658,4.5491,"P0048","EC_0047.jpg"
"1550",0.793650642,2.273,"P0048","EC_0161.jpg"
"1551",1.001984581,3.5694,"P0048","EC_0206.png"
"1552",2.440476645,3.2446,"P0048","EC_0223.jpg"
"1553",6.67658821,2.9858,"P0048","EC_0240.jpg"
"1554",8.005952684,2.8981,"P0048","EC_0085.jpg"
"1555",7.678571429,3.8455,"P0048","EC_0159.jpg"
"1556",5.823413001,2.8355,"P0048","EC_0119.jpg"
"1557",6.011904459,2.9805,"P0048","EC_0172.jpg"
"1558",1.150794105,3.0684,"P0048","EC_0148.jpg"
"1559",6.121032049,2.4868,"P0048","EC_0137.jpg"
"1560",8.978175209,2.785,"P0048","EC_0157.jpg"
"1561",1.964285866,3.6017,"P0048","EC_0227.jpg"
"1562",4.751984127,3.9056,"P0048","EC_0069.jpg"
"1563",6.121032049,3.919,"P0048","EC_0196.jpg"
"1564",4.880952684,3.1709,"P0048","EC_0245.jpg"
"1565",6.94444505,2.8319,"P0048","EC_0102.jpg"
"1566",1.190476039,3.6709,"P0048","EC_0165.jpg"
"1567",9.553572337,3.3654,"P0048","EC_0207.jpg"
"1568",1.537698261,2.9099,"P0048","EC_0133.jpg"
"1569",5.972222525,2.9625,"P0048","EC_0167.jpg"
"1570",1.359127287,2.5348,"P0048","EC_0049.jpg"
"1571",2.956349358,4.902,"P0048","EC_0128.jpeg"
"1572",5.992063492,2.6207,"P0048","EC_0198.jpg"
"1573",3.769841118,2.3018,"P0048","EC_0020.jpg"
"1574",7.093254574,2.802,"P0048","EC_0138.png"
"1575",5.734127892,2.9018,"P0048","EC_0164.jpg"
"1576",5.843253968,2.3427,"P0048","EC_0174.jpg"
"1577",1.041666515,2.6522,"P0048","EC_0129.jpeg"
"1578",1.884920484,2.8382,"P0048","EC_0075.jpg"
"1579",4.077381407,2.635,"P0048","EC_0095.jpg"
"1580",3.878968708,2.7636,"P0048","EC_0118.jpg"
"1581",3.095238398,2.7516,"P0048","EC_0006.jpg"
"1582",3.194444747,4.0624,"P0048","EC_0002.jpg"
"1583",7.906746334,2.6745,"P0048","EC_0030.jpg"
"1584",1.408730461,3.427,"P0048","EC_0199.jpg"
"1585",6.765873319,2.7425,"P0048","EC_0074.jpg"
"1586",6.666666969,4.145,"P0048","EC_0064.jpg"
"1587",6.319444747,2.804,"P0048","EC_0087.jpg"
"1588",2.162698564,2.7146,"P0048","EC_0054.jpg"
"1589",7.906746334,2.6067,"P0048","EC_0057.jpeg"
"1590",1.934523658,4.0326,"P0048","EC_0140.jpg"
"1591",3.591270144,4.475,"P0048","EC_0247.jpg"
"1592",6.845238701,2.8225,"P0048","EC_0203.jpg"
"1593",5.605159336,3.1969,"P0048","EC_0236.jpg"
"1594",1.567460469,2.6911,"P0048","EC_0113.jpg"
"1595",6.875000908,3.3237,"P0048","EC_0132.jpg"
"1596",6.230159638,3.2066,"P0048","EC_0080.jpg"
"1597",7.142857748,2.9227,"P0048","EC_0041.jpg"
"1598",0.744047468,2.6519,"P0048","EC_0204.jpg"
"1599",1.160714588,2.5153,"P0048","EC_0115.jpg"
"1600",6.071428874,2.3985,"P0048","EC_0117.jpg"
"1601",4.077381407,4.0058,"P0048","EC_0169.png"
"1602",2.767857143,5.6575,"P0048","EC_0033.jpeg"
"1603",8.422619048,3.6774,"P0048","EC_0096.jpg"
"1604",7.926587302,2.8122,"P0048","EC_0086.jpg"
"1605",5.92261935,2.9169,"P0048","EC_0202.jpg"
"1606",7.976190476,2.9155,"P0048","EC_0228.jpg"
"1607",3.095238398,2.8959,"P0048","EC_0188.jpg"
"1608",7.361111414,5.9975,"P0048","EC_0031.jpg"
"1609",2.996032049,3.2875,"P0048","EC_0066.jpg"
"1610",6.121032049,3.3784,"P0048","EC_0013.jpg"
"1611",2.589286168,3.2662,"P0048","EC_0241.jpg"
"1612",6.83531746,2.867,"P0048","EC_0079.jpg"
"1613",2.430555404,2.7849,"P0048","EC_0176.jpg"
"1614",2.817460317,3.0384,"P0048","EC_0170.jpg"
"1615",3.839286017,4.0071,"P0048","EC_0149.jpg"
"1616",8.253968557,2.5775,"P0048","EC_0180.jpg"
"1617",5.773809827,4.2586,"P0048","EC_0067.jpg"
"1618",5.436508845,4.155,"P0048","EC_0142.jpg"
"1619",3.630952835,3.5697,"P0048","EC_0120.jpg"
"1620",8.680556161,3.8898,"P0048","EC_0063.jpg"
"1621",6.626985035,2.4746,"P0048","EC_0050.jpg"
"1622",3.660714286,3.7406,"P0048","EC_0195.jpg"
"1623",6.101191082,2.6432,"P0048","EC_0194.jpg"
"1624",7.619048527,2.4038,"P0048","EC_0061.jpg"
"1625",6.914682842,2.7408,"P0048","EC_0018.jpg"
"1626",1.507936811,2.5553,"P0048","EC_0105.jpg"
"1627",3.363095238,3.1714,"P0048","EC_0147.png"
"1628",3.095238398,3.1579,"P0048","EC_0065.jpg"
"1629",5.079365382,2.7548,"P0048","EC_0108.jpg"
"1630",8.005952684,3.2051,"P0048","EC_0205.jpg"
"1631",8.164683448,5.9979,"P0048","EC_0044.jpg"
"1632",6.448413304,3.209,"P0048","EC_0193.png"
"1633",8.015873924,2.6752,"P0048","EC_0082.jpg"
"1634",1.73611096,3.7444,"P0048","EC_0011.jpg"
"1635",1.111111414,2.772,"P0048","EC_0059.jpg"
"1636",6.716270144,3.6054,"P0048","EC_0151.jpg"
"1637",1.706349509,2.21,"P0048","EC_0029.jpg"
"1638",1.041666515,2.6436,"P0048","EC_0005.jpg"
"1639",6.041666667,5.5689,"P0048","EC_0121.jpg"
"1640",7.8670644,2.6379,"P0048","EC_0250.jpg"
"1641",7.777777778,3.1046,"P0048","EC_0209.jpg"
"1642",5.744047619,2.9749,"P0048","EC_0224.jpg"
"1643",8.849206652,3.0333,"P0048","EC_0116.jpg"
"1644",7.96627075,3.0775,"P0048","EC_0077.jpg"
"1645",7.242064098,2.7642,"P0048","EC_0123.jpeg"
"1646",1.894841724,2.9507,"P0048","EC_0048.jpg"
"1647",4.930555858,3.6164,"P0048","EC_0154.jpg"
"1648",0.863095541,2.2463,"P0048","EC_0027.jpg"
"1649",8.253968557,3.0771,"P0048","EC_0034.jpg"
"1650",9.007937416,2.4546,"P0048","EC_0210.jpg"
"1651",6.894841875,2.4295,"P0048","EC_0139.png"
"1652",5.793650794,3.7524,"P0048","EC_0243.jpg"
"1653",7.539683145,3.3762,"P0048","EC_0093.jpg"
"1654",3.492063795,3.9323,"P0048","EC_0010.jpg"
"1655",3.859126984,3.8011,"P0048","EC_0071.jpg"
"1656",6.636904762,2.3351,"P0048","EC_0014.jpg"
"1657",0.982142857,2.6109,"P0048","EC_0124.jpeg"
"1658",7.380952381,2.5002,"P0048","EC_0084.jpg"
"1659",8.531746637,3.6132,"P0048","EC_0181.jpg"
"1660",7.628968254,2.5802,"P0048","EC_0016.jpg"
"1661",2.043651248,6.202,"P0048","EC_0184.jpg"
"1662",6.101191082,3.2657,"P0048","EC_0098.jpg"
"1663",3.740079668,3.0484,"P0048","EC_0036.jpeg"
"1664",7.123016781,3.9049,"P0048","EC_0070.jpg"
"1665",6.716270144,2.6572,"P0048","EC_0046.jpg"
"1666",2.301587604,2.7047,"P0048","EC_0053.jpg"
"1667",6.061507634,2.4573,"P0048","EC_0094.jpg"
"1668",1.924603175,2.9615,"P0048","EC_0131.jpg"
"1669",9.722222828,3.9099,"P0048","EC_0081.jpg"
"1670",7.410714588,2.9101,"P0048","EC_0037.jpg"
"1671",1.279761905,3.0817,"P0048","EC_0134.jpg"
"1672",5.099206349,2.2708,"P0048","EC_0022.jpg"
"1673",7.390873621,2.3673,"P0048","EC_0073.jpg"
"1674",3.591270144,3.4886,"P0048","EC_0235.jpg"
"1675",2.728174452,3.2658,"P0048","EC_0171.jpg"
"1676",7.420635829,2.3082,"P0048","EC_0068.jpg"
"1677",6.101191082,2.4343,"P0048","EC_0092.jpg"
"1678",9.325397431,2.3706,"P0048","EC_0211.jpg"
"1679",5.00992124,2.9961,"P0048","EC_0238.jpg"
"1680",6.488095238,5.1325,"P0048","EC_0182.jpg"
"1681",7.010566848,3.5027,"P0052","EC_0161.jpg"
"1682",7.019920803,3.5961,"P0052","EC_0098.jpg"
"1683",8.046860014,3.6237,"P0052","EC_0058.jpg"
"1684",6.895028069,5.1938,"P0052","EC_0104.jpg"
"1685",5.018831662,3.5738,"P0052","EC_0176.jpg"
"1686",8.996726445,3.9586,"P0052","EC_0073.jpg"
"1687",5.062432743,4.9772,"P0052","EC_0211.jpg"
"1688",5.978637877,4.1011,"P0052","EC_0001.jpg"
"1689",5.986681666,4.0257,"P0052","EC_0236.jpg"
"1690",2.978419349,3.0642,"P0052","EC_0168.jpeg"
"1691",1.974247978,3.6284,"P0052","EC_0027.jpg"
"1692",7.047011966,3.9338,"P0052","EC_0081.jpg"
"1693",7.957907177,3.1891,"P0052","EC_0133.jpg"
"1694",7.939141364,3.1287,"P0052","EC_0207.jpg"
"1695",5.928892408,3.6471,"P0052","EC_0066.jpg"
"1696",9.973986035,7.3168,"P0052","EC_0136.jpg"
"1697",8.998337473,3.4996,"P0052","EC_0087.jpg"
"1698",9.965153195,4.7544,"P0052","EC_0188.jpg"
"1699",4.985587029,3.5428,"P0052","EC_0237.jpg"
"1700",5.95445088,3.859,"P0052","EC_0239.jpg"
"1701",3.051488967,4.6192,"P0052","EC_0147.png"
"1702",6.00661573,4.814,"P0052","EC_0105.jpg"
"1703",7.980429786,3.2292,"P0052","EC_0183.jpg"
"1704",2.007538023,5.1023,"P0052","EC_0204.jpg"
"1705",5.982265245,3.429,"P0052","EC_0116.jpg"
"1706",6.979332878,3.8153,"P0052","EC_0060.jpg"
"1707",5.03641787,3.2993,"P0052","EC_0184.jpg"
"1708",8.97635301,3.9121,"P0052","EC_0079.jpg"
"1709",5.983981859,3.4256,"P0052","EC_0180.jpg"
"1710",7.016587484,3.7475,"P0052","EC_0069.jpg"
"1711",6.006650925,3.8781,"P0052","EC_0120.jpg"
"1712",5.989951406,3.6121,"P0052","EC_0095.jpg"
"1713",3.964017913,4.6472,"P0052","EC_0124.jpeg"
"1714",2.00213841,4.0784,"P0052","EC_0201.jpg"
"1715",6.979844911,3.5665,"P0052","EC_0018.jpg"
"1716",7.993524642,3.0792,"P0052","EC_0094.jpg"
"1717",6.990980194,3.5119,"P0052","EC_0042.jpg"
"1718",9.001951218,3.7718,"P0052","EC_0083.jpg"
"1719",8.951424644,3.7976,"P0052","EC_0038.jpg"
"1720",7.934958821,3.3947,"P0052","EC_0108.jpg"
"1721",7.019668761,3.51,"P0052","EC_0089.jpg"
"1722",4.883627892,3.829,"P0052","EC_0013.jpg"
"1723",6.046255657,3.5034,"P0052","EC_0242.jpg"
"1724",7.017228944,3.493,"P0052","EC_0009.jpg"
"1725",6.001952943,3.5617,"P0052","EC_0223.jpg"
"1726",8.952876727,5.5532,"P0052","EC_0077.jpg"
"1727",7.958500953,3.326,"P0052","EC_0123.jpeg"
"1728",5.988052005,3.2461,"P0052","EC_0154.jpg"
"1729",7.04935528,2.9467,"P0052","EC_0150.jpg"
"1730",4.9812796,2.8509,"P0052","EC_0213.jpg"
"1731",8.0214866,3.6655,"P0052","EC_0228.jpg"
"1732",6.029849052,3.3885,"P0052","EC_0226.jpg"
"1733",3.970613025,3.3061,"P0052","EC_0224.jpg"
"1734",4.982033457,2.8474,"P0052","EC_0233.jpg"
"1735",7.182294074,3.0387,"P0052","EC_0159.jpg"
"1736",8.946080662,3.4567,"P0052","EC_0198.jpg"
"1737",7.943528266,2.7598,"P0052","EC_0202.jpg"
"1738",6.020123845,3.0776,"P0052","EC_0193.png"
"1739",8.963834899,3.7797,"P0052","EC_0072.jpg"
"1740",5.000740233,2.8549,"P0052","EC_0020.jpg"
"1741",4.030688831,4.6068,"P0052","EC_0129.jpeg"
"1742",5.980941455,3.5253,"P0052","EC_0011.jpg"
"1743",6.957280295,3.3442,"P0052","EC_0017.jpg"
"1744",5.949035372,3.856,"P0052","EC_0014.jpg"
"1745",7.978637105,3.4968,"P0052","EC_0247.jpg"
"1746",7.043875058,3.6449,"P0052","EC_0173.jpg"
"1747",5.005508605,4.8633,"P0052","EC_0033.jpeg"
"1748",7.99668085,3.6204,"P0052","EC_0086.jpg"
"1749",8.947631518,3.9185,"P0052","EC_0199.jpg"
"1750",9.933814775,3.2561,"P0052","EC_0003.jpg"
"1751",6.955534163,3.3938,"P0052","EC_0197.jpg"
"1752",8.036856651,3.222,"P0052","EC_0039.jpg"
"1753",5.0037023,2.8567,"P0052","EC_0250.jpg"
"1754",5.998749052,3.4924,"P0052","EC_0090.jpg"
"1755",2.956300917,3.6383,"P0052","EC_0246.jpg"
"1756",3.09302489,3.9235,"P0052","EC_0121.jpg"
"1757",1.993417967,3.4325,"P0052","EC_0221.jpg"
"1758",6.054232461,3.8627,"P0052","EC_0209.jpg"
"1759",8.067113104,4.4518,"P0052","EC_0084.jpg"
"1760",7.992047582,2.7701,"P0052","EC_0047.jpg"
"1761",8.925681114,3.6717,"P0052","EC_0102.jpg"
"1762",9.8996914,4.5432,"P0052","EC_0140.jpg"
"1763",8.005639712,6.2076,"P0052","EC_0156.jpg"
"1764",6.019833201,4.6246,"P0052","EC_0070.jpg"
"1765",6.939960888,3.9624,"P0052","EC_0064.jpg"
"1766",5.140501204,3.7001,"P0052","EC_0142.jpg"
"1767",4.123673212,3.6245,"P0052","EC_0022.jpg"
"1768",6.009349596,3.2197,"P0052","EC_0100.jpg"
"1769",5.015675454,4.6023,"P0052","EC_0065.jpg"
"1770",2.111640658,4.7449,"P0052","EC_0210.jpg"
"1771",2.133093789,3.655,"P0052","EC_0111.jpg"
"1772",9.009410313,3.4586,"P0052","EC_0118.jpg"
"1773",7.931962694,3.1174,"P0052","EC_0134.jpg"
"1774",9.983292307,3.5935,"P0052","EC_0103.jpg"
"1775",7.985933849,8.5511,"P0052","EC_0093.jpg"
"1776",6.023779597,3.019,"P0052","EC_0234.jpg"
"1777",7.140788805,5.4123,"P0052","EC_0062.jpg"
"1778",3.987598646,4.7946,"P0052","EC_0071.jpg"
"1779",8.984636352,3.6652,"P0052","EC_0151.jpg"
"1780",7.928682736,3.5105,"P0052","EC_0119.jpg"
"1781",4.039213998,4.9154,"P0052","EC_0076.jpg"
"1782",7.015712148,2.8957,"P0052","EC_0088.jpg"
"1783",6.881227039,2.8774,"P0052","EC_0158.jpg"
"1784",8.010571571,2.8236,"P0052","EC_0181.jpg"
"1785",8.995805695,3.4501,"P0052","EC_0044.jpg"
"1786",6.980300177,2.9108,"P0052","EC_0055.jpg"
"1787",5.997772671,3.0913,"P0052","EC_0164.jpg"
"1788",7.021528426,3.1541,"P0052","EC_0031.jpg"
"1789",2.994720368,4.9362,"P0052","EC_0162.jpg"
"1790",5.997284481,4.2516,"P0052","EC_0243.jpg"
"1791",4.94745141,3.5171,"P0052","EC_0048.jpg"
"1792",6.893317132,3.615,"P0052","EC_0054.jpg"
"1793",5.990423702,2.7291,"P0052","EC_0046.jpg"
"1794",0.872262546,3.2999,"P0052","EC_0113.jpg"
"1795",2.028084028,4.6588,"P0052","EC_0097.jpg"
"1796",3.217634928,3.9795,"P0052","EC_0002.jpg"
"1797",4.982706706,2.699,"P0052","EC_0171.jpg"
"1798",7.927907308,3.075,"P0052","EC_0041.jpg"
"1799",7.069298426,2.9108,"P0052","EC_0167.jpg"
"1800",7.977254277,3.2017,"P0052","EC_0115.jpg"
"1801",7.03498091,3.3211,"P0052","EC_0074.jpg"
"1802",6.94728488,4.362,"P0052","EC_0010.jpg"
"1803",7.99549784,3.1072,"P0052","EC_0016.jpg"
"1804",8.045311428,2.7662,"P0052","EC_0034.jpg"
"1805",7.007377715,2.8101,"P0052","EC_0185.jpg"
"1806",4.947614897,4.8911,"P0052","EC_0106.jpg"
"1807",5.927262079,3.4351,"P0052","EC_0141.jpg"
"1808",4.950646219,3.3797,"P0052","EC_0231.jpg"
"1809",5.994532449,3.7298,"P0052","EC_0177.jpg"
"1810",7.981812613,3.7561,"P0052","EC_0085.jpg"
"1811",9.011951174,3.9609,"P0052","EC_0205.jpg"
"1812",6.030285018,3.5443,"P0052","EC_0222.jpg"
"1813",7.029127166,2.8138,"P0052","EC_0082.jpg"
"1814",3.554084415,3.4906,"P0052","EC_0128.jpeg"
"1815",4.966556685,3.1303,"P0052","EC_0229.jpg"
"1816",7.037827174,2.9602,"P0052","EC_0056.jpg"
"1817",6.000850541,3.1395,"P0052","EC_0092.jpg"
"1818",7.978851682,3.1767,"P0052","EC_0132.jpg"
"1819",5.99690074,4.1112,"P0052","EC_0007.jpg"
"1820",7.997746922,3.0022,"P0052","EC_0135.jpg"
"1821",6.976792018,2.539,"P0052","EC_0109.jpg"
"1822",9.016691162,2.9525,"P0052","EC_0153.jpg"
"1823",7.867954118,2.7236,"P0052","EC_0029.jpg"
"1824",7.02176798,4.2692,"P0052","EC_0152.jpg"
"1825",8.053134964,2.8286,"P0052","EC_0230.jpg"
"1826",9.924820718,4.4926,"P0052","EC_0157.jpg"
"1827",3.995376769,4.0494,"P0052","EC_0015.jpg"
"1828",6.987063317,4.2071,"P0052","EC_0008.jpg"
"1829",4.93743783,3.4009,"P0052","EC_0049.jpg"
"1830",7.015539578,2.9432,"P0052","EC_0248.jpg"
"1831",2.971003396,3.5654,"P0052","EC_0149.jpg"
"1832",4.067529043,5.2349,"P0052","EC_0232.jpg"
"1833",5.906004225,2.8774,"P0052","EC_0050.jpg"
"1834",9.249677204,3.6284,"P0052","EC_0037.jpg"
"1835",2.04204741,3.5453,"P0052","EC_0195.jpg"
"1836",4.022613253,3.4528,"P0052","EC_0131.jpg"
"1837",5.054088093,3.2393,"P0052","EC_0244.jpg"
"1838",6.060365495,2.6941,"P0052","EC_0187.jpeg"
"1839",3.98625442,3.6198,"P0052","EC_0030.jpg"
"1840",4.994516373,3.5333,"P0052","EC_0101.jpg"
"1841",6.98750723,3.1072,"P0052","EC_0163.jpg"
"1842",8.029664358,2.6855,"P0052","EC_0203.jpg"
"1843",5.833379655,3.2211,"P0052","EC_0172.jpg"
"1844",5.96086661,3.064,"P0052","EC_0166.jpg"
"1845",7.008467629,3.1789,"P0052","EC_0160.jpg"
"1846",6.040948005,3.3079,"P0052","EC_0099.jpg"
"1847",4.053323837,3.6626,"P0052","EC_0196.jpg"
"1848",4.964960416,2.7109,"P0052","EC_0148.jpg"
"1849",7.990469478,2.9271,"P0052","EC_0051.jpg"
"1850",6.964118367,2.8145,"P0052","EC_0200.png"
"1851",5.998585565,2.9943,"P0052","EC_0032.jpg"
"1852",7.027625129,5.1191,"P0052","EC_0138.png"
"1853",4.968745595,3.3468,"P0052","EC_0235.jpg"
"1854",5.993936402,2.8572,"P0052","EC_0019.jpg"
"1855",2.961539314,6.158,"P0052","EC_0068.jpg"
"1856",6.05398496,4.124,"P0052","EC_0241.jpg"
"1857",5.927977335,3.1224,"P0052","EC_0117.jpg"
"1858",7.000375021,2.8248,"P0052","EC_0063.jpg"
"1859",2.01380162,3.2904,"P0052","EC_0227.jpg"
"1860",3.868432499,3.0682,"P0052","EC_0059.jpg"
"1861",6.940714745,2.859,"P0052","EC_0245.jpg"
"1862",7.95724074,2.779,"P0052","EC_0139.png"
"1863",6.017870222,3.8035,"P0052","EC_0214.jpg"
"1864",3.984098434,3.4224,"P0052","EC_0036.jpeg"
"1865",6.015246482,4.121,"P0052","EC_0080.jpg"
"1866",4.906247003,3.1358,"P0052","EC_0028.jpg"
"1867",7.993378185,3.7003,"P0052","EC_0057.jpeg"
"1868",1.983028594,3.2391,"P0052","EC_0005.jpg"
"1869",4.045702389,3.5858,"P0052","EC_0170.jpg"
"1870",3.979342551,4.6771,"P0052","EC_0194.jpg"
"1871",4.972350257,2.6398,"P0052","EC_0165.jpg"
"1872",6.990737234,4.1451,"P0052","EC_0174.jpg"
"1873",5.968458539,2.6296,"P0052","EC_0075.jpg"
"1874",3.883518719,2.9246,"P0052","EC_0182.jpg"
"1875",3.96996816,3.8763,"P0052","EC_0096.jpg"
"1876",5.043269566,2.6517,"P0052","EC_0238.jpg"
"1877",5.945007233,4.1396,"P0052","EC_0206.png"
"1878",7.092485201,3.0065,"P0052","EC_0067.jpg"
"1879",2.914427803,4.3243,"P0052","EC_0169.png"
"1880",2.97937643,3.449,"P0052","EC_0024.jpg"
"1881",5.990192095,3.4017,"P0052","EC_0006.jpg"
"1882",7.990498997,3.5191,"P0052","EC_0061.jpg"
"1883",3.957102639,3.987,"P0052","EC_0125.jpeg"
"1884",2.867172105,3.9348,"P0052","EC_0137.jpg"
"1885",5.979445094,2.842,"P0052","EC_0053.jpg"
"1886",8.112937155,2.9096,"P0052","EC_0012.jpg"
"1887",5.930556797,3.3725,"P0052","EC_0249.jpg"
"1888",5.06122135,3.0552,"P0052","EC_0240.jpg"
"1889",7.979653222,2.9719,"P0052","EC_0219.jpg"
"1890",6.026083174,3.2573,"P0052","EC_0040.jpg"
"1891",6.246279762,3.376,"P0065","EC_0077.jpg"
"1892",2.098214286,4.189,"P0065","EC_0134.jpg"
"1893",3.604910714,3.422,"P0065","EC_0096.jpg"
"1894",1.707589286,3.672,"P0065","EC_0054.jpg"
"1895",4.646577381,4.586,"P0065","EC_0199.jpg"
"1896",6.432291667,3.72,"P0065","EC_0185.jpg"
"1897",7.529761905,3.089,"P0065","EC_0209.jpg"
"1898",9.073660714,2.716,"P0065","EC_0075.jpg"
"1899",9.482886905,3.253,"P0065","EC_0182.jpg"
"1900",8.720238095,4.88,"P0065","EC_0081.jpg"
"1901",8.069196429,3.703,"P0065","EC_0100.jpg"
"1902",2.191220238,3.385,"P0065","EC_0059.jpg"
"1903",0.591517857,3.591,"P0065","EC_0206.png"
"1904",5.985863095,3.35,"P0065","EC_0060.jpg"
"1905",6.264880952,3.215,"P0065","EC_0203.jpg"
"1906",6.93452381,3.417,"P0065","EC_0041.jpg"
"1907",8.738839286,3.87,"P0065","EC_0073.jpg"
"1908",2.63764881,3.544,"P0065","EC_0024.jpg"
"1909",4.906994048,3.792,"P0065","EC_0015.jpg"
"1910",0.442708333,2.807,"P0065","EC_0161.jpg"
"1911",6.246279762,3.096,"P0065","EC_0071.jpg"
"1912",8.552827381,2.844,"P0065","EC_0159.jpg"
"1913",6.376488095,3.038,"P0065","EC_0062.jpg"
"1914",0.814732143,3.519,"P0065","EC_0038.jpg"
"1915",7.250744048,3.312,"P0065","EC_0180.jpg"
"1916",7.213541667,2.389,"P0065","EC_0237.jpg"
"1917",2.823660714,2.957,"P0065","EC_0162.jpg"
"1918",0.963541667,3.771,"P0065","EC_0009.jpg"
"1919",0.163690476,2.954,"P0065","EC_0184.jpg"
"1920",2.619047619,3.242,"P0065","EC_0056.jpg"
"1921",5.316220238,3.402,"P0065","EC_0195.jpg"
"1922",0.126488095,4.319,"P0065","EC_0111.jpg"
"1923",6.246279762,2.785,"P0065","EC_0116.jpg"
"1924",5.037202381,3.019,"P0065","EC_0231.jpg"
"1925",3.139880952,3.84,"P0065","EC_0002.jpg"
"1926",3.976934524,2.807,"P0065","EC_0166.jpg"
"1927",4.311755952,3.156,"P0065","EC_0238.jpg"
"1928",0.944940476,2.941,"P0065","EC_0213.jpg"
"1929",7.901785714,3.55,"P0065","EC_0117.jpg"
"1930",6.246279762,3.409,"P0065","EC_0034.jpg"
"1931",7.139136905,3.149,"P0065","EC_0149.jpg"
"1932",9.073660714,2.577,"P0065","EC_0044.jpg"
"1933",2.005208333,2.57,"P0065","EC_0055.jpg"
"1934",1.130952381,2.687,"P0065","EC_0085.jpg"
"1935",4.069940476,3.308,"P0065","EC_0233.jpg"
"1936",8.850446429,3.506,"P0065","EC_0157.jpg"
"1937",7.269345238,2.491,"P0065","EC_0050.jpg"
"1938",3.4375,2.805,"P0065","EC_0049.jpg"
"1939",7.008928571,2.978,"P0065","EC_0249.jpg"
"1940",8.10639881,3.292,"P0065","EC_0008.jpg"
"1941",5.669642857,4.507,"P0065","EC_0224.jpg"
"1942",5.651041667,4.774,"P0065","EC_0229.jpg"
"1943",3.344494048,3.837,"P0065","EC_0086.jpg"
"1944",5.613839286,6.778,"P0065","EC_0108.jpg"
"1945",6.878720238,3.326,"P0065","EC_0236.jpg"
"1946",8.980654762,3.428,"P0065","EC_0068.jpg"
"1947",5.148809524,4.067,"P0065","EC_0221.jpg"
"1948",7.808779762,6.162,"P0065","EC_0125.jpeg"
"1949",8.199404762,4.169,"P0065","EC_0196.jpg"
"1950",6.15327381,3.422,"P0065","EC_0017.jpg"
"1951",5.130208333,3.906,"P0065","EC_0138.png"
"1952",9.148065476,2.944,"P0065","EC_0057.jpeg"
"1953",4.20014881,3.745,"P0065","EC_0020.jpg"
"1954",4.851190476,3.106,"P0065","EC_0174.jpg"
"1955",1.056547619,3.094,"P0065","EC_0067.jpg"
"1956",1.912202381,2.817,"P0065","EC_0176.jpg"
"1957",4.21875,3.702,"P0065","EC_0239.jpg"
"1958",5.241815476,4.089,"P0065","EC_0090.jpg"
"1959",8.013392857,2.963,"P0065","EC_0013.jpg"
"1960",8.645833333,4.851,"P0065","EC_0172.jpg"
"1961",8.664434524,4.083,"P0065","EC_0246.jpg"
"1962",5.297619048,2.928,"P0065","EC_0202.jpg"
"1963",7.883184524,3.676,"P0065","EC_0030.jpg"
"1964",7.213541667,3.993,"P0065","EC_0102.jpg"
"1965",5.055803571,2.686,"P0065","EC_0135.jpg"
"1966",4.813988095,3.623,"P0065","EC_0181.jpg"
"1967",3.121279762,2.64,"P0065","EC_0235.jpg"
"1968",1.949404762,5.347,"P0065","EC_0129.jpeg"
"1969",2.433035714,2.659,"P0065","EC_0115.jpg"
"1970",6.97172619,3.507,"P0065","EC_0051.jpg"
"1971",2.079613095,4.155,"P0065","EC_0012.jpg"
"1972",7.75297619,2.799,"P0065","EC_0223.jpg"
"1973",6.246279762,3.545,"P0065","EC_0095.jpg"
"1974",6.674107143,2.741,"P0065","EC_0133.jpg"
"1975",5.892857143,3.175,"P0065","EC_0171.jpg"
"1976",5.576636905,3.123,"P0065","EC_0040.jpg"
"1977",2.823660714,2.462,"P0065","EC_0187.jpeg"
"1978",5.669642857,3.214,"P0065","EC_0109.jpg"
"1979",1.391369048,3.722,"P0065","EC_0027.jpg"
"1980",5.558035714,3.736,"P0065","EC_0080.jpg"
"1981",7.027529762,3.909,"P0065","EC_0101.jpg"
"1982",5.055803571,4.364,"P0065","EC_0003.jpg"
"1983",4.125744048,2.452,"P0065","EC_0147.png"
"1984",8.608630952,3.088,"P0065","EC_0016.jpg"
"1985",5.539434524,3.222,"P0065","EC_0106.jpg"
"1986",5.093005952,3.507,"P0065","EC_0094.jpg"
"1987",1.484375,3.756,"P0065","EC_0131.jpg"
"1988",3.902529762,4.182,"P0065","EC_0061.jpg"
"1989",9.092261905,4.113,"P0065","EC_0042.jpg"
"1990",5.148809524,4.438,"P0065","EC_0121.jpg"
"1991",4.925595238,4.023,"P0065","EC_0150.jpg"
"1992",5.837053571,2.853,"P0065","EC_0164.jpg"
"1993",5.316220238,4.04,"P0065","EC_0065.jpg"
"1994",2.805059524,3.091,"P0065","EC_0069.jpg"
"1995",2.414434524,3.507,"P0065","EC_0076.jpg"
"1996",7.399553571,2.855,"P0065","EC_0210.jpg"
"1997",6.041666667,2.89,"P0065","EC_0158.jpg"
"1998",4.944196429,2.886,"P0065","EC_0142.jpg"
"1999",4.944196429,3.309,"P0065","EC_0230.jpg"
"2000",2.358630952,5.236,"P0065","EC_0010.jpg"
"2001",5.502232143,6.256,"P0065","EC_0128.jpeg"
"2002",4.665178571,2.974,"P0065","EC_0156.jpg"
"2003",3.772321429,3.622,"P0065","EC_0148.jpg"
"2004",1.781994048,2.674,"P0065","EC_0047.jpg"
"2005",8.776041667,3.374,"P0065","EC_0036.jpeg"
"2006",9.371279762,2.933,"P0065","EC_0104.jpg"
"2007",3.121279762,3.324,"P0065","EC_0214.jpg"
"2008",3.753720238,3.928,"P0065","EC_0165.jpg"
"2009",1.930803571,3.612,"P0065","EC_0005.jpg"
"2010",4.386160714,3.539,"P0065","EC_0222.jpg"
"2011",7.213541667,3.559,"P0065","EC_0018.jpg"
"2012",8.441220238,3.137,"P0065","EC_0074.jpg"
"2013",7.511160714,3.893,"P0065","EC_0132.jpg"
"2014",4.069940476,2.724,"P0065","EC_0173.jpg"
"2015",6.004464286,3.101,"P0065","EC_0082.jpg"
"2016",0.907738095,4.085,"P0065","EC_0033.jpeg"
"2017",8.738839286,2.732,"P0065","EC_0098.jpg"
"2018",5.148809524,3.038,"P0065","EC_0022.jpg"
"2019",7.938988095,2.539,"P0065","EC_0168.jpeg"
"2020",7.548363095,2.726,"P0065","EC_0099.jpg"
"2021",6.93452381,2.459,"P0065","EC_0197.jpg"
"2022",8.404017857,4.603,"P0065","EC_0066.jpg"
"2023",7.380952381,3.725,"P0065","EC_0245.jpg"
"2024",5.502232143,3.045,"P0065","EC_0089.jpg"
"2025",6.915922619,2.839,"P0065","EC_0188.jpg"
"2026",6.915922619,2.22,"P0065","EC_0193.png"
"2027",7.529761905,2.371,"P0065","EC_0092.jpg"
"2028",6.97172619,2.984,"P0065","EC_0141.jpg"
"2029",4.21875,4.339,"P0065","EC_0105.jpg"
"2030",3.716517857,3.025,"P0065","EC_0242.jpg"
"2031",6.320684524,3.5,"P0065","EC_0250.jpg"
"2032",5.148809524,2.59,"P0065","EC_0170.jpg"
"2033",8.422619048,4.983,"P0065","EC_0037.jpg"
"2034",5.093005952,4.23,"P0065","EC_0011.jpg"
"2035",6.227678571,3.006,"P0065","EC_0151.jpg"
"2036",6.097470238,3.271,"P0065","EC_0194.jpg"
"2037",8.162202381,3.024,"P0065","EC_0207.jpg"
"2038",5.892857143,4.297,"P0065","EC_0140.jpg"
"2039",7.976190476,3.854,"P0065","EC_0031.jpg"
"2040",4.813988095,4.609,"P0065","EC_0219.jpg"
"2041",6.915922619,2.657,"P0065","EC_0160.jpg"
"2042",8.273809524,2.622,"P0065","EC_0136.jpg"
"2043",0.758928571,3.799,"P0065","EC_0232.jpg"
"2044",5.037202381,3.006,"P0065","EC_0039.jpg"
"2045",4.944196429,2.735,"P0065","EC_0200.png"
"2046",8.478422619,2.868,"P0065","EC_0072.jpg"
"2047",5.074404762,4.023,"P0065","EC_0169.png"
"2048",2.860863095,4.285,"P0065","EC_0088.jpg"
"2049",3.80952381,2.754,"P0065","EC_0153.jpg"
"2050",6.395089286,3.285,"P0065","EC_0058.jpg"
"2051",6.897321429,4.314,"P0065","EC_0228.jpg"
"2052",5.055803571,2.626,"P0065","EC_0029.jpg"
"2053",2.860863095,3.643,"P0065","EC_0001.jpg"
"2054",4.20014881,3.835,"P0065","EC_0097.jpg"
"2055",6.711309524,3.088,"P0065","EC_0248.jpg"
"2056",8.031994048,2.547,"P0065","EC_0118.jpg"
"2057",3.883928571,2.971,"P0065","EC_0007.jpg"
"2058",3.251488095,4.372,"P0065","EC_0123.jpeg"
"2059",7.064732143,2.849,"P0065","EC_0240.jpg"
"2060",3.865327381,3.798,"P0065","EC_0241.jpg"
"2061",7.585565476,2.622,"P0065","EC_0093.jpg"
"2062",7.176339286,3.472,"P0065","EC_0006.jpg"
"2063",8.627232143,2.955,"P0065","EC_0103.jpg"
"2064",2.786458333,3.832,"P0065","EC_0113.jpg"
"2065",5.186011905,3.073,"P0065","EC_0139.png"
"2066",6.19047619,2.326,"P0065","EC_0119.jpg"
"2067",4.330357143,2.984,"P0065","EC_0154.jpg"
"2068",5.353422619,2.85,"P0065","EC_0211.jpg"
"2069",7.492559524,2.588,"P0065","EC_0137.jpg"
"2070",7.994791667,3.089,"P0065","EC_0120.jpg"
"2071",7.994791667,2.764,"P0065","EC_0070.jpg"
"2072",0.628720238,2.735,"P0065","EC_0048.jpg"
"2073",3.4375,4.25,"P0065","EC_0201.jpg"
"2074",5.055803571,4.018,"P0065","EC_0032.jpg"
"2075",8.087797619,5.901,"P0065","EC_0227.jpg"
"2076",6.041666667,2.609,"P0065","EC_0243.jpg"
"2077",7.641369048,2.671,"P0065","EC_0183.jpg"
"2078",0.833333333,3.67,"P0065","EC_0019.jpg"
"2079",4.869791667,3.785,"P0065","EC_0083.jpg"
"2080",5.223214286,3.707,"P0065","EC_0244.jpg"
"2081",7.473958333,3.501,"P0065","EC_0014.jpg"
"2082",1.558779762,4.223,"P0065","EC_0124.jpeg"
"2083",2.581845238,3.267,"P0065","EC_0152.jpg"
"2084",2.767857143,2.924,"P0065","EC_0234.jpg"
"2085",6.785714286,2.94,"P0065","EC_0205.jpg"
"2086",7.641369048,3.369,"P0065","EC_0163.jpg"
"2087",8.404017857,3.533,"P0065","EC_0079.jpg"
"2088",6.227678571,5.093,"P0065","EC_0063.jpg"
"2089",6.953125,2.832,"P0065","EC_0087.jpg"
"2090",0.68452381,3.173,"P0065","EC_0204.jpg"
"2091",4.944196429,3.052,"P0065","EC_0064.jpg"
"2092",3.195684524,4.844,"P0065","EC_0053.jpg"
"2093",4.497767857,3.251,"P0065","EC_0177.jpg"
"2094",6.004464286,2.451,"P0065","EC_0167.jpg"
"2095",8.162202381,2.75,"P0065","EC_0046.jpg"
"2096",7.046130952,2.748,"P0065","EC_0198.jpg"
"2097",8.515625,3.121,"P0065","EC_0084.jpg"
"2098",1.428571429,3.057,"P0065","EC_0226.jpg"
"2099",7.75297619,3.12,"P0065","EC_0247.jpg"
"2100",4.851190476,2.578,"P0065","EC_0028.jpg"
"2101",5.978835979,3.3842,"P0070","EC_0206.png"
"2102",7.076719577,3.525,"P0070","EC_0185.jpg"
"2103",3.862433862,3.166,"P0070","EC_0019.jpg"
"2104",8.148148148,2.5986,"P0070","EC_0030.jpg"
"2105",5.013227513,3.0834,"P0070","EC_0154.jpg"
"2106",2.632275132,3.1764,"P0070","EC_0195.jpg"
"2107",7.010582011,2.947,"P0070","EC_0066.jpg"
"2108",4.232804233,2.7622,"P0070","EC_0039.jpg"
"2109",5.132275132,3.1942,"P0070","EC_0141.jpg"
"2110",9.126984127,2.6382,"P0070","EC_0242.jpg"
"2111",4.58994709,3.2554,"P0070","EC_0059.jpg"
"2112",5.621693122,3.1699,"P0070","EC_0236.jpg"
"2113",6.997354497,2.5955,"P0070","EC_0163.jpg"
"2114",4.563492063,2.9395,"P0070","EC_0109.jpg"
"2115",2.46031746,3.5362,"P0070","EC_0080.jpg"
"2116",6.732804233,2.5586,"P0070","EC_0094.jpg"
"2117",5.833333333,2.3645,"P0070","EC_0088.jpg"
"2118",6.613756614,3.4648,"P0070","EC_0181.jpg"
"2119",4.21957672,2.2688,"P0070","EC_0020.jpg"
"2120",7.685185185,2.5966,"P0070","EC_0207.jpg"
"2121",4.153439153,2.6837,"P0070","EC_0234.jpg"
"2122",5.608465608,3.0216,"P0070","EC_0136.jpg"
"2123",7.195767196,2.3362,"P0070","EC_0238.jpg"
"2124",5.78042328,3.191,"P0070","EC_0079.jpg"
"2125",6.256613757,2.7814,"P0070","EC_0047.jpg"
"2126",5.37037037,3.0226,"P0070","EC_0074.jpg"
"2127",3.042328042,2.9151,"P0070","EC_0067.jpg"
"2128",6.283068783,2.2757,"P0070","EC_0147.png"
"2129",4.801587302,2.5297,"P0070","EC_0162.jpg"
"2130",3.637566138,2.7976,"P0070","EC_0042.jpg"
"2131",5.37037037,3.3066,"P0070","EC_0142.jpg"
"2132",6.851851852,2.8079,"P0070","EC_0077.jpg"
"2133",5.515873016,3.1725,"P0070","EC_0076.jpg"
"2134",4.312169312,2.8462,"P0070","EC_0081.jpg"
"2135",3.201058201,2.3216,"P0070","EC_0095.jpg"
"2136",5.383597884,2.2681,"P0070","EC_0016.jpg"
"2137",3.267195767,2.6478,"P0070","EC_0090.jpg"
"2138",2.605820106,2.4856,"P0070","EC_0027.jpg"
"2139",4.880952381,3.0455,"P0070","EC_0050.jpg"
"2140",5.595238095,3.3657,"P0070","EC_0031.jpg"
"2141",5.211640212,3.1385,"P0070","EC_0054.jpg"
"2142",6.455026455,2.8153,"P0070","EC_0245.jpg"
"2143",4.894179894,2.2927,"P0070","EC_0226.jpg"
"2144",5.978835979,7.0104,"P0070","EC_0164.jpg"
"2145",6.441798942,2.8588,"P0070","EC_0188.jpg"
"2146",5.582010582,2.7454,"P0070","EC_0053.jpg"
"2147",5,2.4028,"P0070","EC_0056.jpg"
"2148",1.917989418,4.2209,"P0070","EC_0033.jpeg"
"2149",4.060846561,3.4736,"P0070","EC_0118.jpg"
"2150",5.952380952,3.1059,"P0070","EC_0233.jpg"
"2151",4.444444444,2.5776,"P0070","EC_0250.jpg"
"2152",3.201058201,4.5949,"P0070","EC_0129.jpeg"
"2153",2.87037037,5.1981,"P0070","EC_0138.png"
"2154",5.304232804,3.28,"P0070","EC_0017.jpg"
"2155",1.759259259,2.8482,"P0070","EC_0036.jpeg"
"2156",4.484126984,3.022,"P0070","EC_0092.jpg"
"2157",3.121693122,2.3869,"P0070","EC_0005.jpg"
"2158",5.41005291,2.4774,"P0070","EC_0093.jpg"
"2159",7.380952381,3.1181,"P0070","EC_0104.jpg"
"2160",6.018518519,2.4359,"P0070","EC_0029.jpg"
"2161",4.444444444,2.287,"P0070","EC_0158.jpg"
"2162",5.158730159,2.3002,"P0070","EC_0232.jpg"
"2163",5.82010582,2.5056,"P0070","EC_0133.jpg"
"2164",6.931216931,2.3049,"P0070","EC_0032.jpg"
"2165",7.857142857,2.7398,"P0070","EC_0073.jpg"
"2166",4.695767196,2.7369,"P0070","EC_0022.jpg"
"2167",4.007936508,2.3611,"P0070","EC_0166.jpg"
"2168",0.767195767,3.0691,"P0070","EC_0247.jpg"
"2169",5.846560847,2.5631,"P0070","EC_0051.jpg"
"2170",3.69047619,2.5175,"P0070","EC_0071.jpg"
"2171",0.066137566,2.713,"P0070","EC_0124.jpeg"
"2172",8.32010582,2.8699,"P0070","EC_0034.jpg"
"2173",8.76984127,3.3223,"P0070","EC_0057.jpeg"
"2174",7.433862434,2.2742,"P0070","EC_0037.jpg"
"2175",4.722222222,2.5447,"P0070","EC_0210.jpg"
"2176",6.031746032,2.4901,"P0070","EC_0198.jpg"
"2177",5.740740741,2.4664,"P0070","EC_0180.jpg"
"2178",4.351851852,2.3891,"P0070","EC_0211.jpg"
"2179",6.23015873,2.0272,"P0070","EC_0062.jpg"
"2180",5.171957672,2.181,"P0070","EC_0246.jpg"
"2181",5.899470899,2.4301,"P0070","EC_0087.jpg"
"2182",5.251322751,2.1257,"P0070","EC_0011.jpg"
"2183",6.23015873,3.3218,"P0070","EC_0137.jpg"
"2184",4.642857143,2.9557,"P0070","EC_0097.jpg"
"2185",3.703703704,2.6816,"P0070","EC_0149.jpg"
"2186",5.793650794,2.4256,"P0070","EC_0173.jpg"
"2187",4.880952381,2.4685,"P0070","EC_0230.jpg"
"2188",5.899470899,1.6594,"P0070","EC_0108.jpg"
"2189",5.224867725,2.4788,"P0070","EC_0028.jpg"
"2190",2.288359788,2.3164,"P0070","EC_0113.jpg"
"2191",4.312169312,2.3102,"P0070","EC_0041.jpg"
"2192",5.357142857,5.4402,"P0070","EC_0243.jpg"
"2193",4.298941799,2.7876,"P0070","EC_0235.jpg"
"2194",6.534391534,2.864,"P0070","EC_0014.jpg"
"2195",6.362433862,2.5429,"P0070","EC_0082.jpg"
"2196",7.116402116,2.9652,"P0070","EC_0204.jpg"
"2197",4.523809524,3.208,"P0070","EC_0201.jpg"
"2198",6.335978836,2.2635,"P0070","EC_0174.jpg"
"2199",3.452380952,2.6766,"P0070","EC_0044.jpg"
"2200",5.291005291,2.491,"P0070","EC_0024.jpg"
"2201",7.698412698,2.5906,"P0070","EC_0096.jpg"
"2202",5.873015873,2.2468,"P0070","EC_0151.jpg"
"2203",6.547619048,2.3086,"P0070","EC_0203.jpg"
"2204",4.034391534,2.4773,"P0070","EC_0131.jpg"
"2205",5.502645503,2.7901,"P0070","EC_0240.jpg"
"2206",4.682539683,3.0593,"P0070","EC_0085.jpg"
"2207",5.542328042,2.3945,"P0070","EC_0098.jpg"
"2208",2.579365079,3.0357,"P0070","EC_0009.jpg"
"2209",7.46031746,3.103,"P0070","EC_0099.jpg"
"2210",6.693121693,2.5888,"P0070","EC_0120.jpg"
"2211",3.664021164,2.7628,"P0070","EC_0221.jpg"
"2212",4.616402116,2.8779,"P0070","EC_0196.jpg"
"2213",5.304232804,2.2228,"P0070","EC_0153.jpg"
"2214",5.925925926,2.6995,"P0070","EC_0193.png"
"2215",2.724867725,2.7843,"P0070","EC_0140.jpg"
"2216",4.391534392,2.5092,"P0070","EC_0018.jpg"
"2217",5.740740741,2.6039,"P0070","EC_0182.jpg"
"2218",4.285714286,2.8186,"P0070","EC_0121.jpg"
"2219",6.084656085,3.3145,"P0070","EC_0202.jpg"
"2220",5.185185185,4.9007,"P0070","EC_0200.png"
"2221",6.097883598,2.5923,"P0070","EC_0070.jpg"
"2222",7.380952381,2.4702,"P0070","EC_0219.jpg"
"2223",6.216931217,2.4181,"P0070","EC_0010.jpg"
"2224",5.634920635,2.5203,"P0070","EC_0055.jpg"
"2225",6.256613757,2.9191,"P0070","EC_0063.jpg"
"2226",4.272486772,2.6821,"P0070","EC_0100.jpg"
"2227",3.888888889,2.5317,"P0070","EC_0003.jpg"
"2228",6.124338624,2.6511,"P0070","EC_0165.jpg"
"2229",5.092592593,2.5396,"P0070","EC_0169.png"
"2230",6.071428571,3.6105,"P0070","EC_0156.jpg"
"2231",6.984126984,3.2644,"P0070","EC_0135.jpg"
"2232",4.338624339,4.1608,"P0070","EC_0083.jpg"
"2233",5.132275132,4.1212,"P0070","EC_0125.jpeg"
"2234",4.100529101,2.7393,"P0070","EC_0103.jpg"
"2235",3.002645503,3.4789,"P0070","EC_0111.jpg"
"2236",4.854497354,2.9903,"P0070","EC_0176.jpg"
"2237",5.423280423,5.0496,"P0070","EC_0001.jpg"
"2238",4.17989418,4.4165,"P0070","EC_0229.jpg"
"2239",5.132275132,2.2964,"P0070","EC_0049.jpg"
"2240",7.751322751,3.0025,"P0070","EC_0237.jpg"
"2241",9.391534392,2.8743,"P0070","EC_0209.jpg"
"2242",3.624338624,3.1173,"P0070","EC_0075.jpg"
"2243",5.582010582,2.3665,"P0070","EC_0197.jpg"
"2244",5.992063492,2.2187,"P0070","EC_0084.jpg"
"2245",3.80952381,4.3276,"P0070","EC_0170.jpg"
"2246",6.957671958,2.5525,"P0070","EC_0048.jpg"
"2247",5.661375661,2.4945,"P0070","EC_0171.jpg"
"2248",4.391534392,3.1731,"P0070","EC_0064.jpg"
"2249",3.492063492,2.7151,"P0070","EC_0223.jpg"
"2250",6.018518519,2.2538,"P0070","EC_0172.jpg"
"2251",7.222222222,2.2541,"P0070","EC_0060.jpg"
"2252",8.227513228,3.8084,"P0070","EC_0205.jpg"
"2253",8.835978836,2.9151,"P0070","EC_0157.jpg"
"2254",5.119047619,2.5411,"P0070","EC_0128.jpeg"
"2255",4.312169312,2.9273,"P0070","EC_0132.jpg"
"2256",3.35978836,3.0587,"P0070","EC_0002.jpg"
"2257",7.010582011,2.7577,"P0070","EC_0159.jpg"
"2258",3.69047619,2.5167,"P0070","EC_0224.jpg"
"2259",7.367724868,3.1938,"P0070","EC_0194.jpg"
"2260",6.150793651,2.6792,"P0070","EC_0007.jpg"
"2261",5.621693122,2.848,"P0070","EC_0183.jpg"
"2262",5.85978836,3.9193,"P0070","EC_0015.jpg"
"2263",7.354497354,2.8699,"P0070","EC_0123.jpeg"
"2264",5.079365079,4.7764,"P0070","EC_0119.jpg"
"2265",6.600529101,2.6787,"P0070","EC_0058.jpg"
"2266",5.502645503,2.526,"P0070","EC_0006.jpg"
"2267",3.955026455,3.0113,"P0070","EC_0227.jpg"
"2268",3.981481481,2.5514,"P0070","EC_0105.jpg"
"2269",6.084656085,2.6582,"P0070","EC_0038.jpg"
"2270",0.912698413,2.7396,"P0070","EC_0199.jpg"
"2271",2.962962963,2.7204,"P0070","EC_0065.jpg"
"2272",4.58994709,3.7401,"P0070","EC_0148.jpg"
"2273",5.925925926,3.6871,"P0070","EC_0068.jpg"
"2274",5.846560847,3.5843,"P0070","EC_0139.png"
"2275",5.515873016,2.6619,"P0070","EC_0187.jpeg"
"2276",5.092592593,2.7875,"P0070","EC_0101.jpg"
"2277",6.164021164,2.9732,"P0070","EC_0086.jpg"
"2278",6.481481481,2.8476,"P0070","EC_0013.jpg"
"2279",5.714285714,2.6473,"P0070","EC_0241.jpg"
"2280",6.613756614,2.5401,"P0070","EC_0167.jpg"
"2281",3.161375661,3.4137,"P0070","EC_0228.jpg"
"2282",5.608465608,3.5374,"P0070","EC_0248.jpg"
"2283",5.092592593,3.8707,"P0070","EC_0115.jpg"
"2284",6.177248677,2.4179,"P0070","EC_0152.jpg"
"2285",5.44973545,3.1144,"P0070","EC_0161.jpg"
"2286",4.378306878,3.4925,"P0070","EC_0134.jpg"
"2287",4.417989418,2.6009,"P0070","EC_0040.jpg"
"2288",4.246031746,3.6647,"P0070","EC_0106.jpg"
"2289",3.425925926,3.4547,"P0070","EC_0012.jpg"
"2290",5.648148148,2.6871,"P0070","EC_0150.jpg"
"2291",4.365079365,3.0193,"P0070","EC_0116.jpg"
"2292",2.843915344,2.9392,"P0070","EC_0239.jpg"
"2293",5.132275132,2.4428,"P0070","EC_0102.jpg"
"2294",6.335978836,2.4767,"P0070","EC_0177.jpg"
"2295",5.582010582,2.3677,"P0070","EC_0117.jpg"
"2296",2.301587302,2.946,"P0070","EC_0168.jpeg"
"2297",5.701058201,2.4412,"P0070","EC_0046.jpg"
"2298",5.396825397,2.6952,"P0070","EC_0160.jpg"
"2299",5.873015873,3.4847,"P0070","EC_0214.jpg"
"2300",4.457671958,3.7722,"P0070","EC_0222.jpg"
"2301",4.682539683,3.5526,"P0070","EC_0213.jpg"
"2302",5.264550265,2.8034,"P0070","EC_0089.jpg"
"2303",8.875661376,2.2997,"P0070","EC_0008.jpg"
"2304",8.148148148,3.2396,"P0070","EC_0072.jpg"
"2305",5.714285714,2.4062,"P0070","EC_0249.jpg"
"2306",6.018518519,2.7705,"P0070","EC_0184.jpg"
"2307",6.891534392,2.4617,"P0070","EC_0231.jpg"
"2308",5.211640212,2.1834,"P0070","EC_0061.jpg"
"2309",4.378306878,2.8712,"P0070","EC_0069.jpg"
"2310",6.481481481,2.1799,"P0070","EC_0244.jpg"
"2311",6.931216931,5.2265,"P0075","EC_0077.jpg"
"2312",4.986772487,5.0432,"P0075","EC_0123.jpeg"
"2313",5.965608466,6.0163,"P0075","EC_0017.jpg"
"2314",3.928571429,4.2233,"P0075","EC_0154.jpg"
"2315",3.002645503,14.7263,"P0075","EC_0193.png"
"2316",6.044973545,3.8568,"P0075","EC_0106.jpg"
"2317",4.947089947,6.202,"P0075","EC_0234.jpg"
"2318",2.116402116,3.7797,"P0075","EC_0134.jpg"
"2319",3.042328042,5.4761,"P0075","EC_0030.jpg"
"2320",2.976190476,3.824,"P0075","EC_0246.jpg"
"2321",2.420634921,5.208400001,"P0075","EC_0115.jpg"
"2322",0.211640212,7.687900001,"P0075","EC_0067.jpg"
"2323",0.912698413,8.654400001,"P0075","EC_0010.jpg"
"2324",4.96031746,5.7935,"P0075","EC_0180.jpg"
"2325",5.886243386,5.7253,"P0075","EC_0103.jpg"
"2326",8.055555556,6.868200001,"P0075","EC_0229.jpg"
"2327",6.097883598,6.4546,"P0075","EC_0117.jpg"
"2328",5.965608466,10.5862,"P0075","EC_0028.jpg"
"2329",6.957671958,10.9949,"P0075","EC_0093.jpg"
"2330",4.880952381,6.2001,"P0075","EC_0069.jpg"
"2331",5.185185185,13.4293,"P0075","EC_0125.jpeg"
"2332",3.002645503,4.749700001,"P0075","EC_0147.png"
"2333",3.412698413,7.3382,"P0075","EC_0164.jpg"
"2334",2.261904762,3.5764,"P0075","EC_0209.jpg"
"2335",8.095238095,4.268599999,"P0075","EC_0198.jpg"
"2336",5.343915344,3.5612,"P0075","EC_0081.jpg"
"2337",3.095238095,8.379,"P0075","EC_0099.jpg"
"2338",5.066137566,6.3513,"P0075","EC_0205.jpg"
"2339",6.044973545,4.5109,"P0075","EC_0248.jpg"
"2340",5.185185185,4.1816,"P0075","EC_0050.jpg"
"2341",5.912698413,4.7838,"P0075","EC_0150.jpg"
"2342",3.796296296,6.313799999,"P0075","EC_0074.jpg"
"2343",7.037037037,6.0927,"P0075","EC_0157.jpg"
"2344",5,6.402900001,"P0075","EC_0006.jpg"
"2345",3.558201058,8.1975,"P0075","EC_0053.jpg"
"2346",3.981481481,4.6061,"P0075","EC_0055.jpg"
"2347",7.05026455,4.830099999,"P0075","EC_0138.png"
"2348",0.701058201,8.277799999,"P0075","EC_0242.jpg"
"2349",1.362433862,3.6849,"P0075","EC_0005.jpg"
"2350",4.021164021,4.981400001,"P0075","EC_0172.jpg"
"2351",4.034391534,5.0312,"P0075","EC_0236.jpg"
"2352",7.473544974,6.7336,"P0075","EC_0061.jpg"
"2353",5.03968254,26.137,"P0075","EC_0083.jpg"
"2354",8.015873016,4.96,"P0075","EC_0044.jpg"
"2355",6.044973545,4.224900001,"P0075","EC_0160.jpg"
"2356",0.026455026,5.6471,"P0075","EC_0019.jpg"
"2357",0.211640212,3.8092,"P0075","EC_0040.jpg"
"2358",0.952380952,3.504,"P0075","EC_0139.png"
"2359",6.124338624,4.5869,"P0075","EC_0168.jpeg"
"2360",5.674603175,4.1545,"P0075","EC_0105.jpg"
"2361",9.96031746,4.3546,"P0075","EC_0016.jpg"
"2362",7.010582011,7.3342,"P0075","EC_0243.jpg"
"2363",6.388888889,7.770099999,"P0075","EC_0003.jpg"
"2364",9.153439153,6.2689,"P0075","EC_0136.jpg"
"2365",0,9.5497,"P0075","EC_0113.jpg"
"2366",5.079365079,16.2958,"P0075","EC_0031.jpg"
"2367",5.013227513,4.1465,"P0075","EC_0116.jpg"
"2368",6.071428571,4.2449,"P0075","EC_0163.jpg"
"2369",8.240740741,8.020700001,"P0075","EC_0020.jpg"
"2370",4.96031746,11.0246,"P0075","EC_0142.jpg"
"2371",0.092592593,10.6239,"P0075","EC_0024.jpg"
"2372",7.962962963,7.2612,"P0075","EC_0211.jpg"
"2373",4.841269841,10.5484,"P0075","EC_0014.jpg"
"2374",9.100529101,8.180400001,"P0075","EC_0235.jpg"
"2375",8.055555556,6.5846,"P0075","EC_0092.jpg"
"2376",4.828042328,6.011299999,"P0075","EC_0018.jpg"
"2377",0.727513228,6.415,"P0075","EC_0073.jpg"
"2378",4.96031746,9.3435,"P0075","EC_0072.jpg"
"2379",2.486772487,7.614200001,"P0075","EC_0206.png"
"2380",0.079365079,13.1099,"P0075","EC_0034.jpg"
"2381",10,4.8215,"P0075","EC_0177.jpg"
"2382",5.238095238,5.437900001,"P0075","EC_0036.jpeg"
"2383",5.03968254,4.3465,"P0075","EC_0095.jpg"
"2384",0.357142857,5.358,"P0075","EC_0140.jpg"
"2385",3.187830688,6.3237,"P0075","EC_0048.jpg"
"2386",5.092592593,5.7377,"P0075","EC_0037.jpg"
"2387",8.716931217,7.574,"P0075","EC_0135.jpg"
"2388",6.124338624,4.1259,"P0075","EC_0200.png"
"2389",8.042328042,4.6623,"P0075","EC_0029.jpg"
"2390",2.751322751,5.2862,"P0075","EC_0041.jpg"
"2391",5.013227513,13.714,"P0075","EC_0108.jpg"
"2392",5.992063492,3.368400001,"P0075","EC_0159.jpg"
"2393",6.917989418,12.2567,"P0075","EC_0156.jpg"
"2394",5.992063492,2.9186,"P0075","EC_0104.jpg"
"2395",6.944444444,3.9697,"P0075","EC_0098.jpg"
"2396",3.201058201,5.4316,"P0075","EC_0065.jpg"
"2397",0,4.92,"P0075","EC_0247.jpg"
"2398",6.600529101,3.4324,"P0075","EC_0057.jpeg"
"2399",6.137566138,7.382,"P0075","EC_0070.jpg"
"2400",5.145502646,3.8538,"P0075","EC_0089.jpg"
"2401",1.124338624,6.8549,"P0075","EC_0240.jpg"
"2402",4.126984127,3.7741,"P0075","EC_0085.jpg"
"2403",6.534391534,4.8096,"P0075","EC_0058.jpg"
"2404",7.010582011,3.9811,"P0075","EC_0202.jpg"
"2405",7.962962963,5.044,"P0075","EC_0237.jpg"
"2406",5.621693122,5.020200001,"P0075","EC_0132.jpg"
"2407",7.605820106,5.284,"P0075","EC_0011.jpg"
"2408",8.69047619,5.7745,"P0075","EC_0032.jpg"
"2409",4.616402116,7.917,"P0075","EC_0001.jpg"
"2410",5.727513228,3.7746,"P0075","EC_0195.jpg"
"2411",4.96031746,3.749299999,"P0075","EC_0226.jpg"
"2412",6.415343915,2.987700001,"P0075","EC_0166.jpg"
"2413",8.862433862,2.9781,"P0075","EC_0060.jpg"
"2414",4.748677249,5.458900001,"P0075","EC_0232.jpg"
"2415",0,7.484700001,"P0075","EC_0033.jpeg"
"2416",0.185185185,3.367599999,"P0075","EC_0184.jpg"
"2417",4.62962963,5.3902,"P0075","EC_0012.jpg"
"2418",4.788359788,4.6118,"P0075","EC_0109.jpg"
"2419",4.404761905,3.7629,"P0075","EC_0007.jpg"
"2420",10,9.5007,"P0075","EC_0084.jpg"
"2421",4.933862434,3.3141,"P0075","EC_0149.jpg"
"2422",5.661375661,3.3492,"P0075","EC_0054.jpg"
"2423",9.206349206,3.4247,"P0075","EC_0009.jpg"
"2424",10,6.908099999,"P0075","EC_0151.jpg"
"2425",2.420634921,5.066299999,"P0075","EC_0066.jpg"
"2426",0.740740741,5.8875,"P0075","EC_0185.jpg"
"2427",7.94973545,8.332900001,"P0075","EC_0221.jpg"
"2428",2.804232804,11.832,"P0075","EC_0121.jpg"
"2429",4.867724868,4.7923,"P0075","EC_0169.png"
"2430",4.55026455,6.5605,"P0075","EC_0201.jpg"
"2431",6.851851852,4.4951,"P0075","EC_0071.jpg"
"2432",9.761904762,4.3415,"P0075","EC_0082.jpg"
"2433",4.708994709,7.6386,"P0075","EC_0042.jpg"
"2434",10,3.1396,"P0075","EC_0152.jpg"
"2435",7.08994709,4.1983,"P0075","EC_0153.jpg"
"2436",3.121693122,3.972900001,"P0075","EC_0204.jpg"
"2437",5.661375661,7.7625,"P0075","EC_0173.jpg"
"2438",3.558201058,4.7198,"P0075","EC_0094.jpg"
"2439",5.251322751,6.6547,"P0075","EC_0064.jpg"
"2440",4.007936508,4.551,"P0075","EC_0068.jpg"
"2441",7.698412698,5.0256,"P0075","EC_0222.jpg"
"2442",9.841269841,11.804,"P0075","EC_0210.jpg"
"2443",5.132275132,4.687299999,"P0075","EC_0241.jpg"
"2444",5.105820106,3.2104,"P0075","EC_0141.jpg"
"2445",4.933862434,10.4779,"P0075","EC_0196.jpg"
"2446",4.431216931,3.9928,"P0075","EC_0131.jpg"
"2447",1.111111111,5.6029,"P0075","EC_0056.jpg"
"2448",3.558201058,3.1306,"P0075","EC_0165.jpg"
"2449",4.933862434,3.8409,"P0075","EC_0090.jpg"
"2450",0.013227513,3.7563,"P0075","EC_0027.jpg"
"2451",7.552910053,3.982,"P0075","EC_0230.jpg"
"2452",5.555555556,6.5701,"P0075","EC_0038.jpg"
"2453",2.473544974,4.406099999,"P0075","EC_0088.jpg"
"2454",3.902116402,5.1949,"P0075","EC_0047.jpg"
"2455",5.013227513,6.7673,"P0075","EC_0197.jpg"
"2456",0,3.5767,"P0075","EC_0124.jpeg"
"2457",7.526455026,5.6835,"P0075","EC_0203.jpg"
"2458",0.899470899,3.1152,"P0075","EC_0187.jpeg"
"2459",5.41005291,2.916099999,"P0075","EC_0181.jpg"
"2460",7.248677249,4.0428,"P0075","EC_0063.jpg"
"2461",7.87037037,72.6836,"P0075","EC_0120.jpg"
"2462",4.986772487,30.6925,"P0075","EC_0015.jpg"
"2463",4.880952381,10.8209,"P0075","EC_0013.jpg"
"2464",5.119047619,7.8028,"P0075","EC_0119.jpg"
"2465",6.944444444,2.4587,"P0075","EC_0086.jpg"
"2466",7.896825397,3.4665,"P0075","EC_0075.jpg"
"2467",3.743386243,6.8766,"P0075","EC_0059.jpg"
"2468",6.177248677,4.1446,"P0075","EC_0249.jpg"
"2469",8.703703704,5.5883,"P0075","EC_0137.jpg"
"2470",4.510582011,14.0637,"P0075","EC_0158.jpg"
"2471",7.116402116,4.03,"P0075","EC_0245.jpg"
"2472",4.007936508,8.7859,"P0075","EC_0233.jpg"
"2473",5.224867725,5.834700001,"P0075","EC_0101.jpg"
"2474",7.208994709,2.5854,"P0075","EC_0223.jpg"
"2475",4.62962963,3.742599999,"P0075","EC_0170.jpg"
"2476",6.71957672,8.152400001,"P0075","EC_0062.jpg"
"2477",0.978835979,5.6148,"P0075","EC_0111.jpg"
"2478",5.489417989,5.4064,"P0075","EC_0096.jpg"
"2479",0,9.988,"P0075","EC_0227.jpg"
"2480",5.026455026,2.9985,"P0075","EC_0102.jpg"
"2481",7.023809524,3.5817,"P0075","EC_0022.jpg"
"2482",5.224867725,8.9035,"P0075","EC_0224.jpg"
"2483",3.333333333,10.1359,"P0075","EC_0214.jpg"
"2484",2.923280423,8.3215,"P0075","EC_0231.jpg"
"2485",7.724867725,12.5798,"P0075","EC_0049.jpg"
"2486",3.981481481,10.2062,"P0075","EC_0002.jpg"
"2487",2.711640212,16.0044,"P0075","EC_0183.jpg"
"2488",4.153439153,3.328200001,"P0075","EC_0244.jpg"
"2489",8.35978836,5.2686,"P0075","EC_0087.jpg"
"2490",5.423280423,6.4966,"P0075","EC_0008.jpg"
"2491",3.862433862,9.8305,"P0075","EC_0080.jpg"
"2492",0.396825397,2.9671,"P0075","EC_0194.jpg"
"2493",4.735449735,3.2018,"P0075","EC_0174.jpg"
"2494",5.171957672,3.6818,"P0075","EC_0250.jpg"
"2495",2.843915344,9.1462,"P0075","EC_0162.jpg"
"2496",7.023809524,4.9547,"P0075","EC_0167.jpg"
"2497",4.894179894,6.7902,"P0075","EC_0188.jpg"
"2498",6.097883598,2.6481,"P0075","EC_0176.jpg"
"2499",5.171957672,2.9083,"P0075","EC_0128.jpeg"
"2500",3.941798942,4.354,"P0075","EC_0148.jpg"
"2501",3.796296296,4.9752,"P0075","EC_0213.jpg"
"2502",6.455026455,4.4258,"P0075","EC_0097.jpg"
"2503",1.124338624,3.4038,"P0075","EC_0182.jpg"
"2504",4.894179894,4.24,"P0075","EC_0079.jpg"
"2505",5.185185185,5.3855,"P0075","EC_0238.jpg"
"2506",6.071428571,11.5354,"P0075","EC_0207.jpg"
"2507",3.055555556,16.3838,"P0075","EC_0133.jpg"
"2508",0,6.1701,"P0075","EC_0199.jpg"
"2509",3.174603175,5.075400001,"P0075","EC_0161.jpg"
"2510",2.169312169,10.0917,"P0075","EC_0129.jpeg"
"2511",0.714285714,5.1214,"P0075","EC_0076.jpg"
"2512",1.891534392,13.46,"P0075","EC_0118.jpg"
"2513",3.439153439,2.981099999,"P0075","EC_0039.jpg"
"2514",4.497354497,8.035200001,"P0075","EC_0239.jpg"
"2515",5.291005291,3.1939,"P0075","EC_0100.jpg"
"2516",5.198412698,4.4202,"P0075","EC_0219.jpg"
"2517",5.992063492,6.584400001,"P0075","EC_0171.jpg"
"2518",0,4.796400001,"P0075","EC_0228.jpg"
"2519",2.275132275,4.980400001,"P0075","EC_0046.jpg"
"2520",8.015873016,3.742400001,"P0075","EC_0051.jpg"
"2521",7.996031746,3.3508,"P0078","EC_0119.jpg"
"2522",2.003968254,4.4898,"P0078","EC_0015.jpg"
"2523",1.994047619,4.3772,"P0078","EC_0121.jpg"
"2524",1.001984127,3.6703,"P0078","EC_0125.jpeg"
"2525",6.011904762,3.7527,"P0078","EC_0020.jpg"
"2526",0.972222222,4.9481,"P0078","EC_0129.jpeg"
"2527",7.033730159,3.2188,"P0078","EC_0060.jpg"
"2528",0.763888889,6.3313,"P0078","EC_0204.jpg"
"2529",1.091269841,2.5392,"P0078","EC_0245.jpg"
"2530",4.067460317,3.2279,"P0078","EC_0001.jpg"
"2531",0.972222222,3.4917,"P0078","EC_0222.jpg"
"2532",7.053571429,2.861,"P0078","EC_0070.jpg"
"2533",6.011904762,2.7599,"P0078","EC_0069.jpg"
"2534",2.966269841,3.6124,"P0078","EC_0044.jpg"
"2535",1.85515873,3.2246,"P0078","EC_0086.jpg"
"2536",3.154761905,2.9168,"P0078","EC_0237.jpg"
"2537",5.992063492,3.9283,"P0078","EC_0159.jpg"
"2538",2.827380952,4.5359,"P0078","EC_0077.jpg"
"2539",5.982142857,2.6491,"P0078","EC_0007.jpg"
"2540",5.03968254,3.5269,"P0078","EC_0034.jpg"
"2541",5.03968254,2.3261,"P0078","EC_0193.png"
"2542",8.134920635,2.6778,"P0078","EC_0224.jpg"
"2543",6.041666667,3.2079,"P0078","EC_0200.png"
"2544",4.702380952,3.0514,"P0078","EC_0163.jpg"
"2545",7.876984127,3.6331,"P0078","EC_0177.jpg"
"2546",1.91468254,3.3124,"P0078","EC_0047.jpg"
"2547",1.26984127,2.9348,"P0078","EC_0171.jpg"
"2548",5.158730159,3.5053,"P0078","EC_0131.jpg"
"2549",3.660714286,2.4347,"P0078","EC_0167.jpg"
"2550",6.666666667,2.4125,"P0078","EC_0098.jpg"
"2551",2.658730159,3.228,"P0078","EC_0042.jpg"
"2552",3.720238095,2.6433,"P0078","EC_0116.jpg"
"2553",8.154761905,2.928,"P0078","EC_0063.jpg"
"2554",7.390873016,2.3886,"P0078","EC_0240.jpg"
"2555",2.916666667,2.7744,"P0078","EC_0010.jpg"
"2556",4.216269841,2.7738,"P0078","EC_0194.jpg"
"2557",7.093253968,2.4486,"P0078","EC_0108.jpg"
"2558",6.359126984,2.2449,"P0078","EC_0135.jpg"
"2559",4.067460317,26.1309,"P0078","EC_0082.jpg"
"2560",7.123015873,4.1255,"P0078","EC_0138.png"
"2561",1.051587302,2.5655,"P0078","EC_0048.jpg"
"2562",3.055555556,4.0662,"P0078","EC_0030.jpg"
"2563",6.607142857,2.796,"P0078","EC_0051.jpg"
"2564",6.517857143,2.2731,"P0078","EC_0081.jpg"
"2565",1.875,4.0718,"P0078","EC_0209.jpg"
"2566",1.994047619,4.5391,"P0078","EC_0065.jpg"
"2567",2.083333333,6.7988,"P0078","EC_0210.jpg"
"2568",2.291666667,9.4403,"P0078","EC_0019.jpg"
"2569",4.156746032,9.7674,"P0078","EC_0170.jpg"
"2570",4.573412698,3.5833,"P0078","EC_0140.jpg"
"2571",2.886904762,2.5525,"P0078","EC_0162.jpg"
"2572",6.259920635,2.8894,"P0078","EC_0149.jpg"
"2573",3.234126984,2.9718,"P0078","EC_0083.jpg"
"2574",0.882936508,2.6786,"P0078","EC_0124.jpeg"
"2575",0.892857143,2.4727,"P0078","EC_0152.jpg"
"2576",1.200396825,1.9845,"P0078","EC_0118.jpg"
"2577",4.206349206,2.2145,"P0078","EC_0002.jpg"
"2578",3.938492063,2.2055,"P0078","EC_0166.jpg"
"2579",5.505952381,2.422,"P0078","EC_0032.jpg"
"2580",2.589285714,3.6216,"P0078","EC_0012.jpg"
"2581",1.954365079,2.9345,"P0078","EC_0230.jpg"
"2582",2.5,2.3875,"P0078","EC_0055.jpg"
"2583",2.549603175,2.392,"P0078","EC_0027.jpg"
"2584",2.926587302,2.6601,"P0078","EC_0176.jpg"
"2585",6.001984127,2.7311,"P0078","EC_0022.jpg"
"2586",3.640873016,2.0842,"P0078","EC_0250.jpg"
"2587",4.791666667,3.0239,"P0078","EC_0199.jpg"
"2588",0.873015873,2.6817,"P0078","EC_0242.jpg"
"2589",0.833333333,2.7638,"P0078","EC_0011.jpg"
"2590",4.94047619,3.1187,"P0078","EC_0195.jpg"
"2591",0.932539683,2.9331,"P0078","EC_0185.jpg"
"2592",4.950396825,4.8099,"P0078","EC_0067.jpg"
"2593",2.876984127,3.3226,"P0078","EC_0024.jpg"
"2594",2.142857143,4.1112,"P0078","EC_0123.jpeg"
"2595",3.214285714,2.3341,"P0078","EC_0074.jpg"
"2596",6.468253968,2.5752,"P0078","EC_0173.jpg"
"2597",1.91468254,2.268,"P0078","EC_0136.jpg"
"2598",5.972222222,2.2885,"P0078","EC_0137.jpg"
"2599",4.781746032,1.9754,"P0078","EC_0223.jpg"
"2600",6.051587302,2.53,"P0078","EC_0046.jpg"
"2601",2.718253968,2.7912,"P0078","EC_0088.jpg"
"2602",1.101190476,3.3975,"P0078","EC_0201.jpg"
"2603",2.321428571,2.1386,"P0078","EC_0246.jpg"
"2604",1.91468254,2.7626,"P0078","EC_0080.jpg"
"2605",2.51984127,2.2948,"P0078","EC_0064.jpg"
"2606",6.021825397,2.5423,"P0078","EC_0247.jpg"
"2607",6.279761905,2.6042,"P0078","EC_0084.jpg"
"2608",7.103174603,2.2875,"P0078","EC_0188.jpg"
"2609",4.583333333,2.1053,"P0078","EC_0236.jpg"
"2610",2.976190476,2.8278,"P0078","EC_0028.jpg"
"2611",4.672619048,5.7541,"P0078","EC_0120.jpg"
"2612",2.708333333,2.4816,"P0078","EC_0239.jpg"
"2613",7.599206349,2.2877,"P0078","EC_0132.jpg"
"2614",5.813492063,2.1276,"P0078","EC_0168.jpeg"
"2615",5.982142857,2.7897,"P0078","EC_0139.png"
"2616",4.811507937,3.1078,"P0078","EC_0105.jpg"
"2617",2.797619048,2.0744,"P0078","EC_0054.jpg"
"2618",3.075396825,2.2407,"P0078","EC_0244.jpg"
"2619",3.075396825,1.9993,"P0078","EC_0142.jpg"
"2620",4.166666667,3.0211,"P0078","EC_0102.jpg"
"2621",8.69047619,2.8271,"P0078","EC_0235.jpg"
"2622",6.825396825,2.0537,"P0078","EC_0016.jpg"
"2623",6.825396825,1.9371,"P0078","EC_0050.jpg"
"2624",5.496031746,2.3327,"P0078","EC_0071.jpg"
"2625",4.146825397,2.8889,"P0078","EC_0113.jpg"
"2626",1.91468254,2.0731,"P0078","EC_0153.jpg"
"2627",5.505952381,1.9763,"P0078","EC_0172.jpg"
"2628",2.410714286,2.2872,"P0078","EC_0056.jpg"
"2629",2.876984127,1.9619,"P0078","EC_0214.jpg"
"2630",2.876984127,1.9404,"P0078","EC_0018.jpg"
"2631",6.636904762,2.5825,"P0078","EC_0238.jpg"
"2632",0.853174603,2.9052,"P0078","EC_0133.jpg"
"2633",7.093253968,2.3978,"P0078","EC_0057.jpeg"
"2634",5.58531746,2.0465,"P0078","EC_0221.jpg"
"2635",7.46031746,2.225,"P0078","EC_0174.jpg"
"2636",1.30952381,2.2337,"P0078","EC_0053.jpg"
"2637",6.696428571,2.6765,"P0078","EC_0096.jpg"
"2638",6.85515873,2.0892,"P0078","EC_0196.jpg"
"2639",7.638888889,3.0395,"P0078","EC_0079.jpg"
"2640",6.319444444,2.032,"P0078","EC_0183.jpg"
"2641",7.331349206,2.0443,"P0078","EC_0003.jpg"
"2642",6.81547619,2.3469,"P0078","EC_0038.jpg"
"2643",2.46031746,2.4318,"P0078","EC_0101.jpg"
"2644",3.859126984,2.5284,"P0078","EC_0226.jpg"
"2645",2.023809524,2.4597,"P0078","EC_0232.jpg"
"2646",2.400793651,2.515,"P0078","EC_0111.jpg"
"2647",2.599206349,1.8775,"P0078","EC_0203.jpg"
"2648",2.063492063,1.911,"P0078","EC_0219.jpg"
"2649",2.867063492,1.9571,"P0078","EC_0097.jpg"
"2650",3.234126984,3.5018,"P0078","EC_0165.jpg"
"2651",2.509920635,2.0037,"P0078","EC_0205.jpg"
"2652",6.736111111,2.4546,"P0078","EC_0006.jpg"
"2653",5.704365079,1.9869,"P0078","EC_0231.jpg"
"2654",4.94047619,2.1659,"P0078","EC_0164.jpg"
"2655",6.121031746,2.4923,"P0078","EC_0117.jpg"
"2656",3.561507937,2.1206,"P0078","EC_0243.jpg"
"2657",2.490079365,2.2456,"P0078","EC_0150.jpg"
"2658",0.446428571,3.0399,"P0078","EC_0184.jpg"
"2659",3.551587302,3.4903,"P0078","EC_0072.jpg"
"2660",1.775793651,2.5403,"P0078","EC_0158.jpg"
"2661",6.736111111,4.9074,"P0078","EC_0198.jpg"
"2662",2.420634921,2.5179,"P0078","EC_0005.jpg"
"2663",2.738095238,2.6474,"P0078","EC_0227.jpg"
"2664",1.329365079,2.4151,"P0078","EC_0076.jpg"
"2665",6.498015873,2.4955,"P0078","EC_0249.jpg"
"2666",5.595238095,3.4743,"P0078","EC_0141.jpg"
"2667",2.658730159,2.3881,"P0078","EC_0061.jpg"
"2668",5.029761905,2.0541,"P0078","EC_0013.jpg"
"2669",5.813492063,2.5496,"P0078","EC_0213.jpg"
"2670",6.011904762,2.4413,"P0078","EC_0234.jpg"
"2671",6.200396825,21.2944,"P0078","EC_0104.jpg"
"2672",6.369047619,2.3839,"P0078","EC_0109.jpg"
"2673",6.369047619,2.0119,"P0078","EC_0156.jpg"
"2674",8.06547619,2.8378,"P0078","EC_0151.jpg"
"2675",3.194444444,2.8829,"P0078","EC_0039.jpg"
"2676",7.728174603,2.3069,"P0078","EC_0008.jpg"
"2677",1.577380952,2.7464,"P0078","EC_0033.jpeg"
"2678",1.93452381,2.007,"P0078","EC_0049.jpg"
"2679",1.89484127,1.9333,"P0078","EC_0029.jpg"
"2680",2.946428571,2.2341,"P0078","EC_0040.jpg"
"2681",0.357142857,2.3097,"P0078","EC_0085.jpg"
"2682",7.936507937,2.4885,"P0078","EC_0106.jpg"
"2683",3.293650794,2.0884,"P0078","EC_0073.jpg"
"2684",2.073412698,2.0105,"P0078","EC_0182.jpg"
"2685",7.301587302,2.5236,"P0078","EC_0075.jpg"
"2686",2.579365079,2.2224,"P0078","EC_0128.jpeg"
"2687",3.323412698,2.2922,"P0078","EC_0181.jpg"
"2688",2.023809524,2.07,"P0078","EC_0062.jpg"
"2689",3.293650794,2.2328,"P0078","EC_0115.jpg"
"2690",2.202380952,4.8109,"P0078","EC_0059.jpg"
"2691",6.418650794,2.1886,"P0078","EC_0094.jpg"
"2692",3.045634921,2.2328,"P0078","EC_0187.jpeg"
"2693",5.228174603,2.5981,"P0078","EC_0014.jpg"
"2694",4.672619048,4.2835,"P0078","EC_0207.jpg"
"2695",2.152777778,2.0074,"P0078","EC_0211.jpg"
"2696",1.498015873,2.5994,"P0078","EC_0009.jpg"
"2697",6.765873016,2.3515,"P0078","EC_0092.jpg"
"2698",3.273809524,2.2091,"P0078","EC_0154.jpg"
"2699",5.337301587,2.1232,"P0078","EC_0017.jpg"
"2700",0.456349206,2.8932,"P0078","EC_0147.png"
"2701",5.793650794,2.5509,"P0078","EC_0068.jpg"
"2702",1.91468254,2.0649,"P0078","EC_0148.jpg"
"2703",6.478174603,2.7375,"P0078","EC_0241.jpg"
"2704",2.787698413,2.0256,"P0078","EC_0087.jpg"
"2705",7.797619048,2.1252,"P0078","EC_0233.jpg"
"2706",8.621031746,2.0985,"P0078","EC_0041.jpg"
"2707",2.222222222,2.2449,"P0078","EC_0134.jpg"
"2708",5.476190476,1.8707,"P0078","EC_0095.jpg"
"2709",1.567460317,2.3793,"P0078","EC_0036.jpeg"
"2710",2.182539683,2.1436,"P0078","EC_0103.jpg"
"2711",2.817460317,1.9644,"P0078","EC_0202.jpg"
"2712",3.621031746,1.8792,"P0078","EC_0099.jpg"
"2713",0.267857143,2.9945,"P0078","EC_0206.png"
"2714",0.218253968,2.1502,"P0078","EC_0169.png"
"2715",5.634920635,2.2995,"P0078","EC_0100.jpg"
"2716",2.638888889,1.9542,"P0078","EC_0228.jpg"
"2717",7.192460317,2.2539,"P0078","EC_0157.jpg"
"2718",3.650793651,2.3639,"P0078","EC_0093.jpg"
"2719",7.261904762,2.4935,"P0078","EC_0090.jpg"
"2720",6.488095238,19.2539,"P0078","EC_0180.jpg"
"2721",7.390873016,2.3396,"P0078","EC_0248.jpg"
"2722",6.517857143,1.9138,"P0078","EC_0160.jpg"
"2723",8.442460317,2.0051,"P0078","EC_0197.jpg"
"2724",7.430555556,1.8033,"P0078","EC_0066.jpg"
"2725",4.841269841,2.116,"P0078","EC_0037.jpg"
"2726",6.428571429,2.7891,"P0078","EC_0089.jpg"
"2727",5.208333333,2.7173,"P0078","EC_0229.jpg"
"2728",3.511904762,2.3758,"P0078","EC_0058.jpg"
"2729",5.56547619,3.3319,"P0078","EC_0031.jpg"
"2730",0.972222222,2.4234,"P0078","EC_0161.jpg"
"2731",4.055177627,3.7244,"P0079","EC_0150.jpg"
"2732",8.06122449,4.7521,"P0079","EC_0074.jpg"
"2733",4.981103553,4.9695,"P0079","EC_0059.jpg"
"2734",6.001511716,8.0257,"P0079","EC_0102.jpg"
"2735",3.941798942,4.3725,"P0079","EC_0115.jpg"
"2736",5,4.2161,"P0079","EC_0182.jpg"
"2737",5,3.3059,"P0079","EC_0119.jpg"
"2738",7.003023432,5.9406,"P0079","EC_0037.jpg"
"2739",2.996976568,5.4508,"P0079","EC_0044.jpg"
"2740",4.036281179,5.3641,"P0079","EC_0173.jpg"
"2741",6.058201058,8.455,"P0079","EC_0066.jpg"
"2742",4.981103553,4.5136,"P0079","EC_0219.jpg"
"2743",4.981103553,5.2215,"P0079","EC_0068.jpg"
"2744",5.018896447,4.0223,"P0079","EC_0003.jpg"
"2745",5.982615268,4.3206,"P0079","EC_0070.jpg"
"2746",5.018896447,4.08,"P0079","EC_0185.jpg"
"2747",5,3.4203,"P0079","EC_0172.jpg"
"2748",4.981103553,4.559,"P0079","EC_0041.jpg"
"2749",6.020408163,4.0744,"P0079","EC_0181.jpg"
"2750",3.979591837,5.2214,"P0079","EC_0231.jpg"
"2751",6.965230537,3.8318,"P0079","EC_0058.jpg"
"2752",4.981103553,4.6995,"P0079","EC_0139.png"
"2753",3.998488284,4.0002,"P0079","EC_0214.jpg"
"2754",4.943310658,4.5804,"P0079","EC_0069.jpg"
"2755",6.020408163,5.369,"P0079","EC_0087.jpg"
"2756",3.979591837,4.2397,"P0079","EC_0140.jpg"
"2757",5.018896447,4.4669,"P0079","EC_0187.jpeg"
"2758",6.039304611,4.4953,"P0079","EC_0008.jpg"
"2759",4.074074074,13.0763,"P0079","EC_0232.jpg"
"2760",4.074074074,4.5518,"P0079","EC_0131.jpg"
"2761",4.981103553,4.164,"P0079","EC_0242.jpg"
"2762",6.020408163,4.9151,"P0079","EC_0100.jpg"
"2763",3.034769463,4.2255,"P0079","EC_0124.jpeg"
"2764",4.036281179,5.483,"P0079","EC_0241.jpg"
"2765",2.902494331,3.3652,"P0079","EC_0161.jpg"
"2766",5,4.8543,"P0079","EC_0156.jpg"
"2767",4.055177627,4.1676,"P0079","EC_0244.jpg"
"2768",4.905517763,4.077,"P0079","EC_0183.jpg"
"2769",5.944822373,3.5598,"P0079","EC_0249.jpg"
"2770",5.056689342,3.1165,"P0079","EC_0230.jpg"
"2771",4.886621315,4.6184,"P0079","EC_0090.jpg"
"2772",6.001511716,3.6214,"P0079","EC_0135.jpg"
"2773",4.981103553,4.8142,"P0079","EC_0097.jpg"
"2774",4.943310658,5.7276,"P0079","EC_0099.jpg"
"2775",6.984126984,6.2697,"P0079","EC_0062.jpg"
"2776",4.943310658,4.5683,"P0079","EC_0206.png"
"2777",5.944822373,4.6249,"P0079","EC_0012.jpg"
"2778",4.981103553,3.4561,"P0079","EC_0117.jpg"
"2779",5.018896447,2.9796,"P0079","EC_0235.jpg"
"2780",5.982615268,3.8942,"P0079","EC_0047.jpg"
"2781",8.004535147,4.0701,"P0079","EC_0157.jpg"
"2782",5.07558579,3.4759,"P0079","EC_0076.jpg"
"2783",6.058201058,6.5902,"P0079","EC_0065.jpg"
"2784",4.981103553,4.1975,"P0079","EC_0184.jpg"
"2785",4.981103553,4.022,"P0079","EC_0060.jpg"
"2786",5.963718821,2.8148,"P0079","EC_0030.jpg"
"2787",5.018896447,2.5756,"P0079","EC_0095.jpg"
"2788",8.004535147,6.3818,"P0079","EC_0084.jpg"
"2789",5,2.8118,"P0079","EC_0153.jpg"
"2790",4.981103553,3.3505,"P0079","EC_0094.jpg"
"2791",5.888133031,2.7264,"P0079","EC_0211.jpg"
"2792",2.996976568,3.7091,"P0079","EC_0113.jpg"
"2793",3.979591837,4.6475,"P0079","EC_0111.jpg"
"2794",6.058201058,3.4233,"P0079","EC_0151.jpg"
"2795",5,2.8548,"P0079","EC_0224.jpg"
"2796",4.886621315,2.4117,"P0079","EC_0166.jpg"
"2797",5.07558579,3.4913,"P0079","EC_0239.jpg"
"2798",4.943310658,2.5405,"P0079","EC_0213.jpg"
"2799",5.018896447,2.4417,"P0079","EC_0148.jpg"
"2800",3.998488284,3.7468,"P0079","EC_0121.jpg"
"2801",5.037792895,2.8988,"P0079","EC_0158.jpg"
"2802",4.905517763,3.1582,"P0079","EC_0195.jpg"
"2803",5,5.6394,"P0079","EC_0247.jpg"
"2804",5.982615268,3.5933,"P0079","EC_0240.jpg"
"2805",6.908541194,3.6784,"P0079","EC_0246.jpg"
"2806",4.962207105,2.5113,"P0079","EC_0005.jpg"
"2807",8.004535147,4.4429,"P0079","EC_0080.jpg"
"2808",5,3.4437,"P0079","EC_0011.jpg"
"2809",6.058201058,3.5765,"P0079","EC_0051.jpg"
"2810",3.922902494,3.262,"P0079","EC_0228.jpg"
"2811",5.018896447,2.5235,"P0079","EC_0162.jpg"
"2812",4.962207105,2.4622,"P0079","EC_0050.jpg"
"2813",5,2.3293,"P0079","EC_0141.jpg"
"2814",5.264550265,2.6842,"P0079","EC_0010.jpg"
"2815",4.962207105,3.5097,"P0079","EC_0176.jpg"
"2816",4.962207105,2.6584,"P0079","EC_0017.jpg"
"2817",4.962207105,2.0316,"P0079","EC_0055.jpg"
"2818",6.001511716,3.2298,"P0079","EC_0034.jpg"
"2819",6.039304611,3.1307,"P0079","EC_0082.jpg"
"2820",5.037792895,2.8211,"P0079","EC_0204.jpg"
"2821",6.965230537,4.7982,"P0079","EC_0137.jpg"
"2822",5.056689342,2.1976,"P0079","EC_0237.jpg"
"2823",6.020408163,3.3548,"P0079","EC_0016.jpg"
"2824",5,2.8959,"P0079","EC_0109.jpg"
"2825",5,2.3103,"P0079","EC_0071.jpg"
"2826",5,3.0063,"P0079","EC_0096.jpg"
"2827",6.001511716,3.0432,"P0079","EC_0064.jpg"
"2828",1.012849584,3.629,"P0079","EC_0033.jpeg"
"2829",6.001511716,3.8057,"P0079","EC_0134.jpg"
"2830",4.981103553,2.3568,"P0079","EC_0200.png"
"2831",5.982615268,3.3763,"P0079","EC_0086.jpg"
"2832",4.017384732,3.0487,"P0079","EC_0128.jpeg"
"2833",4.943310658,2.0715,"P0079","EC_0040.jpg"
"2834",5.944822373,3.1857,"P0079","EC_0133.jpg"
"2835",5.056689342,2.1524,"P0079","EC_0198.jpg"
"2836",5.056689342,1.9079,"P0079","EC_0020.jpg"
"2837",5.056689342,2.1765,"P0079","EC_0180.jpg"
"2838",6.984126984,3.7745,"P0079","EC_0160.jpg"
"2839",5.963718821,3.6792,"P0079","EC_0120.jpg"
"2840",4.074074074,4.1755,"P0079","EC_0129.jpeg"
"2841",8.987150416,3.5367,"P0079","EC_0118.jpg"
"2842",6.039304611,2.866,"P0079","EC_0210.jpg"
"2843",4.981103553,3.1414,"P0079","EC_0014.jpg"
"2844",6.001511716,2.7798,"P0079","EC_0061.jpg"
"2845",5.113378685,2.2034,"P0079","EC_0038.jpg"
"2846",6.020408163,2.657,"P0079","EC_0193.png"
"2847",5.018896447,2.0185,"P0079","EC_0006.jpg"
"2848",7.059712774,4.4266,"P0079","EC_0072.jpg"
"2849",3.960695389,3.322,"P0079","EC_0081.jpg"
"2850",4.962207105,3.1748,"P0079","EC_0170.jpg"
"2851",2.959183673,3.2807,"P0079","EC_0067.jpg"
"2852",4.943310658,2.1632,"P0079","EC_0075.jpg"
"2853",4.943310658,1.8224,"P0079","EC_0105.jpg"
"2854",5.963718821,2.792,"P0079","EC_0236.jpg"
"2855",2.978080121,2.9417,"P0079","EC_0227.jpg"
"2856",6.020408163,3.5105,"P0079","EC_0125.jpeg"
"2857",5,2.5715,"P0079","EC_0196.jpg"
"2858",5,2.0147,"P0079","EC_0101.jpg"
"2859",5,1.8231,"P0079","EC_0046.jpg"
"2860",5,2.3279,"P0079","EC_0174.jpg"
"2861",5,2.2985,"P0079","EC_0177.jpg"
"2862",5.963718821,3.3796,"P0079","EC_0028.jpg"
"2863",5.963718821,2.9717,"P0079","EC_0168.jpeg"
"2864",5.07558579,2.0059,"P0079","EC_0054.jpg"
"2865",6.965230537,3.8717,"P0079","EC_0207.jpg"
"2866",4.017384732,4.0544,"P0079","EC_0002.jpg"
"2867",4.943310658,2.4235,"P0079","EC_0001.jpg"
"2868",4.943310658,1.6922,"P0079","EC_0022.jpg"
"2869",4.943310658,1.8327,"P0079","EC_0226.jpg"
"2870",4.981103553,3.9011,"P0079","EC_0205.jpg"
"2871",6.001511716,2.8145,"P0079","EC_0203.jpg"
"2872",5,3.6926,"P0079","EC_0194.jpg"
"2873",4.981103553,2.0623,"P0079","EC_0165.jpg"
"2874",4.981103553,1.9807,"P0079","EC_0015.jpg"
"2875",4.981103553,2.8117,"P0079","EC_0018.jpg"
"2876",7.003023432,2.9795,"P0079","EC_0209.jpg"
"2877",5,2.3532,"P0079","EC_0238.jpg"
"2878",5,2.4908,"P0079","EC_0234.jpg"
"2879",5,3.3178,"P0079","EC_0229.jpg"
"2880",3.960695389,3.4417,"P0079","EC_0036.jpeg"
"2881",5.018896447,3.0777,"P0079","EC_0188.jpg"
"2882",4.036281179,8.9263,"P0079","EC_0083.jpg"
"2883",5.07558579,2.7366,"P0079","EC_0042.jpg"
"2884",5.07558579,1.8882,"P0079","EC_0089.jpg"
"2885",6.020408163,3.3543,"P0079","EC_0104.jpg"
"2886",4.981103553,2.3424,"P0079","EC_0159.jpg"
"2887",4.981103553,2.0271,"P0079","EC_0049.jpg"
"2888",4.981103553,2.3664,"P0079","EC_0152.jpg"
"2889",4.981103553,2.6615,"P0079","EC_0007.jpg"
"2890",6.020408163,3.3975,"P0079","EC_0079.jpg"
"2891",5.944822373,2.4842,"P0079","EC_0032.jpg"
"2892",5,2.5349,"P0079","EC_0063.jpg"
"2893",5,2.8064,"P0079","EC_0092.jpg"
"2894",4.055177627,3.3035,"P0079","EC_0039.jpg"
"2895",7.040816327,3.3911,"P0079","EC_0073.jpg"
"2896",5.018896447,2.3886,"P0079","EC_0019.jpg"
"2897",5.056689342,1.9832,"P0079","EC_0085.jpg"
"2898",5.056689342,2.7817,"P0079","EC_0103.jpg"
"2899",5.963718821,3.0362,"P0079","EC_0250.jpg"
"2900",5.018896447,2.0301,"P0079","EC_0056.jpg"
"2901",5.018896447,1.8853,"P0079","EC_0053.jpg"
"2902",5.018896447,2.7171,"P0079","EC_0024.jpg"
"2903",5.018896447,2.1147,"P0079","EC_0098.jpg"
"2904",5.018896447,2.0391,"P0079","EC_0132.jpg"
"2905",5.018896447,1.7723,"P0079","EC_0154.jpg"
"2906",5.018896447,1.7964,"P0079","EC_0106.jpg"
"2907",5.018896447,2.5719,"P0079","EC_0233.jpg"
"2908",5.018896447,1.9541,"P0079","EC_0197.jpg"
"2909",3.072562358,3.1995,"P0079","EC_0223.jpg"
"2910",5,2.2496,"P0079","EC_0009.jpg"
"2911",5,1.9705,"P0079","EC_0088.jpg"
"2912",5,2.13,"P0079","EC_0142.jpg"
"2913",5,2.4654,"P0079","EC_0243.jpg"
"2914",5,1.7794,"P0079","EC_0171.jpg"
"2915",6.039304611,2.8798,"P0079","EC_0029.jpg"
"2916",5.018896447,2.8294,"P0079","EC_0201.jpg"
"2917",5.018896447,2.1664,"P0079","EC_0164.jpg"
"2918",5.018896447,1.8341,"P0079","EC_0248.jpg"
"2919",5.018896447,2.0033,"P0079","EC_0202.jpg"
"2920",5.982615268,3.1288,"P0079","EC_0138.png"
"2921",5.037792895,1.8325,"P0079","EC_0222.jpg"
"2922",6.965230537,3.4078,"P0079","EC_0057.jpeg"
"2923",5.037792895,2.2216,"P0079","EC_0167.jpg"
"2924",5.037792895,1.9568,"P0079","EC_0147.png"
"2925",5.037792895,2.3286,"P0079","EC_0199.jpg"
"2926",5.037792895,1.7858,"P0079","EC_0108.jpg"
"2927",7.9856387,4.2694,"P0079","EC_0077.jpg"
"2928",5.018896447,1.9683,"P0079","EC_0169.png"
"2929",3.034769463,2.6172,"P0079","EC_0027.jpg"
"2930",4.981103553,2.0545,"P0079","EC_0093.jpg"
"2931",5.018896447,3.2242,"P0079","EC_0013.jpg"
"2932",5.018896447,1.7835,"P0079","EC_0031.jpg"
"2933",5.018896447,1.7435,"P0079","EC_0221.jpg"
"2934",5.018896447,2.5861,"P0079","EC_0149.jpg"
"2935",6.927437642,2.574,"P0079","EC_0048.jpg"
"2936",7.040816327,3.5956,"P0079","EC_0116.jpg"
"2937",2.959183673,3.455,"P0079","EC_0123.jpeg"
"2938",7.003023432,2.9619,"P0079","EC_0136.jpg"
"2939",5.018896447,2.3534,"P0079","EC_0245.jpg"
"2940",5.018896447,1.8853,"P0079","EC_0163.jpg"
"2941",7.974948429,5.2559,"P0081","EC_0210.jpg"
"2942",9.146772339,4.8499,"P0081","EC_0066.jpg"
"2943",7.095793542,4.5054,"P0081","EC_0246.jpg"
"2944",8.940096356,3.6977,"P0081","EC_0168.jpeg"
"2945",3.978429749,3.3614,"P0081","EC_0165.jpg"
"2946",9.004255931,3.3455,"P0081","EC_0135.jpg"
"2947",0.079523609,8.4383,"P0081","EC_0002.jpg"
"2948",5.871742339,5.8109,"P0081","EC_0067.jpg"
"2949",5.00050522,3.3755,"P0081","EC_0169.png"
"2950",1.033854712,3.641,"P0081","EC_0199.jpg"
"2951",7.916064717,4.1489,"P0081","EC_0082.jpg"
"2952",1.878502482,4.1771,"P0081","EC_0228.jpg"
"2953",8.056169692,2.9469,"P0081","EC_0237.jpg"
"2954",8.843154226,3.625,"P0081","EC_0098.jpg"
"2955",0.911836056,3.4277,"P0081","EC_0196.jpg"
"2956",7.881197702,3.426,"P0081","EC_0106.jpg"
"2957",5.045121284,212.4258,"P0081","EC_0047.jpg"
"2958",0.039717356,3.2919,"P0081","EC_0240.jpg"
"2959",5.080817086,2.8077,"P0081","EC_0213.jpg"
"2960",6.017728306,2.6559,"P0081","EC_0197.jpg"
"2961",1.870951425,2.9313,"P0081","EC_0005.jpg"
"2962",9.139662924,2.703,"P0081","EC_0088.jpg"
"2963",7.034200941,3.2668,"P0081","EC_0024.jpg"
"2964",8.852122171,2.8884,"P0081","EC_0121.jpg"
"2965",1.896012624,2.964,"P0081","EC_0204.jpg"
"2966",1.022454898,3.5754,"P0081","EC_0111.jpg"
"2967",1.914862451,3.6377,"P0081","EC_0113.jpg"
"2968",5.970395406,2.994,"P0081","EC_0029.jpg"
"2969",4.936738468,3.2402,"P0081","EC_0160.jpg"
"2970",5.000561987,2.8434,"P0081","EC_0250.jpg"
"2971",4.031766256,2.8571,"P0081","EC_0232.jpg"
"2972",6.033275468,3.6306,"P0081","EC_0041.jpg"
"2973",6.005785806,3.0769,"P0081","EC_0039.jpg"
"2974",8.897556804,3.4431,"P0081","EC_0074.jpg"
"2975",8.840560005,3.7237,"P0081","EC_0087.jpg"
"2976",5.778772717,2.9448,"P0081","EC_0022.jpg"
"2977",2.019581568,2.8927,"P0081","EC_0148.jpg"
"2978",5.959767614,2.9067,"P0081","EC_0152.jpg"
"2979",0.020893642,4.8402,"P0081","EC_0033.jpeg"
"2980",9.527846972,3.5598,"P0081","EC_0241.jpg"
"2981",6.998463131,3.145,"P0081","EC_0101.jpg"
"2982",6.034874008,2.9122,"P0081","EC_0236.jpg"
"2983",5.033666974,3.5462,"P0081","EC_0094.jpg"
"2984",8.076862154,3.6525,"P0081","EC_0081.jpg"
"2985",8.092802139,2.8691,"P0081","EC_0238.jpg"
"2986",9.721420152,2.7646,"P0081","EC_0012.jpg"
"2987",7.948114986,2.4658,"P0081","EC_0100.jpg"
"2988",6.933993612,3.2955,"P0081","EC_0224.jpg"
"2989",6.004282633,3.3709,"P0081","EC_0058.jpg"
"2990",8.968696367,3.5552,"P0081","EC_0077.jpg"
"2991",8.123821531,5.2355,"P0081","EC_0151.jpg"
"2992",5.086255301,3.5074,"P0081","EC_0176.jpg"
"2993",1.895283744,4.9578,"P0081","EC_0131.jpg"
"2994",8.031980424,3.4076,"P0081","EC_0162.jpg"
"2995",4.921615918,3.7879,"P0081","EC_0231.jpg"
"2996",7.969820159,2.7315,"P0081","EC_0117.jpg"
"2997",9.482697305,2.9278,"P0081","EC_0229.jpg"
"2998",2.230726197,2.9057,"P0081","EC_0147.png"
"2999",2.535839535,2.5923,"P0081","EC_0243.jpg"
"3000",6.597297759,2.9249,"P0081","EC_0174.jpg"
"3001",7.295245443,2.9749,"P0081","EC_0060.jpg"
"3002",4.035115469,3.2272,"P0081","EC_0154.jpg"
"3003",7.197340557,2.9269,"P0081","EC_0139.png"
"3004",7.637159257,2.6622,"P0081","EC_0084.jpg"
"3005",8.495257241,2.9935,"P0081","EC_0116.jpg"
"3006",7.072409221,3.0589,"P0081","EC_0032.jpg"
"3007",8.912426177,2.6438,"P0081","EC_0017.jpg"
"3008",0.425292991,2.9602,"P0081","EC_0184.jpg"
"3009",4.857213384,2.8574,"P0081","EC_0083.jpg"
"3010",8.686819758,2.8117,"P0081","EC_0075.jpg"
"3011",8.707571257,2.641,"P0081","EC_0181.jpg"
"3012",3.253555525,3.4073,"P0081","EC_0056.jpg"
"3013",5.582189787,2.8012,"P0081","EC_0158.jpg"
"3014",8.64875907,2.948,"P0081","EC_0108.jpg"
"3015",8.618198349,3.4593,"P0081","EC_0235.jpg"
"3016",4.884221667,3.8587,"P0081","EC_0198.jpg"
"3017",1.312505291,2.892,"P0081","EC_0195.jpg"
"3018",9.546469734,3.0082,"P0081","EC_0104.jpg"
"3019",5.498394739,2.6605,"P0081","EC_0019.jpg"
"3020",9.194439025,3.0754,"P0081","EC_0092.jpg"
"3021",4.604151362,2.8609,"P0081","EC_0180.jpg"
"3022",6.482848894,3.0595,"P0081","EC_0150.jpg"
"3023",4.840057464,3.8749,"P0081","EC_0063.jpg"
"3024",5.589052836,2.8361,"P0081","EC_0209.jpg"
"3025",9.08362434,3.89,"P0081","EC_0128.jpeg"
"3026",3.904232752,3.0253,"P0081","EC_0222.jpg"
"3027",4.721448762,2.473,"P0081","EC_0095.jpg"
"3028",2.856851986,2.726,"P0081","EC_0171.jpg"
"3029",7.784409977,2.6358,"P0081","EC_0188.jpg"
"3030",3.510298275,2.9438,"P0081","EC_0201.jpg"
"3031",5.3533738,2.6275,"P0081","EC_0173.jpg"
"3032",3.919183867,2.4451,"P0081","EC_0048.jpg"
"3033",9.041339102,3.1905,"P0081","EC_0051.jpg"
"3034",7.683263733,3.1267,"P0081","EC_0211.jpg"
"3035",5.885792006,2.4519,"P0081","EC_0054.jpg"
"3036",7.411236082,2.6435,"P0081","EC_0018.jpg"
"3037",3.732721238,2.7631,"P0081","EC_0142.jpg"
"3038",6.013507162,2.7756,"P0081","EC_0011.jpg"
"3039",8.521301633,3.1817,"P0081","EC_0099.jpg"
"3040",6.802900859,2.4878,"P0081","EC_0166.jpg"
"3041",6.887827828,2.9708,"P0081","EC_0093.jpg"
"3042",6.684539659,2.9444,"P0081","EC_0149.jpg"
"3043",3.841779573,3.5274,"P0081","EC_0015.jpg"
"3044",6.190881502,3.4098,"P0081","EC_0115.jpg"
"3045",8.228521347,3.2627,"P0081","EC_0079.jpg"
"3046",9.352993057,2.8004,"P0081","EC_0038.jpg"
"3047",3.808990206,2.4223,"P0081","EC_0049.jpg"
"3048",6.003284681,2.4101,"P0081","EC_0009.jpg"
"3049",8.463733764,2.5746,"P0081","EC_0061.jpg"
"3050",9.376900764,3.0673,"P0081","EC_0030.jpg"
"3051",6.50477205,2.649,"P0081","EC_0042.jpg"
"3052",5.739633469,2.8564,"P0081","EC_0134.jpg"
"3053",4.056887627,3.2937,"P0081","EC_0157.jpg"
"3054",5.412408511,2.4817,"P0081","EC_0205.jpg"
"3055",3.031953403,2.9066,"P0081","EC_0226.jpg"
"3056",4.852971804,2.5798,"P0081","EC_0073.jpg"
"3057",1.123647122,2.7277,"P0081","EC_0027.jpg"
"3058",7.08248638,3.3457,"P0081","EC_0055.jpg"
"3059",5.580265408,2.6507,"P0081","EC_0244.jpg"
"3060",4.796751567,2.5264,"P0081","EC_0202.jpg"
"3061",3.655588286,2.8433,"P0081","EC_0153.jpg"
"3062",5.364510218,2.4587,"P0081","EC_0070.jpg"
"3063",7.514345305,2.494,"P0081","EC_0057.jpeg"
"3064",5.68404561,3.3786,"P0081","EC_0206.png"
"3065",4.988597915,2.9998,"P0081","EC_0249.jpg"
"3066",7.769810813,3.06,"P0081","EC_0020.jpg"
"3067",8.215117682,5.0596,"P0081","EC_0096.jpg"
"3068",6.400261834,2.969,"P0081","EC_0156.jpg"
"3069",6.787148203,3.0556,"P0081","EC_0001.jpg"
"3070",5.004268828,2.8248,"P0081","EC_0172.jpg"
"3071",5.711434228,2.6813,"P0081","EC_0248.jpg"
"3072",6.914328621,2.659,"P0081","EC_0064.jpg"
"3073",3.505502655,3.3057,"P0081","EC_0247.jpg"
"3074",3.322785468,2.6598,"P0081","EC_0177.jpg"
"3075",5.979781151,2.5241,"P0081","EC_0103.jpg"
"3076",5.568027723,3.4412,"P0081","EC_0006.jpg"
"3077",6.956303914,2.8748,"P0081","EC_0050.jpg"
"3078",6.068671544,2.9246,"P0081","EC_0132.jpg"
"3079",3.298307828,2.6445,"P0081","EC_0141.jpg"
"3080",6.148932321,2.5356,"P0081","EC_0239.jpg"
"3081",7.034849212,2.6768,"P0081","EC_0040.jpg"
"3082",4.450340725,3.0259,"P0081","EC_0090.jpg"
"3083",6.045028369,2.7956,"P0081","EC_0120.jpg"
"3084",4.306744621,2.5792,"P0081","EC_0214.jpg"
"3085",0.057505653,5.4415,"P0081","EC_0124.jpeg"
"3086",6.032723699,3.0813,"P0081","EC_0242.jpg"
"3087",7.213143167,2.6582,"P0081","EC_0046.jpg"
"3088",4.597387087,3.1054,"P0081","EC_0137.jpg"
"3089",7.745497794,2.8004,"P0081","EC_0016.jpg"
"3090",8.585481644,2.6434,"P0081","EC_0102.jpg"
"3091",3.482956205,3.3539,"P0081","EC_0036.jpeg"
"3092",8.848055431,3.2952,"P0081","EC_0076.jpg"
"3093",7.181891033,2.9953,"P0081","EC_0182.jpg"
"3094",5.618884677,2.8241,"P0081","EC_0207.jpg"
"3095",6.86874753,2.4923,"P0081","EC_0097.jpg"
"3096",6.541307994,3.8813,"P0081","EC_0138.png"
"3097",0.936618532,3.3623,"P0081","EC_0129.jpeg"
"3098",5.938774291,3.1411,"P0081","EC_0031.jpg"
"3099",8.259795053,2.8579,"P0081","EC_0183.jpg"
"3100",5.008499055,2.7594,"P0081","EC_0062.jpg"
"3101",7.776287851,3.0885,"P0081","EC_0105.jpg"
"3102",5.904716764,2.8947,"P0081","EC_0185.jpg"
"3103",4.661937214,2.7232,"P0081","EC_0086.jpg"
"3104",3.845537504,2.6615,"P0081","EC_0223.jpg"
"3105",3.861598969,2.6223,"P0081","EC_0119.jpg"
"3106",6.416124616,2.7767,"P0081","EC_0230.jpg"
"3107",8.706908226,2.9532,"P0081","EC_0089.jpg"
"3108",6.937316713,2.562,"P0081","EC_0233.jpg"
"3109",3.613335973,2.9118,"P0081","EC_0200.png"
"3110",4.464338166,2.631,"P0081","EC_0234.jpg"
"3111",6.393125171,2.7872,"P0081","EC_0136.jpg"
"3112",4.761187463,2.6716,"P0081","EC_0245.jpg"
"3113",8.814899354,3.5076,"P0081","EC_0125.jpeg"
"3114",7.248276983,2.261,"P0081","EC_0203.jpg"
"3115",6.39778001,2.6252,"P0081","EC_0163.jpg"
"3116",4.959384827,2.5323,"P0081","EC_0167.jpg"
"3117",6.473842348,2.4422,"P0081","EC_0034.jpg"
"3118",8.19672085,2.8925,"P0081","EC_0133.jpg"
"3119",7.074069069,2.4784,"P0081","EC_0044.jpg"
"3120",4.216458911,2.7081,"P0081","EC_0219.jpg"
"3121",3.213984853,2.7268,"P0081","EC_0140.jpg"
"3122",6.664440972,2.8323,"P0081","EC_0193.png"
"3123",5.593790554,2.4126,"P0081","EC_0118.jpg"
"3124",3.75744638,2.5935,"P0081","EC_0059.jpg"
"3125",1.775200821,3.5762,"P0081","EC_0123.jpeg"
"3126",7.153315998,2.8052,"P0081","EC_0013.jpg"
"3127",5.615375383,2.4397,"P0081","EC_0109.jpg"
"3128",7.040603047,2.7603,"P0081","EC_0187.jpeg"
"3129",8.02103474,2.6938,"P0081","EC_0053.jpg"
"3130",8.104074796,2.8067,"P0081","EC_0071.jpg"
"3131",8.147258077,2.6931,"P0081","EC_0003.jpg"
"3132",9.143821625,3.1743,"P0081","EC_0008.jpg"
"3133",5.062522434,3.2267,"P0081","EC_0014.jpg"
"3134",4.072504044,2.8244,"P0081","EC_0170.jpg"
"3135",3.059776851,2.6741,"P0081","EC_0065.jpg"
"3136",6.549307505,2.8428,"P0081","EC_0159.jpg"
"3137",8.22213627,2.9553,"P0081","EC_0068.jpg"
"3138",8.333217757,2.7481,"P0081","EC_0221.jpg"
"3139",8.819203377,2.8761,"P0081","EC_0080.jpg"
"3140",8.250267392,2.9792,"P0081","EC_0194.jpg"
"3141",2.507325808,2.7717,"P0081","EC_0161.jpg"
"3142",4.970299857,2.8635,"P0081","EC_0069.jpg"
"3143",3.488565854,2.5769,"P0081","EC_0085.jpg"
"3144",8.806114197,2.8433,"P0081","EC_0072.jpg"
"3145",9.383288111,2.6658,"P0081","EC_0037.jpg"
"3146",7.210736275,2.8008,"P0081","EC_0007.jpg"
"3147",6.252368518,2.6075,"P0081","EC_0010.jpg"
"3148",4.296921775,2.8406,"P0081","EC_0227.jpg"
"3149",0.896251429,3.2589,"P0081","EC_0028.jpg"
"3150",4.916872524,2.7843,"P0081","EC_0164.jpg"
"3151",1.984126984,3.305,"P0090","EC_0087.jpg"
"3152",1.984126984,2.392,"P0090","EC_0137.jpg"
"3153",0.357142857,2.707,"P0090","EC_0244.jpg"
"3154",1.825396825,2.26,"P0090","EC_0022.jpg"
"3155",1.825396825,2.274,"P0090","EC_0062.jpg"
"3156",0.396825397,2.374,"P0090","EC_0195.jpg"
"3157",0.396825397,2.226,"P0090","EC_0048.jpg"
"3158",1.388888889,2.095,"P0090","EC_0158.jpg"
"3159",0.05952381,3.509,"P0090","EC_0184.jpg"
"3160",1.488095238,3.232,"P0090","EC_0028.jpg"
"3161",0.317460317,2.792,"P0090","EC_0019.jpg"
"3162",3.373015873,3.14,"P0090","EC_0034.jpg"
"3163",4.523809524,2.362,"P0090","EC_0042.jpg"
"3164",3.273809524,2.274,"P0090","EC_0230.jpg"
"3165",2.400793651,2.246,"P0090","EC_0164.jpg"
"3166",1.567460317,2.393,"P0090","EC_0182.jpg"
"3167",5.218253968,2.325,"P0090","EC_0104.jpg"
"3168",1.944444444,9.338,"P0090","EC_0017.jpg"
"3169",4.146825397,2.291,"P0090","EC_0065.jpg"
"3170",3.412698413,2.158,"P0090","EC_0237.jpg"
"3171",1.111111111,2.59,"P0090","EC_0185.jpg"
"3172",6.170634921,2.942,"P0090","EC_0123.jpeg"
"3173",5.892857143,3.009,"P0090","EC_0166.jpg"
"3174",4.126984127,2.275,"P0090","EC_0074.jpg"
"3175",0.734126984,3.858,"P0090","EC_0204.jpg"
"3176",4.047619048,2.391,"P0090","EC_0053.jpg"
"3177",2.162698413,2.608,"P0090","EC_0228.jpg"
"3178",4.94047619,2.425,"P0090","EC_0054.jpg"
"3179",1.011904762,2.392,"P0090","EC_0121.jpg"
"3180",2.996031746,3.407,"P0090","EC_0001.jpg"
"3181",4.305555556,3.208,"P0090","EC_0162.jpg"
"3182",3.71031746,2.229,"P0090","EC_0020.jpg"
"3183",3.115079365,2.508,"P0090","EC_0125.jpeg"
"3184",5.575396825,3.091,"P0090","EC_0099.jpg"
"3185",2.837301587,2.591,"P0090","EC_0226.jpg"
"3186",3.115079365,2.192,"P0090","EC_0131.jpg"
"3187",0.496031746,2.475,"P0090","EC_0047.jpg"
"3188",3.988095238,2.226,"P0090","EC_0070.jpg"
"3189",4.94047619,2.175,"P0090","EC_0128.jpeg"
"3190",0.099206349,2.825,"P0090","EC_0196.jpg"
"3191",1.051587302,3.507,"P0090","EC_0097.jpg"
"3192",3.531746032,2.216,"P0090","EC_0133.jpg"
"3193",4.424603175,1.891,"P0090","EC_0067.jpg"
"3194",1.071428571,2.591,"P0090","EC_0200.png"
"3195",5.317460317,2.625,"P0090","EC_0100.jpg"
"3196",1.28968254,2.375,"P0090","EC_0232.jpg"
"3197",1.28968254,0.063,"P0090","EC_0109.jpg"
"3198",0.357142857,2.58,"P0090","EC_0199.jpg"
"3199",3.78968254,2.126,"P0090","EC_0024.jpg"
"3200",1.031746032,2.462,"P0090","EC_0105.jpg"
"3201",5.753968254,4.231,"P0090","EC_0057.jpeg"
"3202",5.357142857,2.01,"P0090","EC_0132.jpg"
"3203",5.357142857,1.942,"P0090","EC_0119.jpg"
"3204",0.317460317,2.557,"P0090","EC_0161.jpg"
"3205",4.226190476,2.424,"P0090","EC_0018.jpg"
"3206",2.5,2.593,"P0090","EC_0015.jpg"
"3207",0.218253968,2.473,"P0090","EC_0059.jpg"
"3208",1.726190476,2.126,"P0090","EC_0233.jpg"
"3209",0.396825397,2.381,"P0090","EC_0176.jpg"
"3210",1.527777778,2.174,"P0090","EC_0064.jpg"
"3211",3.273809524,2.125,"P0090","EC_0236.jpg"
"3212",0.654761905,2.297,"P0090","EC_0153.jpg"
"3213",1.23015873,2.21,"P0090","EC_0113.jpg"
"3214",4.583333333,2.111,"P0090","EC_0080.jpg"
"3215",0.734126984,2.33,"P0090","EC_0006.jpg"
"3216",2.44047619,1.824,"P0090","EC_0188.jpg"
"3217",2.797619048,1.795,"P0090","EC_0210.jpg"
"3218",5.099206349,2.64,"P0090","EC_0076.jpg"
"3219",3.392857143,3.072,"P0090","EC_0181.jpg"
"3220",5.119047619,2.142,"P0090","EC_0096.jpg"
"3221",2.46031746,2.075,"P0090","EC_0250.jpg"
"3222",3.670634921,1.825,"P0090","EC_0040.jpg"
"3223",5.972222222,2.11,"P0090","EC_0221.jpg"
"3224",4.623015873,2.157,"P0090","EC_0227.jpg"
"3225",5.773809524,2.024,"P0090","EC_0031.jpg"
"3226",0.376984127,2.641,"P0090","EC_0247.jpg"
"3227",1.686507937,2.774,"P0090","EC_0172.jpg"
"3228",4.027777778,4.223,"P0090","EC_0037.jpg"
"3229",4.027777778,1.993,"P0090","EC_0183.jpg"
"3230",8.194444444,3.227,"P0090","EC_0041.jpg"
"3231",5.218253968,2.251,"P0090","EC_0032.jpg"
"3232",5.218253968,2.01,"P0090","EC_0055.jpg"
"3233",0.833333333,2.392,"P0090","EC_0235.jpg"
"3234",1.825396825,15.05,"P0090","EC_0197.jpg"
"3235",0.674603175,2.41,"P0090","EC_0222.jpg"
"3236",3.71031746,2.876,"P0090","EC_0092.jpg"
"3237",0.892857143,2.374,"P0090","EC_0214.jpg"
"3238",6.388888889,5.108,"P0090","EC_0193.png"
"3239",2.162698413,2.225,"P0090","EC_0081.jpg"
"3240",2.162698413,2.042,"P0090","EC_0129.jpeg"
"3241",0.01984127,2.542,"P0090","EC_0245.jpg"
"3242",1.091269841,2.574,"P0090","EC_0009.jpg"
"3243",1.111111111,2.314,"P0090","EC_0038.jpg"
"3244",4.603174603,2.558,"P0090","EC_0102.jpg"
"3245",4.603174603,1.827,"P0090","EC_0187.jpeg"
"3246",2.242063492,2.259,"P0090","EC_0139.png"
"3247",5.138888889,2.509,"P0090","EC_0046.jpg"
"3248",1.329365079,3.658,"P0090","EC_0033.jpeg"
"3249",4.503968254,2.227,"P0090","EC_0050.jpg"
"3250",2.063492063,3.408,"P0090","EC_0248.jpg"
"3251",0.615079365,8.237,"P0090","EC_0171.jpg"
"3252",1.091269841,3.44,"P0090","EC_0101.jpg"
"3253",4.662698413,2.495,"P0090","EC_0077.jpg"
"3254",0.257936508,2.709,"P0090","EC_0201.jpg"
"3255",2.202380952,3.091,"P0090","EC_0082.jpg"
"3256",5.376984127,2.026,"P0090","EC_0138.png"
"3257",0.218253968,2.463,"P0090","EC_0154.jpg"
"3258",4.841269841,2.108,"P0090","EC_0083.jpg"
"3259",5.773809524,1.846,"P0090","EC_0010.jpg"
"3260",2.242063492,2.393,"P0090","EC_0071.jpg"
"3261",3.670634921,1.809,"P0090","EC_0088.jpg"
"3262",2.182539683,2.559,"P0090","EC_0029.jpg"
"3263",2.182539683,3.164,"P0090","EC_0061.jpg"
"3264",1.170634921,2.324,"P0090","EC_0156.jpg"
"3265",0.277777778,2.525,"P0090","EC_0140.jpg"
"3266",3.988095238,2.292,"P0090","EC_0170.jpg"
"3267",1.924603175,2.675,"P0090","EC_0089.jpg"
"3268",3.988095238,2.209,"P0090","EC_0051.jpg"
"3269",1.071428571,3.146,"P0090","EC_0194.jpg"
"3270",4.484126984,2.392,"P0090","EC_0103.jpg"
"3271",3.055555556,2.141,"P0090","EC_0136.jpg"
"3272",1.26984127,2.724,"P0090","EC_0152.jpg"
"3273",1.26984127,2.158,"P0090","EC_0165.jpg"
"3274",4.424603175,3.627,"P0090","EC_0134.jpg"
"3275",0.734126984,2.524,"P0090","EC_0086.jpg"
"3276",4.384920635,2.259,"P0090","EC_0157.jpg"
"3277",4.464285714,2.157,"P0090","EC_0108.jpg"
"3278",0.972222222,2.525,"P0090","EC_0229.jpg"
"3279",0.932539683,2.477,"P0090","EC_0198.jpg"
"3280",3.888888889,1.859,"P0090","EC_0072.jpg"
"3281",0.138888889,2.691,"P0090","EC_0206.png"
"3282",3.869047619,2.741,"P0090","EC_0069.jpg"
"3283",1.904761905,2.731,"P0090","EC_0149.jpg"
"3284",2.341269841,1.929,"P0090","EC_0117.jpg"
"3285",2.797619048,2.275,"P0090","EC_0135.jpg"
"3286",3.353174603,13.753,"P0090","EC_0073.jpg"
"3287",6.051587302,1.893,"P0090","EC_0058.jpg"
"3288",3.988095238,2.526,"P0090","EC_0148.jpg"
"3289",3.988095238,2.013,"P0090","EC_0066.jpg"
"3290",3.988095238,1.825,"P0090","EC_0063.jpg"
"3291",1.488095238,1.961,"P0090","EC_0039.jpg"
"3292",5.05952381,2.725,"P0090","EC_0098.jpg"
"3293",0.972222222,2.492,"P0090","EC_0213.jpg"
"3294",0.972222222,2.11,"P0090","EC_0168.jpeg"
"3295",4.484126984,1.892,"P0090","EC_0118.jpg"
"3296",7.043650794,2.492,"P0090","EC_0002.jpg"
"3297",2.837301587,2.546,"P0090","EC_0174.jpg"
"3298",2.976190476,2.506,"P0090","EC_0111.jpg"
"3299",2.202380952,2.331,"P0090","EC_0243.jpg"
"3300",3.015873016,2.092,"P0090","EC_0012.jpg"
"3301",3.015873016,3.624,"P0090","EC_0124.jpeg"
"3302",7.46031746,2.623,"P0090","EC_0159.jpg"
"3303",7.48015873,9.773,"P0090","EC_0234.jpg"
"3304",1.468253968,2.191,"P0090","EC_0005.jpg"
"3305",1.468253968,3.308,"P0090","EC_0203.jpg"
"3306",0.535714286,2.427,"P0090","EC_0249.jpg"
"3307",4.186507937,2.314,"P0090","EC_0106.jpg"
"3308",1.091269841,2.109,"P0090","EC_0095.jpg"
"3309",6.051587302,2.473,"P0090","EC_0167.jpg"
"3310",0.515873016,3.341,"P0090","EC_0027.jpg"
"3311",4.722222222,2.544,"P0090","EC_0013.jpg"
"3312",0,2.109,"P0090","EC_0147.png"
"3313",0.357142857,2.359,"P0090","EC_0151.jpg"
"3314",0.357142857,2.142,"P0090","EC_0209.jpg"
"3315",5.277777778,3.841,"P0090","EC_0084.jpg"
"3316",5.277777778,2.141,"P0090","EC_0238.jpg"
"3317",0.376984127,2.593,"P0090","EC_0060.jpg"
"3318",4.623015873,2.211,"P0090","EC_0116.jpg"
"3319",1.964285714,2.258,"P0090","EC_0180.jpg"
"3320",4.98015873,2.157,"P0090","EC_0093.jpg"
"3321",4.742063492,2.411,"P0090","EC_0163.jpg"
"3322",2.341269841,2.359,"P0090","EC_0223.jpg"
"3323",2.341269841,2.458,"P0090","EC_0079.jpg"
"3324",0.912698413,2.708,"P0090","EC_0142.jpg"
"3325",4.345238095,2.891,"P0090","EC_0202.jpg"
"3326",6.130952381,3.34,"P0090","EC_0075.jpg"
"3327",5.615079365,2.442,"P0090","EC_0211.jpg"
"3328",0.813492063,2.274,"P0090","EC_0141.jpg"
"3329",1.567460317,2.391,"P0090","EC_0085.jpg"
"3330",5.218253968,2.608,"P0090","EC_0008.jpg"
"3331",2.361111111,2.344,"P0090","EC_0094.jpg"
"3332",0.297619048,2.974,"P0090","EC_0150.jpg"
"3333",0.297619048,2.129,"P0090","EC_0011.jpg"
"3334",4.186507937,2.291,"P0090","EC_0160.jpg"
"3335",0.297619048,2.425,"P0090","EC_0231.jpg"
"3336",4.345238095,2.159,"P0090","EC_0003.jpg"
"3337",0.773809524,2.392,"P0090","EC_0090.jpg"
"3338",1.944444444,2.975,"P0090","EC_0241.jpg"
"3339",0.694444444,2.258,"P0090","EC_0173.jpg"
"3340",1.924603175,2.247,"P0090","EC_0049.jpg"
"3341",0.753968254,2.225,"P0090","EC_0246.jpg"
"3342",5.456349206,2.225,"P0090","EC_0219.jpg"
"3343",5.456349206,1.876,"P0090","EC_0115.jpg"
"3344",0.972222222,2.908,"P0090","EC_0177.jpg"
"3345",2.182539683,3.173,"P0090","EC_0207.jpg"
"3346",3.76984127,2.16,"P0090","EC_0239.jpg"
"3347",2.46031746,3.772,"P0090","EC_0169.png"
"3348",0.813492063,2.657,"P0090","EC_0240.jpg"
"3349",5.099206349,2.292,"P0090","EC_0007.jpg"
"3350",2.837301587,2.191,"P0090","EC_0224.jpg"
"3351",2.837301587,9.786,"P0090","EC_0120.jpg"
"3352",3.531746032,12.389,"P0090","EC_0014.jpg"
"3353",3.075396825,3.278,"P0090","EC_0016.jpg"
"3354",4.880952381,2.824,"P0090","EC_0056.jpg"
"3355",0.952380952,2.361,"P0090","EC_0036.jpeg"
"3356",1.805555556,21.563,"P0090","EC_0242.jpg"
"3357",3.015873016,2.261,"P0090","EC_0044.jpg"
"3358",5.615079365,2.161,"P0090","EC_0030.jpg"
"3359",3.78968254,3.59,"P0090","EC_0068.jpg"
"3360",3.78968254,1.697,"P0090","EC_0205.jpg"
"3361",2.010582011,2.721,"P0091","EC_0027.jpg"
"3362",7.896825397,2.946,"P0091","EC_0034.jpg"
"3363",8.148148148,2.54,"P0091","EC_0151.jpg"
"3364",5.079365079,2.523,"P0091","EC_0039.jpg"
"3365",5.079365079,2.246,"P0091","EC_0088.jpg"
"3366",4.920634921,2.579,"P0091","EC_0092.jpg"
"3367",8.015873016,3.047,"P0091","EC_0074.jpg"
"3368",5.132275132,2.505,"P0091","EC_0184.jpg"
"3369",6.137566138,2.791,"P0091","EC_0180.jpg"
"3370",8.015873016,2.479,"P0091","EC_0066.jpg"
"3371",7.103174603,3.28,"P0091","EC_0096.jpg"
"3372",5.873015873,2.682,"P0091","EC_0206.png"
"3373",3.756613757,3.273,"P0091","EC_0232.jpg"
"3374",5.052910053,3.112,"P0091","EC_0140.jpg"
"3375",6.67989418,2.733,"P0091","EC_0141.jpg"
"3376",8.439153439,2.347,"P0091","EC_0174.jpg"
"3377",7.923280423,2.329,"P0091","EC_0119.jpg"
"3378",5.052910053,1.962,"P0091","EC_0243.jpg"
"3379",6.944444444,2.626,"P0091","EC_0051.jpg"
"3380",3.095238095,2.315,"P0091","EC_0162.jpg"
"3381",7.989417989,2.571,"P0091","EC_0158.jpg"
"3382",5.886243386,2.463,"P0091","EC_0055.jpg"
"3383",6.203703704,2.524,"P0091","EC_0099.jpg"
"3384",5.833333333,2.377,"P0091","EC_0200.png"
"3385",9.100529101,2.706,"P0091","EC_0150.jpg"
"3386",7.12962963,4.275,"P0091","EC_0172.jpg"
"3387",7.896825397,5.179,"P0091","EC_0062.jpg"
"3388",8.227513228,2.533,"P0091","EC_0139.png"
"3389",5.079365079,3.458,"P0091","EC_0040.jpg"
"3390",7.261904762,2.441,"P0091","EC_0093.jpg"
"3391",7.195767196,2.164,"P0091","EC_0196.jpg"
"3392",6.931216931,1.981,"P0091","EC_0109.jpg"
"3393",7.53968254,2.256,"P0091","EC_0042.jpg"
"3394",5.912698413,2.708,"P0091","EC_0067.jpg"
"3395",7.447089947,2.291,"P0091","EC_0087.jpg"
"3396",5.992063492,2.04,"P0091","EC_0142.jpg"
"3397",8.108465608,2.156,"P0091","EC_0211.jpg"
"3398",7.857142857,2.48,"P0091","EC_0070.jpg"
"3399",4.973544974,2.313,"P0091","EC_0233.jpg"
"3400",6.878306878,2.706,"P0091","EC_0152.jpg"
"3401",6.931216931,2.79,"P0091","EC_0153.jpg"
"3402",7.394179894,3.113,"P0091","EC_0203.jpg"
"3403",6.957671958,2.694,"P0091","EC_0128.jpeg"
"3404",7.857142857,2.463,"P0091","EC_0018.jpg"
"3405",6.838624339,3.348,"P0091","EC_0063.jpg"
"3406",6.732804233,3.508,"P0091","EC_0022.jpg"
"3407",6.044973545,2.074,"P0091","EC_0056.jpg"
"3408",5.806878307,2.058,"P0091","EC_0108.jpg"
"3409",6.693121693,2.392,"P0091","EC_0249.jpg"
"3410",7.896825397,2.273,"P0091","EC_0157.jpg"
"3411",4.894179894,209.424,"P0091","EC_0015.jpg"
"3412",8.121693122,3.805,"P0091","EC_0098.jpg"
"3413",3.637566138,4.01,"P0091","EC_0048.jpg"
"3414",8.822751323,4.408,"P0091","EC_0207.jpg"
"3415",8.201058201,2.245,"P0091","EC_0221.jpg"
"3416",4.087301587,2.94,"P0091","EC_0085.jpg"
"3417",5.952380952,4.408,"P0091","EC_0033.jpeg"
"3418",8.32010582,12.525,"P0091","EC_0205.jpg"
"3419",8.518518519,2.757,"P0091","EC_0002.jpg"
"3420",4.920634921,2.396,"P0091","EC_0019.jpg"
"3421",4.748677249,2.59,"P0091","EC_0012.jpg"
"3422",5.066137566,2.53,"P0091","EC_0213.jpg"
"3423",6.243386243,2.089,"P0091","EC_0154.jpg"
"3424",5.529100529,3.439,"P0091","EC_0105.jpg"
"3425",7.116402116,2.175,"P0091","EC_0003.jpg"
"3426",5.052910053,2.323,"P0091","EC_0148.jpg"
"3427",7.420634921,2.289,"P0091","EC_0237.jpg"
"3428",5.330687831,2.189,"P0091","EC_0134.jpg"
"3429",8.015873016,2.689,"P0091","EC_0229.jpg"
"3430",7.566137566,2.642,"P0091","EC_0173.jpg"
"3431",5.634920635,2.057,"P0091","EC_0059.jpg"
"3432",8.187830688,2.439,"P0091","EC_0082.jpg"
"3433",5.648148148,2.462,"P0091","EC_0197.jpg"
"3434",4.947089947,1.895,"P0091","EC_0054.jpg"
"3435",7.605820106,2.976,"P0091","EC_0104.jpg"
"3436",7.328042328,3.291,"P0091","EC_0124.jpeg"
"3437",7.314814815,2.374,"P0091","EC_0193.png"
"3438",5.44973545,2.211,"P0091","EC_0183.jpg"
"3439",6.507936508,2.173,"P0091","EC_0120.jpg"
"3440",5.264550265,1.897,"P0091","EC_0125.jpeg"
"3441",7.103174603,2.188,"P0091","EC_0169.png"
"3442",5.436507937,2.705,"P0091","EC_0201.jpg"
"3443",6.560846561,2.13,"P0091","EC_0007.jpg"
"3444",7.208994709,2.46,"P0091","EC_0228.jpg"
"3445",7.037037037,2.308,"P0091","EC_0064.jpg"
"3446",7.195767196,2.662,"P0091","EC_0041.jpg"
"3447",6.084656085,2.579,"P0091","EC_0163.jpg"
"3448",5.052910053,2.113,"P0091","EC_0226.jpg"
"3449",7.037037037,3.18,"P0091","EC_0129.jpeg"
"3450",6.335978836,2.416,"P0091","EC_0060.jpg"
"3451",6.256613757,2.162,"P0091","EC_0177.jpg"
"3452",3.941798942,3.007,"P0091","EC_0244.jpg"
"3453",4.854497354,2.128,"P0091","EC_0230.jpg"
"3454",6.243386243,2.213,"P0091","EC_0195.jpg"
"3455",6.137566138,3.742,"P0091","EC_0239.jpg"
"3456",6.64021164,2.289,"P0091","EC_0245.jpg"
"3457",6.891534392,2.231,"P0091","EC_0224.jpg"
"3458",6.018518519,2.613,"P0091","EC_0231.jpg"
"3459",6.970899471,3.772,"P0091","EC_0241.jpg"
"3460",6.164021164,2.441,"P0091","EC_0170.jpg"
"3461",6.335978836,9.257,"P0091","EC_0118.jpg"
"3462",2.156084656,8.014,"P0091","EC_0161.jpg"
"3463",5,7.64,"P0091","EC_0038.jpg"
"3464",6.071428571,3.483,"P0091","EC_0090.jpg"
"3465",7.156084656,2.331,"P0091","EC_0058.jpg"
"3466",7.738095238,2.143,"P0091","EC_0077.jpg"
"3467",7.208994709,2.256,"P0091","EC_0068.jpg"
"3468",7.208994709,2.744,"P0091","EC_0080.jpg"
"3469",7.222222222,2.728,"P0091","EC_0138.png"
"3470",7.12962963,2.458,"P0091","EC_0073.jpg"
"3471",5,2.083,"P0091","EC_0089.jpg"
"3472",5.264550265,2.089,"P0091","EC_0024.jpg"
"3473",4.788359788,2.61,"P0091","EC_0111.jpg"
"3474",5.066137566,2.178,"P0091","EC_0156.jpg"
"3475",6.746031746,2.23,"P0091","EC_0188.jpg"
"3476",5.912698413,3.249,"P0091","EC_0011.jpg"
"3477",6.851851852,2.041,"P0091","EC_0147.png"
"3478",5.211640212,2.266,"P0091","EC_0049.jpg"
"3479",7.843915344,2.38,"P0091","EC_0160.jpg"
"3480",5.992063492,2.057,"P0091","EC_0202.jpg"
"3481",5.899470899,2.655,"P0091","EC_0071.jpg"
"3482",5.211640212,3.207,"P0091","EC_0044.jpg"
"3483",6.30952381,2.723,"P0091","EC_0006.jpg"
"3484",6.283068783,2.306,"P0091","EC_0031.jpg"
"3485",6.256613757,2.615,"P0091","EC_0084.jpg"
"3486",6.071428571,14.056,"P0091","EC_0209.jpg"
"3487",5.171957672,4.057,"P0091","EC_0234.jpg"
"3488",5.092592593,2.14,"P0091","EC_0164.jpg"
"3489",7.447089947,2.323,"P0091","EC_0086.jpg"
"3490",3.76984127,2.291,"P0091","EC_0235.jpg"
"3491",7.526455026,2.225,"P0091","EC_0061.jpg"
"3492",7.46031746,4.84,"P0091","EC_0050.jpg"
"3493",4.841269841,2.708,"P0091","EC_0069.jpg"
"3494",5.317460317,1.828,"P0091","EC_0097.jpg"
"3495",7.235449735,2.407,"P0091","EC_0075.jpg"
"3496",7.367724868,2.156,"P0091","EC_0135.jpg"
"3497",5.82010582,2.256,"P0091","EC_0182.jpg"
"3498",7.023809524,2.145,"P0091","EC_0057.jpeg"
"3499",7.53968254,2.407,"P0091","EC_0171.jpg"
"3500",7.341269841,3.807,"P0091","EC_0167.jpg"
"3501",3.796296296,5.091,"P0091","EC_0121.jpg"
"3502",8.015873016,2.523,"P0091","EC_0083.jpg"
"3503",7.407407407,2.224,"P0091","EC_0076.jpg"
"3504",6.917989418,2.265,"P0091","EC_0219.jpg"
"3505",4.986772487,1.923,"P0091","EC_0214.jpg"
"3506",7.037037037,2.058,"P0091","EC_0081.jpg"
"3507",8.452380952,2.273,"P0091","EC_0250.jpg"
"3508",7.513227513,2.863,"P0091","EC_0236.jpg"
"3509",6.997354497,2.182,"P0091","EC_0065.jpg"
"3510",5.529100529,2.423,"P0091","EC_0009.jpg"
"3511",6.891534392,2.594,"P0091","EC_0017.jpg"
"3512",5.806878307,2.331,"P0091","EC_0198.jpg"
"3513",7.91005291,2.924,"P0091","EC_0132.jpg"
"3514",7.962962963,6.531,"P0091","EC_0014.jpg"
"3515",8.068783069,2.174,"P0091","EC_0072.jpg"
"3516",7.896825397,2.672,"P0091","EC_0247.jpg"
"3517",4.404761905,2.257,"P0091","EC_0240.jpg"
"3518",5.119047619,2.424,"P0091","EC_0187.jpeg"
"3519",7.05026455,2.173,"P0091","EC_0168.jpeg"
"3520",5.013227513,2.59,"P0091","EC_0047.jpg"
"3521",4.973544974,1.945,"P0091","EC_0185.jpg"
"3522",6.137566138,2.44,"P0091","EC_0010.jpg"
"3523",6.216931217,2.556,"P0091","EC_0094.jpg"
"3524",5.965608466,2.092,"P0091","EC_0159.jpg"
"3525",6.865079365,3.091,"P0091","EC_0136.jpg"
"3526",6.984126984,2.345,"P0091","EC_0037.jpg"
"3527",5.952380952,2.264,"P0091","EC_0115.jpg"
"3528",7.420634921,2.857,"P0091","EC_0103.jpg"
"3529",6.600529101,2.364,"P0091","EC_0248.jpg"
"3530",6.613756614,2.301,"P0091","EC_0199.jpg"
"3531",7.94973545,2.412,"P0091","EC_0079.jpg"
"3532",7.076719577,2.524,"P0091","EC_0046.jpg"
"3533",6.547619048,2.823,"P0091","EC_0204.jpg"
"3534",4.510582011,2.247,"P0091","EC_0005.jpg"
"3535",7.447089947,2.474,"P0091","EC_0101.jpg"
"3536",5.978835979,1.931,"P0091","EC_0137.jpg"
"3537",4.880952381,2.911,"P0091","EC_0242.jpg"
"3538",6.26984127,1.961,"P0091","EC_0223.jpg"
"3539",6.759259259,2.044,"P0091","EC_0166.jpg"
"3540",7.738095238,2.129,"P0091","EC_0030.jpg"
"3541",6.798941799,2.329,"P0091","EC_0102.jpg"
"3542",8.148148148,2.291,"P0091","EC_0133.jpg"
"3543",5.105820106,1.923,"P0091","EC_0020.jpg"
"3544",5.03968254,2.09,"P0091","EC_0013.jpg"
"3545",5.423280423,1.924,"P0091","EC_0165.jpg"
"3546",6.613756614,1.948,"P0091","EC_0210.jpg"
"3547",6.19047619,2.374,"P0091","EC_0029.jpg"
"3548",6.005291005,2.106,"P0091","EC_0001.jpg"
"3549",3.783068783,2.891,"P0091","EC_0194.jpg"
"3550",5.198412698,1.895,"P0091","EC_0238.jpg"
"3551",5.714285714,2.264,"P0091","EC_0053.jpg"
"3552",6.904761905,2.964,"P0091","EC_0116.jpg"
"3553",6.904761905,2.773,"P0091","EC_0016.jpg"
"3554",5.158730159,2.625,"P0091","EC_0176.jpg"
"3555",5.198412698,2.173,"P0091","EC_0028.jpg"
"3556",6.64021164,1.892,"P0091","EC_0246.jpg"
"3557",6.653439153,1.856,"P0091","EC_0008.jpg"
"3558",6.124338624,2.407,"P0091","EC_0095.jpg"
"3559",5.145502646,2.463,"P0091","EC_0227.jpg"
"3560",7.380952381,2.257,"P0091","EC_0117.jpg"
"3561",6.30952381,2.611,"P0091","EC_0131.jpg"
"3562",5.555555556,2.545,"P0091","EC_0181.jpg"
"3563",4.854497354,3.09,"P0091","EC_0123.jpeg"
"3564",6.203703704,2.377,"P0091","EC_0032.jpg"
"3565",5.013227513,2.059,"P0091","EC_0106.jpg"
"3566",3.544973545,2.698,"P0091","EC_0113.jpg"
"3567",7.103174603,2.074,"P0091","EC_0100.jpg"
"3568",7.354497354,2.382,"P0091","EC_0149.jpg"
"3569",5.171957672,2.863,"P0091","EC_0036.jpeg"
"3570",4.854497354,2.023,"P0091","EC_0222.jpg"
"3571",2.968253968,9.6086,"P0092","EC_0111.jpg"
"3572",6.968253968,6.5431,"P0092","EC_0088.jpg"
"3573",8.936507937,5.5128,"P0092","EC_0106.jpg"
"3574",7.111111111,8.5465,"P0092","EC_0180.jpg"
"3575",4,4.0092,"P0092","EC_0248.jpg"
"3576",5.968253968,4.3594,"P0092","EC_0139.png"
"3577",4.936507937,5.9988,"P0092","EC_0232.jpg"
"3578",6.222222222,3.7301,"P0092","EC_0016.jpg"
"3579",6.619047619,4.8432,"P0092","EC_0087.jpg"
"3580",5.031746032,3.6595,"P0092","EC_0246.jpg"
"3581",0.206349206,3.9789,"P0092","EC_0206.png"
"3582",7.920634921,3.5076,"P0092","EC_0250.jpg"
"3583",8.984126984,3.4732,"P0092","EC_0074.jpg"
"3584",8.031746032,3.8938,"P0092","EC_0167.jpg"
"3585",8.746031746,3.8433,"P0092","EC_0012.jpg"
"3586",8.126984127,3.8789,"P0092","EC_0076.jpg"
"3587",7.841269841,6.01,"P0092","EC_0172.jpg"
"3588",8.920634921,5.0443,"P0092","EC_0163.jpg"
"3589",8.031746032,2.608,"P0092","EC_0224.jpg"
"3590",9.952380952,2.642,"P0092","EC_0173.jpg"
"3591",6.492063492,4.4172,"P0092","EC_0103.jpg"
"3592",5.952380952,3.6763,"P0092","EC_0165.jpg"
"3593",9.777777778,2.8838,"P0092","EC_0096.jpg"
"3594",9.888888889,3.1421,"P0092","EC_0083.jpg"
"3595",10,3.7771,"P0092","EC_0019.jpg"
"3596",5.206349206,3.4565,"P0092","EC_0226.jpg"
"3597",8,2.351,"P0092","EC_0132.jpg"
"3598",9.492063492,2.4805,"P0092","EC_0120.jpg"
"3599",8.158730159,2.7089,"P0092","EC_0187.jpeg"
"3600",9.793650794,3.3413,"P0092","EC_0066.jpg"
"3601",8.80952381,2.1495,"P0092","EC_0032.jpg"
"3602",7.936507937,2.643,"P0092","EC_0243.jpg"
"3603",0,4.2582,"P0092","EC_0124.jpeg"
"3604",9.761904762,4.1447,"P0092","EC_0108.jpg"
"3605",9.333333333,2.4546,"P0092","EC_0068.jpg"
"3606",5.095238095,3.5929,"P0092","EC_0166.jpg"
"3607",1,3.6476,"P0092","EC_0222.jpg"
"3608",5.285714286,2.8608,"P0092","EC_0049.jpg"
"3609",0,5.9592,"P0092","EC_0229.jpg"
"3610",7.46031746,2.7766,"P0092","EC_0109.jpg"
"3611",8.952380952,3.0405,"P0092","EC_0177.jpg"
"3612",9.888888889,2.5933,"P0092","EC_0188.jpg"
"3613",9.984126984,2.7095,"P0092","EC_0137.jpg"
"3614",7.047619048,2.5074,"P0092","EC_0236.jpg"
"3615",6.857142857,3.318,"P0092","EC_0039.jpg"
"3616",9.952380952,2.7435,"P0092","EC_0209.jpg"
"3617",9.158730159,2.4397,"P0092","EC_0141.jpg"
"3618",9.444444444,2.5835,"P0092","EC_0082.jpg"
"3619",9.047619048,2.6598,"P0092","EC_0101.jpg"
"3620",6.492063492,3.1245,"P0092","EC_0194.jpg"
"3621",8.634920635,2.6488,"P0092","EC_0003.jpg"
"3622",8.634920635,2.9924,"P0092","EC_0231.jpg"
"3623",9.238095238,2.7439,"P0092","EC_0056.jpg"
"3624",5.079365079,2.6906,"P0092","EC_0227.jpg"
"3625",6.174603175,2.6146,"P0092","EC_0022.jpg"
"3626",7.380952381,2.3093,"P0092","EC_0239.jpg"
"3627",0.079365079,3.0517,"P0092","EC_0036.jpeg"
"3628",9.46031746,2.6762,"P0092","EC_0207.jpg"
"3629",5,4.3824,"P0092","EC_0245.jpg"
"3630",5.301587302,2.7287,"P0092","EC_0040.jpg"
"3631",2.73015873,3.6073,"P0092","EC_0149.jpg"
"3632",4.873015873,2.9333,"P0092","EC_0162.jpg"
"3633",7.650793651,2.3283,"P0092","EC_0060.jpg"
"3634",7.698412698,2.2461,"P0092","EC_0093.jpg"
"3635",9.603174603,5.8917,"P0092","EC_0002.jpg"
"3636",9.555555556,2.6016,"P0092","EC_0057.jpeg"
"3637",10,2.9791,"P0092","EC_0211.jpg"
"3638",10,3.8252,"P0092","EC_0185.jpg"
"3639",10,2.8533,"P0092","EC_0240.jpg"
"3640",10,2.9088,"P0092","EC_0062.jpg"
"3641",5.079365079,2.9861,"P0092","EC_0234.jpg"
"3642",0,2.734,"P0092","EC_0136.jpg"
"3643",5.063492063,4.6935,"P0092","EC_0199.jpg"
"3644",8.476190476,2.9909,"P0092","EC_0193.png"
"3645",8.555555556,2.5528,"P0092","EC_0116.jpg"
"3646",7.428571429,3.0788,"P0092","EC_0125.jpeg"
"3647",4.984126984,3.8908,"P0092","EC_0247.jpg"
"3648",10,3.1266,"P0092","EC_0102.jpg"
"3649",8.80952381,2.3958,"P0092","EC_0070.jpg"
"3650",6.714285714,3.0582,"P0092","EC_0147.png"
"3651",4.888888889,2.1421,"P0092","EC_0161.jpg"
"3652",7.984126984,2.9197,"P0092","EC_0055.jpg"
"3653",8.650793651,2.6257,"P0092","EC_0238.jpg"
"3654",10,3.1747,"P0092","EC_0156.jpg"
"3655",8.650793651,4.3223,"P0092","EC_0170.jpg"
"3656",8.285714286,3.1916,"P0092","EC_0072.jpg"
"3657",10,3.176,"P0092","EC_0073.jpg"
"3658",10,2.3213,"P0092","EC_0157.jpg"
"3659",6.746031746,3.4948,"P0092","EC_0071.jpg"
"3660",9.619047619,2.4105,"P0092","EC_0007.jpg"
"3661",10,2.6993,"P0092","EC_0053.jpg"
"3662",10,2.3525,"P0092","EC_0018.jpg"
"3663",5.952380952,4.3415,"P0092","EC_0204.jpg"
"3664",9.031746032,2.2443,"P0092","EC_0205.jpg"
"3665",10,4.1899,"P0092","EC_0061.jpg"
"3666",0.285714286,3.0151,"P0092","EC_0214.jpg"
"3667",6.841269841,2.3341,"P0092","EC_0017.jpg"
"3668",5.857142857,3.0915,"P0092","EC_0133.jpg"
"3669",9.412698413,2.7498,"P0092","EC_0228.jpg"
"3670",9.253968254,2.414,"P0092","EC_0008.jpg"
"3671",10,3.0246,"P0092","EC_0086.jpg"
"3672",10,3.3331,"P0092","EC_0135.jpg"
"3673",3.73015873,2.8762,"P0092","EC_0117.jpg"
"3674",7.825396825,3.1788,"P0092","EC_0230.jpg"
"3675",8.507936508,2.7091,"P0092","EC_0138.png"
"3676",8.761904762,2.5121,"P0092","EC_0094.jpg"
"3677",5.047619048,2.2321,"P0092","EC_0113.jpg"
"3678",5.047619048,2.276,"P0092","EC_0100.jpg"
"3679",4.111111111,3.3412,"P0092","EC_0009.jpg"
"3680",6.444444444,2.0804,"P0092","EC_0038.jpg"
"3681",6.888888889,2.0913,"P0092","EC_0042.jpg"
"3682",5.714285714,2.1441,"P0092","EC_0089.jpg"
"3683",1.952380952,3.1582,"P0092","EC_0097.jpg"
"3684",6.634920635,2.2252,"P0092","EC_0221.jpg"
"3685",8,2.2787,"P0092","EC_0092.jpg"
"3686",5.857142857,2.3395,"P0092","EC_0131.jpg"
"3687",9.793650794,2.4472,"P0092","EC_0020.jpg"
"3688",8.53968254,2.1485,"P0092","EC_0134.jpg"
"3689",9.936507937,3.2332,"P0092","EC_0242.jpg"
"3690",10,2.3315,"P0092","EC_0168.jpeg"
"3691",7.301587302,2.2936,"P0092","EC_0119.jpg"
"3692",6.19047619,2.6235,"P0092","EC_0241.jpg"
"3693",8.396825397,2.0686,"P0092","EC_0098.jpg"
"3694",5.174603175,2.8403,"P0092","EC_0059.jpg"
"3695",6.428571429,2.0272,"P0092","EC_0200.png"
"3696",8.444444444,2.2239,"P0092","EC_0015.jpg"
"3697",5.380952381,2.2738,"P0092","EC_0001.jpg"
"3698",6.206349206,2.5015,"P0092","EC_0010.jpg"
"3699",9.761904762,2.5566,"P0092","EC_0048.jpg"
"3700",7,2.6797,"P0092","EC_0115.jpg"
"3701",7.952380952,2.3419,"P0092","EC_0064.jpg"
"3702",8.031746032,2.2756,"P0092","EC_0104.jpg"
"3703",7,2.4591,"P0092","EC_0054.jpg"
"3704",5.047619048,3.3099,"P0092","EC_0237.jpg"
"3705",8.015873016,1.8777,"P0092","EC_0069.jpg"
"3706",6.571428571,1.9937,"P0092","EC_0233.jpg"
"3707",7.619047619,2.0431,"P0092","EC_0014.jpg"
"3708",5.920634921,2.1114,"P0092","EC_0150.jpg"
"3709",10,2.6484,"P0092","EC_0084.jpg"
"3710",8.126984127,2.2074,"P0092","EC_0182.jpg"
"3711",10,1.9529,"P0092","EC_0047.jpg"
"3712",10,3.0558,"P0092","EC_0235.jpg"
"3713",10,2.9337,"P0092","EC_0063.jpg"
"3714",6.031746032,2.0484,"P0092","EC_0099.jpg"
"3715",10,2.0971,"P0092","EC_0210.jpg"
"3716",10,3.2283,"P0092","EC_0081.jpg"
"3717",7.079365079,2.9683,"P0092","EC_0159.jpg"
"3718",9.158730159,2.758,"P0092","EC_0184.jpg"
"3719",9.968253968,2.5694,"P0092","EC_0067.jpg"
"3720",2.523809524,2.3756,"P0092","EC_0198.jpg"
"3721",2.714285714,4.624,"P0092","EC_0140.jpg"
"3722",5.095238095,2.5111,"P0092","EC_0028.jpg"
"3723",9.26984127,2.5753,"P0092","EC_0079.jpg"
"3724",10,2.5824,"P0092","EC_0183.jpg"
"3725",10,2.2003,"P0092","EC_0174.jpg"
"3726",7.476190476,2.1444,"P0092","EC_0046.jpg"
"3727",4.253968254,2.5585,"P0092","EC_0121.jpg"
"3728",5.380952381,2.0154,"P0092","EC_0164.jpg"
"3729",5.507936508,2.0667,"P0092","EC_0151.jpg"
"3730",8.063492063,2.4112,"P0092","EC_0196.jpg"
"3731",10,2.3633,"P0092","EC_0219.jpg"
"3732",6.825396825,2.1957,"P0092","EC_0075.jpg"
"3733",8.285714286,3.0746,"P0092","EC_0213.jpg"
"3734",9.047619048,2.0986,"P0092","EC_0160.jpg"
"3735",5.015873016,2.2244,"P0092","EC_0153.jpg"
"3736",6.80952381,2.4486,"P0092","EC_0095.jpg"
"3737",10,2.0843,"P0092","EC_0203.jpg"
"3738",7.682539683,1.9772,"P0092","EC_0031.jpg"
"3739",0,3.7106,"P0092","EC_0033.jpeg"
"3740",7.428571429,2.6562,"P0092","EC_0050.jpg"
"3741",5.301587302,2.3995,"P0092","EC_0085.jpg"
"3742",2.841269841,3.4138,"P0092","EC_0090.jpg"
"3743",9.857142857,2.2242,"P0092","EC_0051.jpg"
"3744",4.952380952,2.7169,"P0092","EC_0142.jpg"
"3745",8.301587302,2.1281,"P0092","EC_0158.jpg"
"3746",7.476190476,2.4585,"P0092","EC_0152.jpg"
"3747",2.476190476,2.8508,"P0092","EC_0024.jpg"
"3748",0,3.015,"P0092","EC_0005.jpg"
"3749",1.031746032,2.2323,"P0092","EC_0154.jpg"
"3750",5.650793651,2.4457,"P0092","EC_0077.jpg"
"3751",8.920634921,2.2099,"P0092","EC_0223.jpg"
"3752",4.920634921,2.4129,"P0092","EC_0128.jpeg"
"3753",1.206349206,5.098,"P0092","EC_0249.jpg"
"3754",6.857142857,3.0988,"P0092","EC_0118.jpg"
"3755",7.079365079,3.6445,"P0092","EC_0195.jpg"
"3756",7.095238095,5.1601,"P0092","EC_0123.jpeg"
"3757",9.777777778,2.6257,"P0092","EC_0044.jpg"
"3758",4.253968254,3.1834,"P0092","EC_0176.jpg"
"3759",6.047619048,2.5741,"P0092","EC_0029.jpg"
"3760",6.936507937,2.3173,"P0092","EC_0011.jpg"
"3761",5.095238095,2.6759,"P0092","EC_0171.jpg"
"3762",4.063492063,2.6318,"P0092","EC_0027.jpg"
"3763",7.380952381,3.2,"P0092","EC_0244.jpg"
"3764",10,3.3585,"P0092","EC_0181.jpg"
"3765",7.317460317,2.7335,"P0092","EC_0105.jpg"
"3766",6.349206349,2.3942,"P0092","EC_0080.jpg"
"3767",5.984126984,3.9427,"P0092","EC_0013.jpg"
"3768",0,4.2157,"P0092","EC_0129.jpeg"
"3769",5.079365079,5.2171,"P0092","EC_0006.jpg"
"3770",8.904761905,2.3606,"P0092","EC_0058.jpg"
"3771",10,3.3239,"P0092","EC_0197.jpg"
"3772",7.492063492,2.689,"P0092","EC_0148.jpg"
"3773",4.619047619,2.4817,"P0092","EC_0202.jpg"
"3774",8.174603175,5.8181,"P0092","EC_0034.jpg"
"3775",4.888888889,2.7108,"P0092","EC_0201.jpg"
"3776",8.206349206,2.259,"P0092","EC_0030.jpg"
"3777",6.380952381,2.7857,"P0092","EC_0169.png"
"3778",9.523809524,2.7926,"P0092","EC_0041.jpg"
"3779",5.603174603,4.114,"P0092","EC_0065.jpg"
"3780",8.142857143,2.2917,"P0092","EC_0037.jpg"
"3781",7.976190476,11.2496,"P0094","EC_0166.jpg"
"3782",5.930059524,5.5306,"P0094","EC_0070.jpg"
"3783",7.976190476,5.7928,"P0094","EC_0203.jpg"
"3784",7.976190476,4.03,"P0094","EC_0081.jpg"
"3785",3.883928571,6.3168,"P0094","EC_0162.jpg"
"3786",7.883184524,4.5257,"P0094","EC_0047.jpg"
"3787",5.279017857,4.6658,"P0094","EC_0154.jpg"
"3788",7.938988095,6.0628,"P0094","EC_0100.jpg"
"3789",7.938988095,5.081,"P0094","EC_0131.jpg"
"3790",5.01860119,5.1229,"P0094","EC_0187.jpeg"
"3791",8.031994048,5.3689,"P0094","EC_0014.jpg"
"3792",8.999255952,6.312,"P0094","EC_0115.jpg"
"3793",7.008928571,7.7663,"P0094","EC_0170.jpg"
"3794",3.921130952,5.3482,"P0094","EC_0147.png"
"3795",4.98139881,5.1356,"P0094","EC_0090.jpg"
"3796",7.064732143,4.9654,"P0094","EC_0238.jpg"
"3797",9.036458333,5.0987,"P0094","EC_0016.jpg"
"3798",9.036458333,3.0763,"P0094","EC_0133.jpg"
"3799",6.93452381,4.1212,"P0094","EC_0142.jpg"
"3800",8.962053571,7.859,"P0094","EC_0157.jpg"
"3801",8.962053571,3.6567,"P0094","EC_0105.jpg"
"3802",8.962053571,2.8906,"P0094","EC_0152.jpg"
"3803",4.906994048,4.2463,"P0094","EC_0164.jpg"
"3804",5.706845238,4.8444,"P0094","EC_0062.jpg"
"3805",7.641369048,3.6766,"P0094","EC_0066.jpg"
"3806",8.813244048,4.5464,"P0094","EC_0160.jpg"
"3807",7.920386905,5.3678,"P0094","EC_0039.jpg"
"3808",9.408482143,4.1846,"P0094","EC_0071.jpg"
"3809",6.822916667,4.7063,"P0094","EC_0135.jpg"
"3810",6.822916667,3.6912,"P0094","EC_0193.png"
"3811",5.76264881,4.6682,"P0094","EC_0022.jpg"
"3812",2.023809524,4.6832,"P0094","EC_0067.jpg"
"3813",2.023809524,3.1358,"P0094","EC_0158.jpg"
"3814",5.37202381,4.5826,"P0094","EC_0083.jpg"
"3815",4.869791667,5.0074,"P0094","EC_0010.jpg"
"3816",8.627232143,5.7762,"P0094","EC_0072.jpg"
"3817",5.40922619,5.9744,"P0094","EC_0243.jpg"
"3818",2.730654762,4.8893,"P0094","EC_0134.jpg"
"3819",4.851190476,3.9561,"P0094","EC_0227.jpg"
"3820",8.199404762,5.7725,"P0094","EC_0098.jpg"
"3821",8.199404762,3.8802,"P0094","EC_0169.png"
"3822",10,4.3073,"P0094","EC_0120.jpg"
"3823",9.929315476,6.5217,"P0094","EC_0002.jpg"
"3824",9.929315476,4.3151,"P0094","EC_0104.jpg"
"3825",6.302083333,4.317,"P0094","EC_0086.jpg"
"3826",9.761904762,5.7351,"P0094","EC_0033.jpeg"
"3827",9.761904762,2.6727,"P0094","EC_0221.jpg"
"3828",5.892857143,4.4811,"P0094","EC_0224.jpg"
"3829",2.860863095,3.8859,"P0094","EC_0027.jpg"
"3830",8.515625,4.7527,"P0094","EC_0013.jpg"
"3831",8.515625,5.763,"P0094","EC_0173.jpg"
"3832",3.902529762,7.4149,"P0094","EC_0128.jpeg"
"3833",2.786458333,11.243,"P0094","EC_0051.jpg"
"3834",2.786458333,5.4566,"P0094","EC_0198.jpg"
"3835",9.073660714,4.2583,"P0094","EC_0018.jpg"
"3836",9.073660714,3.0885,"P0094","EC_0019.jpg"
"3837",5.985863095,3.3995,"P0094","EC_0053.jpg"
"3838",8.348214286,4.3215,"P0094","EC_0231.jpg"
"3839",8.348214286,3.9451,"P0094","EC_0156.jpg"
"3840",8.348214286,2.5908,"P0094","EC_0080.jpg"
"3841",0.72172619,6.6255,"P0094","EC_0129.jpeg"
"3842",6.023065476,5.0507,"P0094","EC_0031.jpg"
"3843",6.023065476,2.7449,"P0094","EC_0139.png"
"3844",9.036458333,5.2681,"P0094","EC_0161.jpg"
"3845",9.985119048,3.5716,"P0094","EC_0092.jpg"
"3846",8.92485119,3.6553,"P0094","EC_0055.jpg"
"3847",7.938988095,4.3603,"P0094","EC_0103.jpg"
"3848",0.907738095,5.6789,"P0094","EC_0151.jpg"
"3849",0.907738095,3.5482,"P0094","EC_0239.jpg"
"3850",9.854910714,4.4263,"P0094","EC_0038.jpg"
"3851",9.854910714,3.144,"P0094","EC_0074.jpg"
"3852",8.013392857,4.3493,"P0094","EC_0096.jpg"
"3853",8.031994048,2.8299,"P0094","EC_0037.jpg"
"3854",8.031994048,3.8121,"P0094","EC_0117.jpg"
"3855",9.873511905,3.8228,"P0094","EC_0034.jpg"
"3856",9.873511905,3.5113,"P0094","EC_0180.jpg"
"3857",4.98139881,4.3992,"P0094","EC_0229.jpg"
"3858",5,2.7197,"P0094","EC_0101.jpg"
"3859",9.947916667,4.459,"P0094","EC_0168.jpeg"
"3860",10,11.559,"P0094","EC_0029.jpg"
"3861",4.925595238,18.964,"P0094","EC_0121.jpg"
"3862",9.985119048,4.864,"P0094","EC_0185.jpg"
"3863",0.796130952,4.3218,"P0094","EC_0182.jpg"
"3864",3.995535714,4.9461,"P0094","EC_0015.jpg"
"3865",5.948660714,4.0029,"P0094","EC_0213.jpg"
"3866",5.948660714,4.3193,"P0094","EC_0195.jpg"
"3867",9.055059524,81.14,"P0094","EC_0079.jpg"
"3868",9.055059524,3.0738,"P0094","EC_0172.jpg"
"3869",9.055059524,2.8682,"P0094","EC_0209.jpg"
"3870",7.71577381,4.2686,"P0094","EC_0205.jpg"
"3871",4.869791667,3.3327,"P0094","EC_0245.jpg"
"3872",8.162202381,3.7607,"P0094","EC_0200.png"
"3873",8.162202381,2.6679,"P0094","EC_0068.jpg"
"3874",9.947916667,7.3447,"P0094","EC_0003.jpg"
"3875",4.925595238,3.496,"P0094","EC_0235.jpg"
"3876",6.023065476,3.6354,"P0094","EC_0088.jpg"
"3877",4.962797619,5.5522,"P0094","EC_0232.jpg"
"3878",7.176339286,9.6386,"P0094","EC_0181.jpg"
"3879",1.986607143,5.4813,"P0094","EC_0111.jpg"
"3880",7.976190476,3.9827,"P0094","EC_0028.jpg"
"3881",9.910714286,5.8779,"P0094","EC_0020.jpg"
"3882",8.013392857,4.6204,"P0094","EC_0210.jpg"
"3883",8.013392857,3.5342,"P0094","EC_0102.jpg"
"3884",9.017857143,4.4682,"P0094","EC_0163.jpg"
"3885",4.98139881,4.2279,"P0094","EC_0236.jpg"
"3886",2.991071429,7.2952,"P0094","EC_0076.jpg"
"3887",8.90625,6.0172,"P0094","EC_0073.jpg"
"3888",8.943452381,4.8262,"P0094","EC_0153.jpg"
"3889",0,4.5858,"P0094","EC_0124.jpeg"
"3890",5.01860119,3.8236,"P0094","EC_0042.jpg"
"3891",8.273809524,3.4292,"P0094","EC_0008.jpg"
"3892",4.851190476,3.6551,"P0094","EC_0140.jpg"
"3893",1.037946429,3.7513,"P0094","EC_0113.jpg"
"3894",5.055803571,3.9952,"P0094","EC_0184.jpg"
"3895",9.910714286,3.6403,"P0094","EC_0132.jpg"
"3896",9.910714286,3.1721,"P0094","EC_0201.jpg"
"3897",9.910714286,2.4338,"P0094","EC_0041.jpg"
"3898",7.622767857,4.6235,"P0094","EC_0044.jpg"
"3899",4.925595238,4.1895,"P0094","EC_0065.jpg"
"3900",3.084077381,4.1265,"P0094","EC_0244.jpg"
"3901",7.287946429,3.9098,"P0094","EC_0084.jpg"
"3902",8.53422619,6.7145,"P0094","EC_0202.jpg"
"3903",9.017857143,4.9693,"P0094","EC_0009.jpg"
"3904",9.017857143,2.699,"P0094","EC_0207.jpg"
"3905",9.017857143,2.768,"P0094","EC_0226.jpg"
"3906",7.306547619,4.266,"P0094","EC_0246.jpg"
"3907",7.306547619,10.57,"P0094","EC_0183.jpg"
"3908",8.664434524,4.7327,"P0094","EC_0108.jpg"
"3909",3.716517857,3.9255,"P0094","EC_0116.jpg"
"3910",3.735119048,4.3576,"P0094","EC_0048.jpg"
"3911",1.949404762,3.8078,"P0094","EC_0176.jpg"
"3912",8.738839286,6.0491,"P0094","EC_0242.jpg"
"3913",8.738839286,3.614,"P0094","EC_0222.jpg"
"3914",6.93452381,6.1535,"P0094","EC_0109.jpg"
"3915",5.01860119,3.9656,"P0094","EC_0077.jpg"
"3916",8.980654762,3.832,"P0094","EC_0085.jpg"
"3917",4.888392857,6.976,"P0094","EC_0125.jpeg"
"3918",6.767113095,3.7987,"P0094","EC_0167.jpg"
"3919",4.925595238,4.294,"P0094","EC_0219.jpg"
"3920",0.089285714,7.7054,"P0094","EC_0206.png"
"3921",9.836309524,4.5448,"P0094","EC_0032.jpg"
"3922",8.943452381,3.8429,"P0094","EC_0250.jpg"
"3923",8.943452381,2.3881,"P0094","EC_0046.jpg"
"3924",9.966517857,4.4661,"P0094","EC_0188.jpg"
"3925",5.855654762,4.9432,"P0094","EC_0075.jpg"
"3926",2.135416667,5.2753,"P0094","EC_0049.jpg"
"3927",9.296875,4.6559,"P0094","EC_0123.jpeg"
"3928",9.854910714,3.813,"P0094","EC_0194.jpg"
"3929",6.246279762,3.4456,"P0094","EC_0223.jpg"
"3930",6.302083333,2.8374,"P0094","EC_0064.jpg"
"3931",9.110863095,3.4693,"P0094","EC_0054.jpg"
"3932",9.110863095,3.0741,"P0094","EC_0141.jpg"
"3933",5.055803571,4.6397,"P0094","EC_0118.jpg"
"3934",8.776041667,4.2182,"P0094","EC_0063.jpg"
"3935",8.776041667,3.6161,"P0094","EC_0149.jpg"
"3936",1.354166667,4.1501,"P0094","EC_0136.jpg"
"3937",7.790178571,5.7116,"P0094","EC_0036.jpeg"
"3938",7.790178571,3.1388,"P0094","EC_0007.jpg"
"3939",4.888392857,3.9194,"P0094","EC_0248.jpg"
"3940",9.520089286,4.1594,"P0094","EC_0177.jpg"
"3941",8.050595238,3.3959,"P0094","EC_0214.jpg"
"3942",9.203869048,3.1515,"P0094","EC_0058.jpg"
"3943",9.203869048,3.3927,"P0094","EC_0089.jpg"
"3944",9.203869048,3.3661,"P0094","EC_0060.jpg"
"3945",5.01860119,3.9666,"P0094","EC_0095.jpg"
"3946",9.892113095,3.8966,"P0094","EC_0050.jpg"
"3947",8.125,4.1106,"P0094","EC_0001.jpg"
"3948",4.962797619,5.13,"P0094","EC_0006.jpg"
"3949",7.250744048,3.179,"P0094","EC_0137.jpg"
"3950",5,4.2271,"P0094","EC_0150.jpg"
"3951",3.232886905,4.1357,"P0094","EC_0097.jpg"
"3952",8.683035714,4.2102,"P0094","EC_0233.jpg"
"3953",5.632440476,3.972,"P0094","EC_0237.jpg"
"3954",5.632440476,3.1471,"P0094","EC_0012.jpg"
"3955",9.185267857,4.3497,"P0094","EC_0099.jpg"
"3956",6.041666667,3.6691,"P0094","EC_0057.jpeg"
"3957",7.864583333,3.189,"P0094","EC_0148.jpg"
"3958",7.864583333,2.5998,"P0094","EC_0196.jpg"
"3959",6.097470238,5.9134,"P0094","EC_0094.jpg"
"3960",1.912202381,6.4098,"P0094","EC_0119.jpg"
"3961",9.892113095,3.9989,"P0094","EC_0093.jpg"
"3962",6.209077381,4.955,"P0094","EC_0040.jpg"
"3963",6.209077381,3.7356,"P0094","EC_0211.jpg"
"3964",4.832589286,3.6744,"P0094","EC_0017.jpg"
"3965",7.176339286,3.7441,"P0094","EC_0230.jpg"
"3966",7.176339286,3.148,"P0094","EC_0030.jpg"
"3967",2.786458333,3.4901,"P0094","EC_0024.jpg"
"3968",5.01860119,4.0003,"P0094","EC_0171.jpg"
"3969",7.901785714,8.3901,"P0094","EC_0249.jpg"
"3970",7.901785714,2.3335,"P0094","EC_0069.jpg"
"3971",7.976190476,4.6167,"P0094","EC_0241.jpg"
"3972",5.334821429,3.0953,"P0094","EC_0165.jpg"
"3973",5.334821429,2.5418,"P0094","EC_0228.jpg"
"3974",9.148065476,3.3609,"P0094","EC_0197.jpg"
"3975",9.148065476,3.5062,"P0094","EC_0247.jpg"
"3976",5.76264881,3.4561,"P0094","EC_0240.jpg"
"3977",2.451636905,3.9846,"P0094","EC_0159.jpg"
"3978",4.795386905,3.1114,"P0094","EC_0087.jpg"
"3979",4.795386905,2.407,"P0094","EC_0056.jpg"
"3980",8.311011905,3.8166,"P0094","EC_0082.jpg"
"3981",5,4.1495,"P0094","EC_0005.jpg"
"3982",2.005208333,3.9701,"P0094","EC_0204.jpg"
"3983",4.962797619,4.1366,"P0094","EC_0199.jpg"
"3984",8.49702381,3.9622,"P0094","EC_0106.jpg"
"3985",9.873511905,4.6905,"P0094","EC_0174.jpg"
"3986",7.064732143,3.6709,"P0094","EC_0061.jpg"
"3987",9.910714286,3.4064,"P0094","EC_0059.jpg"
"3988",8.980654762,4.235,"P0094","EC_0138.png"
"3989",6.134672619,3.3865,"P0094","EC_0234.jpg"
"3990",6.97172619,4.9046,"P0094","EC_0011.jpg"
"3991",5.013227311,4.0367,"P0097","EC_0015.jpg"
"3992",7.962963165,3.8416,"P0097","EC_0093.jpg"
"3993",1.01851872,6.9718,"P0097","EC_0249.jpg"
"3994",0.105820106,4.1733,"P0097","EC_0168.jpeg"
"3995",7.05026455,5.4837,"P0097","EC_0076.jpg"
"3996",2.063492467,5.5217,"P0097","EC_0058.jpg"
"3997",5.965608869,4.622,"P0097","EC_0158.jpg"
"3998",0.052910356,5.2797,"P0097","EC_0185.jpg"
"3999",0.052910356,3.628,"P0097","EC_0195.jpg"
"4000",9.973545781,3.5945,"P0097","EC_0053.jpg"
"4001",7.962963165,3.9432,"P0097","EC_0139.png"
"4002",2.08994709,4.5592,"P0097","EC_0222.jpg"
"4003",1.005291409,5.8171,"P0097","EC_0048.jpg"
"4004",7.037037239,4.6666,"P0097","EC_0086.jpg"
"4005",4.947089745,4.37,"P0097","EC_0233.jpg"
"4006",0.03968254,4.445,"P0097","EC_0064.jpg"
"4007",0.03968254,3.6263,"P0097","EC_0119.jpg"
"4008",0.052910356,2.9651,"P0097","EC_0069.jpg"
"4009",0.013227412,5.5338,"P0097","EC_0242.jpg"
"4010",5.119047821,3.5848,"P0097","EC_0211.jpg"
"4011",6.970899673,3.8516,"P0097","EC_0231.jpg"
"4012",8.068783674,4.7439,"P0097","EC_0159.jpg"
"4013",0.211640111,6.9319,"P0097","EC_0029.jpg"
"4014",5.039682943,7.016,"P0097","EC_0166.jpg"
"4015",1.970899269,5.3282,"P0097","EC_0187.jpeg"
"4016",0.026455228,3.5509,"P0097","EC_0162.jpg"
"4017",2.976191082,5.7919,"P0097","EC_0200.png"
"4018",9.96031746,3.7704,"P0097","EC_0232.jpg"
"4019",9.96031746,2.5703,"P0097","EC_0046.jpg"
"4020",1.98412759,4.7522,"P0097","EC_0081.jpg"
"4021",0.03968254,3.7549,"P0097","EC_0228.jpg"
"4022",5.992063492,4.0945,"P0097","EC_0136.jpg"
"4023",1.00918e-07,3.0879,"P0097","EC_0022.jpg"
"4024",0.079364978,2.887,"P0097","EC_0213.jpg"
"4025",2.037036835,7.0085,"P0097","EC_0201.jpg"
"4026",9.880953592,4.3804,"P0097","EC_0100.jpg"
"4027",9.933862838,3.2915,"P0097","EC_0198.jpg"
"4028",7.037037239,3.595,"P0097","EC_0207.jpg"
"4029",9.947091158,5.6016,"P0097","EC_0040.jpg"
"4030",9.854496951,4.1251,"P0097","EC_0080.jpg"
"4031",5.026455632,3.2524,"P0097","EC_0047.jpg"
"4032",7.857142655,3.7202,"P0097","EC_0090.jpg"
"4033",0.952381154,5.2637,"P0097","EC_0247.jpg"
"4034",8.915343714,3.6194,"P0097","EC_0224.jpg"
"4035",0.079364978,5.2703,"P0097","EC_0147.png"
"4036",9.867725271,4.8492,"P0097","EC_0056.jpg"
"4037",1.970899269,6.6271,"P0097","EC_0011.jpg"
"4038",5.105820509,4.9101,"P0097","EC_0096.jpg"
"4039",0.079364978,3.8903,"P0097","EC_0236.jpg"
"4040",5.039682943,4.7225,"P0097","EC_0028.jpg"
"4041",0.066137667,5.736,"P0097","EC_0065.jpg"
"4042",0.066137667,3.5118,"P0097","EC_0124.jpeg"
"4043",9.841270649,3.1627,"P0097","EC_0132.jpg"
"4044",2.063492467,4.2033,"P0097","EC_0176.jpg"
"4045",9.907408215,2.9242,"P0097","EC_0070.jpg"
"4046",9.907408215,2.6972,"P0097","EC_0204.jpg"
"4047",5.105820509,3.1865,"P0097","EC_0085.jpg"
"4048",0.132275233,6.562,"P0097","EC_0148.jpg"
"4049",8.055555354,6.868,"P0097","EC_0131.jpg"
"4050",4.907407811,3.7557,"P0097","EC_0077.jpg"
"4051",9.920634517,4.5885,"P0097","EC_0092.jpg"
"4052",0.198412799,3.5398,"P0097","EC_0020.jpg"
"4053",10,3.3132,"P0097","EC_0051.jpg"
"4054",7.010582616,4.513,"P0097","EC_0002.jpg"
"4055",2.08994709,5.8193,"P0097","EC_0152.jpg"
"4056",4.973545377,3.1109,"P0097","EC_0172.jpg"
"4057",9.920634517,3.3772,"P0097","EC_0061.jpg"
"4058",2.129630033,5.1857,"P0097","EC_0154.jpg"
"4059",4.947089745,3.4363,"P0097","EC_0013.jpg"
"4060",5.026455632,3.0692,"P0097","EC_0039.jpg"
"4061",1.931217335,5.0141,"P0097","EC_0250.jpg"
"4062",9.907408215,3.3315,"P0097","EC_0181.jpg"
"4063",4.920635122,5.4527,"P0097","EC_0197.jpg"
"4064",9.100529101,4.5397,"P0097","EC_0079.jpg"
"4065",7.936508542,5.0193,"P0097","EC_0067.jpg"
"4066",0.03968254,4.1578,"P0097","EC_0226.jpg"
"4067",0.03968254,2.5098,"P0097","EC_0121.jpg"
"4068",9.973545781,3.1719,"P0097","EC_0101.jpg"
"4069",2.804233006,4.7866,"P0097","EC_0237.jpg"
"4070",6.865079163,3.9864,"P0097","EC_0024.jpg"
"4071",0.03968254,3.5185,"P0097","EC_0059.jpg"
"4072",9.867725271,4.8456,"P0097","EC_0075.jpg"
"4073",9.907408215,2.9398,"P0097","EC_0084.jpg"
"4074",1.98412759,4.5092,"P0097","EC_0036.jpeg"
"4075",8.941799345,3.3034,"P0097","EC_0165.jpg"
"4076",4.986772689,3.3961,"P0097","EC_0042.jpg"
"4077",5.886243992,3.2226,"P0097","EC_0007.jpg"
"4078",0.171957672,5.6512,"P0097","EC_0227.jpg"
"4079",9.947091158,3.2782,"P0097","EC_0003.jpg"
"4080",5.039682943,2.9697,"P0097","EC_0094.jpg"
"4081",7.05026455,3.7792,"P0097","EC_0057.jpeg"
"4082",2.103174401,4.221,"P0097","EC_0221.jpg"
"4083",4.960318066,3.7707,"P0097","EC_0088.jpg"
"4084",9.867725271,4.2314,"P0097","EC_0157.jpg"
"4085",7.870370976,9.1717,"P0097","EC_0068.jpg"
"4086",4.047619451,3.9961,"P0097","EC_0138.png"
"4087",9.828042328,4.9188,"P0097","EC_0018.jpg"
"4088",0.03968254,4.1022,"P0097","EC_0129.jpeg"
"4089",5.052910255,3.7245,"P0097","EC_0133.jpg"
"4090",8.082010986,3.9575,"P0097","EC_0087.jpg"
"4091",8.029100731,4.7187,"P0097","EC_0009.jpg"
"4092",8.941799345,4.5824,"P0097","EC_0012.jpg"
"4093",0.171957672,5.0572,"P0097","EC_0234.jpg"
"4094",7.936508542,3.9634,"P0097","EC_0134.jpg"
"4095",9.973545781,2.954,"P0097","EC_0188.jpg"
"4096",4.960318066,4.2195,"P0097","EC_0164.jpg"
"4097",9.894179894,3.4051,"P0097","EC_0244.jpg"
"4098",1.00918e-07,3.5721,"P0097","EC_0219.jpg"
"4099",4.074074074,4.4755,"P0097","EC_0037.jpg"
"4100",4.074074074,4.095,"P0097","EC_0074.jpg"
"4101",7.883598287,4.468,"P0097","EC_0241.jpg"
"4102",0.03968254,4.7013,"P0097","EC_0182.jpg"
"4103",0.03968254,3.1549,"P0097","EC_0206.png"
"4104",7.989417788,3.753,"P0097","EC_0104.jpg"
"4105",4.933862434,5.0277,"P0097","EC_0199.jpg"
"4106",0.105820106,4.4982,"P0097","EC_0203.jpg"
"4107",5.013227311,3.9388,"P0097","EC_0044.jpg"
"4108",6.970899673,4.7764,"P0097","EC_0073.jpg"
"4109",0.105820106,8.0477,"P0097","EC_0170.jpg"
"4110",9.920634517,4.9627,"P0097","EC_0125.jpeg"
"4111",0.158730361,3.462,"P0097","EC_0105.jpg"
"4112",5.013227311,3.6217,"P0097","EC_0193.png"
"4113",0.092592794,4.4766,"P0097","EC_0210.jpg"
"4114",0.092592794,2.835,"P0097","EC_0240.jpg"
"4115",5.925925926,4.7794,"P0097","EC_0066.jpg"
"4116",9.96031746,2.8408,"P0097","EC_0235.jpg"
"4117",0.052910356,3.2065,"P0097","EC_0184.jpg"
"4118",5.978836181,3.3898,"P0097","EC_0062.jpg"
"4119",0.052910356,3.8616,"P0097","EC_0071.jpg"
"4120",8.042328042,6.0517,"P0097","EC_0034.jpg"
"4121",0.105820106,3.395,"P0097","EC_0246.jpg"
"4122",3.148148148,4.1369,"P0097","EC_0017.jpg"
"4123",8.01587342,3.7712,"P0097","EC_0008.jpg"
"4124",9.920634517,3.2227,"P0097","EC_0014.jpg"
"4125",0.912698211,4.5524,"P0097","EC_0005.jpg"
"4126",0.013227412,3.306,"P0097","EC_0196.jpg"
"4127",0.886243588,5.4051,"P0097","EC_0169.png"
"4128",0.066137667,4.9029,"P0097","EC_0027.jpg"
"4129",9.947091158,3.0669,"P0097","EC_0055.jpg"
"4130",1.00918e-07,4.1593,"P0097","EC_0033.jpeg"
"4131",1.917990023,6.8084,"P0097","EC_0177.jpg"
"4132",5.039682943,2.8195,"P0097","EC_0173.jpg"
"4133",8.068783674,3.5213,"P0097","EC_0118.jpg"
"4134",9.060847166,4.5195,"P0097","EC_0072.jpg"
"4135",6.018519124,3.1132,"P0097","EC_0245.jpg"
"4136",6.984126984,8.6866,"P0097","EC_0180.jpg"
"4137",9.828042328,3.9353,"P0097","EC_0103.jpg"
"4138",0.03968254,3.8517,"P0097","EC_0083.jpg"
"4139",5,3.0589,"P0097","EC_0006.jpg"
"4140",4.007936508,4.1025,"P0097","EC_0239.jpg"
"4141",0.211640111,3.2214,"P0097","EC_0150.jpg"
"4142",5.039682943,2.9536,"P0097","EC_0202.jpg"
"4143",2.910053516,3.9691,"P0097","EC_0097.jpg"
"4144",6.851851852,3.5615,"P0097","EC_0137.jpg"
"4145",0.052910356,3.3343,"P0097","EC_0194.jpg"
"4146",3.055555959,3.547,"P0097","EC_0111.jpg"
"4147",6.957672361,4.0284,"P0097","EC_0054.jpg"
"4148",0.092592794,3.0214,"P0097","EC_0161.jpg"
"4149",1.970899269,4.8013,"P0097","EC_0117.jpg"
"4150",0.052910356,3.8301,"P0097","EC_0229.jpg"
"4151",1.944444646,3.304,"P0097","EC_0120.jpg"
"4152",4.920635122,4.9425,"P0097","EC_0109.jpg"
"4153",3.042328648,3.0389,"P0097","EC_0032.jpg"
"4154",6.878307484,4.8081,"P0097","EC_0230.jpg"
"4155",9.894179894,2.9907,"P0097","EC_0135.jpg"
"4156",1.005291409,4.1366,"P0097","EC_0140.jpg"
"4157",9.973545781,4.0254,"P0097","EC_0102.jpg"
"4158",0.052910356,3.6452,"P0097","EC_0171.jpg"
"4159",1.98412759,3.8437,"P0097","EC_0153.jpg"
"4160",6.94444505,5.4249,"P0097","EC_0167.jpg"
"4161",9.933862838,4.5816,"P0097","EC_0128.jpeg"
"4162",7.976190476,3.1952,"P0097","EC_0156.jpg"
"4163",0.03968254,3.2771,"P0097","EC_0041.jpg"
"4164",6.931216729,3.0566,"P0097","EC_0160.jpg"
"4165",0.119047922,3.6036,"P0097","EC_0049.jpg"
"4166",5.013227311,3.8841,"P0097","EC_0163.jpg"
"4167",1.997354901,3.5687,"P0097","EC_0115.jpg"
"4168",2.962962761,4.3594,"P0097","EC_0238.jpg"
"4169",9.96031746,4.3857,"P0097","EC_0016.jpg"
"4170",9.96031746,3.086,"P0097","EC_0030.jpg"
"4171",8.029100731,4.2243,"P0097","EC_0123.jpeg"
"4172",8.968253968,4.0138,"P0097","EC_0063.jpg"
"4173",0.066137667,3.196,"P0097","EC_0106.jpg"
"4174",9.920634517,3.1555,"P0097","EC_0050.jpg"
"4175",8.029100731,3.4159,"P0097","EC_0010.jpg"
"4176",9.973545781,3.7077,"P0097","EC_0116.jpg"
"4177",1.851852457,7.5406,"P0097","EC_0099.jpg"
"4178",0.066137667,3.0501,"P0097","EC_0095.jpg"
"4179",4.960318066,3.9454,"P0097","EC_0149.jpg"
"4180",7.010582616,3.0284,"P0097","EC_0223.jpg"
"4181",9.973545781,6.1513,"P0097","EC_0248.jpg"
"4182",0.092592794,3.2618,"P0097","EC_0060.jpg"
"4183",0.092592794,2.7242,"P0097","EC_0113.jpg"
"4184",0.092592794,2.6221,"P0097","EC_0019.jpg"
"4185",9.920634517,3.6356,"P0097","EC_0082.jpg"
"4186",1.005291409,3.7831,"P0097","EC_0142.jpg"
"4187",8.98148128,2.777,"P0097","EC_0098.jpg"
"4188",7.883598287,3.0861,"P0097","EC_0001.jpg"
"4189",5.079364878,5.2308,"P0097","EC_0183.jpg"
"4190",6.931216729,3.0037,"P0097","EC_0243.jpg"
"4191",0.03968254,3.177,"P0097","EC_0031.jpg"
"4192",1.137566541,2.9365,"P0097","EC_0141.jpg"
"4193",0.119047922,3.6791,"P0097","EC_0038.jpg"
"4194",4.986772689,4.312,"P0097","EC_0214.jpg"
"4195",6.94444505,6.6314,"P0097","EC_0209.jpg"
"4196",0.132275233,5.5809,"P0097","EC_0174.jpg"
"4197",2.923280827,3.7679,"P0097","EC_0205.jpg"
"4198",0.03968254,5.6848,"P0097","EC_0089.jpg"
"4199",4.986772689,4.0377,"P0097","EC_0151.jpg"
"4200",0.026455228,2.7866,"P0097","EC_0108.jpg"
"4201",0.319385188,3.7839,"P0104","EC_0121.jpg"
"4202",5.854539871,2.6516,"P0104","EC_0211.jpg"
"4203",5.023011934,3.8662,"P0104","EC_0113.jpg"
"4204",0.544478439,2.8679,"P0104","EC_0080.jpg"
"4205",7.533102036,2.9769,"P0104","EC_0182.jpg"
"4206",3.924137297,3.2404,"P0104","EC_0040.jpg"
"4207",8.104224659,2.9039,"P0104","EC_0076.jpg"
"4208",4.157252766,3.3413,"P0104","EC_0060.jpg"
"4209",9.377453668,4.9715,"P0104","EC_0181.jpg"
"4210",3.794563611,2.9707,"P0104","EC_0163.jpg"
"4211",2.064046633,8.3076,"P0104","EC_0148.jpg"
"4212",5.059329896,4.1805,"P0104","EC_0237.jpg"
"4213",1.625380289,3.0846,"P0104","EC_0242.jpg"
"4214",0.244856108,10.2086,"P0104","EC_0085.jpg"
"4215",3.989892006,33.7222,"P0104","EC_0086.jpg"
"4216",2.615926606,3.3504,"P0104","EC_0247.jpg"
"4217",2.490534328,4.1741,"P0104","EC_0018.jpg"
"4218",5.00891572,13.0771,"P0104","EC_0089.jpg"
"4219",6.754709652,2.6679,"P0104","EC_0157.jpg"
"4220",2.701200985,2.752,"P0104","EC_0226.jpg"
"4221",4.984255291,3.8354,"P0104","EC_0243.jpg"
"4222",9.454127947,4.3672,"P0104","EC_0227.jpg"
"4223",7.032484327,4.5442,"P0104","EC_0031.jpg"
"4224",3.836835225,3.3565,"P0104","EC_0010.jpg"
"4225",2.253347579,2.6459,"P0104","EC_0008.jpg"
"4226",4.891007514,3.0408,"P0104","EC_0170.jpg"
"4227",4.507245563,4.6458,"P0104","EC_0094.jpg"
"4228",2.806845392,2.5107,"P0104","EC_0147.png"
"4229",8.076188905,2.6984,"P0104","EC_0082.jpg"
"4230",4.959284919,3.8427,"P0104","EC_0033.jpeg"
"4231",6.902584803,3.4437,"P0104","EC_0246.jpg"
"4232",3.054339772,3.4717,"P0104","EC_0117.jpg"
"4233",6.909746443,4.2663,"P0104","EC_0154.jpg"
"4234",8.099058923,2.5598,"P0104","EC_0158.jpg"
"4235",7.270574797,3.2248,"P0104","EC_0245.jpg"
"4236",8.254996027,3.7217,"P0104","EC_0106.jpg"
"4237",2.904046377,3.2025,"P0104","EC_0219.jpg"
"4238",7.231820424,2.5234,"P0104","EC_0221.jpg"
"4239",9.4695366,2.7161,"P0104","EC_0248.jpg"
"4240",2.055321648,3.2187,"P0104","EC_0232.jpg"
"4241",2.19727607,4.1279,"P0104","EC_0165.jpg"
"4242",6.778749057,2.9631,"P0104","EC_0067.jpg"
"4243",1.142735368,3.7706,"P0104","EC_0081.jpg"
"4244",1.006476879,3.2328,"P0104","EC_0083.jpg"
"4245",8.596656663,2.4179,"P0104","EC_0193.png"
"4246",7.273589089,2.444,"P0104","EC_0108.jpg"
"4247",2.379173551,2.3814,"P0104","EC_0007.jpg"
"4248",4.046292759,4.44,"P0104","EC_0029.jpg"
"4249",3.027477946,2.5883,"P0104","EC_0115.jpg"
"4250",0.995706604,4.0495,"P0104","EC_0241.jpg"
"4251",5.862501916,3.4586,"P0104","EC_0022.jpg"
"4252",1.933779262,2.4335,"P0104","EC_0005.jpg"
"4253",5.324781736,2.7803,"P0104","EC_0079.jpg"
"4254",4.921405883,2.457,"P0104","EC_0166.jpg"
"4255",2.900038674,2.3753,"P0104","EC_0174.jpg"
"4256",4.735992295,3.4787,"P0104","EC_0044.jpg"
"4257",1.772248404,2.4214,"P0104","EC_0150.jpg"
"4258",1.772248972,2.2598,"P0104","EC_0097.jpg"
"4259",1.772248972,2.4395,"P0104","EC_0036.jpeg"
"4260",7.034488178,3.0424,"P0104","EC_0013.jpg"
"4261",5.040690104,3.4684,"P0104","EC_0250.jpg"
"4262",3.798185303,3.4376,"P0104","EC_0028.jpg"
"4263",2.22776413,3.0539,"P0104","EC_0136.jpg"
"4264",2.148941812,2.1389,"P0104","EC_0032.jpg"
"4265",6.510255677,4.0185,"P0104","EC_0057.jpeg"
"4266",3.928255127,2.9875,"P0104","EC_0037.jpg"
"4267",1.570970331,2.8851,"P0104","EC_0228.jpg"
"4268",5.093714396,2.5709,"P0104","EC_0188.jpg"
"4269",3.04016522,4.3962,"P0104","EC_0238.jpg"
"4270",1.535809835,2.311,"P0104","EC_0116.jpg"
"4271",7.147489502,2.5648,"P0104","EC_0038.jpg"
"4272",7.121428081,2.0597,"P0104","EC_0167.jpg"
"4273",8.415147463,2.5864,"P0104","EC_0197.jpg"
"4274",1.817350388,2.7158,"P0104","EC_0224.jpg"
"4275",5.402643567,2.7361,"P0104","EC_0092.jpg"
"4276",2.888253984,3.4357,"P0104","EC_0168.jpeg"
"4277",4.957063085,4.4377,"P0104","EC_0109.jpg"
"4278",2.086801983,11.4278,"P0104","EC_0088.jpg"
"4279",6.853477387,3.2313,"P0104","EC_0138.png"
"4280",5.083412443,3.435,"P0104","EC_0068.jpg"
"4281",2.308144115,2.3218,"P0104","EC_0176.jpg"
"4282",3.372097242,4.6562,"P0104","EC_0203.jpg"
"4283",5.010272435,2.6021,"P0104","EC_0141.jpg"
"4284",4.947223209,2.9578,"P0104","EC_0071.jpg"
"4285",3.76643249,2.7756,"P0104","EC_0239.jpg"
"4286",4.862198603,2.7284,"P0104","EC_0177.jpg"
"4287",8.719428607,3.0227,"P0104","EC_0077.jpg"
"4288",3.727468082,2.5395,"P0104","EC_0187.jpeg"
"4289",3.153318678,2.3299,"P0104","EC_0024.jpg"
"4290",4.660549845,5.4964,"P0104","EC_0206.png"
"4291",4.941307022,2.962,"P0104","EC_0194.jpg"
"4292",4.978288015,4.1464,"P0104","EC_0244.jpg"
"4293",4.061084929,6.0656,"P0104","EC_0124.jpeg"
"4294",3.130129632,7.5318,"P0104","EC_0006.jpg"
"4295",5.006878944,7.0585,"P0104","EC_0202.jpg"
"4296",5.139672416,6.7783,"P0104","EC_0049.jpg"
"4297",5.049883979,3.5936,"P0104","EC_0185.jpg"
"4298",7.25021385,3.3007,"P0104","EC_0139.png"
"4299",5.160271781,2.3637,"P0104","EC_0002.jpg"
"4300",5.186014175,2.8554,"P0104","EC_0073.jpg"
"4301",6.691441309,2.9297,"P0104","EC_0096.jpg"
"4302",2.31973807,2.4814,"P0104","EC_0095.jpg"
"4303",6.848534175,3.4421,"P0104","EC_0233.jpg"
"4304",5.071760586,2.3324,"P0104","EC_0222.jpg"
"4305",3.757843744,2.2819,"P0104","EC_0230.jpg"
"4306",6.282209442,2.2692,"P0104","EC_0072.jpg"
"4307",0.792634147,2.7474,"P0104","EC_0030.jpg"
"4308",6.09625998,3.7442,"P0104","EC_0120.jpg"
"4309",6.116511935,2.8226,"P0104","EC_0087.jpg"
"4310",4.035210837,4.2877,"P0104","EC_0125.jpeg"
"4311",4.911085765,3.2938,"P0104","EC_0098.jpg"
"4312",2.80111767,2.6105,"P0104","EC_0195.jpg"
"4313",5.892175947,2.9679,"P0104","EC_0133.jpg"
"4314",7.607769058,2.399,"P0104","EC_0070.jpg"
"4315",7.911380359,2.6593,"P0104","EC_0099.jpg"
"4316",5.032423791,2.8708,"P0104","EC_0199.jpg"
"4317",6.171066647,5.7276,"P0104","EC_0020.jpg"
"4318",5.02934138,3.4375,"P0104","EC_0100.jpg"
"4319",0.819467022,2.8953,"P0104","EC_0065.jpg"
"4320",0.956230164,4.0295,"P0104","EC_0231.jpg"
"4321",6.971245947,3.7834,"P0104","EC_0236.jpg"
"4322",5.05007812,2.369,"P0104","EC_0137.jpg"
"4323",4.979960351,1.8635,"P0104","EC_0027.jpg"
"4324",1.043137142,3.4651,"P0104","EC_0066.jpg"
"4325",2.060820035,3.0124,"P0104","EC_0134.jpg"
"4326",1.091054167,2.9908,"P0104","EC_0156.jpg"
"4327",0.669124808,2.3383,"P0104","EC_0118.jpg"
"4328",0.479744389,2.0713,"P0104","EC_0123.jpeg"
"4329",9.437498819,15.5519,"P0104","EC_0160.jpg"
"4330",1.921639215,3.9273,"P0104","EC_0016.jpg"
"4331",3.505308515,3.2079,"P0104","EC_0014.jpg"
"4332",4.510402907,3.416,"P0104","EC_0128.jpeg"
"4333",2.168931507,2.1977,"P0104","EC_0105.jpg"
"4334",2.05772627,2.1605,"P0104","EC_0042.jpg"
"4335",2.05772627,1.7958,"P0104","EC_0210.jpg"
"4336",1.895706086,2.0895,"P0104","EC_0062.jpg"
"4337",4.980257806,5.7978,"P0104","EC_0142.jpg"
"4338",3.440389406,2.165,"P0104","EC_0011.jpg"
"4339",8.669847761,4.0224,"P0104","EC_0209.jpg"
"4340",8.110159011,2.8887,"P0104","EC_0234.jpg"
"4341",4.469486872,3.1025,"P0104","EC_0172.jpg"
"4342",3.43589919,2.1743,"P0104","EC_0173.jpg"
"4343",2.785688582,2.1216,"P0104","EC_0171.jpg"
"4344",6.449894905,2.9619,"P0104","EC_0041.jpg"
"4345",3.048304376,2.512,"P0104","EC_0009.jpg"
"4346",2.896453312,2.789,"P0104","EC_0063.jpg"
"4347",2.24554675,3.7134,"P0104","EC_0229.jpg"
"4348",1.476087116,2.3221,"P0104","EC_0039.jpg"
"4349",6.792479697,2.5077,"P0104","EC_0074.jpg"
"4350",2.760121028,2.9845,"P0104","EC_0061.jpg"
"4351",7.100304195,2.6961,"P0104","EC_0090.jpg"
"4352",2.124867212,2.7024,"P0104","EC_0129.jpeg"
"4353",1.157121658,2.8054,"P0104","EC_0064.jpg"
"4354",1.486435618,8.6764,"P0104","EC_0069.jpg"
"4355",5.377368927,10.5597,"P0104","EC_0164.jpg"
"4356",3.254447892,6.968,"P0104","EC_0159.jpg"
"4357",1.730110191,2.3199,"P0104","EC_0213.jpg"
"4358",1.753458182,2.1402,"P0104","EC_0140.jpg"
"4359",1.494575342,3.097,"P0104","EC_0012.jpg"
"4360",5.052362397,3.9094,"P0104","EC_0047.jpg"
"4361",7.487961451,2.7922,"P0104","EC_0103.jpg"
"4362",3.283793813,3.4441,"P0104","EC_0101.jpg"
"4363",2.087563787,2.2468,"P0104","EC_0135.jpg"
"4364",3.232721147,2.6778,"P0104","EC_0075.jpg"
"4365",3.711554209,5.7552,"P0104","EC_0058.jpg"
"4366",2.501090595,2.1855,"P0104","EC_0151.jpg"
"4367",7.115815026,2.8983,"P0104","EC_0102.jpg"
"4368",4.989213262,3.4504,"P0104","EC_0119.jpg"
"4369",1.8885751,3.3296,"P0104","EC_0059.jpg"
"4370",9.202985764,2.5713,"P0104","EC_0249.jpg"
"4371",3.924897966,3.0882,"P0104","EC_0207.jpg"
"4372",1.518061275,2.5145,"P0104","EC_0131.jpg"
"4373",1.518061275,2.3623,"P0104","EC_0003.jpg"
"4374",1.518061275,2.4114,"P0104","EC_0161.jpg"
"4375",9.048247564,2.7148,"P0104","EC_0183.jpg"
"4376",9.07122998,2.7104,"P0104","EC_0235.jpg"
"4377",5.01573222,3.6534,"P0104","EC_0034.jpg"
"4378",2.61729581,2.1458,"P0104","EC_0055.jpg"
"4379",0.923743362,2.2611,"P0104","EC_0053.jpg"
"4380",0.921804791,2.3133,"P0104","EC_0056.jpg"
"4381",0.921804791,1.7977,"P0104","EC_0132.jpg"
"4382",2.118713742,2.5165,"P0104","EC_0205.jpg"
"4383",8.035944984,2.6377,"P0104","EC_0015.jpg"
"4384",6.943067142,2.6823,"P0104","EC_0111.jpg"
"4385",0.051571869,2.6083,"P0104","EC_0184.jpg"
"4386",7.698191007,15.6099,"P0104","EC_0200.png"
"4387",0.732888721,2.2193,"P0104","EC_0214.jpg"
"4388",1.130460785,3.3098,"P0104","EC_0169.png"
"4389",0.922673884,2.1967,"P0104","EC_0201.jpg"
"4390",0.949724175,2.2381,"P0104","EC_0240.jpg"
"4391",0.977407978,1.7631,"P0104","EC_0054.jpg"
"4392",1.033788863,2.2225,"P0104","EC_0048.jpg"
"4393",1.007167158,1.8946,"P0104","EC_0046.jpg"
"4394",1.007167158,2.3241,"P0104","EC_0152.jpg"
"4395",8.70109876,2.3433,"P0104","EC_0180.jpg"
"4396",4.992149217,3.1,"P0104","EC_0104.jpg"
"4397",2.367824827,1.9757,"P0104","EC_0223.jpg"
"4398",6.453775451,2.4695,"P0104","EC_0153.jpg"
"4399",0.710790725,2.2996,"P0104","EC_0019.jpg"
"4400",4.969514211,3.885,"P0104","EC_0051.jpg"
"4401",6.409522692,98.1844,"P0104","EC_0149.jpg"
"4402",7.114535513,5.365,"P0104","EC_0050.jpg"
"4403",4.928531193,2.655,"P0104","EC_0198.jpg"
"4404",3.522567749,2.9447,"P0104","EC_0196.jpg"
"4405",8.059802737,2.6943,"P0104","EC_0093.jpg"
"4406",3.713634128,2.8577,"P0104","EC_0017.jpg"
"4407",1.759867668,2.4292,"P0104","EC_0001.jpg"
"4408",7.058723995,3.0105,"P0104","EC_0084.jpg"
"4409",7.894216492,3.1644,"P0104","EC_0162.jpg"
"4410",0.122743788,2.9353,"P0104","EC_0204.jpg"
"4411",5.03968254,5.5129,"P0106","EC_0139.png"
"4412",0.992063492,7.9967,"P0106","EC_0077.jpg"
"4413",6.19047619,5.1486,"P0106","EC_0082.jpg"
"4414",7.910053314,10.205,"P0106","EC_0106.jpg"
"4415",9.57671998,3.5436,"P0106","EC_0109.jpg"
"4416",9.788360596,3.4954,"P0106","EC_0096.jpg"
"4417",0,5.3584,"P0106","EC_0162.jpg"
"4418",4.444444444,6.2391,"P0106","EC_0085.jpg"
"4419",7.46031746,4.4443,"P0106","EC_0061.jpg"
"4420",0,4.4639,"P0106","EC_0194.jpg"
"4421",9.788360596,4.5566,"P0106","EC_0172.jpg"
"4422",9.788360596,5.0246,"P0106","EC_0086.jpg"
"4423",5.436507937,6.7936,"P0106","EC_0024.jpg"
"4424",9.23280504,4.9363,"P0106","EC_0205.jpg"
"4425",7.619047619,4.7402,"P0106","EC_0240.jpg"
"4426",1.164021568,5.2359,"P0106","EC_0231.jpg"
"4427",5.912698413,6.0939,"P0106","EC_0247.jpg"
"4428",5.780424088,6.8567,"P0106","EC_0012.jpg"
"4429",0,4.0813,"P0106","EC_0041.jpg"
"4430",10,3.692,"P0106","EC_0029.jpg"
"4431",7.420634921,14.9231,"P0106","EC_0003.jpg"
"4432",10,4.2963,"P0106","EC_0234.jpg"
"4433",7.420634921,4.1686,"P0106","EC_0097.jpg"
"4434",9.880952381,3.746,"P0106","EC_0066.jpg"
"4435",2.579365079,4.3579,"P0106","EC_0047.jpg"
"4436",7.367725675,9.4149,"P0106","EC_0242.jpg"
"4437",9.933862838,5.1842,"P0106","EC_0090.jpg"
"4438",8.38624379,8.1104,"P0106","EC_0080.jpg"
"4439",10,4.375,"P0106","EC_0245.jpg"
"4440",5.224868532,5.4189,"P0106","EC_0221.jpg"
"4441",10,5.5647,"P0106","EC_0099.jpg"
"4442",8.888888889,4.1822,"P0106","EC_0188.jpg"
"4443",8.558201866,3.987,"P0106","EC_0015.jpg"
"4444",2.883598691,4.4654,"P0106","EC_0005.jpg"
"4445",7.010582818,5.987,"P0106","EC_0132.jpg"
"4446",2.724868532,6.7058,"P0106","EC_0032.jpg"
"4447",9.57671998,4.6292,"P0106","EC_0238.jpg"
"4448",10,3.7059,"P0106","EC_0064.jpg"
"4449",9.087301587,4.3183,"P0106","EC_0022.jpg"
"4450",10,4.2748,"P0106","EC_0142.jpg"
"4451",7.949735853,5.1739,"P0106","EC_0094.jpg"
"4452",8.412698413,7.428,"P0106","EC_0236.jpg"
"4453",5.317460317,5.8035,"P0106","EC_0067.jpg"
"4454",1.666666667,5.2237,"P0106","EC_0098.jpg"
"4455",4.219577123,7.2835,"P0106","EC_0185.jpg"
"4456",5.079365079,6.9881,"P0106","EC_0198.jpg"
"4457",9.629630437,76.889,"P0106","EC_0200.png"
"4458",10,4.8998,"P0106","EC_0102.jpg"
"4459",6.653439961,3.6594,"P0106","EC_0182.jpg"
"4460",9.523809524,3.4749,"P0106","EC_0006.jpg"
"4461",8.015873016,5.0348,"P0106","EC_0237.jpg"
"4462",8.505291409,3.2889,"P0106","EC_0164.jpg"
"4463",9.444444444,3.0387,"P0106","EC_0018.jpg"
"4464",7.552910457,4.1951,"P0106","EC_0008.jpg"
"4465",3.69047619,4.3396,"P0106","EC_0063.jpg"
"4466",9.722222222,3.0655,"P0106","EC_0202.jpg"
"4467",7.923281231,9.1729,"P0106","EC_0125.jpeg"
"4468",10,5.1673,"P0106","EC_0136.jpg"
"4469",4.96031746,3.6216,"P0106","EC_0165.jpg"
"4470",3.280424088,3.2057,"P0106","EC_0133.jpg"
"4471",5.251323155,3.4077,"P0106","EC_0141.jpg"
"4472",6.957672361,4.0485,"P0106","EC_0034.jpg"
"4473",8.267196171,3.2817,"P0106","EC_0042.jpg"
"4474",1.865079365,3.3408,"P0106","EC_0203.jpg"
"4475",7.420634921,4.3457,"P0106","EC_0027.jpg"
"4476",6.970900278,14.3259,"P0106","EC_0222.jpg"
"4477",1.164021568,4.1647,"P0106","EC_0154.jpg"
"4478",5,5.1401,"P0106","EC_0152.jpg"
"4479",1.441799345,5.8166,"P0106","EC_0213.jpg"
"4480",7.447090754,4.7916,"P0106","EC_0147.png"
"4481",6.878307282,5.2475,"P0106","EC_0113.jpg"
"4482",4.510582818,8.5229,"P0106","EC_0073.jpg"
"4483",6.640212044,7.4491,"P0106","EC_0230.jpg"
"4484",6.164021568,3.8804,"P0106","EC_0224.jpg"
"4485",5.806878711,6.0804,"P0106","EC_0054.jpg"
"4486",8.862434266,2.6813,"P0106","EC_0089.jpg"
"4487",9.27248758,3.4164,"P0106","EC_0009.jpg"
"4488",7.751323155,3.5088,"P0106","EC_0059.jpg"
"4489",9.589947897,4.1704,"P0106","EC_0233.jpg"
"4490",6.560846965,4.8069,"P0106","EC_0028.jpg"
"4491",10,4.731,"P0106","EC_0197.jpg"
"4492",8.624339028,4.4305,"P0106","EC_0105.jpg"
"4493",10,4.6284,"P0106","EC_0051.jpg"
"4494",0.436507937,3.4961,"P0106","EC_0036.jpeg"
"4495",4.708995516,3.1229,"P0106","EC_0055.jpg"
"4496",3.174603175,3.7271,"P0106","EC_0083.jpg"
"4497",7.619047619,5.7395,"P0106","EC_0177.jpg"
"4498",7.526455834,4.0822,"P0106","EC_0046.jpg"
"4499",9.391535199,2.9671,"P0106","EC_0223.jpg"
"4500",0.476190476,5.1077,"P0106","EC_0037.jpg"
"4501",9.629630437,3.0656,"P0106","EC_0210.jpg"
"4502",8.558201866,5.5418,"P0106","EC_0199.jpg"
"4503",7.037037441,3.9591,"P0106","EC_0148.jpg"
"4504",0.753968254,2.6599,"P0106","EC_0120.jpg"
"4505",0,7.7333,"P0106","EC_0053.jpg"
"4506",7.407408215,5.0003,"P0106","EC_0031.jpg"
"4507",9.060846965,3.6988,"P0106","EC_0019.jpg"
"4508",6.164021568,3.0802,"P0106","EC_0058.jpg"
"4509",9.695767599,3.3251,"P0106","EC_0163.jpg"
"4510",10,3.7323,"P0106","EC_0196.jpg"
"4511",10,8.3011,"P0106","EC_0157.jpg"
"4512",1.031746032,4.8579,"P0106","EC_0153.jpg"
"4513",6.931217739,3.472,"P0106","EC_0013.jpg"
"4514",9.642857143,2.6102,"P0106","EC_0176.jpg"
"4515",0,2.8907,"P0106","EC_0161.jpg"
"4516",7.5,3.8077,"P0106","EC_0123.jpeg"
"4517",0,2.9342,"P0106","EC_0183.jpg"
"4518",4.880952381,3.3629,"P0106","EC_0137.jpg"
"4519",9.166666667,2.9209,"P0106","EC_0168.jpeg"
"4520",10,3.1828,"P0106","EC_0160.jpg"
"4521",1.507936508,3.2775,"P0106","EC_0195.jpg"
"4522",8.571428571,2.9898,"P0106","EC_0211.jpg"
"4523",0.582010784,3.6381,"P0106","EC_0075.jpg"
"4524",7.433862838,4.6849,"P0106","EC_0201.jpg"
"4525",0,2.8201,"P0106","EC_0074.jpg"
"4526",10,4.0963,"P0106","EC_0016.jpg"
"4527",6.322751726,4.8742,"P0106","EC_0229.jpg"
"4528",0,3.3181,"P0106","EC_0226.jpg"
"4529",5.145503453,4.0908,"P0106","EC_0169.png"
"4530",1.984126984,6.6112,"P0106","EC_0174.jpg"
"4531",6.521164425,5.9597,"P0106","EC_0101.jpg"
"4532",8.373015873,3.6475,"P0106","EC_0244.jpg"
"4533",5.820106627,3.3876,"P0106","EC_0166.jpg"
"4534",0,3.0244,"P0106","EC_0048.jpg"
"4535",2.605820913,2.9161,"P0106","EC_0187.jpeg"
"4536",7.526455834,7.8949,"P0106","EC_0135.jpg"
"4537",1.600529504,33.7832,"P0106","EC_0171.jpg"
"4538",5.753968254,3.5757,"P0106","EC_0116.jpg"
"4539",0.396825397,5.3903,"P0106","EC_0076.jpg"
"4540",6.73280504,3.3138,"P0106","EC_0100.jpg"
"4541",5.264551072,3.161,"P0106","EC_0014.jpg"
"4542",10,3.8746,"P0106","EC_0010.jpg"
"4543",6.322751726,3.8711,"P0106","EC_0232.jpg"
"4544",7.407408215,4.3798,"P0106","EC_0069.jpg"
"4545",6.071428571,4.7923,"P0106","EC_0117.jpg"
"4546",6.097884405,6.007,"P0106","EC_0149.jpg"
"4547",0.211640615,3.3804,"P0106","EC_0134.jpg"
"4548",0,3.8884,"P0106","EC_0184.jpg"
"4549",9.1931225,3.4289,"P0106","EC_0151.jpg"
"4550",9.722222222,4.4424,"P0106","EC_0241.jpg"
"4551",10,5.5986,"P0106","EC_0050.jpg"
"4552",1.137566339,11.1466,"P0106","EC_0180.jpg"
"4553",0,4.1662,"P0106","EC_0033.jpeg"
"4554",0,14.2514,"P0106","EC_0057.jpeg"
"4555",9.550265358,7.3299,"P0106","EC_0128.jpeg"
"4556",0,2.7085,"P0106","EC_0227.jpg"
"4557",7.526455834,2.4024,"P0106","EC_0246.jpg"
"4558",8.849206349,2.7109,"P0106","EC_0140.jpg"
"4559",0.343915546,5.1075,"P0106","EC_0060.jpg"
"4560",9.206349206,3.1967,"P0106","EC_0062.jpg"
"4561",9.246031746,5.2712,"P0106","EC_0049.jpg"
"4562",0,3.4454,"P0106","EC_0056.jpg"
"4563",10,4.5047,"P0106","EC_0065.jpg"
"4564",10,3.045,"P0106","EC_0039.jpg"
"4565",8.306878711,3.6421,"P0106","EC_0119.jpg"
"4566",6.6931225,5.8661,"P0106","EC_0249.jpg"
"4567",0,6.5662,"P0106","EC_0150.jpg"
"4568",7.53968254,3.5588,"P0106","EC_0207.jpg"
"4569",10,10.4396,"P0106","EC_0214.jpg"
"4570",5.859789167,8.5611,"P0106","EC_0181.jpg"
"4571",0.423280625,8.2731,"P0106","EC_0219.jpg"
"4572",10,4.3149,"P0106","EC_0167.jpg"
"4573",10,4.71,"P0106","EC_0030.jpg"
"4574",7.037037441,3.2409,"P0106","EC_0040.jpg"
"4575",9.61640252,4.9352,"P0106","EC_0079.jpg"
"4576",0,6.9779,"P0106","EC_0072.jpg"
"4577",8.743386647,4.9765,"P0106","EC_0011.jpg"
"4578",8.320106627,3.4264,"P0106","EC_0115.jpg"
"4579",7.486773294,2.8925,"P0106","EC_0007.jpg"
"4580",9.298942203,2.8653,"P0106","EC_0017.jpg"
"4581",7.288360596,4.1148,"P0106","EC_0124.jpeg"
"4582",7.566138373,5.4484,"P0106","EC_0038.jpg"
"4583",10,3.2806,"P0106","EC_0118.jpg"
"4584",10,3.6656,"P0106","EC_0159.jpg"
"4585",4.920634921,3.8094,"P0106","EC_0103.jpg"
"4586",7.5,3.2061,"P0106","EC_0138.png"
"4587",9.537037441,3.3782,"P0106","EC_0170.jpg"
"4588",10,2.6582,"P0106","EC_0001.jpg"
"4589",8.399471707,4.7421,"P0106","EC_0093.jpg"
"4590",10,3.425,"P0106","EC_0131.jpg"
"4591",0.396825397,3.0204,"P0106","EC_0070.jpg"
"4592",0.489418393,3.3323,"P0106","EC_0235.jpg"
"4593",2.751323155,3.8139,"P0106","EC_0158.jpg"
"4594",6.23015873,3.5144,"P0106","EC_0002.jpg"
"4595",0,3.3283,"P0106","EC_0095.jpg"
"4596",7.354497758,6.1223,"P0106","EC_0129.jpeg"
"4597",8.597884405,2.9513,"P0106","EC_0104.jpg"
"4598",0,2.9606,"P0106","EC_0228.jpg"
"4599",10,3.3133,"P0106","EC_0068.jpg"
"4600",0.132275536,3.8421,"P0106","EC_0081.jpg"
"4601",4.986773294,3.3928,"P0106","EC_0250.jpg"
"4602",0.251323155,3.131,"P0106","EC_0088.jpg"
"4603",7.222222222,2.7726,"P0106","EC_0020.jpg"
"4604",7.724868532,4.6657,"P0106","EC_0209.jpg"
"4605",9.31217012,3.3483,"P0106","EC_0243.jpg"
"4606",9.378307282,4.6176,"P0106","EC_0121.jpg"
"4607",9.523809524,4.057,"P0106","EC_0092.jpg"
"4608",10,10.0061,"P0106","EC_0206.png"
"4609",1.560846965,9.5642,"P0106","EC_0156.jpg"
"4610",10,11.8882,"P0106","EC_0087.jpg"
"4611",6.560846965,4.7016,"P0106","EC_0071.jpg"
"4612",7.129630437,3.0903,"P0106","EC_0173.jpg"
"4613",9.761904762,3.6067,"P0106","EC_0044.jpg"
"4614",9.246031746,19.7009,"P0106","EC_0084.jpg"
"4615",0,3.6518,"P0106","EC_0248.jpg"
"4616",7.923281231,2.9958,"P0106","EC_0108.jpg"
"4617",0,5.156,"P0106","EC_0204.jpg"
"4618",3.492063492,3.6917,"P0106","EC_0111.jpg"
"4619",7.261904762,3.2813,"P0106","EC_0193.png"
"4620",9.378307282,6.2392,"P0106","EC_0239.jpg"
"4621",8.98205425,8.6458,"P0107","EC_0055.jpg"
"4622",4.936573306,4.3099,"P0107","EC_0236.jpg"
"4623",2.933684026,4.3533,"P0107","EC_0181.jpg"
"4624",0,7.7197,"P0107","EC_0228.jpg"
"4625",8.03205656,4.8052,"P0107","EC_0131.jpg"
"4626",8.949114793,5.1415,"P0107","EC_0057.jpeg"
"4627",6.918396498,4.5195,"P0107","EC_0071.jpg"
"4628",8.816525662,4.7521,"P0107","EC_0168.jpeg"
"4629",7.112973498,5.0088,"P0107","EC_0034.jpg"
"4630",9.900033781,3.3004,"P0107","EC_0243.jpg"
"4631",6.028517085,4.5762,"P0107","EC_0086.jpg"
"4632",6.914570697,4.435,"P0107","EC_0079.jpg"
"4633",4.006733906,5.0422,"P0107","EC_0171.jpg"
"4634",4.859655704,3.4659,"P0107","EC_0139.png"
"4635",5.100948867,4.6428,"P0107","EC_0166.jpg"
"4636",6.148427416,2.988,"P0107","EC_0094.jpg"
"4637",2.097784285,3.7432,"P0107","EC_0182.jpg"
"4638",9.818491695,4.0121,"P0107","EC_0174.jpg"
"4639",0.868146558,4.3007,"P0107","EC_0162.jpg"
"4640",1.820794524,3.5331,"P0107","EC_0233.jpg"
"4641",4.905411199,4.0238,"P0107","EC_0238.jpg"
"4642",7.91024064,4.2185,"P0107","EC_0209.jpg"
"4643",6.080051214,5.7105,"P0107","EC_0088.jpg"
"4644",5.822716911,6.6967,"P0107","EC_0223.jpg"
"4645",8.040160373,3.3195,"P0107","EC_0060.jpg"
"4646",7.83181679,8.8874,"P0107","EC_0084.jpg"
"4647",2.146649016,6.3532,"P0107","EC_0033.jpeg"
"4648",2.249749898,3.4516,"P0107","EC_0195.jpg"
"4649",5.860410215,4.229,"P0107","EC_0167.jpg"
"4650",5.006501876,4.2758,"P0107","EC_0239.jpg"
"4651",2.140950249,5.2668,"P0107","EC_0123.jpeg"
"4652",9.636213278,4.7298,"P0107","EC_0014.jpg"
"4653",6.841705001,2.8773,"P0107","EC_0141.jpg"
"4654",1.728556845,3.2566,"P0107","EC_0013.jpg"
"4655",8.875964497,7.6623,"P0107","EC_0018.jpg"
"4656",4.927387335,6.4576,"P0107","EC_0003.jpg"
"4657",7.966447623,4.9459,"P0107","EC_0009.jpg"
"4658",6.723383035,4.3991,"P0107","EC_0099.jpg"
"4659",0.035501729,4.1033,"P0107","EC_0247.jpg"
"4660",7.778831533,5.3082,"P0107","EC_0032.jpg"
"4661",0.379727038,3.6297,"P0107","EC_0048.jpg"
"4662",7.858689636,4.2656,"P0107","EC_0103.jpg"
"4663",6.98217184,8.7765,"P0107","EC_0077.jpg"
"4664",8.005361449,4.1333,"P0107","EC_0074.jpg"
"4665",7.093184176,2.8947,"P0107","EC_0092.jpg"
"4666",5.011212977,7.2609,"P0107","EC_0213.jpg"
"4667",7.975924945,4.1431,"P0107","EC_0121.jpg"
"4668",7.858601894,3.7391,"P0107","EC_0006.jpg"
"4669",7.852663522,81.7395,"P0107","EC_0058.jpg"
"4670",9.189179561,3.0671,"P0107","EC_0188.jpg"
"4671",8.060587515,4.3898,"P0107","EC_0197.jpg"
"4672",10,3.3774,"P0107","EC_0085.jpg"
"4673",9.045843091,5.7919,"P0107","EC_0124.jpeg"
"4674",6.670682379,6.9672,"P0107","EC_0102.jpg"
"4675",4.900076901,4.8554,"P0107","EC_0226.jpg"
"4676",6.882667278,3.2393,"P0107","EC_0056.jpg"
"4677",3.974741619,5.8208,"P0107","EC_0204.jpg"
"4678",6.046628049,3.8741,"P0107","EC_0200.png"
"4679",7.882146147,3.9621,"P0107","EC_0219.jpg"
"4680",7.973798875,2.818,"P0107","EC_0096.jpg"
"4681",6.978598018,3.5633,"P0107","EC_0231.jpg"
"4682",7.956977052,3.05,"P0107","EC_0066.jpg"
"4683",5.003808855,5.7018,"P0107","EC_0159.jpg"
"4684",2.93551762,3.7435,"P0107","EC_0210.jpg"
"4685",2.978538472,3.5832,"P0107","EC_0244.jpg"
"4686",6.154407409,4.7301,"P0107","EC_0172.jpg"
"4687",5.02126175,5.7759,"P0107","EC_0196.jpg"
"4688",3.908411619,3.202,"P0107","EC_0234.jpg"
"4689",7.985532755,4.5383,"P0107","EC_0016.jpg"
"4690",7.90669719,9.2925,"P0107","EC_0156.jpg"
"4691",7.950494226,2.9028,"P0107","EC_0082.jpg"
"4692",7.224044329,3.4328,"P0107","EC_0068.jpg"
"4693",7.055741726,3.2131,"P0107","EC_0015.jpg"
"4694",9.105182934,3.8918,"P0107","EC_0185.jpg"
"4695",4.035400975,5.6622,"P0107","EC_0183.jpg"
"4696",4.834184489,2.7993,"P0107","EC_0160.jpg"
"4697",8.863851524,3.2457,"P0107","EC_0008.jpg"
"4698",5.966487595,9.4722,"P0107","EC_0206.png"
"4699",6.012997901,3.9443,"P0107","EC_0224.jpg"
"4700",4.972620874,3.729,"P0107","EC_0042.jpg"
"4701",6.885626902,18.2365,"P0107","EC_0098.jpg"
"4702",3.929782557,5.2453,"P0107","EC_0232.jpg"
"4703",1.192475117,2.9499,"P0107","EC_0047.jpg"
"4704",2.171300176,3.3422,"P0107","EC_0147.png"
"4705",7.924377316,3.6393,"P0107","EC_0203.jpg"
"4706",5.154907166,3.5806,"P0107","EC_0164.jpg"
"4707",5.907612337,2.681,"P0107","EC_0017.jpg"
"4708",6.936311729,3.6537,"P0107","EC_0037.jpg"
"4709",0.055891749,3.3874,"P0107","EC_0235.jpg"
"4710",4.944273278,4.4875,"P0107","EC_0134.jpg"
"4711",7.019859519,10.8,"P0107","EC_0030.jpg"
"4712",5.718754352,7.0311,"P0107","EC_0054.jpg"
"4713",8.476004663,3.3918,"P0107","EC_0138.png"
"4714",3.933468869,7.3219,"P0107","EC_0111.jpg"
"4715",6.235864002,3.5751,"P0107","EC_0198.jpg"
"4716",5.873777456,2.7135,"P0107","EC_0100.jpg"
"4717",7.540866963,3.8236,"P0107","EC_0081.jpg"
"4718",3.987215686,4.1202,"P0107","EC_0022.jpg"
"4719",4.981160025,3.4144,"P0107","EC_0104.jpg"
"4720",7.80003711,3.0827,"P0107","EC_0051.jpg"
"4721",4.102498161,5.1233,"P0107","EC_0136.jpg"
"4722",4.02986307,2.4362,"P0107","EC_0150.jpg"
"4723",7.07214846,4.1477,"P0107","EC_0024.jpg"
"4724",7.928666577,2.6085,"P0107","EC_0029.jpg"
"4725",7.914256549,2.9886,"P0107","EC_0125.jpeg"
"4726",5.003913471,3.9479,"P0107","EC_0165.jpg"
"4727",5.90145236,4.0446,"P0107","EC_0132.jpg"
"4728",5.019557519,26.3724,"P0107","EC_0158.jpg"
"4729",4.02196624,11.9958,"P0107","EC_0020.jpg"
"4730",6.897715127,3.7432,"P0107","EC_0072.jpg"
"4731",6.883279226,2.4947,"P0107","EC_0101.jpg"
"4732",0.790076491,4.4584,"P0107","EC_0205.jpg"
"4733",2.621481375,2.8812,"P0107","EC_0115.jpg"
"4734",0.582269488,2.929,"P0107","EC_0161.jpg"
"4735",7.556827109,4.3231,"P0107","EC_0087.jpg"
"4736",2.602785461,3.4597,"P0107","EC_0227.jpg"
"4737",4.939430564,3.2172,"P0107","EC_0237.jpg"
"4738",6.819160788,3.9793,"P0107","EC_0027.jpg"
"4739",2.848553495,3.9134,"P0107","EC_0044.jpg"
"4740",7.738229226,3.1629,"P0107","EC_0245.jpg"
"4741",0.260090058,2.8909,"P0107","EC_0049.jpg"
"4742",9.934189259,3.9406,"P0107","EC_0010.jpg"
"4743",6.642276288,3.3387,"P0107","EC_0187.jpeg"
"4744",6.642276288,3.3054,"P0107","EC_0012.jpg"
"4745",6.671358447,3.6464,"P0107","EC_0031.jpg"
"4746",8.147188297,3.1502,"P0107","EC_0038.jpg"
"4747",4.999425101,4.2263,"P0107","EC_0076.jpg"
"4748",5.891867047,2.5318,"P0107","EC_0007.jpg"
"4749",6.84661296,3.4919,"P0107","EC_0053.jpg"
"4750",3.043919053,3.5321,"P0107","EC_0097.jpg"
"4751",6.95552285,3.1322,"P0107","EC_0250.jpg"
"4752",3.664175705,3.3532,"P0107","EC_0089.jpg"
"4753",6.341555539,5.1504,"P0107","EC_0133.jpg"
"4754",6.327233253,2.2466,"P0107","EC_0046.jpg"
"4755",2.397585987,2.5149,"P0107","EC_0106.jpg"
"4756",4.942080839,4.1746,"P0107","EC_0002.jpg"
"4757",4.942080839,2.3228,"P0107","EC_0039.jpg"
"4758",8.753789732,2.7941,"P0107","EC_0059.jpg"
"4759",8.605253953,2.9077,"P0107","EC_0073.jpg"
"4760",8.590702187,2.9094,"P0107","EC_0214.jpg"
"4761",3.829111469,7.5926,"P0107","EC_0083.jpg"
"4762",4.774832272,5.0721,"P0107","EC_0184.jpg"
"4763",6.03906419,3.6461,"P0107","EC_0050.jpg"
"4764",2.153272454,2.4952,"P0107","EC_0211.jpg"
"4765",6.839312329,2.8458,"P0107","EC_0248.jpg"
"4766",4.949487211,10.8235,"P0107","EC_0129.jpeg"
"4767",8.131861471,7.4234,"P0107","EC_0117.jpg"
"4768",7.279531374,4.4241,"P0107","EC_0246.jpg"
"4769",6.156136387,3.0616,"P0107","EC_0163.jpg"
"4770",6.141241526,4.1545,"P0107","EC_0169.png"
"4771",5.079854656,14.3539,"P0107","EC_0070.jpg"
"4772",2.52460909,3.8843,"P0107","EC_0065.jpg"
"4773",2.679381341,3.4304,"P0107","EC_0064.jpg"
"4774",5.943153698,3.0194,"P0107","EC_0109.jpg"
"4775",5.943153698,3.514,"P0107","EC_0067.jpg"
"4776",3.824939197,3.0649,"P0107","EC_0230.jpg"
"4777",5.748573324,2.8238,"P0107","EC_0116.jpg"
"4778",5.748573324,2.2023,"P0107","EC_0075.jpg"
"4779",7.0619467,3.5936,"P0107","EC_0001.jpg"
"4780",1.471246728,4.6086,"P0107","EC_0105.jpg"
"4781",3.682994234,9.5542,"P0107","EC_0128.jpeg"
"4782",5.12568327,2.7387,"P0107","EC_0240.jpg"
"4783",7.017034883,9.1927,"P0107","EC_0040.jpg"
"4784",6.792355436,4.0885,"P0107","EC_0241.jpg"
"4785",6.806792462,3.0989,"P0107","EC_0249.jpg"
"4786",6.107431393,4.2704,"P0107","EC_0011.jpg"
"4787",2.163035502,3.7114,"P0107","EC_0221.jpg"
"4788",8.7246907,2.9779,"P0107","EC_0193.png"
"4789",6.824765063,2.4078,"P0107","EC_0113.jpg"
"4790",5.278628675,4.2874,"P0107","EC_0229.jpg"
"4791",4.848168178,3.7265,"P0107","EC_0149.jpg"
"4792",5.458556042,3.6137,"P0107","EC_0063.jpg"
"4793",6.285299059,2.8496,"P0107","EC_0062.jpg"
"4794",6.916110692,2.4862,"P0107","EC_0173.jpg"
"4795",5.926588353,2.6766,"P0107","EC_0176.jpg"
"4796",8.943976229,3.2337,"P0107","EC_0242.jpg"
"4797",4.958469574,2.8559,"P0107","EC_0202.jpg"
"4798",8.21418424,3.9177,"P0107","EC_0080.jpg"
"4799",6.787840069,8.7878,"P0107","EC_0148.jpg"
"4800",6.299469483,2.4134,"P0107","EC_0118.jpg"
"4801",5.139056136,5.9503,"P0107","EC_0152.jpg"
"4802",6.108131083,3.0918,"P0107","EC_0095.jpg"
"4803",1.139037649,5.0117,"P0107","EC_0019.jpg"
"4804",2.38451797,3.6245,"P0107","EC_0108.jpg"
"4805",3.980002798,2.9972,"P0107","EC_0201.jpg"
"4806",3.786066994,3.9164,"P0107","EC_0151.jpg"
"4807",0.670813542,6.7183,"P0107","EC_0199.jpg"
"4808",1.657063533,9.4857,"P0107","EC_0069.jpg"
"4809",5.158211011,4.2564,"P0107","EC_0061.jpg"
"4810",7.107368098,3.637,"P0107","EC_0157.jpg"
"4811",5.129797046,2.8832,"P0107","EC_0135.jpg"
"4812",3.954662072,3.3022,"P0107","EC_0154.jpg"
"4813",2.758364268,2.9582,"P0107","EC_0194.jpg"
"4814",4.776842476,3.5776,"P0107","EC_0119.jpg"
"4815",1.284097473,3.0833,"P0107","EC_0005.jpg"
"4816",0.08849261,4.7198,"P0107","EC_0140.jpg"
"4817",4.721481421,2.9729,"P0107","EC_0028.jpg"
"4818",5.558044855,6.5918,"P0107","EC_0207.jpg"
"4819",7.163337727,2.7002,"P0107","EC_0137.jpg"
"4820",5.231080082,2.4799,"P0107","EC_0153.jpg"
"4821",2.319703216,269.5726,"P0107","EC_0090.jpg"
"4822",5.237312054,15.9713,"P0107","EC_0093.jpg"
"4823",3.997812288,15.9076,"P0107","EC_0170.jpg"
"4824",2.891070389,5.5415,"P0107","EC_0142.jpg"
"4825",6.275140046,12.4089,"P0107","EC_0120.jpg"
"4826",2.207072142,19.8737,"P0107","EC_0036.jpeg"
"4827",7.021147535,5.1188,"P0107","EC_0180.jpg"
"4828",9.15606012,7.239,"P0107","EC_0177.jpg"
"4829",9.15606012,11.1409,"P0107","EC_0041.jpg"
"4830",4.176963471,8.7703,"P0107","EC_0222.jpg"
"4831",6.023065476,5.3219,"P0108","EC_0214.jpg"
"4832",2.061011905,9.1866,"P0108","EC_0243.jpg"
"4833",10,4.8039,"P0108","EC_0181.jpg"
"4834",1.986607143,5.159,"P0108","EC_0036.jpeg"
"4835",2.842261905,4.7537,"P0108","EC_0177.jpg"
"4836",9.073660714,3.9889,"P0108","EC_0002.jpg"
"4837",8.962053571,3.9114,"P0108","EC_0188.jpg"
"4838",0.014880952,4.6299,"P0108","EC_0101.jpg"
"4839",9.055059524,4.3559,"P0108","EC_0207.jpg"
"4840",10,6.4686,"P0108","EC_0184.jpg"
"4841",7.976190476,2.8452,"P0108","EC_0047.jpg"
"4842",6.953125,6.542,"P0108","EC_0176.jpg"
"4843",2.953869048,3.5705,"P0108","EC_0007.jpg"
"4844",6.023065476,5.8918,"P0108","EC_0232.jpg"
"4845",6.953125,4.7958,"P0108","EC_0061.jpg"
"4846",9.985119048,3.9536,"P0108","EC_0029.jpg"
"4847",7.101934524,3.1795,"P0108","EC_0154.jpg"
"4848",8.738839286,2.9041,"P0108","EC_0027.jpg"
"4849",8.869047619,2.9657,"P0108","EC_0049.jpg"
"4850",7.771577381,4.7887,"P0108","EC_0200.png"
"4851",9.631696429,4.7034,"P0108","EC_0159.jpg"
"4852",5.055803571,5.4266,"P0108","EC_0054.jpg"
"4853",2.209821429,4.537,"P0108","EC_0151.jpg"
"4854",6.97172619,5.572,"P0108","EC_0083.jpg"
"4855",0.052083333,4.4426,"P0108","EC_0034.jpg"
"4856",2.023809524,7.1297,"P0108","EC_0174.jpg"
"4857",7.064732143,6.1522,"P0108","EC_0019.jpg"
"4858",1.968005952,4.8856,"P0108","EC_0119.jpg"
"4859",9.036458333,5.4431,"P0108","EC_0072.jpg"
"4860",8.10639881,5.4761,"P0108","EC_0224.jpg"
"4861",7.585565476,3.9451,"P0108","EC_0193.png"
"4862",1.019345238,3.4855,"P0108","EC_0136.jpg"
"4863",0.517113095,2.8953,"P0108","EC_0123.jpeg"
"4864",8.14360119,4.1309,"P0108","EC_0081.jpg"
"4865",8.608630952,4.1732,"P0108","EC_0231.jpg"
"4866",9.092261905,3.3211,"P0108","EC_0206.png"
"4867",7.213541667,3.8361,"P0108","EC_0169.png"
"4868",7.920386905,5.5397,"P0108","EC_0106.jpg"
"4869",0.033482143,3.9086,"P0108","EC_0032.jpg"
"4870",0.070684524,4.8705,"P0108","EC_0204.jpg"
"4871",8.645833333,4.6423,"P0108","EC_0131.jpg"
"4872",9.873511905,4.6892,"P0108","EC_0016.jpg"
"4873",5.260416667,7.0243,"P0108","EC_0103.jpg"
"4874",9.854910714,4.6282,"P0108","EC_0194.jpg"
"4875",0.052083333,3.6933,"P0108","EC_0053.jpg"
"4876",6.97172619,5.376,"P0108","EC_0067.jpg"
"4877",7.585565476,6.1023,"P0108","EC_0226.jpg"
"4878",6.953125,4.0702,"P0108","EC_0167.jpg"
"4879",0.758928571,3.7971,"P0108","EC_0128.jpeg"
"4880",3.4375,5.2991,"P0108","EC_0046.jpg"
"4881",9.073660714,6.524,"P0108","EC_0241.jpg"
"4882",0.68452381,6.9247,"P0108","EC_0111.jpg"
"4883",8.422619048,3.261,"P0108","EC_0028.jpg"
"4884",3.642113095,3.4265,"P0108","EC_0240.jpg"
"4885",8.180803571,3.2434,"P0108","EC_0009.jpg"
"4886",5.539434524,4.8576,"P0108","EC_0163.jpg"
"4887",6.953125,3.6239,"P0108","EC_0244.jpg"
"4888",7.883184524,7.3909,"P0108","EC_0068.jpg"
"4889",9.892113095,4.5601,"P0108","EC_0030.jpg"
"4890",5.204613095,6.3412,"P0108","EC_0161.jpg"
"4891",9.408482143,5.1683,"P0108","EC_0079.jpg"
"4892",8.125,4.1631,"P0108","EC_0162.jpg"
"4893",7.008928571,4.6803,"P0108","EC_0247.jpg"
"4894",6.004464286,5.5918,"P0108","EC_0229.jpg"
"4895",8.013392857,5.1445,"P0108","EC_0199.jpg"
"4896",9.966517857,5.0596,"P0108","EC_0070.jpg"
"4897",5.706845238,5.29,"P0108","EC_0064.jpg"
"4898",9.910714286,4.7412,"P0108","EC_0008.jpg"
"4899",7.492559524,5.1849,"P0108","EC_0069.jpg"
"4900",8.515625,3.5157,"P0108","EC_0113.jpg"
"4901",7.604166667,3.5139,"P0108","EC_0038.jpg"
"4902",1.409970238,3.4813,"P0108","EC_0210.jpg"
"4903",5.40922619,3.7871,"P0108","EC_0238.jpg"
"4904",7.36235119,3.192,"P0108","EC_0048.jpg"
"4905",4.925595238,5.9381,"P0108","EC_0124.jpeg"
"4906",6.822916667,3.7252,"P0108","EC_0057.jpeg"
"4907",7.269345238,4.5972,"P0108","EC_0234.jpg"
"4908",9.966517857,4.4021,"P0108","EC_0148.jpg"
"4909",2.24702381,7.5888,"P0108","EC_0056.jpg"
"4910",9.836309524,3.1895,"P0108","EC_0100.jpg"
"4911",9.017857143,4.4736,"P0108","EC_0182.jpg"
"4912",9.482886905,3.0077,"P0108","EC_0039.jpg"
"4913",2.823660714,3.707,"P0108","EC_0117.jpg"
"4914",5,5.1209,"P0108","EC_0095.jpg"
"4915",8.88764881,7.2139,"P0108","EC_0125.jpeg"
"4916",8.645833333,5.7386,"P0108","EC_0137.jpg"
"4917",1.205357143,6.2574,"P0108","EC_0116.jpg"
"4918",1.391369048,4.0069,"P0108","EC_0134.jpg"
"4919",1.707589286,4.3533,"P0108","EC_0102.jpg"
"4920",9.947916667,3.9505,"P0108","EC_0104.jpg"
"4921",8.013392857,5.6221,"P0108","EC_0228.jpg"
"4922",8.664434524,2.9894,"P0108","EC_0060.jpg"
"4923",6.636904762,4.5281,"P0108","EC_0180.jpg"
"4924",9.352678571,3.8268,"P0108","EC_0077.jpg"
"4925",6.915922619,3.7052,"P0108","EC_0037.jpg"
"4926",8.031994048,3.0282,"P0108","EC_0153.jpg"
"4927",9.036458333,3.9042,"P0108","EC_0173.jpg"
"4928",9.241071429,3.953,"P0108","EC_0168.jpeg"
"4929",6.5625,4.1041,"P0108","EC_0203.jpg"
"4930",9.985119048,3.7871,"P0108","EC_0014.jpg"
"4931",8.683035714,6.7223,"P0108","EC_0170.jpg"
"4932",0.833333333,3.8463,"P0108","EC_0015.jpg"
"4933",1.130952381,3.2234,"P0108","EC_0235.jpg"
"4934",7.994791667,2.9382,"P0108","EC_0058.jpg"
"4935",1.149553571,3.3723,"P0108","EC_0196.jpg"
"4936",9.613095238,2.9813,"P0108","EC_0115.jpg"
"4937",7.399553571,5.4535,"P0108","EC_0205.jpg"
"4938",8.087797619,6.2671,"P0108","EC_0121.jpg"
"4939",0.889136905,4.505,"P0108","EC_0044.jpg"
"4940",0.907738095,3.2447,"P0108","EC_0158.jpg"
"4941",2.488839286,5.8027,"P0108","EC_0001.jpg"
"4942",4.944196429,4.3473,"P0108","EC_0063.jpg"
"4943",1.540178571,3.4231,"P0108","EC_0080.jpg"
"4944",4.497767857,6.0214,"P0108","EC_0084.jpg"
"4945",9.464285714,3.9052,"P0108","EC_0149.jpg"
"4946",9.575892857,3.755,"P0108","EC_0062.jpg"
"4947",8.348214286,4.5107,"P0108","EC_0082.jpg"
"4948",7.418154762,5.1045,"P0108","EC_0093.jpg"
"4949",5.01860119,7.4228,"P0108","EC_0219.jpg"
"4950",8.608630952,4.9556,"P0108","EC_0249.jpg"
"4951",9.371279762,3.3866,"P0108","EC_0164.jpg"
"4952",8.794642857,4.4323,"P0108","EC_0209.jpg"
"4953",8.794642857,2.3522,"P0108","EC_0245.jpg"
"4954",4.925595238,6.2879,"P0108","EC_0087.jpg"
"4955",2.005208333,5.0915,"P0108","EC_0147.png"
"4956",0.944940476,3.0515,"P0108","EC_0075.jpg"
"4957",7.139136905,4.0702,"P0108","EC_0074.jpg"
"4958",8.329613095,6.4452,"P0108","EC_0071.jpg"
"4959",6.395089286,4.8867,"P0108","EC_0150.jpg"
"4960",9.947916667,3.6736,"P0108","EC_0227.jpg"
"4961",1.316964286,5.1296,"P0108","EC_0042.jpg"
"4962",7.994791667,3.6878,"P0108","EC_0141.jpg"
"4963",1.912202381,4.2151,"P0108","EC_0090.jpg"
"4964",2.135416667,4.5957,"P0108","EC_0097.jpg"
"4965",2.972470238,5.5032,"P0108","EC_0138.png"
"4966",1.07514881,3.2371,"P0108","EC_0017.jpg"
"4967",9.873511905,3.7873,"P0108","EC_0059.jpg"
"4968",5.01860119,5.2871,"P0108","EC_0118.jpg"
"4969",8.515625,3.3863,"P0108","EC_0156.jpg"
"4970",0.014880952,4.2131,"P0108","EC_0094.jpg"
"4971",0.033482143,4.7327,"P0108","EC_0018.jpg"
"4972",8.292410714,4.0942,"P0108","EC_0233.jpg"
"4973",8.590029762,6.5689,"P0108","EC_0011.jpg"
"4974",6.506696429,5.7195,"P0108","EC_0237.jpg"
"4975",1.688988095,5.2513,"P0108","EC_0201.jpg"
"4976",9.873511905,3.7045,"P0108","EC_0086.jpg"
"4977",5.111607143,5.7217,"P0108","EC_0099.jpg"
"4978",8.236607143,3.8638,"P0108","EC_0172.jpg"
"4979",9.985119048,2.9729,"P0108","EC_0092.jpg"
"4980",8.273809524,3.5628,"P0108","EC_0139.png"
"4981",9.985119048,2.9213,"P0108","EC_0185.jpg"
"4982",8.645833333,3.3901,"P0108","EC_0135.jpg"
"4983",8.385416667,3.4579,"P0108","EC_0221.jpg"
"4984",5.223214286,3.806,"P0108","EC_0041.jpg"
"4985",7.734375,5.6251,"P0108","EC_0105.jpg"
"4986",9.6875,7.5182,"P0108","EC_0076.jpg"
"4987",8.831845238,3.4472,"P0108","EC_0096.jpg"
"4988",9.780505952,3.35,"P0108","EC_0024.jpg"
"4989",8.943452381,3.519,"P0108","EC_0171.jpg"
"4990",9.31547619,2.8588,"P0108","EC_0198.jpg"
"4991",8.627232143,3.3203,"P0108","EC_0197.jpg"
"4992",9.929315476,4.5515,"P0108","EC_0132.jpg"
"4993",9.892113095,4.4235,"P0108","EC_0003.jpg"
"4994",7.845982143,4.2846,"P0108","EC_0183.jpg"
"4995",0.833333333,6.6986,"P0108","EC_0033.jpeg"
"4996",9.371279762,2.9336,"P0108","EC_0133.jpg"
"4997",9.947916667,4.1626,"P0108","EC_0013.jpg"
"4998",0.554315476,2.9904,"P0108","EC_0187.jpeg"
"4999",0.275297619,3.0048,"P0108","EC_0120.jpg"
"5000",0.72172619,3.4033,"P0108","EC_0239.jpg"
"5001",8.348214286,3.9309,"P0108","EC_0202.jpg"
"5002",8.49702381,8.2695,"P0108","EC_0031.jpg"
"5003",7.659970238,3.0872,"P0108","EC_0109.jpg"
"5004",9.66889881,2.8977,"P0108","EC_0213.jpg"
"5005",0.982142857,4.159,"P0108","EC_0010.jpg"
"5006",3.493303571,3.6559,"P0108","EC_0022.jpg"
"5007",8.757440476,6.9046,"P0108","EC_0051.jpg"
"5008",9.036458333,4.5714,"P0108","EC_0089.jpg"
"5009",1.986607143,5.5165,"P0108","EC_0073.jpg"
"5010",8.92485119,4.274,"P0108","EC_0140.jpg"
"5011",8.292410714,4.5559,"P0108","EC_0065.jpg"
"5012",9.929315476,4.6185,"P0108","EC_0066.jpg"
"5013",8.590029762,3.6664,"P0108","EC_0223.jpg"
"5014",6.246279762,3.5034,"P0108","EC_0005.jpg"
"5015",4.98139881,4.9957,"P0108","EC_0250.jpg"
"5016",9.966517857,5.0874,"P0108","EC_0160.jpg"
"5017",0.126488095,3.5027,"P0108","EC_0055.jpg"
"5018",9.66889881,2.9867,"P0108","EC_0246.jpg"
"5019",0.089285714,3.1588,"P0108","EC_0088.jpg"
"5020",7.976190476,6.724,"P0108","EC_0108.jpg"
"5021",7.901785714,3.42,"P0108","EC_0020.jpg"
"5022",8.515625,4.2064,"P0108","EC_0166.jpg"
"5023",0.349702381,3.2126,"P0108","EC_0040.jpg"
"5024",9.575892857,3.4541,"P0108","EC_0222.jpg"
"5025",0.200892857,3.7716,"P0108","EC_0242.jpg"
"5026",9.873511905,3.0193,"P0108","EC_0211.jpg"
"5027",8.608630952,3.1194,"P0108","EC_0236.jpg"
"5028",1.372767857,5.3076,"P0108","EC_0006.jpg"
"5029",8.571428571,3.3988,"P0108","EC_0098.jpg"
"5030",0.610119048,3.4083,"P0108","EC_0012.jpg"
"5031",7.232142857,8.5891,"P0108","EC_0152.jpg"
"5032",9.985119048,4.103,"P0108","EC_0085.jpg"
"5033",8.162202381,6.7721,"P0108","EC_0129.jpeg"
"5034",8.590029762,3.2201,"P0108","EC_0230.jpg"
"5035",9.203869048,4.3197,"P0108","EC_0142.jpg"
"5036",9.873511905,4.1566,"P0108","EC_0248.jpg"
"5037",0.610119048,4.543,"P0108","EC_0165.jpg"
"5038",9.594494048,4.4841,"P0108","EC_0157.jpg"
"5039",0.758928571,3.372,"P0108","EC_0195.jpg"
"5040",1.130952381,3.2972,"P0108","EC_0050.jpg"
"5041",1.071428975,5.0833,"P0109","EC_0231.jpg"
"5042",5.873015671,8.7879,"P0109","EC_0168.jpeg"
"5043",10,5.77,"P0109","EC_0124.jpeg"
"5044",8.9947096,6.6314,"P0109","EC_0159.jpg"
"5045",6.058201058,4.2649,"P0109","EC_0221.jpg"
"5046",9.007936912,4.8557,"P0109","EC_0134.jpg"
"5047",9.973545781,5.5907,"P0109","EC_0039.jpg"
"5048",1.01851872,3.8062,"P0109","EC_0203.jpg"
"5049",4.920635122,3.5608,"P0109","EC_0180.jpg"
"5050",8.902116402,4.5755,"P0109","EC_0149.jpg"
"5051",6.970899673,4.7742,"P0109","EC_0181.jpg"
"5052",9.034391534,3.2913,"P0109","EC_0085.jpg"
"5053",10,8.3344,"P0109","EC_0247.jpg"
"5054",10,2.9022,"P0109","EC_0073.jpg"
"5055",9.021164223,4.1893,"P0109","EC_0238.jpg"
"5056",4.986772689,4.2414,"P0109","EC_0172.jpg"
"5057",5.013227311,4.7409,"P0109","EC_0142.jpg"
"5058",6.997354296,5.9247,"P0109","EC_0019.jpg"
"5059",4.841270245,4.2707,"P0109","EC_0087.jpg"
"5060",4.907407811,4.3883,"P0109","EC_0008.jpg"
"5061",9.074074478,5.9028,"P0109","EC_0086.jpg"
"5062",3.994709197,6.9727,"P0109","EC_0204.jpg"
"5063",9.113756412,7.2939,"P0109","EC_0197.jpg"
"5064",9.920634517,3.2489,"P0109","EC_0106.jpg"
"5065",10,3.9629,"P0109","EC_0174.jpg"
"5066",9.933862838,5.1735,"P0109","EC_0056.jpg"
"5067",9.947091158,3.6977,"P0109","EC_0044.jpg"
"5068",7.949735853,3.4889,"P0109","EC_0137.jpg"
"5069",8.98148128,7.4221,"P0109","EC_0102.jpg"
"5070",9.113756412,6.2011,"P0109","EC_0166.jpg"
"5071",8.055555354,4.4459,"P0109","EC_0096.jpg"
"5072",4.920635122,4.2239,"P0109","EC_0063.jpg"
"5073",9.920634517,5.9532,"P0109","EC_0092.jpg"
"5074",5.846561048,4.0583,"P0109","EC_0165.jpg"
"5075",6.005290803,3.8156,"P0109","EC_0245.jpg"
"5076",8.822751525,4.7119,"P0109","EC_0075.jpg"
"5077",9.933862838,6.1357,"P0109","EC_0121.jpg"
"5078",5.952381558,4.408,"P0109","EC_0046.jpg"
"5079",5.939153237,3.3342,"P0109","EC_0236.jpg"
"5080",9.325396422,4.9148,"P0109","EC_0089.jpg"
"5081",9.788359385,3.7439,"P0109","EC_0194.jpg"
"5082",6.164021568,4.5682,"P0109","EC_0036.jpeg"
"5083",2.936508138,5.4051,"P0109","EC_0095.jpg"
"5084",4.8941805,7.5285,"P0109","EC_0129.jpeg"
"5085",1.005291409,5.6031,"P0109","EC_0083.jpg"
"5086",8.068783674,4.5843,"P0109","EC_0058.jpg"
"5087",9.920634517,5.1443,"P0109","EC_0009.jpg"
"5088",8.862434468,3.9324,"P0109","EC_0117.jpg"
"5089",0.859788965,4.6337,"P0109","EC_0119.jpg"
"5090",5.925925926,3.7437,"P0109","EC_0068.jpg"
"5091",6.970899673,3.6151,"P0109","EC_0205.jpg"
"5092",7.949735853,3.4039,"P0109","EC_0070.jpg"
"5093",7.037037239,4.9013,"P0109","EC_0007.jpg"
"5094",5.899471303,3.9372,"P0109","EC_0148.jpg"
"5095",4.775132679,3.5057,"P0109","EC_0240.jpg"
"5096",9.775133082,4.7812,"P0109","EC_0177.jpg"
"5097",1.283068985,5.2109,"P0109","EC_0232.jpg"
"5098",9.894179894,4.5342,"P0109","EC_0097.jpg"
"5099",5.992063492,4.4745,"P0109","EC_0201.jpg"
"5100",9.973545781,3.2925,"P0109","EC_0002.jpg"
"5101",4.867724868,4.7763,"P0109","EC_0171.jpg"
"5102",4.867724868,3.9213,"P0109","EC_0111.jpg"
"5103",3.108466214,4.8463,"P0109","EC_0005.jpg"
"5104",0.462963064,8.6035,"P0109","EC_0161.jpg"
"5105",9.96031746,7.002,"P0109","EC_0202.jpg"
"5106",10,3.7695,"P0109","EC_0032.jpg"
"5107",5.978836181,3.7294,"P0109","EC_0128.jpeg"
"5108",9.947091158,7.0411,"P0109","EC_0037.jpg"
"5109",6.216931822,9.2922,"P0109","EC_0242.jpg"
"5110",9.947091158,7.1964,"P0109","EC_0210.jpg"
"5111",9.933862838,3.8178,"P0109","EC_0055.jpg"
"5112",9.894179894,3.2124,"P0109","EC_0223.jpg"
"5113",9.894179894,6.7477,"P0109","EC_0185.jpg"
"5114",5.939153237,8.1233,"P0109","EC_0061.jpg"
"5115",4.047619451,9.6161,"P0109","EC_0003.jpg"
"5116",6.997354296,5.9369,"P0109","EC_0158.jpg"
"5117",9.801587705,4.0127,"P0109","EC_0020.jpg"
"5118",5.992063492,4.657,"P0109","EC_0006.jpg"
"5119",6.997354296,3.8477,"P0109","EC_0211.jpg"
"5120",7.936508542,4.7413,"P0109","EC_0018.jpg"
"5121",0.978835777,5.4385,"P0109","EC_0184.jpg"
"5122",7.010582616,6.8736,"P0109","EC_0109.jpg"
"5123",5.846561048,6.5538,"P0109","EC_0154.jpg"
"5124",9.973545781,6.1976,"P0109","EC_0066.jpg"
"5125",7.936508542,6.8249,"P0109","EC_0010.jpg"
"5126",6.94444505,4.3178,"P0109","EC_0133.jpg"
"5127",3.902117008,5.0819,"P0109","EC_0162.jpg"
"5128",8.928572034,3.6335,"P0109","EC_0120.jpg"
"5129",6.044973747,3.9398,"P0109","EC_0136.jpg"
"5130",6.031746435,4.4792,"P0109","EC_0229.jpg"
"5131",4.933862434,3.8579,"P0109","EC_0209.jpg"
"5132",8.888889091,5.8284,"P0109","EC_0182.jpg"
"5133",1.917990023,7.0379,"P0109","EC_0246.jpg"
"5134",9.96031746,3.7728,"P0109","EC_0054.jpg"
"5135",9.034391534,5.1506,"P0109","EC_0050.jpg"
"5136",8.968253968,5.8751,"P0109","EC_0098.jpg"
"5137",6.044973747,6.3682,"P0109","EC_0013.jpg"
"5138",5.066137566,3.2969,"P0109","EC_0153.jpg"
"5139",2.063492467,5.0477,"P0109","EC_0164.jpg"
"5140",5.833333737,5.3796,"P0109","EC_0219.jpg"
"5141",8.849206147,10.5575,"P0109","EC_0031.jpg"
"5142",9.96031746,4.5627,"P0109","EC_0080.jpg"
"5143",7.023809927,5.5072,"P0109","EC_0116.jpg"
"5144",9.96031746,4.4423,"P0109","EC_0140.jpg"
"5145",9.894179894,4.1093,"P0109","EC_0188.jpg"
"5146",9.894179894,2.0452,"P0109","EC_0108.jpg"
"5147",7.976190476,3.7141,"P0109","EC_0118.jpg"
"5148",8.783068581,4.3018,"P0109","EC_0067.jpg"
"5149",8.082010986,4.1427,"P0109","EC_0160.jpg"
"5150",8.082010986,3.5488,"P0109","EC_0105.jpg"
"5151",10,3.3215,"P0109","EC_0237.jpg"
"5152",6.08465669,3.9022,"P0109","EC_0228.jpg"
"5153",9.907408215,5.2124,"P0109","EC_0079.jpg"
"5154",6.706349408,4.9559,"P0109","EC_0187.jpeg"
"5155",3.068783271,5.2762,"P0109","EC_0135.jpg"
"5156",0.158730361,6.4298,"P0109","EC_0249.jpg"
"5157",9.973545781,6.1137,"P0109","EC_0038.jpg"
"5158",8.915343714,5.0783,"P0109","EC_0071.jpg"
"5159",8.915343714,2.6631,"P0109","EC_0104.jpg"
"5160",6.005290803,3.4352,"P0109","EC_0244.jpg"
"5161",8.9947096,5.4998,"P0109","EC_0064.jpg"
"5162",9.894179894,3.5118,"P0109","EC_0196.jpg"
"5163",5.092593198,5.137,"P0109","EC_0131.jpg"
"5164",2.857143261,7.8768,"P0109","EC_0029.jpg"
"5165",7.962963165,4.345,"P0109","EC_0224.jpg"
"5166",8.888889091,5.3343,"P0109","EC_0199.jpg"
"5167",5.925925926,4.5707,"P0109","EC_0150.jpg"
"5168",6.957672361,5.9188,"P0109","EC_0227.jpg"
"5169",7.949735853,9.1773,"P0109","EC_0084.jpg"
"5170",5.013227311,3.9915,"P0109","EC_0222.jpg"
"5171",9.841270649,5.6698,"P0109","EC_0170.jpg"
"5172",8.9947096,3.8585,"P0109","EC_0115.jpg"
"5173",9.933862838,5.3827,"P0109","EC_0141.jpg"
"5174",9.947091158,5.3381,"P0109","EC_0030.jpg"
"5175",9.894179894,6.2344,"P0109","EC_0011.jpg"
"5176",5.912698615,7.3737,"P0109","EC_0206.png"
"5177",5.925925926,5.9128,"P0109","EC_0198.jpg"
"5178",6.984126984,6.427,"P0109","EC_0034.jpg"
"5179",4.933862434,3.9556,"P0109","EC_0048.jpg"
"5180",10,4.4305,"P0109","EC_0072.jpg"
"5181",9.933862838,6.8334,"P0109","EC_0042.jpg"
"5182",9.973545781,5.0365,"P0109","EC_0152.jpg"
"5183",9.007936912,5.2762,"P0109","EC_0230.jpg"
"5184",6.970899673,4.2038,"P0109","EC_0248.jpg"
"5185",8.928572034,4.419,"P0109","EC_0094.jpg"
"5186",5.158730764,5.4268,"P0109","EC_0047.jpg"
"5187",0.185185488,4.3827,"P0109","EC_0062.jpg"
"5188",4.947089745,4.2317,"P0109","EC_0156.jpg"
"5189",5.965608869,5.4435,"P0109","EC_0176.jpg"
"5190",8.9947096,5.556,"P0109","EC_0157.jpg"
"5191",10,5.7313,"P0109","EC_0103.jpg"
"5192",9.947091158,3.0828,"P0109","EC_0059.jpg"
"5193",9.034391534,3.4303,"P0109","EC_0213.jpg"
"5194",10,3.6879,"P0109","EC_0163.jpg"
"5195",9.867725271,3.1699,"P0109","EC_0081.jpg"
"5196",9.867725271,3.9674,"P0109","EC_0053.jpg"
"5197",9.867725271,2.2903,"P0109","EC_0041.jpg"
"5198",9.867725271,2.5707,"P0109","EC_0060.jpg"
"5199",4.973545377,3.5304,"P0109","EC_0235.jpg"
"5200",9.947091158,3.7124,"P0109","EC_0057.jpeg"
"5201",8.941799345,3.2119,"P0109","EC_0022.jpg"
"5202",8.029100731,4.6966,"P0109","EC_0207.jpg"
"5203",8.029100731,3.994,"P0109","EC_0123.jpeg"
"5204",9.907408215,5.1917,"P0109","EC_0074.jpg"
"5205",6.997354296,6.7466,"P0109","EC_0234.jpg"
"5206",0.145502545,5.142,"P0109","EC_0226.jpg"
"5207",9.894179894,4.6812,"P0109","EC_0195.jpg"
"5208",3.941798942,6.046,"P0109","EC_0233.jpg"
"5209",5.965608869,11.1316,"P0109","EC_0040.jpg"
"5210",8.902116402,7.2761,"P0109","EC_0093.jpg"
"5211",8.955026657,8.0809,"P0109","EC_0243.jpg"
"5212",7.936508542,4.2181,"P0109","EC_0183.jpg"
"5213",4.285714084,4.5297,"P0109","EC_0027.jpg"
"5214",9.841270649,4.2323,"P0109","EC_0015.jpg"
"5215",9.021164223,3.3593,"P0109","EC_0101.jpg"
"5216",10,3.4195,"P0109","EC_0012.jpg"
"5217",7.023809927,4.6656,"P0109","EC_0024.jpg"
"5218",9.933862838,3.2427,"P0109","EC_0169.png"
"5219",9.933862838,3.273,"P0109","EC_0138.png"
"5220",9.933862838,2.2933,"P0109","EC_0069.jpg"
"5221",9.933862838,2.2388,"P0109","EC_0014.jpg"
"5222",1.044973343,4.3693,"P0109","EC_0147.png"
"5223",7.103174805,4.8829,"P0109","EC_0241.jpg"
"5224",8.928572034,3.2472,"P0109","EC_0088.jpg"
"5225",8.928572034,3.1587,"P0109","EC_0076.jpg"
"5226",4.947089745,4.4961,"P0109","EC_0173.jpg"
"5227",8.98148128,3.6077,"P0109","EC_0200.png"
"5228",9.867725271,4.1175,"P0109","EC_0077.jpg"
"5229",5.952381558,6.3757,"P0109","EC_0139.png"
"5230",9.021164223,5.1056,"P0109","EC_0167.jpg"
"5231",9.021164223,3.4178,"P0109","EC_0090.jpg"
"5232",9.867725271,4.8985,"P0109","EC_0016.jpg"
"5233",5.978836181,3.9914,"P0109","EC_0214.jpg"
"5234",4.933862434,3.1527,"P0109","EC_0049.jpg"
"5235",5.846561048,2.9986,"P0109","EC_0082.jpg"
"5236",9.722221819,5.3061,"P0109","EC_0125.jpeg"
"5237",10,3.8779,"P0109","EC_0051.jpg"
"5238",3.92857163,3.607,"P0109","EC_0132.jpg"
"5239",6.124338624,3.5213,"P0109","EC_0001.jpg"
"5240",9.96031746,4.9956,"P0109","EC_0065.jpg"
"5241",6.058201058,3.2458,"P0109","EC_0113.jpg"
"5242",8.029100731,4.0435,"P0109","EC_0239.jpg"
"5243",5.952381558,4.0332,"P0109","EC_0028.jpg"
"5244",6.243386445,2.7152,"P0109","EC_0100.jpg"
"5245",5.039682943,3.627,"P0109","EC_0017.jpg"
"5246",6.917989418,3.167,"P0109","EC_0250.jpg"
"5247",9.973545781,3.1946,"P0109","EC_0099.jpg"
"5248",9.920634517,4.3868,"P0109","EC_0151.jpg"
"5249",3.730158932,3.738,"P0109","EC_0193.png"
"5250",0.132275233,4.2624,"P0109","EC_0033.jpeg"
"5251",9.034391534,4.8324,"P0111","EC_0108.jpg"
"5252",9.523809524,5.9099,"P0111","EC_0006.jpg"
"5253",4.96031746,7.9594,"P0111","EC_0169.png"
"5254",6.058201058,8.3847,"P0111","EC_0197.jpg"
"5255",3.029100529,5.3444,"P0111","EC_0214.jpg"
"5256",5.992063492,6.5292,"P0111","EC_0087.jpg"
"5257",5.03968254,10.0333,"P0111","EC_0171.jpg"
"5258",7.010582011,5.5083,"P0111","EC_0049.jpg"
"5259",5.952380952,5.9254,"P0111","EC_0019.jpg"
"5260",7.962962963,43.1636,"P0111","EC_0135.jpg"
"5261",3.439153439,6.4784,"P0111","EC_0033.jpeg"
"5262",7.010582011,11.6855,"P0111","EC_0223.jpg"
"5263",8.478835979,6.8944,"P0111","EC_0125.jpeg"
"5264",6.507936508,8.9346,"P0111","EC_0013.jpg"
"5265",10,3.5294,"P0111","EC_0057.jpeg"
"5266",7.962962963,3.675,"P0111","EC_0142.jpg"
"5267",5,3.2426,"P0111","EC_0240.jpg"
"5268",6.997354497,4.9046,"P0111","EC_0154.jpg"
"5269",3.981481481,26.1861,"P0111","EC_0235.jpg"
"5270",7.023809524,12.3167,"P0111","EC_0096.jpg"
"5271",8.029100529,7.6228,"P0111","EC_0243.jpg"
"5272",8.981481481,5.9141,"P0111","EC_0181.jpg"
"5273",1.031746032,10.4132,"P0111","EC_0054.jpg"
"5274",5.965608466,10.0156,"P0111","EC_0201.jpg"
"5275",8.015873016,5.0713,"P0111","EC_0010.jpg"
"5276",6.944444444,4.244,"P0111","EC_0238.jpg"
"5277",3.941798942,5.2182,"P0111","EC_0148.jpg"
"5278",6.944444444,6.4661,"P0111","EC_0170.jpg"
"5279",8.002645503,15.1126,"P0111","EC_0089.jpg"
"5280",5,11.6311,"P0111","EC_0065.jpg"
"5281",2.923280423,7.2149,"P0111","EC_0094.jpg"
"5282",6.031746032,3.8045,"P0111","EC_0224.jpg"
"5283",3.981481481,6.6971,"P0111","EC_0205.jpg"
"5284",7.989417989,7.4991,"P0111","EC_0137.jpg"
"5285",4.55026455,7.1615,"P0111","EC_0140.jpg"
"5286",9.007936508,3.529,"P0111","EC_0030.jpg"
"5287",7.936507937,11.9946,"P0111","EC_0115.jpg"
"5288",6.521164021,6.1056,"P0111","EC_0100.jpg"
"5289",8.955026455,5.6206,"P0111","EC_0034.jpg"
"5290",5.052910053,5.404,"P0111","EC_0183.jpg"
"5291",7.976190476,4.3356,"P0111","EC_0119.jpg"
"5292",4.034391534,5.0877,"P0111","EC_0113.jpg"
"5293",7.962962963,5.896,"P0111","EC_0249.jpg"
"5294",8.042328042,6.7542,"P0111","EC_0237.jpg"
"5295",5.013227513,5.6966,"P0111","EC_0041.jpg"
"5296",6.031746032,5.0815,"P0111","EC_0231.jpg"
"5297",6.984126984,3.8207,"P0111","EC_0211.jpg"
"5298",5.03968254,5.0154,"P0111","EC_0156.jpg"
"5299",9.047619048,6.7959,"P0111","EC_0141.jpg"
"5300",8.029100529,3.8167,"P0111","EC_0117.jpg"
"5301",7.989417989,7.7103,"P0111","EC_0046.jpg"
"5302",5.965608466,5.5661,"P0111","EC_0226.jpg"
"5303",8.915343915,4.4506,"P0111","EC_0168.jpeg"
"5304",9.497354497,5.3982,"P0111","EC_0024.jpg"
"5305",8.055555556,4.9943,"P0111","EC_0221.jpg"
"5306",5.502645503,4.2124,"P0111","EC_0123.jpeg"
"5307",6.044973545,5.0268,"P0111","EC_0245.jpg"
"5308",9.021164021,5.2075,"P0111","EC_0209.jpg"
"5309",9.470899471,4.0944,"P0111","EC_0059.jpg"
"5310",3.955026455,3.9425,"P0111","EC_0164.jpg"
"5311",5.978835979,4.4058,"P0111","EC_0132.jpg"
"5312",8.994708995,7.3154,"P0111","EC_0200.png"
"5313",7.010582011,5.7665,"P0111","EC_0017.jpg"
"5314",4.034391534,8.9957,"P0111","EC_0101.jpg"
"5315",8.941798942,3.5219,"P0111","EC_0048.jpg"
"5316",6.018518519,7.1682,"P0111","EC_0204.jpg"
"5317",5.965608466,20.7094,"P0111","EC_0055.jpg"
"5318",9.007936508,8.0368,"P0111","EC_0222.jpg"
"5319",6.071428571,10.6703,"P0111","EC_0061.jpg"
"5320",8.994708995,3.4837,"P0111","EC_0020.jpg"
"5321",7.976190476,4.2676,"P0111","EC_0239.jpg"
"5322",8.492063492,3.9906,"P0111","EC_0085.jpg"
"5323",4.034391534,5.5208,"P0111","EC_0083.jpg"
"5324",6.997354497,3.6678,"P0111","EC_0160.jpg"
"5325",3.002645503,39.4863,"P0111","EC_0075.jpg"
"5326",7.010582011,3.8841,"P0111","EC_0053.jpg"
"5327",6.018518519,13.841,"P0111","EC_0210.jpg"
"5328",3.042328042,6.6379,"P0111","EC_0099.jpg"
"5329",6.084656085,13.9437,"P0111","EC_0227.jpg"
"5330",7.976190476,3.9416,"P0111","EC_0173.jpg"
"5331",5.052910053,15.1044,"P0111","EC_0244.jpg"
"5332",9.497354497,7.8019,"P0111","EC_0247.jpg"
"5333",3.055555556,6.6161,"P0111","EC_0011.jpg"
"5334",4.96031746,5.5169,"P0111","EC_0090.jpg"
"5335",5.978835979,17.3441,"P0111","EC_0194.jpg"
"5336",6.018518519,23.0012,"P0111","EC_0109.jpg"
"5337",6.984126984,9.1663,"P0111","EC_0066.jpg"
"5338",4.973544974,5.484,"P0111","EC_0001.jpg"
"5339",7.010582011,4.0636,"P0111","EC_0009.jpg"
"5340",9.007936508,4.7409,"P0111","EC_0044.jpg"
"5341",6.931216931,14.243,"P0111","EC_0149.jpg"
"5342",8.981481481,4.9204,"P0111","EC_0167.jpg"
"5343",8.505291005,7.0479,"P0111","EC_0036.jpeg"
"5344",8.955026455,6.2081,"P0111","EC_0070.jpg"
"5345",5.925925926,4.4802,"P0111","EC_0184.jpg"
"5346",7.962962963,5.2488,"P0111","EC_0151.jpg"
"5347",9.484126984,12.626,"P0111","EC_0198.jpg"
"5348",8.505291005,3.9173,"P0111","EC_0118.jpg"
"5349",4.973544974,4.7325,"P0111","EC_0058.jpg"
"5350",7.05026455,3.3868,"P0111","EC_0202.jpg"
"5351",8.994708995,4.8021,"P0111","EC_0037.jpg"
"5352",5.026455026,6.4773,"P0111","EC_0195.jpg"
"5353",7.5,5.6324,"P0111","EC_0124.jpeg"
"5354",8.994708995,3.5068,"P0111","EC_0014.jpg"
"5355",3.994708995,5.7188,"P0111","EC_0080.jpg"
"5356",6.547619048,6.778,"P0111","EC_0128.jpeg"
"5357",8.002645503,5.6524,"P0111","EC_0138.png"
"5358",7.076719577,6.023,"P0111","EC_0097.jpg"
"5359",6.031746032,9.2687,"P0111","EC_0076.jpg"
"5360",8.042328042,5.8854,"P0111","EC_0040.jpg"
"5361",6.970899471,3.5771,"P0111","EC_0165.jpg"
"5362",9.497354497,4.7897,"P0111","EC_0016.jpg"
"5363",8.042328042,9.9749,"P0111","EC_0095.jpg"
"5364",6.984126984,29.1061,"P0111","EC_0103.jpg"
"5365",8.531746032,4.859,"P0111","EC_0029.jpg"
"5366",7.526455026,4.2577,"P0111","EC_0232.jpg"
"5367",9.417989418,3.8062,"P0111","EC_0106.jpg"
"5368",8.439153439,6.4351,"P0111","EC_0032.jpg"
"5369",6.521164021,3.242,"P0111","EC_0203.jpg"
"5370",6.944444444,6.5136,"P0111","EC_0018.jpg"
"5371",4.021164021,3.6818,"P0111","EC_0042.jpg"
"5372",4.391534392,17.8691,"P0111","EC_0219.jpg"
"5373",8.968253968,4.3986,"P0111","EC_0047.jpg"
"5374",2.936507937,3.4189,"P0111","EC_0027.jpg"
"5375",6.957671958,3.5712,"P0111","EC_0236.jpg"
"5376",6.031746032,6.2016,"P0111","EC_0250.jpg"
"5377",8.492063492,4.1929,"P0111","EC_0093.jpg"
"5378",7.989417989,4.4051,"P0111","EC_0229.jpg"
"5379",6.997354497,8.7999,"P0111","EC_0213.jpg"
"5380",4.021164021,3.5362,"P0111","EC_0007.jpg"
"5381",6.997354497,3.9635,"P0111","EC_0180.jpg"
"5382",3.955026455,15.4702,"P0111","EC_0005.jpg"
"5383",9.021164021,8.0885,"P0111","EC_0161.jpg"
"5384",5.978835979,4.4374,"P0111","EC_0199.jpg"
"5385",7.53968254,6.355,"P0111","EC_0050.jpg"
"5386",7.976190476,6.8472,"P0111","EC_0133.jpg"
"5387",6.018518519,7.4266,"P0111","EC_0166.jpg"
"5388",2.989417989,4.9016,"P0111","EC_0064.jpg"
"5389",7.037037037,36.1176,"P0111","EC_0069.jpg"
"5390",8.981481481,4.2443,"P0111","EC_0104.jpg"
"5391",5.079365079,4.9795,"P0111","EC_0102.jpg"
"5392",6.957671958,7.2226,"P0111","EC_0153.jpg"
"5393",6.031746032,4.5925,"P0111","EC_0079.jpg"
"5394",8.915343915,5.1452,"P0111","EC_0051.jpg"
"5395",7.976190476,4.4494,"P0111","EC_0084.jpg"
"5396",6.005291005,4.2674,"P0111","EC_0176.jpg"
"5397",3.994708995,7.2296,"P0111","EC_0163.jpg"
"5398",8.055555556,10.4002,"P0111","EC_0022.jpg"
"5399",4.973544974,3.1489,"P0111","EC_0159.jpg"
"5400",8.015873016,4.1204,"P0111","EC_0193.png"
"5401",7.936507937,4.0341,"P0111","EC_0246.jpg"
"5402",5.03968254,5.1992,"P0111","EC_0241.jpg"
"5403",8.055555556,9.9776,"P0111","EC_0139.png"
"5404",7.94973545,7.1597,"P0111","EC_0071.jpg"
"5405",6.031746032,3.0959,"P0111","EC_0082.jpg"
"5406",4.021164021,4.0673,"P0111","EC_0105.jpg"
"5407",9.007936508,8.7407,"P0111","EC_0131.jpg"
"5408",7.962962963,13.3681,"P0111","EC_0086.jpg"
"5409",4.021164021,5.2887,"P0111","EC_0188.jpg"
"5410",0.965608466,8.1806,"P0111","EC_0162.jpg"
"5411",3.941798942,3.3833,"P0111","EC_0230.jpg"
"5412",7.976190476,4.0978,"P0111","EC_0039.jpg"
"5413",8.002645503,8.7872,"P0111","EC_0068.jpg"
"5414",5.052910053,6.3841,"P0111","EC_0134.jpg"
"5415",4.007936508,94.0736,"P0111","EC_0063.jpg"
"5416",8.002645503,4.6387,"P0111","EC_0077.jpg"
"5417",7.037037037,3.4209,"P0111","EC_0187.jpeg"
"5418",8.994708995,4.0199,"P0111","EC_0207.jpg"
"5419",6.005291005,3.6692,"P0111","EC_0150.jpg"
"5420",8.015873016,3.0766,"P0111","EC_0177.jpg"
"5421",5.026455026,5.0211,"P0111","EC_0056.jpg"
"5422",8.928571429,5.2234,"P0111","EC_0092.jpg"
"5423",3.994708995,3.5596,"P0111","EC_0081.jpg"
"5424",10,3.7575,"P0111","EC_0073.jpg"
"5425",9.457671958,6.1616,"P0111","EC_0116.jpg"
"5426",8.002645503,11.9187,"P0111","EC_0129.jpeg"
"5427",6.984126984,2.8024,"P0111","EC_0060.jpg"
"5428",7.433862434,7.1814,"P0111","EC_0174.jpg"
"5429",9.510582011,6.0811,"P0111","EC_0242.jpg"
"5430",3.029100529,7.3072,"P0111","EC_0088.jpg"
"5431",4.047619048,10.2619,"P0111","EC_0028.jpg"
"5432",8.029100529,4.2122,"P0111","EC_0038.jpg"
"5433",9.007936508,3.1905,"P0111","EC_0074.jpg"
"5434",8.002645503,22.317,"P0111","EC_0147.png"
"5435",8.915343915,5.9416,"P0111","EC_0121.jpg"
"5436",3.968253968,6.9475,"P0111","EC_0234.jpg"
"5437",5.013227513,6.8009,"P0111","EC_0228.jpg"
"5438",3.928571429,5.9914,"P0111","EC_0196.jpg"
"5439",0.515873016,9.8339,"P0111","EC_0206.png"
"5440",6.997354497,8.4387,"P0111","EC_0152.jpg"
"5441",7.976190476,3.681,"P0111","EC_0233.jpg"
"5442",5.952380952,4.2515,"P0111","EC_0158.jpg"
"5443",5.03968254,7.0737,"P0111","EC_0003.jpg"
"5444",7.010582011,4.6089,"P0111","EC_0098.jpg"
"5445",5.992063492,7.403,"P0111","EC_0248.jpg"
"5446",7.010582011,3.8292,"P0111","EC_0172.jpg"
"5447",4.021164021,4.7715,"P0111","EC_0015.jpg"
"5448",8.042328042,5.6059,"P0111","EC_0072.jpg"
"5449",6.944444444,5.3935,"P0111","EC_0136.jpg"
"5450",5.052910053,7.2071,"P0111","EC_0002.jpg"
"5451",8.042328042,2.796,"P0111","EC_0012.jpg"
"5452",5.939153439,4.9081,"P0111","EC_0182.jpg"
"5453",7.94973545,3.4453,"P0111","EC_0120.jpg"
"5454",8.994708995,5.3662,"P0111","EC_0031.jpg"
"5455",6.984126984,3.8026,"P0111","EC_0062.jpg"
"5456",10,4.9538,"P0111","EC_0185.jpg"
"5457",9.007936508,5.4718,"P0111","EC_0008.jpg"
"5458",7.976190476,7.3799,"P0111","EC_0111.jpg"
"5459",8.981481481,5.6841,"P0111","EC_0157.jpg"
"5460",6.044973545,12.2211,"P0111","EC_0067.jpg"
"5461",6.891534392,4.5988,"P0114","EC_0060.jpg"
"5462",2.063492063,3.5634,"P0114","EC_0154.jpg"
"5463",4.021164021,4.552,"P0114","EC_0005.jpg"
"5464",7.076719577,3.4875,"P0114","EC_0164.jpg"
"5465",8.915343915,4.7029,"P0114","EC_0098.jpg"
"5466",3.095238095,5.9624,"P0114","EC_0012.jpg"
"5467",8.015873016,4.8899,"P0114","EC_0142.jpg"
"5468",5.992063492,3.6308,"P0114","EC_0176.jpg"
"5469",1.904761905,3.3841,"P0114","EC_0194.jpg"
"5470",4.034391534,4.5448,"P0114","EC_0244.jpg"
"5471",7.023809524,4.077,"P0114","EC_0211.jpg"
"5472",7.936507937,4.4548,"P0114","EC_0036.jpeg"
"5473",8.915343915,3.9698,"P0114","EC_0095.jpg"
"5474",8.915343915,5.3,"P0114","EC_0235.jpg"
"5475",7.94973545,5.0692,"P0114","EC_0183.jpg"
"5476",9.682539683,6.9528,"P0114","EC_0031.jpg"
"5477",8.994708995,8.9632,"P0114","EC_0006.jpg"
"5478",6.957671958,6.4989,"P0114","EC_0086.jpg"
"5479",9.431216931,10.1518,"P0114","EC_0200.png"
"5480",8.439153439,4.6401,"P0114","EC_0084.jpg"
"5481",7.698412698,5.3442,"P0114","EC_0034.jpg"
"5482",5.396825397,3.7158,"P0114","EC_0198.jpg"
"5483",4.947089947,8.5349,"P0114","EC_0057.jpeg"
"5484",5.886243386,5.2538,"P0114","EC_0083.jpg"
"5485",7.671957672,3.4301,"P0114","EC_0018.jpg"
"5486",7.301587302,3.8496,"P0114","EC_0063.jpg"
"5487",8.955026455,7.7821,"P0114","EC_0135.jpg"
"5488",0.568783069,5.3172,"P0114","EC_0184.jpg"
"5489",3.452380952,6.2418,"P0114","EC_0246.jpg"
"5490",6.177248677,4.7653,"P0114","EC_0147.png"
"5491",7.698412698,8.0448,"P0114","EC_0001.jpg"
"5492",6.838624339,3.5858,"P0114","EC_0167.jpg"
"5493",8.201058201,4.8034,"P0114","EC_0245.jpg"
"5494",6.349206349,3.6068,"P0114","EC_0022.jpg"
"5495",7.103174603,3.6832,"P0114","EC_0094.jpg"
"5496",7.843915344,6.247,"P0114","EC_0065.jpg"
"5497",8.928571429,5.2053,"P0114","EC_0197.jpg"
"5498",9.431216931,4.7229,"P0114","EC_0019.jpg"
"5499",6.507936508,2.9701,"P0114","EC_0070.jpg"
"5500",9.775132275,7.1919,"P0114","EC_0138.png"
"5501",3.386243386,3.5925,"P0114","EC_0133.jpg"
"5502",1.521164021,5.1188,"P0114","EC_0088.jpg"
"5503",4.047619048,5.7294,"P0114","EC_0111.jpg"
"5504",5.198412698,6.9469,"P0114","EC_0205.jpg"
"5505",7.341269841,3.4408,"P0114","EC_0109.jpg"
"5506",9.338624339,4.6565,"P0114","EC_0038.jpg"
"5507",0.41005291,8.3333,"P0114","EC_0185.jpg"
"5508",9.391534392,2.999,"P0114","EC_0046.jpg"
"5509",6.349206349,3.4319,"P0114","EC_0069.jpg"
"5510",8.597883598,3.4229,"P0114","EC_0241.jpg"
"5511",4.431216931,2.9852,"P0114","EC_0239.jpg"
"5512",2.791005291,3.0299,"P0114","EC_0115.jpg"
"5513",6.865079365,3.4149,"P0114","EC_0150.jpg"
"5514",4.14021164,3.2733,"P0114","EC_0249.jpg"
"5515",8.73015873,5.8217,"P0114","EC_0201.jpg"
"5516",7.791005291,4.4331,"P0114","EC_0044.jpg"
"5517",8.888888889,6.1029,"P0114","EC_0163.jpg"
"5518",4.986772487,3.1983,"P0114","EC_0097.jpg"
"5519",7.764550265,3.4512,"P0114","EC_0104.jpg"
"5520",3.531746032,3.8852,"P0114","EC_0076.jpg"
"5521",10,8.5049,"P0114","EC_0209.jpg"
"5522",8.76984127,5.0964,"P0114","EC_0223.jpg"
"5523",5.595238095,3.8607,"P0114","EC_0124.jpeg"
"5524",8.386243386,4.2284,"P0114","EC_0207.jpg"
"5525",9.986772487,5.2218,"P0114","EC_0093.jpg"
"5526",3.888888889,3.7913,"P0114","EC_0024.jpg"
"5527",2.94973545,4.8037,"P0114","EC_0020.jpg"
"5528",6.984126984,3.5726,"P0114","EC_0137.jpg"
"5529",9.973544974,23.8869,"P0114","EC_0172.jpg"
"5530",8.121693122,3.496,"P0114","EC_0149.jpg"
"5531",3.902116402,4.7507,"P0114","EC_0047.jpg"
"5532",5.026455026,3.0402,"P0114","EC_0203.jpg"
"5533",8.28042328,3.1716,"P0114","EC_0030.jpg"
"5534",7.142857143,4.3436,"P0114","EC_0101.jpg"
"5535",5.145502646,2.52,"P0114","EC_0166.jpg"
"5536",8.35978836,4.321,"P0114","EC_0247.jpg"
"5537",6.851851852,3.1814,"P0114","EC_0250.jpg"
"5538",9.404761905,9.2705,"P0114","EC_0173.jpg"
"5539",1.111111111,2.8232,"P0114","EC_0148.jpg"
"5540",7.526455026,3.1081,"P0114","EC_0016.jpg"
"5541",5.767195767,3.1112,"P0114","EC_0174.jpg"
"5542",7.354497354,2.5781,"P0114","EC_0240.jpg"
"5543",4.947089947,6.0627,"P0114","EC_0158.jpg"
"5544",8.068783069,5.1891,"P0114","EC_0096.jpg"
"5545",9.153439153,3.8252,"P0114","EC_0074.jpg"
"5546",8.346560847,2.9412,"P0114","EC_0196.jpg"
"5547",2.791005291,3.0314,"P0114","EC_0039.jpg"
"5548",9.510582011,3.8408,"P0114","EC_0050.jpg"
"5549",1.375661376,4.697,"P0114","EC_0027.jpg"
"5550",6.521164021,3.7105,"P0114","EC_0140.jpg"
"5551",9.523809524,3.9493,"P0114","EC_0199.jpg"
"5552",8.187830688,4.1516,"P0114","EC_0123.jpeg"
"5553",6.904761905,2.8009,"P0114","EC_0062.jpg"
"5554",8.492063492,3.4103,"P0114","EC_0210.jpg"
"5555",7.817460317,3.4264,"P0114","EC_0099.jpg"
"5556",4.325396825,3.4652,"P0114","EC_0009.jpg"
"5557",3.465608466,3.6875,"P0114","EC_0229.jpg"
"5558",5.939153439,3.5061,"P0114","EC_0206.png"
"5559",7.698412698,3.3093,"P0114","EC_0002.jpg"
"5560",6.878306878,3.5013,"P0114","EC_0119.jpg"
"5561",7.936507937,2.7807,"P0114","EC_0041.jpg"
"5562",4.537037037,5.1473,"P0114","EC_0071.jpg"
"5563",6.283068783,3.2607,"P0114","EC_0195.jpg"
"5564",4.920634921,3.0758,"P0114","EC_0131.jpg"
"5565",6.957671958,4.8602,"P0114","EC_0182.jpg"
"5566",8.862433862,4.9014,"P0114","EC_0017.jpg"
"5567",7.552910053,33.6582,"P0114","EC_0092.jpg"
"5568",1.878306878,6.3199,"P0114","EC_0222.jpg"
"5569",8.902116402,4.477,"P0114","EC_0227.jpg"
"5570",7.843915344,4.5851,"P0114","EC_0056.jpg"
"5571",8.902116402,3.5773,"P0114","EC_0226.jpg"
"5572",1.626984127,3.3063,"P0114","EC_0055.jpg"
"5573",3.505291005,3.6159,"P0114","EC_0129.jpeg"
"5574",7.804232804,10.0389,"P0114","EC_0188.jpg"
"5575",7.076719577,5.1508,"P0114","EC_0169.png"
"5576",7.923280423,3.0686,"P0114","EC_0202.jpg"
"5577",6.283068783,4.2808,"P0114","EC_0014.jpg"
"5578",6.865079365,4.124,"P0114","EC_0015.jpg"
"5579",8.068783069,7.0549,"P0114","EC_0077.jpg"
"5580",8.915343915,6.3984,"P0114","EC_0102.jpg"
"5581",0.886243386,2.9685,"P0114","EC_0204.jpg"
"5582",7.698412698,3.1689,"P0114","EC_0037.jpg"
"5583",4.351851852,2.7964,"P0114","EC_0236.jpg"
"5584",1.653439153,3.1538,"P0114","EC_0187.jpeg"
"5585",7.830687831,2.7166,"P0114","EC_0068.jpg"
"5586",9.17989418,2.8063,"P0114","EC_0082.jpg"
"5587",5.714285714,3.6882,"P0114","EC_0080.jpg"
"5588",2.751322751,4.6953,"P0114","EC_0048.jpg"
"5589",1.349206349,6.6505,"P0114","EC_0054.jpg"
"5590",0.82010582,13.9431,"P0114","EC_0040.jpg"
"5591",1.997354497,3.3872,"P0114","EC_0103.jpg"
"5592",8.373015873,5.0216,"P0114","EC_0141.jpg"
"5593",6.785714286,4.039,"P0114","EC_0067.jpg"
"5594",6.150793651,5.5842,"P0114","EC_0128.jpeg"
"5595",2.53968254,3.7589,"P0114","EC_0113.jpg"
"5596",6.26984127,4.0936,"P0114","EC_0051.jpg"
"5597",0.277777778,6.5436,"P0114","EC_0011.jpg"
"5598",8.412698413,3.5098,"P0114","EC_0013.jpg"
"5599",6.878306878,3.7898,"P0114","EC_0108.jpg"
"5600",1.084656085,3.654,"P0114","EC_0162.jpg"
"5601",2.5,4.6096,"P0114","EC_0171.jpg"
"5602",3.055555556,2.6733,"P0114","EC_0120.jpg"
"5603",2.843915344,2.9509,"P0114","EC_0029.jpg"
"5604",6.944444444,3.687,"P0114","EC_0237.jpg"
"5605",6.587301587,4.8231,"P0114","EC_0159.jpg"
"5606",8.068783069,4.4665,"P0114","EC_0118.jpg"
"5607",4.232804233,4.4373,"P0114","EC_0089.jpg"
"5608",8.531746032,3.8951,"P0114","EC_0081.jpg"
"5609",7.380952381,2.5166,"P0114","EC_0224.jpg"
"5610",5.013227513,3.1506,"P0114","EC_0233.jpg"
"5611",2.962962963,2.3989,"P0114","EC_0234.jpg"
"5612",7.420634921,3.1201,"P0114","EC_0105.jpg"
"5613",8.611111111,3.0078,"P0114","EC_0072.jpg"
"5614",2.447089947,3.1833,"P0114","EC_0049.jpg"
"5615",2.777777778,2.9603,"P0114","EC_0064.jpg"
"5616",1.812169312,4.7064,"P0114","EC_0153.jpg"
"5617",5.330687831,4.2399,"P0114","EC_0106.jpg"
"5618",8.333333333,3.7774,"P0114","EC_0085.jpg"
"5619",3.743386243,4.8532,"P0114","EC_0193.png"
"5620",8.624338624,4.1847,"P0114","EC_0231.jpg"
"5621",5.952380952,3.4721,"P0114","EC_0007.jpg"
"5622",3.76984127,2.8203,"P0114","EC_0058.jpg"
"5623",6.335978836,6.3835,"P0114","EC_0042.jpg"
"5624",0.41005291,7.3951,"P0114","EC_0033.jpeg"
"5625",9.523809524,7.7043,"P0114","EC_0157.jpg"
"5626",8.862433862,4.2656,"P0114","EC_0125.jpeg"
"5627",3.875661376,6.7374,"P0114","EC_0028.jpg"
"5628",6.058201058,6.0521,"P0114","EC_0066.jpg"
"5629",9.272486772,33.9777,"P0114","EC_0008.jpg"
"5630",2.645502646,3.7439,"P0114","EC_0214.jpg"
"5631",1.031746032,4.7437,"P0114","EC_0134.jpg"
"5632",0.687830688,2.9661,"P0114","EC_0053.jpg"
"5633",6.587301587,7.3519,"P0114","EC_0238.jpg"
"5634",4.523809524,2.4092,"P0114","EC_0160.jpg"
"5635",8.082010582,2.6233,"P0114","EC_0221.jpg"
"5636",8.716931217,5.4086,"P0114","EC_0243.jpg"
"5637",2.301587302,2.6419,"P0114","EC_0090.jpg"
"5638",5.714285714,3.2298,"P0114","EC_0136.jpg"
"5639",3.822751323,4.7631,"P0114","EC_0061.jpg"
"5640",7.116402116,26.3216,"P0114","EC_0079.jpg"
"5641",6.216931217,39.3583,"P0114","EC_0228.jpg"
"5642",3.108465608,14.6177,"P0114","EC_0248.jpg"
"5643",7.023809524,3.0937,"P0114","EC_0213.jpg"
"5644",2.579365079,37.8715,"P0114","EC_0073.jpg"
"5645",7.619047619,3.1314,"P0114","EC_0117.jpg"
"5646",6.64021164,3.0896,"P0114","EC_0168.jpeg"
"5647",4.246031746,4.4432,"P0114","EC_0116.jpg"
"5648",7.063492063,3.6113,"P0114","EC_0165.jpg"
"5649",8.148148148,3.4377,"P0114","EC_0032.jpg"
"5650",7.394179894,6.1668,"P0114","EC_0181.jpg"
"5651",7.579365079,6.7984,"P0114","EC_0156.jpg"
"5652",5.251322751,5.1169,"P0114","EC_0003.jpg"
"5653",8.002645503,2.8318,"P0114","EC_0132.jpg"
"5654",2.804232804,3.9604,"P0114","EC_0139.png"
"5655",0.85978836,6.8368,"P0114","EC_0161.jpg"
"5656",1.243386243,9.3167,"P0114","EC_0242.jpg"
"5657",2.063492063,6.9343,"P0114","EC_0121.jpg"
"5658",4.431216931,2.5567,"P0114","EC_0151.jpg"
"5659",7.923280423,11.6177,"P0114","EC_0219.jpg"
"5660",3.478835979,3.7096,"P0114","EC_0177.jpg"
"5661",8.399470899,3.9497,"P0114","EC_0152.jpg"
"5662",7.182539683,3.6754,"P0114","EC_0087.jpg"
"5663",2.923280423,3.1885,"P0114","EC_0100.jpg"
"5664",2.037037037,6.9351,"P0114","EC_0230.jpg"
"5665",4.047619048,3.8663,"P0114","EC_0170.jpg"
"5666",2.473544974,6.697,"P0114","EC_0232.jpg"
"5667",4.986772487,2.5992,"P0114","EC_0180.jpg"
"5668",6.759259259,3.4525,"P0114","EC_0059.jpg"
"5669",0.595238095,3.0615,"P0114","EC_0075.jpg"
"5670",8.240740741,3.9999,"P0114","EC_0010.jpg"
"5671",6.116071429,9.2677,"P0125","EC_0240.jpg"
"5672",6.116071429,2.5295,"P0125","EC_0132.jpg"
"5673",3.772321429,5.3881,"P0125","EC_0200.png"
"5674",0.926339286,3.6268,"P0125","EC_0149.jpg"
"5675",2.340029762,13.0505,"P0125","EC_0058.jpg"
"5676",3.716517857,22.0699,"P0125","EC_0165.jpg"
"5677",5.167410714,2.8621,"P0125","EC_0227.jpg"
"5678",7.120535714,6.8155,"P0125","EC_0062.jpg"
"5679",6.990327381,2.9808,"P0125","EC_0031.jpg"
"5680",8.311011905,4.4661,"P0125","EC_0047.jpg"
"5681",6.748511905,14.1953,"P0125","EC_0017.jpg"
"5682",6.748511905,14.1217,"P0125","EC_0066.jpg"
"5683",5.204613095,27.7179,"P0125","EC_0072.jpg"
"5684",4.925595238,2.4432,"P0125","EC_0213.jpg"
"5685",7.194940476,8.0053,"P0125","EC_0095.jpg"
"5686",7.157738095,6.7617,"P0125","EC_0090.jpg"
"5687",7.157738095,0.1277,"P0125","EC_0201.jpg"
"5688",7.046130952,20.6829,"P0125","EC_0087.jpg"
"5689",7.064732143,4.0029,"P0125","EC_0049.jpg"
"5690",5.427827381,9.2177,"P0125","EC_0232.jpg"
"5691",5.874255952,16.4074,"P0125","EC_0125.jpeg"
"5692",5.911458333,1.7408,"P0125","EC_0211.jpg"
"5693",5.911458333,1.8645,"P0125","EC_0140.jpg"
"5694",5.911458333,2.4237,"P0125","EC_0224.jpg"
"5695",7.771577381,2.7523,"P0125","EC_0013.jpg"
"5696",8.199404762,2.5958,"P0125","EC_0158.jpg"
"5697",7.083333333,2.8078,"P0125","EC_0160.jpg"
"5698",7.920386905,38.2234,"P0125","EC_0245.jpg"
"5699",7.008928571,12.091,"P0125","EC_0138.png"
"5700",7.008928571,2.1569,"P0125","EC_0197.jpg"
"5701",7.008928571,2.4484,"P0125","EC_0038.jpg"
"5702",4.925595238,3.5047,"P0125","EC_0131.jpg"
"5703",9.780505952,2.9312,"P0125","EC_0048.jpg"
"5704",4.014136905,16.8274,"P0125","EC_0223.jpg"
"5705",4.925595238,13.5743,"P0125","EC_0226.jpg"
"5706",7.455357143,2.6936,"P0125","EC_0063.jpg"
"5707",7.399553571,4.203,"P0125","EC_0011.jpg"
"5708",5.613839286,7.2029,"P0125","EC_0120.jpg"
"5709",4.962797619,19.8671,"P0125","EC_0009.jpg"
"5710",7.845982143,3.0581,"P0125","EC_0082.jpg"
"5711",7.845982143,2.2807,"P0125","EC_0014.jpg"
"5712",4.832589286,3.2722,"P0125","EC_0040.jpg"
"5713",4.832589286,2.2057,"P0125","EC_0234.jpg"
"5714",5.093005952,2.3549,"P0125","EC_0071.jpg"
"5715",5.093005952,2.164,"P0125","EC_0069.jpg"
"5716",2.730654762,18.0465,"P0125","EC_0036.jpeg"
"5717",4.832589286,2.1266,"P0125","EC_0236.jpg"
"5718",7.157738095,2.7192,"P0125","EC_0081.jpg"
"5719",7.157738095,3.0266,"P0125","EC_0137.jpg"
"5720",7.157738095,1.8068,"P0125","EC_0174.jpg"
"5721",6.283482143,2.2875,"P0125","EC_0056.jpg"
"5722",6.283482143,2.8926,"P0125","EC_0042.jpg"
"5723",6.283482143,2.1147,"P0125","EC_0163.jpg"
"5724",6.283482143,2.4748,"P0125","EC_0083.jpg"
"5725",6.283482143,2.8217,"P0125","EC_0153.jpg"
"5726",6.283482143,2.7773,"P0125","EC_0041.jpg"
"5727",6.283482143,2.2752,"P0125","EC_0147.png"
"5728",6.283482143,2.1228,"P0125","EC_0121.jpg"
"5729",6.283482143,6.0332,"P0125","EC_0171.jpg"
"5730",6.283482143,2.4806,"P0125","EC_0037.jpg"
"5731",6.283482143,1.7761,"P0125","EC_0096.jpg"
"5732",6.283482143,5.0561,"P0125","EC_0181.jpg"
"5733",6.283482143,10.0829,"P0125","EC_0059.jpg"
"5734",6.283482143,4.4121,"P0125","EC_0172.jpg"
"5735",1.89360119,22.0624,"P0125","EC_0019.jpg"
"5736",2.935267857,3.8402,"P0125","EC_0239.jpg"
"5737",2.935267857,4.3068,"P0125","EC_0166.jpg"
"5738",2.935267857,2.7351,"P0125","EC_0008.jpg"
"5739",2.935267857,1.9201,"P0125","EC_0148.jpg"
"5740",4.460565476,6.7338,"P0125","EC_0177.jpg"
"5741",4.460565476,9.5335,"P0125","EC_0022.jpg"
"5742",1.168154762,7.2263,"P0125","EC_0128.jpeg"
"5743",2.786458333,9.4452,"P0125","EC_0108.jpg"
"5744",4.255952381,21.5724,"P0125","EC_0142.jpg"
"5745",2.395833333,2.8338,"P0125","EC_0195.jpg"
"5746",4.869791667,2.7617,"P0125","EC_0050.jpg"
"5747",4.534970238,2.5143,"P0125","EC_0093.jpg"
"5748",7.139136905,5.1077,"P0125","EC_0157.jpg"
"5749",6.767113095,2.4857,"P0125","EC_0156.jpg"
"5750",5.204613095,3.7251,"P0125","EC_0152.jpg"
"5751",4.888392857,2.7272,"P0125","EC_0055.jpg"
"5752",4.888392857,5.1581,"P0125","EC_0123.jpeg"
"5753",4.888392857,13.9927,"P0125","EC_0028.jpg"
"5754",3.660714286,4.3764,"P0125","EC_0247.jpg"
"5755",3.363095238,3.1187,"P0125","EC_0002.jpg"
"5756",3.623511905,3.3311,"P0125","EC_0237.jpg"
"5757",5.930059524,3.9608,"P0125","EC_0115.jpg"
"5758",1.037946429,2.8923,"P0125","EC_0141.jpg"
"5759",0.219494048,4.2104,"P0125","EC_0097.jpg"
"5760",4.944196429,12.3376,"P0125","EC_0207.jpg"
"5761",4.944196429,12.3587,"P0125","EC_0046.jpg"
"5762",0.089285714,15.3101,"P0125","EC_0068.jpg"
"5763",0.089285714,7.1963,"P0125","EC_0203.jpg"
"5764",2.061011905,3.193,"P0125","EC_0170.jpg"
"5765",4.051339286,6.5006,"P0125","EC_0117.jpg"
"5766",4.051339286,2.3058,"P0125","EC_0241.jpg"
"5767",2.228422619,2.9598,"P0125","EC_0185.jpg"
"5768",6.283482143,4.6004,"P0125","EC_0118.jpg"
"5769",0.405505952,57.7662,"P0125","EC_0074.jpg"
"5770",6.023065476,19.9696,"P0125","EC_0060.jpg"
"5771",2.991071429,3.348,"P0125","EC_0182.jpg"
"5772",3.363095238,3.8691,"P0125","EC_0027.jpg"
"5773",1.968005952,2.6783,"P0125","EC_0024.jpg"
"5774",1.819196429,2.4969,"P0125","EC_0085.jpg"
"5775",1.037946429,3.1033,"P0125","EC_0033.jpeg"
"5776",1.07514881,2.7897,"P0125","EC_0103.jpg"
"5777",0.107886905,20.0889,"P0125","EC_0010.jpg"
"5778",2.395833333,15.327,"P0125","EC_0007.jpg"
"5779",0,24.2192,"P0125","EC_0030.jpg"
"5780",3.45610119,2.7695,"P0125","EC_0032.jpg"
"5781",1.986607143,10.8226,"P0125","EC_0154.jpg"
"5782",0,47.2276,"P0125","EC_0061.jpg"
"5783",0.014880952,6.5748,"P0125","EC_0005.jpg"
"5784",0.107886905,14.4868,"P0125","EC_0235.jpg"
"5785",0.033482143,65.5128,"P0125","EC_0136.jpg"
"5786",6.93452381,12.5297,"P0125","EC_0064.jpg"
"5787",1.447172619,8.6872,"P0125","EC_0101.jpg"
"5788",0.907738095,4.5816,"P0125","EC_0184.jpg"
"5789",0.889136905,2.8672,"P0125","EC_0169.png"
"5790",6.990327381,3.2122,"P0125","EC_0161.jpg"
"5791",1.875,3.1938,"P0125","EC_0102.jpg"
"5792",0.033482143,3.6921,"P0125","EC_0199.jpg"
"5793",0.126488095,3.2339,"P0125","EC_0151.jpg"
"5794",1.968005952,4.0517,"P0125","EC_0029.jpg"
"5795",2.916666667,7.9537,"P0125","EC_0080.jpg"
"5796",1.019345238,5.128,"P0125","EC_0099.jpg"
"5797",0.740327381,2.6082,"P0125","EC_0134.jpg"
"5798",0.070684524,6.6384,"P0125","EC_0076.jpg"
"5799",0,4.6374,"P0125","EC_0070.jpg"
"5800",0,0.1397,"P0125","EC_0075.jpg"
"5801",0.014880952,5.2592,"P0125","EC_0238.jpg"
"5802",0.014880952,4.2766,"P0125","EC_0222.jpg"
"5803",0.014880952,4.6903,"P0125","EC_0015.jpg"
"5804",0.014880952,2.3909,"P0125","EC_0221.jpg"
"5805",0.014880952,1.9053,"P0125","EC_0214.jpg"
"5806",0.089285714,10.0963,"P0125","EC_0204.jpg"
"5807",0.089285714,7.4062,"P0125","EC_0230.jpg"
"5808",0.014880952,5.4665,"P0125","EC_0233.jpg"
"5809",0.014880952,21.2657,"P0125","EC_0088.jpg"
"5810",0.014880952,5.345,"P0125","EC_0073.jpg"
"5811",0.014880952,2.3623,"P0125","EC_0018.jpg"
"5812",0.014880952,7.1909,"P0125","EC_0089.jpg"
"5813",3.102678571,3.1312,"P0125","EC_0092.jpg"
"5814",0.572916667,7.819,"P0125","EC_0198.jpg"
"5815",0.033482143,21.987,"P0125","EC_0034.jpg"
"5816",0.126488095,9.6336,"P0125","EC_0051.jpg"
"5817",0.126488095,2.6323,"P0125","EC_0209.jpg"
"5818",0.349702381,2.1245,"P0125","EC_0039.jpg"
"5819",0.052083333,4.4694,"P0125","EC_0249.jpg"
"5820",0.052083333,3.8338,"P0125","EC_0106.jpg"
"5821",0.200892857,2.5338,"P0125","EC_0057.jpeg"
"5822",4.293154762,3.1386,"P0125","EC_0012.jpg"
"5823",3.009672619,2.5632,"P0125","EC_0162.jpg"
"5824",3.009672619,2.4264,"P0125","EC_0228.jpg"
"5825",3.009672619,2.7069,"P0125","EC_0065.jpg"
"5826",0.963541667,3.6006,"P0125","EC_0246.jpg"
"5827",5.130208333,3.3913,"P0125","EC_0167.jpg"
"5828",6.97172619,2.881,"P0125","EC_0180.jpg"
"5829",7.083333333,3.004,"P0125","EC_0168.jpeg"
"5830",0.089285714,17.7806,"P0125","EC_0016.jpg"
"5831",4.144345238,6.4465,"P0125","EC_0196.jpg"
"5832",0.200892857,5.4615,"P0125","EC_0187.jpeg"
"5833",1.409970238,2.221,"P0125","EC_0202.jpg"
"5834",1.056547619,2.8325,"P0125","EC_0104.jpg"
"5835",5.688244048,3.0343,"P0125","EC_0116.jpg"
"5836",5,4.8463,"P0125","EC_0003.jpg"
"5837",0.814732143,11.0154,"P0125","EC_0210.jpg"
"5838",0.814732143,0.1632,"P0125","EC_0205.jpg"
"5839",3.084077381,5.8846,"P0125","EC_0135.jpg"
"5840",5.948660714,3.5261,"P0125","EC_0188.jpg"
"5841",3.530505952,2.1715,"P0125","EC_0105.jpg"
"5842",0.107886905,5.5369,"P0125","EC_0194.jpg"
"5843",1.11235119,7.7065,"P0125","EC_0119.jpg"
"5844",4.051339286,5.3336,"P0125","EC_0020.jpg"
"5845",4.62797619,2.5662,"P0125","EC_0133.jpg"
"5846",1.130952381,3.4261,"P0125","EC_0129.jpeg"
"5847",1.168154762,3.0889,"P0125","EC_0250.jpg"
"5848",1.168154762,2.3181,"P0125","EC_0206.png"
"5849",1.354166667,2.9974,"P0125","EC_0193.png"
"5850",6.320684524,3.7321,"P0125","EC_0219.jpg"
"5851",2.042410714,2.8273,"P0125","EC_0113.jpg"
"5852",2.935267857,17.3764,"P0125","EC_0150.jpg"
"5853",5.074404762,2.9242,"P0125","EC_0098.jpg"
"5854",4.255952381,9.4082,"P0125","EC_0111.jpg"
"5855",4.181547619,2.5746,"P0125","EC_0054.jpg"
"5856",5.01860119,3.0401,"P0125","EC_0094.jpg"
"5857",4.851190476,4.7986,"P0125","EC_0044.jpg"
"5858",4.851190476,2.0072,"P0125","EC_0006.jpg"
"5859",4.851190476,2.3428,"P0125","EC_0183.jpg"
"5860",4.758184524,3.183,"P0125","EC_0079.jpg"
"5861",1.912202381,14.6532,"P0125","EC_0124.jpeg"
"5862",4.255952381,2.394,"P0125","EC_0164.jpg"
"5863",5.688244048,2.5661,"P0125","EC_0139.png"
"5864",6.116071429,2.267,"P0125","EC_0176.jpg"
"5865",6.116071429,2.2096,"P0125","EC_0109.jpg"
"5866",6.116071429,2.043,"P0125","EC_0231.jpg"
"5867",6.729910714,4.0937,"P0125","EC_0244.jpg"
"5868",7.213541667,3.403,"P0125","EC_0084.jpg"
"5869",2.581845238,2.4183,"P0125","EC_0242.jpg"
"5870",3.046875,3.1806,"P0125","EC_0159.jpg"
"5871",0.907738095,2.6771,"P0125","EC_0243.jpg"
"5872",3.530505952,2.5457,"P0125","EC_0053.jpg"
"5873",2.619047619,2.6336,"P0125","EC_0229.jpg"
"5874",5.744047619,7.7719,"P0125","EC_0248.jpg"
"5875",3.790922619,4.6533,"P0125","EC_0001.jpg"
"5876",2.358630952,18.084,"P0125","EC_0173.jpg"
"5877",3.009672619,4.7962,"P0125","EC_0086.jpg"
"5878",3.493303571,9.9174,"P0125","EC_0077.jpg"
"5879",4.107142857,2.6619,"P0125","EC_0067.jpg"
"5880",4.088541667,3.1248,"P0125","EC_0100.jpg"
"5881",0.061375065,3.0778,"P0132","EC_0048.jpg"
"5882",7.007964742,3.3102,"P0132","EC_0230.jpg"
"5883",4.93021904,3.0604,"P0132","EC_0164.jpg"
"5884",6.988632518,2.9254,"P0132","EC_0017.jpg"
"5885",7.063592037,2.4457,"P0132","EC_0137.jpg"
"5886",9.940980875,2.6107,"P0132","EC_0132.jpg"
"5887",9.990154519,2.6538,"P0132","EC_0030.jpg"
"5888",9.897058082,4.5466,"P0132","EC_0149.jpg"
"5889",6.976377202,3.4392,"P0132","EC_0068.jpg"
"5890",5.002362034,2.8937,"P0132","EC_0162.jpg"
"5891",1.990484467,3.7539,"P0132","EC_0019.jpg"
"5892",6.861189472,3.4594,"P0132","EC_0237.jpg"
"5893",9.970997156,3.3253,"P0132","EC_0241.jpg"
"5894",7.149345526,5.1548,"P0132","EC_0171.jpg"
"5895",6.922640914,5.8399,"P0132","EC_0165.jpg"
"5896",9.011716413,3.4377,"P0132","EC_0014.jpg"
"5897",4.879133157,3.4877,"P0132","EC_0156.jpg"
"5898",4.963944891,3.339,"P0132","EC_0176.jpg"
"5899",7.873517048,2.7437,"P0132","EC_0135.jpg"
"5900",0,3.1896,"P0132","EC_0113.jpg"
"5901",3.906351832,3.1239,"P0132","EC_0222.jpg"
"5902",2.138566205,2.5275,"P0132","EC_0009.jpg"
"5903",6.095280929,4.0533,"P0132","EC_0170.jpg"
"5904",6.949814442,3.4172,"P0132","EC_0157.jpg"
"5905",6.954210968,3.1425,"P0132","EC_0238.jpg"
"5906",9.99078527,3.344,"P0132","EC_0016.jpg"
"5907",7.012332541,2.9431,"P0132","EC_0060.jpg"
"5908",7.955403593,2.7882,"P0132","EC_0250.jpg"
"5909",0.022768696,3.89,"P0132","EC_0033.jpeg"
"5910",1.067348287,2.8562,"P0132","EC_0240.jpg"
"5911",3.893520721,2.7772,"P0132","EC_0117.jpg"
"5912",8.08592171,3.6993,"P0132","EC_0197.jpg"
"5913",9.975503596,3.7387,"P0132","EC_0103.jpg"
"5914",5.808967169,4.2228,"P0132","EC_0235.jpg"
"5915",4.844077108,3.511,"P0132","EC_0040.jpg"
"5916",7.986257962,5.8727,"P0132","EC_0066.jpg"
"5917",1.914823627,4.04,"P0132","EC_0210.jpg"
"5918",5.989780543,7.6072,"P0132","EC_0242.jpg"
"5919",2.939518307,6.7074,"P0132","EC_0142.jpg"
"5920",4.03537488,7.0565,"P0132","EC_0180.jpg"
"5921",7.101951725,5.0046,"P0132","EC_0056.jpg"
"5922",7.002156832,5.4576,"P0132","EC_0232.jpg"
"5923",3.089689644,3.6731,"P0132","EC_0223.jpg"
"5924",9.971428066,3.1559,"P0132","EC_0044.jpg"
"5925",6.052494738,4.6098,"P0132","EC_0194.jpg"
"5926",4.981000164,3.0987,"P0132","EC_0153.jpg"
"5927",2.947599421,3.2262,"P0132","EC_0211.jpg"
"5928",9.848025576,2.888,"P0132","EC_0020.jpg"
"5929",6.015339098,4.9862,"P0132","EC_0181.jpg"
"5930",0.17609504,4.346,"P0132","EC_0199.jpg"
"5931",9.901796837,2.961,"P0132","EC_0188.jpg"
"5932",8.982655626,5.0577,"P0132","EC_0051.jpg"
"5933",6.0224235,3.9569,"P0132","EC_0174.jpg"
"5934",8.093444515,3.8751,"P0132","EC_0038.jpg"
"5935",5.930727206,4.1935,"P0132","EC_0093.jpg"
"5936",8.991326275,3.5165,"P0132","EC_0008.jpg"
"5937",0.014051209,3.0757,"P0132","EC_0173.jpg"
"5938",0.014864317,4.3233,"P0132","EC_0129.jpeg"
"5939",5.985597599,3.3407,"P0132","EC_0136.jpg"
"5940",5.853834216,2.9938,"P0132","EC_0015.jpg"
"5941",6.842780268,2.9875,"P0132","EC_0228.jpg"
"5942",5.986218358,2.722,"P0132","EC_0109.jpg"
"5943",5.003654763,2.5061,"P0132","EC_0095.jpg"
"5944",7.965704204,3.4718,"P0132","EC_0001.jpg"
"5945",8.085818042,3.4106,"P0132","EC_0163.jpg"
"5946",2.953421071,3.1238,"P0132","EC_0088.jpg"
"5947",9.945748358,3.6107,"P0132","EC_0077.jpg"
"5948",7.841602267,3.7097,"P0132","EC_0249.jpg"
"5949",2.996932939,3.2399,"P0132","EC_0041.jpg"
"5950",6.010845149,4.0133,"P0132","EC_0082.jpg"
"5951",9.928239693,3.1409,"P0132","EC_0108.jpg"
"5952",8.02652989,4.3927,"P0132","EC_0037.jpg"
"5953",3.072731794,3.6902,"P0132","EC_0029.jpg"
"5954",0.06030466,3.6127,"P0132","EC_0119.jpg"
"5955",0.049388286,2.9351,"P0132","EC_0195.jpg"
"5956",9.792936607,4.7882,"P0132","EC_0172.jpg"
"5957",4.959944302,3.6495,"P0132","EC_0185.jpg"
"5958",9.017805352,4.7549,"P0132","EC_0050.jpg"
"5959",9.875510109,3.6473,"P0132","EC_0133.jpg"
"5960",8.102703449,3.6208,"P0132","EC_0148.jpg"
"5961",9.988905506,2.6245,"P0132","EC_0057.jpeg"
"5962",4.9902566,5.6551,"P0132","EC_0055.jpg"
"5963",3.97781911,3.043,"P0132","EC_0120.jpg"
"5964",2.055649224,3.4205,"P0132","EC_0028.jpg"
"5965",4.963666361,2.5105,"P0132","EC_0236.jpg"
"5966",9.038320391,3.1895,"P0132","EC_0073.jpg"
"5967",6.055578551,3.0104,"P0132","EC_0018.jpg"
"5968",2.959582452,4.0191,"P0132","EC_0150.jpg"
"5969",6.811341361,2.4921,"P0132","EC_0100.jpg"
"5970",0.022613818,3.1571,"P0132","EC_0053.jpg"
"5971",5.005608219,2.7718,"P0132","EC_0083.jpg"
"5972",8.205889413,2.8382,"P0132","EC_0243.jpg"
"5973",3.102668139,4.2719,"P0132","EC_0187.jpeg"
"5974",2.934358634,3.1046,"P0132","EC_0005.jpg"
"5975",5.034038254,4.2235,"P0132","EC_0036.jpeg"
"5976",0.046737256,4.2407,"P0132","EC_0204.jpg"
"5977",6.205105398,3.8057,"P0132","EC_0065.jpg"
"5978",0.073672847,3.9862,"P0132","EC_0124.jpeg"
"5979",5.006659888,3.064,"P0132","EC_0139.png"
"5980",5.998085231,2.8468,"P0132","EC_0203.jpg"
"5981",3.74431612,24.8383,"P0132","EC_0054.jpg"
"5982",7.106515619,3.1428,"P0132","EC_0069.jpg"
"5983",7.938529427,2.5733,"P0132","EC_0089.jpg"
"5984",9.035625021,2.9747,"P0132","EC_0098.jpg"
"5985",5.003321276,3.1224,"P0132","EC_0090.jpg"
"5986",0.00631732,2.6243,"P0132","EC_0206.png"
"5987",3.96672038,2.891,"P0132","EC_0201.jpg"
"5988",7.343654486,2.8385,"P0132","EC_0177.jpg"
"5989",7.002241765,3.5582,"P0132","EC_0096.jpg"
"5990",0.019007293,3.3113,"P0132","EC_0247.jpg"
"5991",2.967060294,3.0597,"P0132","EC_0213.jpg"
"5992",5.045425506,2.828,"P0132","EC_0161.jpg"
"5993",0.151205332,2.8226,"P0132","EC_0128.jpeg"
"5994",9.834791034,3.9923,"P0132","EC_0209.jpg"
"5995",0.075313426,4.2237,"P0132","EC_0229.jpg"
"5996",0.103480544,3.1225,"P0132","EC_0101.jpg"
"5997",8.020542122,2.7755,"P0132","EC_0034.jpg"
"5998",5.022613532,5.3285,"P0132","EC_0006.jpg"
"5999",5.963219032,3.882,"P0132","EC_0131.jpg"
"6000",4.896112241,2.5436,"P0132","EC_0062.jpg"
"6001",3.977747916,5.0724,"P0132","EC_0205.jpg"
"6002",0.105618229,3.206,"P0132","EC_0115.jpg"
"6003",4.970134999,2.5532,"P0132","EC_0226.jpg"
"6004",0.948074411,2.6786,"P0132","EC_0105.jpg"
"6005",4.982976103,2.529,"P0132","EC_0202.jpg"
"6006",5.961033259,2.5271,"P0132","EC_0224.jpg"
"6007",4.981273698,6.5497,"P0132","EC_0080.jpg"
"6008",5.951335922,3.1709,"P0132","EC_0075.jpg"
"6009",6.033321138,2.4588,"P0132","EC_0227.jpg"
"6010",3.011513917,2.5213,"P0132","EC_0214.jpg"
"6011",5.062388352,2.4714,"P0132","EC_0231.jpg"
"6012",0.128767437,3.371,"P0132","EC_0140.jpg"
"6013",5.975416893,2.9712,"P0132","EC_0248.jpg"
"6014",1.062863082,4.7216,"P0132","EC_0111.jpg"
"6015",5.026413029,2.6039,"P0132","EC_0118.jpg"
"6016",5.941365051,2.6826,"P0132","EC_0042.jpg"
"6017",9.899910828,2.5109,"P0132","EC_0198.jpg"
"6018",9.847954383,3.4226,"P0132","EC_0074.jpg"
"6019",6.960001392,4.3226,"P0132","EC_0031.jpg"
"6020",4.960531338,2.3479,"P0132","EC_0087.jpg"
"6021",7.020012722,3.5214,"P0132","EC_0081.jpg"
"6022",6.947237728,2.2475,"P0132","EC_0061.jpg"
"6023",3.024281329,2.9369,"P0132","EC_0196.jpg"
"6024",7.01818042,2.496,"P0132","EC_0059.jpg"
"6025",2.889166844,3.1061,"P0132","EC_0123.jpeg"
"6026",1.977852573,4.2019,"P0132","EC_0094.jpg"
"6027",4.972203365,2.7576,"P0132","EC_0166.jpg"
"6028",8.854670508,3.1778,"P0132","EC_0086.jpg"
"6029",6.031070417,2.7246,"P0132","EC_0022.jpg"
"6030",2.99019826,3.074,"P0132","EC_0049.jpg"
"6031",6.012276518,6.3204,"P0132","EC_0125.jpeg"
"6032",4.956448314,3.4594,"P0132","EC_0221.jpg"
"6033",5.035082429,3.3819,"P0132","EC_0064.jpg"
"6034",9.954015575,3.1084,"P0132","EC_0072.jpg"
"6035",1.906728149,3.3423,"P0132","EC_0169.png"
"6036",5.033760973,4.8207,"P0132","EC_0032.jpg"
"6037",6.701037271,2.2864,"P0132","EC_0158.jpg"
"6038",5.955116684,4.9234,"P0132","EC_0099.jpg"
"6039",8.916987516,3.2215,"P0132","EC_0234.jpg"
"6040",5.960201416,2.5885,"P0132","EC_0182.jpg"
"6041",8.785297825,3.7041,"P0132","EC_0106.jpg"
"6042",8.004961933,2.4897,"P0132","EC_0076.jpg"
"6043",5.99947913,3.0097,"P0132","EC_0160.jpg"
"6044",9.966150986,2.8885,"P0132","EC_0138.png"
"6045",3.831497231,3.1452,"P0132","EC_0104.jpg"
"6046",4.970600881,2.9071,"P0132","EC_0233.jpg"
"6047",2.975411195,4.5224,"P0132","EC_0200.png"
"6048",0.125550604,3.3084,"P0132","EC_0047.jpg"
"6049",0.109975412,4.5085,"P0132","EC_0244.jpg"
"6050",2.769963536,4.171,"P0132","EC_0011.jpg"
"6051",0.072074735,3.5983,"P0132","EC_0184.jpg"
"6052",1.951370998,2.5612,"P0132","EC_0039.jpg"
"6053",6.849366314,2.4698,"P0132","EC_0071.jpg"
"6054",6.001012918,3.2057,"P0132","EC_0246.jpg"
"6055",3.03534009,2.3897,"P0132","EC_0183.jpg"
"6056",0.129607399,2.6795,"P0132","EC_0007.jpg"
"6057",6.843232411,7.0201,"P0132","EC_0121.jpg"
"6058",0.077997555,3.2724,"P0132","EC_0141.jpg"
"6059",2.186746259,2.5442,"P0132","EC_0024.jpg"
"6060",0.061443136,3.4328,"P0132","EC_0085.jpg"
"6061",4.961902754,2.9764,"P0132","EC_0151.jpg"
"6062",4.916705968,2.7522,"P0132","EC_0219.jpg"
"6063",6.133669345,3.0553,"P0132","EC_0010.jpg"
"6064",9.906458154,3.1943,"P0132","EC_0046.jpg"
"6065",0.161411643,3.6552,"P0132","EC_0097.jpg"
"6066",9.829136752,3.8546,"P0132","EC_0058.jpg"
"6067",4.899242268,2.6356,"P0132","EC_0013.jpg"
"6068",0.14761442,3.3588,"P0132","EC_0152.jpg"
"6069",4.850442079,2.7691,"P0132","EC_0207.jpg"
"6070",7.892966679,3.1315,"P0132","EC_0012.jpg"
"6071",8.151218863,6.3261,"P0132","EC_0116.jpg"
"6072",4.978193632,2.4696,"P0132","EC_0070.jpg"
"6073",4.916383723,3.2889,"P0132","EC_0063.jpg"
"6074",6.570932577,2.4225,"P0132","EC_0159.jpg"
"6075",6.015251667,2.9108,"P0132","EC_0239.jpg"
"6076",5.007496727,2.1448,"P0132","EC_0154.jpg"
"6077",4.972805389,2.3402,"P0132","EC_0147.png"
"6078",6.08492786,2.8265,"P0132","EC_0134.jpg"
"6079",0.14016593,3.839,"P0132","EC_0067.jpg"
"6080",9.985049802,2.5708,"P0132","EC_0003.jpg"
"6081",4.934866618,5.8199,"P0132","EC_0079.jpg"
"6082",9.81002935,2.4646,"P0132","EC_0092.jpg"
"6083",0.121112236,3.1028,"P0132","EC_0193.png"
"6084",9.94747949,2.7551,"P0132","EC_0167.jpg"
"6085",9.904301109,2.8683,"P0132","EC_0084.jpg"
"6086",0.122990128,2.4717,"P0132","EC_0027.jpg"
"6087",9.823688557,3.7924,"P0132","EC_0102.jpg"
"6088",9.044802769,4.0042,"P0132","EC_0168.jpeg"
"6089",0.010566463,4.3945,"P0132","EC_0002.jpg"
"6090",7.082951739,4.2901,"P0132","EC_0245.jpg"
"6091",6.904762107,3.5533,"P0133","EC_0007.jpg"
"6092",0.145502545,2.718,"P0133","EC_0248.jpg"
"6093",8.439153439,2.8007,"P0133","EC_0140.jpg"
"6094",5.64814835,2.501,"P0133","EC_0214.jpg"
"6095",7.552910457,3.467,"P0133","EC_0249.jpg"
"6096",1.137566541,2.8666,"P0133","EC_0131.jpg"
"6097",6.375661577,2.969,"P0133","EC_0198.jpg"
"6098",7.843915344,3.9981,"P0133","EC_0196.jpg"
"6099",8.571428571,2.767,"P0133","EC_0103.jpg"
"6100",4.206349206,3.8162,"P0133","EC_0173.jpg"
"6101",9.166666667,4.0807,"P0133","EC_0076.jpg"
"6102",5.22486833,4.1011,"P0133","EC_0063.jpg"
"6103",5,3.3974,"P0133","EC_0188.jpg"
"6104",8.373015873,4.4001,"P0133","EC_0097.jpg"
"6105",8.306878307,3.6317,"P0133","EC_0100.jpg"
"6106",3.703704309,4.3497,"P0133","EC_0058.jpg"
"6107",0.555555757,4.2858,"P0133","EC_0147.png"
"6108",2.962962761,3.1346,"P0133","EC_0243.jpg"
"6109",5.277777576,2.4824,"P0133","EC_0222.jpg"
"6110",5.912698615,3.0659,"P0133","EC_0040.jpg"
"6111",8.293650995,2.4825,"P0133","EC_0246.jpg"
"6112",5.952381558,2.618,"P0133","EC_0032.jpg"
"6113",6.772486974,3.6666,"P0133","EC_0008.jpg"
"6114",7.80423341,3.3017,"P0133","EC_0086.jpg"
"6115",0.396825498,2.548,"P0133","EC_0184.jpg"
"6116",1.534391938,4.8516,"P0133","EC_0090.jpg"
"6117",3.068783271,4.5493,"P0133","EC_0049.jpg"
"6118",4.166667272,4.7503,"P0133","EC_0123.jpeg"
"6119",3.558200856,3.0647,"P0133","EC_0162.jpg"
"6120",7.658729957,2.2156,"P0133","EC_0055.jpg"
"6121",8.571428571,2.2699,"P0133","EC_0018.jpg"
"6122",6.150794256,2.3726,"P0133","EC_0224.jpg"
"6123",9.775133082,2.3334,"P0133","EC_0133.jpg"
"6124",6.746032352,2.6325,"P0133","EC_0177.jpg"
"6125",8.439153439,2.6562,"P0133","EC_0051.jpg"
"6126",5.992063492,2.7304,"P0133","EC_0128.jpeg"
"6127",7.314814815,3.534,"P0133","EC_0230.jpg"
"6128",9.880953592,2.3678,"P0133","EC_0015.jpg"
"6129",6.865079163,2.9351,"P0133","EC_0116.jpg"
"6130",9.232804233,2.3996,"P0133","EC_0163.jpg"
"6131",7.870370976,2.7522,"P0133","EC_0039.jpg"
"6132",8.01587342,3.6849,"P0133","EC_0094.jpg"
"6133",8.756613958,2.2998,"P0133","EC_0134.jpg"
"6134",6.957672361,2.3905,"P0133","EC_0017.jpg"
"6135",4.325397027,3.802,"P0133","EC_0170.jpg"
"6136",9.378307686,3.3166,"P0133","EC_0247.jpg"
"6137",8.637566138,2.6982,"P0133","EC_0027.jpg"
"6138",3.875661376,3.24,"P0133","EC_0150.jpg"
"6139",9.708995516,2.5182,"P0133","EC_0159.jpg"
"6140",9.007936912,3.9014,"P0133","EC_0158.jpg"
"6141",4.854497556,3.4135,"P0133","EC_0164.jpg"
"6142",0.489418191,2.568,"P0133","EC_0148.jpg"
"6143",3.835979441,2.4682,"P0133","EC_0070.jpg"
"6144",3.16137546,2.9342,"P0133","EC_0059.jpg"
"6145",9.616403327,2.5339,"P0133","EC_0117.jpg"
"6146",9.933862838,5.5375,"P0133","EC_0083.jpg"
"6147",9.444445252,2.3342,"P0133","EC_0057.jpeg"
"6148",7.354497758,2.3321,"P0133","EC_0119.jpg"
"6149",7.354497758,2.467,"P0133","EC_0115.jpg"
"6150",9.431216931,2.7343,"P0133","EC_0200.png"
"6151",9.457671554,7.7503,"P0133","EC_0079.jpg"
"6152",10,2.582,"P0133","EC_0087.jpg"
"6153",8.9947096,2.8304,"P0133","EC_0064.jpg"
"6154",5.64814835,3.199,"P0133","EC_0169.png"
"6155",9.947091158,2.7995,"P0133","EC_0034.jpg"
"6156",6.984126984,15.6901,"P0133","EC_0080.jpg"
"6157",9.034391534,2.5913,"P0133","EC_0109.jpg"
"6158",4.179894584,2.7229,"P0133","EC_0237.jpg"
"6159",5.674602973,2.2572,"P0133","EC_0030.jpg"
"6160",7.208995315,2.3151,"P0133","EC_0195.jpg"
"6161",8.253968052,2.1745,"P0133","EC_0151.jpg"
"6162",7.738095844,2.3322,"P0133","EC_0104.jpg"
"6163",5.105820509,2.2885,"P0133","EC_0165.jpg"
"6164",7.552910457,2.2412,"P0133","EC_0171.jpg"
"6165",8.928572034,2.9879,"P0133","EC_0250.jpg"
"6166",9.880953592,2.8301,"P0133","EC_0221.jpg"
"6167",7.883598287,2.344,"P0133","EC_0136.jpg"
"6168",5.767196171,3.4263,"P0133","EC_0244.jpg"
"6169",7.433862636,4.2371,"P0133","EC_0152.jpg"
"6170",6.124338624,3.0227,"P0133","EC_0201.jpg"
"6171",3.068783271,4.0939,"P0133","EC_0239.jpg"
"6172",8.902116402,2.4818,"P0133","EC_0044.jpg"
"6173",9.338624742,2.3583,"P0133","EC_0234.jpg"
"6174",7.433862636,2.5725,"P0133","EC_0003.jpg"
"6175",9.100529101,2.7236,"P0133","EC_0102.jpg"
"6176",9.656084252,2.6741,"P0133","EC_0073.jpg"
"6177",9.867725271,2.389,"P0133","EC_0229.jpg"
"6178",9.100529101,2.2926,"P0133","EC_0139.png"
"6179",9.52380912,2.9431,"P0133","EC_0149.jpg"
"6180",2.407407609,3.2567,"P0133","EC_0033.jpeg"
"6181",8.822751525,2.3,"P0133","EC_0088.jpg"
"6182",7.248677249,2.554,"P0133","EC_0168.jpeg"
"6183",9.828042328,2.3503,"P0133","EC_0106.jpg"
"6184",7.05026455,2.2869,"P0133","EC_0135.jpg"
"6185",8.386243184,2.1384,"P0133","EC_0082.jpg"
"6186",7.791005089,2.4812,"P0133","EC_0202.jpg"
"6187",9.484128195,2.1525,"P0133","EC_0081.jpg"
"6188",8.584655883,2.2895,"P0133","EC_0065.jpg"
"6189",9.457671554,2.4995,"P0133","EC_0207.jpg"
"6190",2.08994709,3.9362,"P0133","EC_0085.jpg"
"6191",9.603175007,2.8495,"P0133","EC_0046.jpg"
"6192",4.113757017,2.648,"P0133","EC_0166.jpg"
"6193",7.023809927,2.9829,"P0133","EC_0194.jpg"
"6194",8.637566138,2.9543,"P0133","EC_0219.jpg"
"6195",7.023809927,3.5821,"P0133","EC_0036.jpeg"
"6196",7.738095844,2.3656,"P0133","EC_0172.jpg"
"6197",8.584655883,4.1876,"P0133","EC_0129.jpeg"
"6198",9.126984732,2.6891,"P0133","EC_0118.jpg"
"6199",5.978836181,2.6601,"P0133","EC_0236.jpg"
"6200",4.57671998,3.4909,"P0133","EC_0183.jpg"
"6201",2.407407609,2.6234,"P0133","EC_0048.jpg"
"6202",7.923280221,2.4727,"P0133","EC_0210.jpg"
"6203",9.153439355,2.7548,"P0133","EC_0156.jpg"
"6204",8.095238297,1.9929,"P0133","EC_0068.jpg"
"6205",9.801587705,2.306,"P0133","EC_0020.jpg"
"6206",9.007936912,2.3468,"P0133","EC_0041.jpg"
"6207",1.746031948,2.7062,"P0133","EC_0053.jpg"
"6208",3.267195969,3.6226,"P0133","EC_0047.jpg"
"6209",0.079364978,3.433,"P0133","EC_0092.jpg"
"6210",9.576720384,2.8158,"P0133","EC_0002.jpg"
"6211",5.502645906,3.5347,"P0133","EC_0022.jpg"
"6212",7.552910457,4.2657,"P0133","EC_0012.jpg"
"6213",7.857142655,2.5,"P0133","EC_0132.jpg"
"6214",5.185185387,3.9493,"P0133","EC_0013.jpg"
"6215",3.584656488,2.7013,"P0133","EC_0223.jpg"
"6216",4.669312169,2.4342,"P0133","EC_0005.jpg"
"6217",7.26190456,2.7994,"P0133","EC_0125.jpeg"
"6218",8.928572034,3.0185,"P0133","EC_0111.jpg"
"6219",5.978836181,4.3346,"P0133","EC_0056.jpg"
"6220",2.380952986,3.1712,"P0133","EC_0006.jpg"
"6221",7.36772507,3.2173,"P0133","EC_0062.jpg"
"6222",6.4021162,5.8995,"P0133","EC_0206.png"
"6223",7.658729957,5.3834,"P0133","EC_0197.jpg"
"6224",9.854496951,2.8174,"P0133","EC_0096.jpg"
"6225",7.023809927,2.9175,"P0133","EC_0238.jpg"
"6226",2.857143261,3.6519,"P0133","EC_0060.jpg"
"6227",1.640211438,4.3684,"P0133","EC_0205.jpg"
"6228",4.285714084,3.2856,"P0133","EC_0061.jpg"
"6229",0.833333333,3.1257,"P0133","EC_0161.jpg"
"6230",6.613757219,2.6163,"P0133","EC_0016.jpg"
"6231",0.277777677,4.8499,"P0133","EC_0095.jpg"
"6232",6.269841068,2.6348,"P0133","EC_0154.jpg"
"6233",8.267196373,2.4169,"P0133","EC_0098.jpg"
"6234",4.682539481,3.023,"P0133","EC_0245.jpg"
"6235",6.335978634,2.2179,"P0133","EC_0187.jpeg"
"6236",8.902116402,2.4055,"P0133","EC_0157.jpg"
"6237",8.650793449,2.5842,"P0133","EC_0001.jpg"
"6238",6.375661577,3.1004,"P0133","EC_0235.jpg"
"6239",5.277777576,3.516,"P0133","EC_0011.jpg"
"6240",1.164021164,3.0664,"P0133","EC_0101.jpg"
"6241",6.534391333,3.2325,"P0133","EC_0211.jpg"
"6242",7.764550466,2.8211,"P0133","EC_0232.jpg"
"6243",7.063491862,2.0844,"P0133","EC_0075.jpg"
"6244",6.415344521,2.1533,"P0133","EC_0121.jpg"
"6245",9.246032553,2.3167,"P0133","EC_0213.jpg"
"6246",8.055555354,2.7338,"P0133","EC_0153.jpg"
"6247",9.841270649,2.2996,"P0133","EC_0014.jpg"
"6248",8.743386647,2.4838,"P0133","EC_0142.jpg"
"6249",9.669312573,2.2829,"P0133","EC_0108.jpg"
"6250",4.484126782,4.3514,"P0133","EC_0084.jpg"
"6251",6.878307484,3.2333,"P0133","EC_0160.jpg"
"6252",3.068783271,4.1841,"P0133","EC_0141.jpg"
"6253",6.243386445,3.5839,"P0133","EC_0124.jpeg"
"6254",2.804233006,3.1672,"P0133","EC_0138.png"
"6255",6.044973747,2.8342,"P0133","EC_0209.jpg"
"6256",7.791005089,2.6497,"P0133","EC_0105.jpg"
"6257",3.240741346,2.7011,"P0133","EC_0226.jpg"
"6258",6.177248879,3.0819,"P0133","EC_0167.jpg"
"6259",7.566137768,5.4225,"P0133","EC_0069.jpg"
"6260",6.904762107,2.5343,"P0133","EC_0089.jpg"
"6261",8.214286118,2.7206,"P0133","EC_0071.jpg"
"6262",7.129629428,2.5176,"P0133","EC_0050.jpg"
"6263",9.417990629,3.4497,"P0133","EC_0074.jpg"
"6264",8.373015873,3.1344,"P0133","EC_0241.jpg"
"6265",9.100529101,3.0841,"P0133","EC_0077.jpg"
"6266",8.01587342,3.5676,"P0133","EC_0019.jpg"
"6267",0.462963064,4.6811,"P0133","EC_0067.jpg"
"6268",5.43650834,2.9508,"P0133","EC_0176.jpg"
"6269",0.343915243,2.97,"P0133","EC_0042.jpg"
"6270",2.433862232,2.8836,"P0133","EC_0204.jpg"
"6271",9.391533988,3.3524,"P0133","EC_0228.jpg"
"6272",7.420635324,2.8676,"P0133","EC_0024.jpg"
"6273",9.232804233,3.0671,"P0133","EC_0182.jpg"
"6274",8.029100731,2.4337,"P0133","EC_0009.jpg"
"6275",8.505291005,3.6366,"P0133","EC_0199.jpg"
"6276",9.417990629,2.4502,"P0133","EC_0240.jpg"
"6277",9.814816026,2.1993,"P0133","EC_0193.png"
"6278",7.751323155,2.5173,"P0133","EC_0028.jpg"
"6279",9.788359385,2.1763,"P0133","EC_0037.jpg"
"6280",5.026455632,3.0719,"P0133","EC_0180.jpg"
"6281",8.743386647,3.2045,"P0133","EC_0181.jpg"
"6282",0.31746062,3.0162,"P0133","EC_0227.jpg"
"6283",9.841270649,2.3875,"P0133","EC_0072.jpg"
"6284",7.857142655,2.5331,"P0133","EC_0137.jpg"
"6285",8.783068581,2.3995,"P0133","EC_0233.jpg"
"6286",9.431216931,3.2178,"P0133","EC_0185.jpg"
"6287",8.690476392,3.758,"P0133","EC_0231.jpg"
"6288",7.671958277,2.3859,"P0133","EC_0029.jpg"
"6289",8.968253968,3.0826,"P0133","EC_0010.jpg"
"6290",7.936508542,2.5502,"P0133","EC_0203.jpg"
"6291",9.272487176,2.3937,"P0133","EC_0054.jpg"
"6292",9.907408215,2.4319,"P0133","EC_0242.jpg"
"6293",9.986772083,2.3665,"P0133","EC_0099.jpg"
"6294",8.544973949,2.3154,"P0133","EC_0031.jpg"
"6295",7.380952381,2.5342,"P0133","EC_0066.jpg"
"6296",7.724867523,2.5532,"P0133","EC_0093.jpg"
"6297",8.9947096,2.9004,"P0133","EC_0174.jpg"
"6298",9.444445252,2.4337,"P0133","EC_0113.jpg"
"6299",8.12169292,2.7515,"P0133","EC_0120.jpg"
"6300",9.708995516,2.5177,"P0133","EC_0038.jpg"
"6301",5,4.972,"P0135","EC_0081.jpg"
"6302",0,2.404,"P0135","EC_0162.jpg"
"6303",0,2.624,"P0135","EC_0101.jpg"
"6304",4.98015873,3.371,"P0135","EC_0248.jpg"
"6305",0,2.33,"P0135","EC_0223.jpg"
"6306",3.035714286,3.566,"P0135","EC_0012.jpg"
"6307",4.900793651,2.909,"P0135","EC_0163.jpg"
"6308",7.142857143,2.556,"P0135","EC_0041.jpg"
"6309",7.242063492,2.605,"P0135","EC_0069.jpg"
"6310",7.222222222,2.805,"P0135","EC_0118.jpg"
"6311",4.920634921,3.222,"P0135","EC_0066.jpg"
"6312",4.801587302,5.828,"P0135","EC_0158.jpg"
"6313",2.797619048,2.838,"P0135","EC_0183.jpg"
"6314",2.321428571,3.955,"P0135","EC_0053.jpg"
"6315",4.96031746,2.605,"P0135","EC_0011.jpg"
"6316",8.035714286,3.582,"P0135","EC_0029.jpg"
"6317",5.03968254,3.598,"P0135","EC_0181.jpg"
"6318",7.063492063,3.725,"P0135","EC_0193.png"
"6319",7.956349206,3.009,"P0135","EC_0008.jpg"
"6320",1.527777778,2.792,"P0135","EC_0054.jpg"
"6321",1.25,3.821,"P0135","EC_0201.jpg"
"6322",2.341269841,3.365,"P0135","EC_0131.jpg"
"6323",6.30952381,2.989,"P0135","EC_0031.jpg"
"6324",6.507936508,2.455,"P0135","EC_0024.jpg"
"6325",8.71031746,3.024,"P0135","EC_0050.jpg"
"6326",10,2.488,"P0135","EC_0057.jpeg"
"6327",0,2.476,"P0135","EC_0134.jpg"
"6328",0.833333333,2.624,"P0135","EC_0188.jpg"
"6329",4.841269841,2.572,"P0135","EC_0214.jpg"
"6330",0,2.226,"P0135","EC_0147.png"
"6331",8.055555556,2.571,"P0135","EC_0132.jpg"
"6332",0.694444444,4.428,"P0135","EC_0241.jpg"
"6333",0,4.007,"P0135","EC_0088.jpg"
"6334",1.904761905,3.143,"P0135","EC_0002.jpg"
"6335",0,2.521,"P0135","EC_0080.jpg"
"6336",6.130952381,3.107,"P0135","EC_0115.jpg"
"6337",0,2.189,"P0135","EC_0226.jpg"
"6338",0,2.221,"P0135","EC_0184.jpg"
"6339",8.313492063,2.681,"P0135","EC_0238.jpg"
"6340",5.297619048,2.728,"P0135","EC_0042.jpg"
"6341",5,2.455,"P0135","EC_0059.jpg"
"6342",6.765873016,2.289,"P0135","EC_0234.jpg"
"6343",2.380952381,2.41,"P0135","EC_0222.jpg"
"6344",9.900793651,2.325,"P0135","EC_0157.jpg"
"6345",8.373015873,2.749,"P0135","EC_0099.jpg"
"6346",4.781746032,2.221,"P0135","EC_0182.jpg"
"6347",4.94047619,2.572,"P0135","EC_0102.jpg"
"6348",5,2.159,"P0135","EC_0111.jpg"
"6349",5,2.393,"P0135","EC_0064.jpg"
"6350",5,1.732,"P0135","EC_0089.jpg"
"6351",5.01984127,2.949,"P0135","EC_0047.jpg"
"6352",6.468253968,2.754,"P0135","EC_0210.jpg"
"6353",5,3.605,"P0135","EC_0121.jpg"
"6354",5,2.478,"P0135","EC_0195.jpg"
"6355",0,2.339,"P0135","EC_0138.png"
"6356",7.321428571,2.627,"P0135","EC_0018.jpg"
"6357",0.575396825,3.107,"P0135","EC_0166.jpg"
"6358",1.349206349,2.855,"P0135","EC_0250.jpg"
"6359",3.055555556,2.959,"P0135","EC_0068.jpg"
"6360",2.361111111,4.009,"P0135","EC_0249.jpg"
"6361",1.984126984,2.729,"P0135","EC_0113.jpg"
"6362",1.607142857,2.876,"P0135","EC_0071.jpg"
"6363",3.392857143,2.459,"P0135","EC_0245.jpg"
"6364",0,2.611,"P0135","EC_0040.jpg"
"6365",0,2.222,"P0135","EC_0100.jpg"
"6366",4.920634921,2.865,"P0135","EC_0097.jpg"
"6367",4.920634921,2.955,"P0135","EC_0196.jpg"
"6368",1.726190476,4.188,"P0135","EC_0070.jpg"
"6369",4.880952381,6.079,"P0135","EC_0092.jpg"
"6370",4.98015873,2.348,"P0135","EC_0174.jpg"
"6371",3.273809524,3.804,"P0135","EC_0105.jpg"
"6372",1.686507937,3.658,"P0135","EC_0013.jpg"
"6373",7.380952381,2.605,"P0135","EC_0160.jpg"
"6374",6.726190476,2.882,"P0135","EC_0061.jpg"
"6375",7.063492063,2.505,"P0135","EC_0194.jpg"
"6376",6.884920635,2.215,"P0135","EC_0177.jpg"
"6377",4.94047619,2.921,"P0135","EC_0137.jpg"
"6378",0,2.717,"P0135","EC_0204.jpg"
"6379",4.841269841,3.296,"P0135","EC_0076.jpg"
"6380",0,2.515,"P0135","EC_0007.jpg"
"6381",4.841269841,2.36,"P0135","EC_0167.jpg"
"6382",0,3.182,"P0135","EC_0034.jpg"
"6383",5.01984127,2.958,"P0135","EC_0039.jpg"
"6384",6.944444444,3.057,"P0135","EC_0063.jpg"
"6385",6.825396825,3.139,"P0135","EC_0135.jpg"
"6386",0,2.691,"P0135","EC_0056.jpg"
"6387",7.797619048,2.754,"P0135","EC_0022.jpg"
"6388",10,2.305,"P0135","EC_0037.jpg"
"6389",7.400793651,2.361,"P0135","EC_0108.jpg"
"6390",0,3.206,"P0135","EC_0227.jpg"
"6391",9.384920635,3.173,"P0135","EC_0060.jpg"
"6392",4.880952381,2.571,"P0135","EC_0142.jpg"
"6393",5.833333333,2.805,"P0135","EC_0062.jpg"
"6394",7.162698413,3.783,"P0135","EC_0168.jpeg"
"6395",4.900793651,2.522,"P0135","EC_0164.jpg"
"6396",7.996031746,3.097,"P0135","EC_0073.jpg"
"6397",7.063492063,3.247,"P0135","EC_0170.jpg"
"6398",7.738095238,2.622,"P0135","EC_0098.jpg"
"6399",7.876984127,2.407,"P0135","EC_0198.jpg"
"6400",7.51984127,2.44,"P0135","EC_0087.jpg"
"6401",0,2.945,"P0135","EC_0077.jpg"
"6402",0,3.031,"P0135","EC_0067.jpg"
"6403",0,2.463,"P0135","EC_0180.jpg"
"6404",0,2.665,"P0135","EC_0129.jpeg"
"6405",2.380952381,2.922,"P0135","EC_0027.jpg"
"6406",4.801587302,3.372,"P0135","EC_0090.jpg"
"6407",0,2.055,"P0135","EC_0235.jpg"
"6408",7.063492063,2.416,"P0135","EC_0030.jpg"
"6409",8.452380952,2.296,"P0135","EC_0213.jpg"
"6410",4.861111111,2.532,"P0135","EC_0017.jpg"
"6411",4.742063492,2.172,"P0135","EC_0152.jpg"
"6412",0,2.731,"P0135","EC_0055.jpg"
"6413",1.726190476,2.926,"P0135","EC_0124.jpeg"
"6414",3.591269841,4.48,"P0135","EC_0246.jpg"
"6415",7.222222222,2.606,"P0135","EC_0172.jpg"
"6416",7.579365079,2.522,"P0135","EC_0016.jpg"
"6417",5.01984127,2.964,"P0135","EC_0176.jpg"
"6418",4.880952381,2.207,"P0135","EC_0140.jpg"
"6419",5.05952381,2.272,"P0135","EC_0154.jpg"
"6420",6.170634921,2.639,"P0135","EC_0109.jpg"
"6421",1.011904762,3.156,"P0135","EC_0009.jpg"
"6422",7.142857143,2.256,"P0135","EC_0159.jpg"
"6423",0,2.792,"P0135","EC_0242.jpg"
"6424",8.869047619,2.554,"P0135","EC_0019.jpg"
"6425",4.96031746,2.547,"P0135","EC_0169.png"
"6426",4.96031746,2.24,"P0135","EC_0243.jpg"
"6427",0,3.372,"P0135","EC_0133.jpg"
"6428",0,2.796,"P0135","EC_0103.jpg"
"6429",1.785714286,3.704,"P0135","EC_0229.jpg"
"6430",6.329365079,2.516,"P0135","EC_0001.jpg"
"6431",6.964285714,2.945,"P0135","EC_0207.jpg"
"6432",5.03968254,6.105,"P0135","EC_0038.jpg"
"6433",0,34.293,"P0135","EC_0083.jpg"
"6434",8.948412698,3.022,"P0135","EC_0219.jpg"
"6435",6.626984127,4.291,"P0135","EC_0171.jpg"
"6436",2.281746032,3.731,"P0135","EC_0075.jpg"
"6437",5.05952381,3.057,"P0135","EC_0185.jpg"
"6438",5.01984127,2.189,"P0135","EC_0141.jpg"
"6439",0,1.922,"P0135","EC_0161.jpg"
"6440",7.043650794,2.881,"P0135","EC_0136.jpg"
"6441",8.611111111,2.678,"P0135","EC_0211.jpg"
"6442",4.96031746,3.375,"P0135","EC_0232.jpg"
"6443",5.05952381,2.124,"P0135","EC_0123.jpeg"
"6444",5.05952381,1.689,"P0135","EC_0095.jpg"
"6445",1.111111111,2.406,"P0135","EC_0236.jpg"
"6446",7.44047619,2.589,"P0135","EC_0106.jpg"
"6447",6.607142857,2.838,"P0135","EC_0096.jpg"
"6448",9.464285714,2.915,"P0135","EC_0028.jpg"
"6449",5.05952381,3.522,"P0135","EC_0120.jpg"
"6450",7.51984127,2.342,"P0135","EC_0003.jpg"
"6451",4.880952381,2.754,"P0135","EC_0165.jpg"
"6452",10,2.638,"P0135","EC_0072.jpg"
"6453",5.03968254,2.981,"P0135","EC_0036.jpeg"
"6454",7.142857143,2.973,"P0135","EC_0156.jpg"
"6455",7.341269841,3.357,"P0135","EC_0074.jpg"
"6456",0,2.728,"P0135","EC_0233.jpg"
"6457",6.904761905,2.322,"P0135","EC_0153.jpg"
"6458",5.079365079,3.176,"P0135","EC_0032.jpg"
"6459",0,2.287,"P0135","EC_0203.jpg"
"6460",0,2.407,"P0135","EC_0033.jpeg"
"6461",4.821428571,3.177,"P0135","EC_0084.jpg"
"6462",4.821428571,1.905,"P0135","EC_0206.png"
"6463",5.03968254,3.643,"P0135","EC_0093.jpg"
"6464",8.095238095,3.861,"P0135","EC_0149.jpg"
"6465",5.277777778,2.421,"P0135","EC_0051.jpg"
"6466",5.158730159,2.292,"P0135","EC_0148.jpg"
"6467",3.115079365,2.988,"P0135","EC_0230.jpg"
"6468",6.865079365,2.438,"P0135","EC_0116.jpg"
"6469",8.630952381,2.459,"P0135","EC_0015.jpg"
"6470",4.98015873,2.938,"P0135","EC_0239.jpg"
"6471",0,5.162,"P0135","EC_0085.jpg"
"6472",6.150793651,6.878,"P0135","EC_0231.jpg"
"6473",4.96031746,2.58,"P0135","EC_0244.jpg"
"6474",1.924603175,2.805,"P0135","EC_0005.jpg"
"6475",6.28968254,3.315,"P0135","EC_0247.jpg"
"6476",7.678571429,2.489,"P0135","EC_0082.jpg"
"6477",7.043650794,2.521,"P0135","EC_0173.jpg"
"6478",5.178571429,2.388,"P0135","EC_0086.jpg"
"6479",6.369047619,2.499,"P0135","EC_0046.jpg"
"6480",5,3.092,"P0135","EC_0228.jpg"
"6481",6.28968254,2.504,"P0135","EC_0205.jpg"
"6482",5.119047619,2.23,"P0135","EC_0197.jpg"
"6483",6.23015873,2.365,"P0135","EC_0104.jpg"
"6484",6.785714286,2.69,"P0135","EC_0079.jpg"
"6485",6.726190476,2.312,"P0135","EC_0119.jpg"
"6486",3.531746032,3.342,"P0135","EC_0199.jpg"
"6487",4.98015873,3.004,"P0135","EC_0139.png"
"6488",6.746031746,2.389,"P0135","EC_0151.jpg"
"6489",7.341269841,2.413,"P0135","EC_0014.jpg"
"6490",6.865079365,2.221,"P0135","EC_0020.jpg"
"6491",5.03968254,3.399,"P0135","EC_0006.jpg"
"6492",5.833333333,3.24,"P0135","EC_0058.jpg"
"6493",6.21031746,2.589,"P0135","EC_0044.jpg"
"6494",4.920634921,2.253,"P0135","EC_0200.png"
"6495",5,1.872,"P0135","EC_0202.jpg"
"6496",5.853174603,2.295,"P0135","EC_0094.jpg"
"6497",2.361111111,3.646,"P0135","EC_0224.jpg"
"6498",6.111111111,2.542,"P0135","EC_0117.jpg"
"6499",5.138888889,2.888,"P0135","EC_0240.jpg"
"6500",5.138888889,2.122,"P0135","EC_0209.jpg"
"6501",5.01984127,2.974,"P0135","EC_0150.jpg"
"6502",5.119047619,2.492,"P0135","EC_0125.jpeg"
"6503",8.71031746,2.53,"P0135","EC_0221.jpg"
"6504",5.178571429,2.564,"P0135","EC_0010.jpg"
"6505",5.01984127,1.909,"P0135","EC_0237.jpg"
"6506",6.28968254,2.379,"P0135","EC_0065.jpg"
"6507",1.746031746,2.564,"P0135","EC_0048.jpg"
"6508",1.607142857,2.376,"P0135","EC_0049.jpg"
"6509",5.099206349,2.128,"P0135","EC_0128.jpeg"
"6510",2.361111111,2.943,"P0135","EC_0187.jpeg"
"6511",9.873511905,3.9826,"P0137","EC_0138.png"
"6512",6.93452381,4.8961,"P0137","EC_0193.png"
"6513",9.017857143,4.0452,"P0137","EC_0099.jpg"
"6514",1.019345238,3.1808,"P0137","EC_0195.jpg"
"6515",6.97172619,5.7818,"P0137","EC_0064.jpg"
"6516",9.613095238,4.1529,"P0137","EC_0151.jpg"
"6517",6.990327381,4.4797,"P0137","EC_0214.jpg"
"6518",8.980654762,3.2352,"P0137","EC_0177.jpg"
"6519",0.070684524,3.7688,"P0137","EC_0040.jpg"
"6520",3.976934524,3.2498,"P0137","EC_0058.jpg"
"6521",0.889136905,3.3507,"P0137","EC_0059.jpg"
"6522",7.901785714,4.6588,"P0137","EC_0226.jpg"
"6523",7.920386905,5.4174,"P0137","EC_0209.jpg"
"6524",3.009672619,6.3007,"P0137","EC_0147.png"
"6525",7.734375,5.6367,"P0137","EC_0075.jpg"
"6526",3.660714286,6.2056,"P0137","EC_0230.jpg"
"6527",1.800595238,9.0874,"P0137","EC_0170.jpg"
"6528",9.296875,4.2815,"P0137","EC_0034.jpg"
"6529",7.790178571,3.1141,"P0137","EC_0032.jpg"
"6530",5.930059524,3.313,"P0137","EC_0007.jpg"
"6531",7.976190476,3.2011,"P0137","EC_0183.jpg"
"6532",9.836309524,3.4473,"P0137","EC_0016.jpg"
"6533",2.116815476,3.2099,"P0137","EC_0094.jpg"
"6534",5.074404762,2.7156,"P0137","EC_0142.jpg"
"6535",7.976190476,4.2932,"P0137","EC_0200.png"
"6536",7.064732143,3.9994,"P0137","EC_0164.jpg"
"6537",9.055059524,3.0006,"P0137","EC_0159.jpg"
"6538",4.014136905,3.7871,"P0137","EC_0153.jpg"
"6539",6.116071429,2.8023,"P0137","EC_0133.jpg"
"6540",9.947916667,4.2624,"P0137","EC_0149.jpg"
"6541",9.055059524,3.0756,"P0137","EC_0108.jpg"
"6542",0.851934524,4.2308,"P0137","EC_0185.jpg"
"6543",2.916666667,6.938,"P0137","EC_0051.jpg"
"6544",2.972470238,4.9958,"P0137","EC_0234.jpg"
"6545",6.023065476,3.1538,"P0137","EC_0243.jpg"
"6546",3.883928571,5.0441,"P0137","EC_0011.jpg"
"6547",3.02827381,5.7616,"P0137","EC_0105.jpg"
"6548",8.980654762,2.4998,"P0137","EC_0222.jpg"
"6549",9.985119048,3.2435,"P0137","EC_0098.jpg"
"6550",0.014880952,4.8943,"P0137","EC_0134.jpg"
"6551",8.013392857,3.3284,"P0137","EC_0046.jpg"
"6552",6.804315476,3.4841,"P0137","EC_0197.jpg"
"6553",7.994791667,2.8798,"P0137","EC_0160.jpg"
"6554",0.052083333,3.5514,"P0137","EC_0088.jpg"
"6555",7.046130952,2.903,"P0137","EC_0017.jpg"
"6556",3.828125,8.7372,"P0137","EC_0033.jpeg"
"6557",8.88764881,4.0948,"P0137","EC_0123.jpeg"
"6558",7.957589286,3.5218,"P0137","EC_0014.jpg"
"6559",6.990327381,4.4755,"P0137","EC_0087.jpg"
"6560",6.953125,2.6698,"P0137","EC_0029.jpg"
"6561",4.032738095,3.0479,"P0137","EC_0233.jpg"
"6562",2.079613095,3.3898,"P0137","EC_0232.jpg"
"6563",9.892113095,3.4898,"P0137","EC_0073.jpg"
"6564",0.182291667,5.1654,"P0137","EC_0054.jpg"
"6565",6.060267857,3.5496,"P0137","EC_0047.jpg"
"6566",5.837053571,3.0736,"P0137","EC_0219.jpg"
"6567",0.926339286,3.1465,"P0137","EC_0163.jpg"
"6568",3.921130952,3.5927,"P0137","EC_0196.jpg"
"6569",5.037202381,3.8014,"P0137","EC_0003.jpg"
"6570",1.930803571,3.2646,"P0137","EC_0055.jpg"
"6571",7.994791667,4.2035,"P0137","EC_0241.jpg"
"6572",9.055059524,4.3613,"P0137","EC_0169.png"
"6573",7.064732143,4.2559,"P0137","EC_0080.jpg"
"6574",7.734375,5.0677,"P0137","EC_0223.jpg"
"6575",7.938988095,3.6833,"P0137","EC_0071.jpg"
"6576",0.944940476,3.0211,"P0137","EC_0005.jpg"
"6577",7.827380952,3.6145,"P0137","EC_0236.jpg"
"6578",4.98139881,3.711,"P0137","EC_0063.jpg"
"6579",7.101934524,4.1152,"P0137","EC_0015.jpg"
"6580",9.929315476,3.3144,"P0137","EC_0077.jpg"
"6581",9.092261905,2.8949,"P0137","EC_0093.jpg"
"6582",5.055803571,3.0887,"P0137","EC_0161.jpg"
"6583",3.102678571,2.8215,"P0137","EC_0173.jpg"
"6584",2.023809524,4.2699,"P0137","EC_0085.jpg"
"6585",7.790178571,3.1698,"P0137","EC_0188.jpg"
"6586",9.817708333,3.0469,"P0137","EC_0024.jpg"
"6587",7.883184524,5.6731,"P0137","EC_0002.jpg"
"6588",7.120535714,4.297,"P0137","EC_0139.png"
"6589",7.938988095,3.4995,"P0137","EC_0213.jpg"
"6590",4.962797619,3.1391,"P0137","EC_0132.jpg"
"6591",8.14360119,3.699,"P0137","EC_0018.jpg"
"6592",9.929315476,3.9357,"P0137","EC_0221.jpg"
"6593",9.148065476,7.0887,"P0137","EC_0245.jpg"
"6594",4.869791667,5.6378,"P0137","EC_0044.jpg"
"6595",4.032738095,6.192,"P0137","EC_0118.jpg"
"6596",9.073660714,3.3513,"P0137","EC_0008.jpg"
"6597",7.994791667,3.7294,"P0137","EC_0137.jpg"
"6598",9.594494048,2.9763,"P0137","EC_0168.jpeg"
"6599",8.962053571,3.4261,"P0137","EC_0207.jpg"
"6600",9.854910714,5.8035,"P0137","EC_0237.jpg"
"6601",8.88764881,3.058,"P0137","EC_0120.jpg"
"6602",5.093005952,3.1592,"P0137","EC_0205.jpg"
"6603",7.976190476,2.7457,"P0137","EC_0167.jpg"
"6604",2.135416667,3.9132,"P0137","EC_0158.jpg"
"6605",8.92485119,3.2666,"P0137","EC_0057.jpeg"
"6606",6.860119048,5.3981,"P0137","EC_0109.jpg"
"6607",7.976190476,2.8616,"P0137","EC_0039.jpg"
"6608",5.874255952,7.2562,"P0137","EC_0247.jpg"
"6609",7.864583333,4.1915,"P0137","EC_0199.jpg"
"6610",9.799107143,3.8006,"P0137","EC_0096.jpg"
"6611",9.873511905,3.7211,"P0137","EC_0074.jpg"
"6612",4.962797619,2.9347,"P0137","EC_0228.jpg"
"6613",0.833333333,3.2476,"P0137","EC_0194.jpg"
"6614",1.912202381,5.0746,"P0137","EC_0128.jpeg"
"6615",3.883928571,3.5146,"P0137","EC_0102.jpg"
"6616",8.10639881,3.9613,"P0137","EC_0036.jpeg"
"6617",9.389880952,2.9511,"P0137","EC_0248.jpg"
"6618",4.98139881,2.7824,"P0137","EC_0198.jpg"
"6619",3.921130952,3.1924,"P0137","EC_0116.jpg"
"6620",1.019345238,3.0479,"P0137","EC_0204.jpg"
"6621",3.939732143,5.2007,"P0137","EC_0224.jpg"
"6622",9.520089286,5.3171,"P0137","EC_0084.jpg"
"6623",4.032738095,3.1673,"P0137","EC_0117.jpg"
"6624",7.994791667,3.6689,"P0137","EC_0238.jpg"
"6625",1.130952381,7.5909,"P0137","EC_0083.jpg"
"6626",0.033482143,3.5305,"P0137","EC_0027.jpg"
"6627",7.957589286,3.0648,"P0137","EC_0235.jpg"
"6628",1.11235119,3.9177,"P0137","EC_0012.jpg"
"6629",9.017857143,3.148,"P0137","EC_0101.jpg"
"6630",9.110863095,2.9575,"P0137","EC_0135.jpg"
"6631",5,3.2023,"P0137","EC_0001.jpg"
"6632",0.163690476,4.6974,"P0137","EC_0056.jpg"
"6633",9.836309524,3.8829,"P0137","EC_0111.jpg"
"6634",6.041666667,3.3239,"P0137","EC_0239.jpg"
"6635",9.650297619,4.7663,"P0137","EC_0022.jpg"
"6636",0.238095238,2.6272,"P0137","EC_0187.jpeg"
"6637",7.046130952,2.8483,"P0137","EC_0060.jpg"
"6638",7.994791667,2.65,"P0137","EC_0203.jpg"
"6639",8.031994048,3.0457,"P0137","EC_0152.jpg"
"6640",7.083333333,4.1555,"P0137","EC_0031.jpg"
"6641",8.050595238,2.8175,"P0137","EC_0086.jpg"
"6642",0.29389881,4.7684,"P0137","EC_0019.jpg"
"6643",6.990327381,3.261,"P0137","EC_0162.jpg"
"6644",9.947916667,3.1649,"P0137","EC_0103.jpg"
"6645",7.920386905,3.6441,"P0137","EC_0097.jpg"
"6646",5.967261905,3.9123,"P0137","EC_0095.jpg"
"6647",9.427083333,3.6614,"P0137","EC_0180.jpg"
"6648",4.869791667,3.0396,"P0137","EC_0154.jpg"
"6649",2.972470238,4.0465,"P0137","EC_0242.jpg"
"6650",7.920386905,3.013,"P0137","EC_0037.jpg"
"6651",0.033482143,3.0488,"P0137","EC_0113.jpg"
"6652",6.860119048,2.9452,"P0137","EC_0172.jpg"
"6653",1.07514881,3.3881,"P0137","EC_0150.jpg"
"6654",9.092261905,7.2124,"P0137","EC_0250.jpg"
"6655",6.767113095,4.7628,"P0137","EC_0082.jpg"
"6656",7.771577381,2.8867,"P0137","EC_0157.jpg"
"6657",9.6875,2.8209,"P0137","EC_0202.jpg"
"6658",5.948660714,2.9351,"P0137","EC_0246.jpg"
"6659",6.915922619,3.6465,"P0137","EC_0176.jpg"
"6660",7.71577381,3.3287,"P0137","EC_0148.jpg"
"6661",5.055803571,3.1728,"P0137","EC_0089.jpg"
"6662",8.14360119,3.2141,"P0137","EC_0061.jpg"
"6663",6.004464286,3.0954,"P0137","EC_0231.jpg"
"6664",6.915922619,2.8987,"P0137","EC_0244.jpg"
"6665",9.148065476,3.2711,"P0137","EC_0068.jpg"
"6666",5,4.5862,"P0137","EC_0211.jpg"
"6667",7.027529762,6.9062,"P0137","EC_0081.jpg"
"6668",4.906994048,6.1403,"P0137","EC_0048.jpg"
"6669",8.738839286,3.9993,"P0137","EC_0125.jpeg"
"6670",6.860119048,6.3097,"P0137","EC_0184.jpg"
"6671",7.976190476,8.735,"P0137","EC_0076.jpg"
"6672",9.575892857,8.233,"P0137","EC_0010.jpg"
"6673",8.943452381,2.6377,"P0137","EC_0065.jpg"
"6674",7.008928571,2.8664,"P0137","EC_0206.png"
"6675",9.836309524,3.6576,"P0137","EC_0079.jpg"
"6676",3.976934524,3.0764,"P0137","EC_0171.jpg"
"6677",3.046875,3.3911,"P0137","EC_0049.jpg"
"6678",2.953869048,4.3464,"P0137","EC_0121.jpg"
"6679",7.994791667,3.2997,"P0137","EC_0067.jpg"
"6680",9.966517857,4.0679,"P0137","EC_0009.jpg"
"6681",9.873511905,4.1826,"P0137","EC_0249.jpg"
"6682",5.037202381,4.8008,"P0137","EC_0090.jpg"
"6683",0.982142857,3.8307,"P0137","EC_0053.jpg"
"6684",6.97172619,3.2422,"P0137","EC_0140.jpg"
"6685",2.991071429,3.8817,"P0137","EC_0038.jpg"
"6686",6.990327381,5.1111,"P0137","EC_0100.jpg"
"6687",5.79985119,3.1284,"P0137","EC_0227.jpg"
"6688",8.069196429,2.3535,"P0137","EC_0104.jpg"
"6689",5.911458333,3.2509,"P0137","EC_0181.jpg"
"6690",9.985119048,4.0676,"P0137","EC_0072.jpg"
"6691",7.046130952,3.5876,"P0137","EC_0069.jpg"
"6692",1.968005952,2.9185,"P0137","EC_0210.jpg"
"6693",9.929315476,3.0185,"P0137","EC_0106.jpg"
"6694",9.873511905,3.3872,"P0137","EC_0240.jpg"
"6695",0.944940476,3.117,"P0137","EC_0165.jpg"
"6696",3.995535714,4.3041,"P0137","EC_0042.jpg"
"6697",8.92485119,3.8828,"P0137","EC_0062.jpg"
"6698",5.037202381,3.564,"P0137","EC_0028.jpg"
"6699",5.985863095,4.2889,"P0137","EC_0182.jpg"
"6700",9.836309524,5.2424,"P0137","EC_0092.jpg"
"6701",7.734375,3.2423,"P0137","EC_0041.jpg"
"6702",7.101934524,4.6469,"P0137","EC_0136.jpg"
"6703",7.864583333,2.9335,"P0137","EC_0166.jpg"
"6704",8.850446429,2.999,"P0137","EC_0124.jpeg"
"6705",5.948660714,3.8621,"P0137","EC_0115.jpg"
"6706",9.910714286,17.9145,"P0137","EC_0020.jpg"
"6707",8.776041667,3.0925,"P0137","EC_0050.jpg"
"6708",0.814732143,3.7135,"P0137","EC_0030.jpg"
"6709",6.990327381,3.2261,"P0137","EC_0013.jpg"
"6710",3.716517857,3.9799,"P0137","EC_0174.jpg"
"6711",8.88764881,2.8069,"P0137","EC_0070.jpg"
"6712",5.874255952,2.8426,"P0137","EC_0006.jpg"
"6713",2.935267857,4.7705,"P0137","EC_0156.jpg"
"6714",0,4.4226,"P0137","EC_0229.jpg"
"6715",2.972470238,4.569,"P0137","EC_0131.jpg"
"6716",6.767113095,2.8576,"P0137","EC_0141.jpg"
"6717",8.962053571,3.0547,"P0137","EC_0066.jpg"
"6718",5.01860119,3.1933,"P0137","EC_0201.jpg"
"6719",4.032738095,4.829,"P0137","EC_0129.jpeg"
"6720",9.036458333,4.8095,"P0137","EC_0119.jpg"
"6721",3.046875,4.2827,"P0147","EC_0121.jpg"
"6722",5.074404762,2.8059,"P0147","EC_0100.jpg"
"6723",5.967261905,3.2162,"P0147","EC_0236.jpg"
"6724",5.892857143,3.2778,"P0147","EC_0244.jpg"
"6725",7.027529762,2.696,"P0147","EC_0083.jpg"
"6726",4.906994048,2.85,"P0147","EC_0140.jpg"
"6727",7.101934524,2.7659,"P0147","EC_0098.jpg"
"6728",6.023065476,2.6058,"P0147","EC_0020.jpg"
"6729",7.027529762,2.9808,"P0147","EC_0018.jpg"
"6730",6.134672619,2.4538,"P0147","EC_0115.jpg"
"6731",5.111607143,3.2494,"P0147","EC_0101.jpg"
"6732",4.144345238,3.2466,"P0147","EC_0090.jpg"
"6733",6.023065476,4.1234,"P0147","EC_0120.jpg"
"6734",4.98139881,2.6437,"P0147","EC_0040.jpg"
"6735",6.97172619,3.0545,"P0147","EC_0156.jpg"
"6736",3.06547619,4.0398,"P0147","EC_0180.jpg"
"6737",7.008928571,2.6438,"P0147","EC_0243.jpg"
"6738",4.925595238,3.5554,"P0147","EC_0241.jpg"
"6739",5.892857143,2.6205,"P0147","EC_0060.jpg"
"6740",5.930059524,2.7711,"P0147","EC_0247.jpg"
"6741",5.01860119,2.7981,"P0147","EC_0056.jpg"
"6742",4.962797619,3.3099,"P0147","EC_0201.jpg"
"6743",8.031994048,2.4892,"P0147","EC_0210.jpg"
"6744",4.98139881,4.2705,"P0147","EC_0245.jpg"
"6745",6.004464286,5.4006,"P0147","EC_0077.jpg"
"6746",4.98139881,2.3621,"P0147","EC_0238.jpg"
"6747",6.004464286,4.5536,"P0147","EC_0248.jpg"
"6748",5.01860119,2.6431,"P0147","EC_0240.jpg"
"6749",5.930059524,3.3637,"P0147","EC_0163.jpg"
"6750",5.037202381,3.4878,"P0147","EC_0226.jpg"
"6751",5.967261905,3.6537,"P0147","EC_0198.jpg"
"6752",6.897321429,3.6378,"P0147","EC_0209.jpg"
"6753",8.031994048,5.1094,"P0147","EC_0196.jpg"
"6754",3.939732143,3.0856,"P0147","EC_0131.jpg"
"6755",7.938988095,3.1147,"P0147","EC_0157.jpg"
"6756",4.906994048,2.8219,"P0147","EC_0054.jpg"
"6757",8.031994048,3.3039,"P0147","EC_0076.jpg"
"6758",7.883184524,3.4713,"P0147","EC_0007.jpg"
"6759",8.850446429,3.3549,"P0147","EC_0072.jpg"
"6760",4.962797619,2.9101,"P0147","EC_0181.jpg"
"6761",4.888392857,3.063,"P0147","EC_0169.png"
"6762",6.15327381,2.2289,"P0147","EC_0046.jpg"
"6763",5.930059524,4.2702,"P0147","EC_0230.jpg"
"6764",4.925595238,2.3975,"P0147","EC_0062.jpg"
"6765",4.925595238,2.191,"P0147","EC_0213.jpg"
"6766",8.88764881,3.2768,"P0147","EC_0008.jpg"
"6767",7.883184524,2.8531,"P0147","EC_0081.jpg"
"6768",6.041666667,2.8541,"P0147","EC_0028.jpg"
"6769",6.041666667,2.6802,"P0147","EC_0141.jpg"
"6770",3.939732143,3.4978,"P0147","EC_0036.jpeg"
"6771",4.032738095,3.7774,"P0147","EC_0124.jpeg"
"6772",8.88764881,3.0734,"P0147","EC_0034.jpg"
"6773",7.008928571,3.0055,"P0147","EC_0132.jpg"
"6774",6.93452381,2.9711,"P0147","EC_0235.jpg"
"6775",6.915922619,3.3565,"P0147","EC_0085.jpg"
"6776",6.915922619,2.2715,"P0147","EC_0168.jpeg"
"6777",4.925595238,3.2049,"P0147","EC_0027.jpg"
"6778",5.985863095,2.805,"P0147","EC_0135.jpg"
"6779",5.01860119,3.0311,"P0147","EC_0197.jpg"
"6780",6.060267857,2.6046,"P0147","EC_0242.jpg"
"6781",5.985863095,2.3558,"P0147","EC_0172.jpg"
"6782",7.920386905,3.1745,"P0147","EC_0074.jpg"
"6783",4.181547619,2.8537,"P0147","EC_0128.jpeg"
"6784",7.064732143,3.3451,"P0147","EC_0079.jpg"
"6785",4.888392857,2.829,"P0147","EC_0250.jpg"
"6786",5.074404762,2.3287,"P0147","EC_0177.jpg"
"6787",5.074404762,2.3807,"P0147","EC_0171.jpg"
"6788",4.162946429,3.0036,"P0147","EC_0103.jpg"
"6789",5.930059524,2.4964,"P0147","EC_0139.png"
"6790",8.087797619,2.6304,"P0147","EC_0174.jpg"
"6791",6.097470238,2.7806,"P0147","EC_0012.jpg"
"6792",6.990327381,2.6178,"P0147","EC_0096.jpg"
"6793",3.902529762,4.0844,"P0147","EC_0161.jpg"
"6794",1.130952381,3.1235,"P0147","EC_0033.jpeg"
"6795",1.149553571,6.5669,"P0147","EC_0227.jpg"
"6796",5.967261905,2.6626,"P0147","EC_0013.jpg"
"6797",4.906994048,2.521,"P0147","EC_0206.png"
"6798",7.864583333,3.5526,"P0147","EC_0205.jpg"
"6799",6.023065476,3.6481,"P0147","EC_0061.jpg"
"6800",7.790178571,3.1695,"P0147","EC_0188.jpg"
"6801",4.98139881,3.2857,"P0147","EC_0204.jpg"
"6802",5.037202381,2.5417,"P0147","EC_0022.jpg"
"6803",5.874255952,2.6193,"P0147","EC_0002.jpg"
"6804",4.888392857,2.1707,"P0147","EC_0055.jpg"
"6805",6.060267857,2.4773,"P0147","EC_0053.jpg"
"6806",5.818452381,2.9169,"P0147","EC_0219.jpg"
"6807",6.897321429,2.327,"P0147","EC_0173.jpg"
"6808",6.023065476,3.1333,"P0147","EC_0229.jpg"
"6809",5.855654762,4.6033,"P0147","EC_0108.jpg"
"6810",8.10639881,2.6066,"P0147","EC_0118.jpg"
"6811",7.938988095,2.9373,"P0147","EC_0138.png"
"6812",4.869791667,2.6476,"P0147","EC_0088.jpg"
"6813",6.004464286,2.4864,"P0147","EC_0070.jpg"
"6814",7.046130952,2.5624,"P0147","EC_0041.jpg"
"6815",6.078869048,3.1156,"P0147","EC_0170.jpg"
"6816",5.948660714,2.2899,"P0147","EC_0119.jpg"
"6817",6.953125,4.2028,"P0147","EC_0185.jpg"
"6818",5.01860119,2.5107,"P0147","EC_0153.jpg"
"6819",5,2.7775,"P0147","EC_0068.jpg"
"6820",5,2.2059,"P0147","EC_0148.jpg"
"6821",5.037202381,2.5556,"P0147","EC_0162.jpg"
"6822",6.004464286,2.4901,"P0147","EC_0093.jpg"
"6823",5.930059524,3.3713,"P0147","EC_0015.jpg"
"6824",3.06547619,2.9029,"P0147","EC_0058.jpg"
"6825",5.130208333,2.4147,"P0147","EC_0105.jpg"
"6826",4.98139881,2.5914,"P0147","EC_0134.jpg"
"6827",7.957589286,2.5739,"P0147","EC_0116.jpg"
"6828",4.962797619,2.6223,"P0147","EC_0011.jpg"
"6829",5.874255952,3.1572,"P0147","EC_0200.png"
"6830",6.078869048,2.3544,"P0147","EC_0152.jpg"
"6831",4.962797619,2.5136,"P0147","EC_0005.jpg"
"6832",5.818452381,2.8304,"P0147","EC_0123.jpeg"
"6833",6.023065476,2.5977,"P0147","EC_0223.jpg"
"6834",7.027529762,2.8257,"P0147","EC_0193.png"
"6835",7.957589286,2.6615,"P0147","EC_0117.jpg"
"6836",6.004464286,2.9559,"P0147","EC_0164.jpg"
"6837",6.915922619,3.2546,"P0147","EC_0067.jpg"
"6838",6.897321429,2.5367,"P0147","EC_0066.jpg"
"6839",5.037202381,3.3715,"P0147","EC_0064.jpg"
"6840",5.985863095,2.5065,"P0147","EC_0082.jpg"
"6841",5.01860119,2.4054,"P0147","EC_0187.jpeg"
"6842",5.01860119,2.1418,"P0147","EC_0165.jpg"
"6843",5.892857143,2.1888,"P0147","EC_0137.jpg"
"6844",5,2.7938,"P0147","EC_0199.jpg"
"6845",8.050595238,3.6264,"P0147","EC_0009.jpg"
"6846",5.01860119,2.6079,"P0147","EC_0059.jpg"
"6847",6.15327381,2.7023,"P0147","EC_0086.jpg"
"6848",8.92485119,2.8893,"P0147","EC_0037.jpg"
"6849",5.837053571,2.5575,"P0147","EC_0039.jpg"
"6850",4.925595238,3.5274,"P0147","EC_0129.jpeg"
"6851",9.055059524,3.0109,"P0147","EC_0136.jpg"
"6852",8.776041667,2.1485,"P0147","EC_0057.jpeg"
"6853",6.860119048,2.8377,"P0147","EC_0228.jpg"
"6854",5.892857143,3.0229,"P0147","EC_0160.jpg"
"6855",5.892857143,2.6222,"P0147","EC_0158.jpg"
"6856",7.027529762,2.8703,"P0147","EC_0016.jpg"
"6857",4.032738095,3.6478,"P0147","EC_0222.jpg"
"6858",1.930803571,3.46,"P0147","EC_0194.jpg"
"6859",7.101934524,3.4132,"P0147","EC_0050.jpg"
"6860",5.055803571,2.5017,"P0147","EC_0166.jpg"
"6861",5.948660714,2.2667,"P0147","EC_0246.jpg"
"6862",7.957589286,3.0866,"P0147","EC_0065.jpg"
"6863",6.060267857,2.6963,"P0147","EC_0029.jpg"
"6864",3.902529762,3.4118,"P0147","EC_0089.jpg"
"6865",4.98139881,3.131,"P0147","EC_0092.jpg"
"6866",3.902529762,3.1047,"P0147","EC_0071.jpg"
"6867",3.939732143,3.2481,"P0147","EC_0109.jpg"
"6868",3.02827381,3.4771,"P0147","EC_0095.jpg"
"6869",4.032738095,3.8535,"P0147","EC_0150.jpg"
"6870",5.093005952,2.6298,"P0147","EC_0094.jpg"
"6871",8.92485119,3.9018,"P0147","EC_0073.jpg"
"6872",10,3.4391,"P0147","EC_0133.jpg"
"6873",6.078869048,2.4236,"P0147","EC_0183.jpg"
"6874",5.01860119,2.2932,"P0147","EC_0214.jpg"
"6875",5.01860119,2.1238,"P0147","EC_0017.jpg"
"6876",5.01860119,2.4962,"P0147","EC_0239.jpg"
"6877",4.088541667,2.8529,"P0147","EC_0221.jpg"
"6878",4.962797619,2.1992,"P0147","EC_0224.jpg"
"6879",4.21875,2.8394,"P0147","EC_0231.jpg"
"6880",2.972470238,3.0453,"P0147","EC_0159.jpg"
"6881",3.921130952,2.9595,"P0147","EC_0147.png"
"6882",6.134672619,2.7236,"P0147","EC_0069.jpg"
"6883",4.014136905,3.1025,"P0147","EC_0038.jpg"
"6884",3.046875,2.7391,"P0147","EC_0001.jpg"
"6885",3.958333333,3.8524,"P0147","EC_0233.jpg"
"6886",10,2.9884,"P0147","EC_0080.jpg"
"6887",9.017857143,2.6889,"P0147","EC_0207.jpg"
"6888",5,2.6722,"P0147","EC_0195.jpg"
"6889",5.148809524,2.2117,"P0147","EC_0176.jpg"
"6890",5.985863095,2.6946,"P0147","EC_0010.jpg"
"6891",4.032738095,3.521,"P0147","EC_0097.jpg"
"6892",3.939732143,2.5723,"P0147","EC_0019.jpg"
"6893",1.019345238,4.4535,"P0147","EC_0111.jpg"
"6894",5,4.852,"P0147","EC_0232.jpg"
"6895",6.878720238,3.557,"P0147","EC_0099.jpg"
"6896",5.01860119,2.6706,"P0147","EC_0154.jpg"
"6897",5,3.0427,"P0147","EC_0142.jpg"
"6898",6.93452381,3.3925,"P0147","EC_0104.jpg"
"6899",4.906994048,2.999,"P0147","EC_0234.jpg"
"6900",5.948660714,4.6369,"P0147","EC_0044.jpg"
"6901",8.069196429,4.0359,"P0147","EC_0031.jpg"
"6902",6.97172619,2.6472,"P0147","EC_0102.jpg"
"6903",5.855654762,2.5198,"P0147","EC_0202.jpg"
"6904",5.874255952,2.3972,"P0147","EC_0182.jpg"
"6905",9.110863095,3.1881,"P0147","EC_0211.jpg"
"6906",3.995535714,3.1222,"P0147","EC_0184.jpg"
"6907",5.948660714,3.4524,"P0147","EC_0106.jpg"
"6908",6.116071429,5.6942,"P0147","EC_0249.jpg"
"6909",6.915922619,4.2678,"P0147","EC_0051.jpg"
"6910",6.116071429,2.4863,"P0147","EC_0047.jpg"
"6911",7.976190476,3.1416,"P0147","EC_0125.jpeg"
"6912",6.023065476,2.5054,"P0147","EC_0032.jpg"
"6913",8.125,3.297,"P0147","EC_0030.jpg"
"6914",5.01860119,2.671,"P0147","EC_0237.jpg"
"6915",6.97172619,3.1724,"P0147","EC_0042.jpg"
"6916",5.055803571,2.6902,"P0147","EC_0167.jpg"
"6917",5.874255952,2.9877,"P0147","EC_0003.jpg"
"6918",7.194940476,3.0706,"P0147","EC_0151.jpg"
"6919",5.78125,3.2282,"P0147","EC_0024.jpg"
"6920",6.004464286,3.7699,"P0147","EC_0075.jpg"
"6921",4.944196429,2.6084,"P0147","EC_0049.jpg"
"6922",3.976934524,2.3101,"P0147","EC_0113.jpg"
"6923",4.944196429,2.8715,"P0147","EC_0084.jpg"
"6924",7.120535714,3.0076,"P0147","EC_0048.jpg"
"6925",5.967261905,3.9855,"P0147","EC_0203.jpg"
"6926",7.938988095,2.5983,"P0147","EC_0149.jpg"
"6927",7.920386905,2.9875,"P0147","EC_0014.jpg"
"6928",7.120535714,3.2233,"P0147","EC_0063.jpg"
"6929",4.869791667,2.9591,"P0147","EC_0087.jpg"
"6930",5.186011905,2.211,"P0147","EC_0006.jpg"
"6931",7.152777778,2.5247,"P0149","EC_0177.jpg"
"6932",7.847222222,2.8909,"P0149","EC_0156.jpg"
"6933",4.801587302,2.6519,"P0149","EC_0058.jpg"
"6934",6.438492063,2.2454,"P0149","EC_0018.jpg"
"6935",6.19047619,2.8679,"P0149","EC_0015.jpg"
"6936",6.984126984,2.5348,"P0149","EC_0016.jpg"
"6937",4.990079365,3.3236,"P0149","EC_0241.jpg"
"6938",8.73015873,5.3454,"P0149","EC_0080.jpg"
"6939",6.904761905,2.4511,"P0149","EC_0098.jpg"
"6940",6.19047619,2.3392,"P0149","EC_0048.jpg"
"6941",7.688492063,2.8596,"P0149","EC_0164.jpg"
"6942",5.476190476,2.4614,"P0149","EC_0123.jpeg"
"6943",6.527777778,3.615,"P0149","EC_0076.jpg"
"6944",7.202380952,2.763,"P0149","EC_0022.jpg"
"6945",7.837301587,2.8478,"P0149","EC_0138.png"
"6946",4.43452381,4.3344,"P0149","EC_0199.jpg"
"6947",6.041666667,2.2739,"P0149","EC_0209.jpg"
"6948",5.744047619,2.8398,"P0149","EC_0040.jpg"
"6949",6.93452381,2.2735,"P0149","EC_0180.jpg"
"6950",7.083333333,2.1094,"P0149","EC_0084.jpg"
"6951",4.970238095,2.1314,"P0149","EC_0001.jpg"
"6952",6.587301587,1.8633,"P0149","EC_0096.jpg"
"6953",7.202380952,1.9994,"P0149","EC_0039.jpg"
"6954",9.027777778,3.008,"P0149","EC_0174.jpg"
"6955",4.047619048,1.639,"P0149","EC_0187.jpeg"
"6956",6.081349206,2.4736,"P0149","EC_0089.jpg"
"6957",1.597222222,5.5766,"P0149","EC_0121.jpg"
"6958",6.557539683,2.8858,"P0149","EC_0231.jpg"
"6959",7.5,3.7216,"P0149","EC_0200.png"
"6960",6.765873016,2.2383,"P0149","EC_0237.jpg"
"6961",8.373015873,2.4852,"P0149","EC_0006.jpg"
"6962",6.28968254,2.4931,"P0149","EC_0236.jpg"
"6963",6.85515873,2.5735,"P0149","EC_0182.jpg"
"6964",5.267857143,3.3133,"P0149","EC_0128.jpeg"
"6965",8.462301587,3.0519,"P0149","EC_0137.jpg"
"6966",8.323412698,4.8475,"P0149","EC_0063.jpg"
"6967",6.378968254,2.2511,"P0149","EC_0118.jpg"
"6968",7.847222222,1.8165,"P0149","EC_0033.jpeg"
"6969",4.41468254,2.2405,"P0149","EC_0010.jpg"
"6970",1.279761905,3.1283,"P0149","EC_0226.jpg"
"6971",7.619047619,8.8703,"P0149","EC_0069.jpg"
"6972",5.208333333,2.4227,"P0149","EC_0100.jpg"
"6973",3.78968254,2.9397,"P0149","EC_0115.jpg"
"6974",1.468253968,2.5172,"P0149","EC_0235.jpg"
"6975",5.873015873,2.2289,"P0149","EC_0203.jpg"
"6976",3.16468254,2.1893,"P0149","EC_0198.jpg"
"6977",6.984126984,2.6739,"P0149","EC_0011.jpg"
"6978",6.984126984,1.8112,"P0149","EC_0134.jpg"
"6979",3.601190476,2.0236,"P0149","EC_0129.jpeg"
"6980",7.192460317,1.999,"P0149","EC_0104.jpg"
"6981",2.251984127,3.522,"P0149","EC_0088.jpg"
"6982",9.176587302,2.9926,"P0149","EC_0163.jpg"
"6983",9.037698413,4.408,"P0149","EC_0117.jpg"
"6984",5.287698413,1.9908,"P0149","EC_0036.jpeg"
"6985",6.111111111,1.9289,"P0149","EC_0041.jpg"
"6986",6.23015873,2.6396,"P0149","EC_0170.jpg"
"6987",7.430555556,2.5121,"P0149","EC_0072.jpg"
"6988",5.555555556,3.2742,"P0149","EC_0073.jpg"
"6989",2.708333333,3.1456,"P0149","EC_0059.jpg"
"6990",4.097222222,2.4728,"P0149","EC_0049.jpg"
"6991",4.841269841,2.7307,"P0149","EC_0075.jpg"
"6992",7.430555556,1.9057,"P0149","EC_0224.jpg"
"6993",9.037698413,3.4577,"P0149","EC_0207.jpg"
"6994",6.805555556,2.1953,"P0149","EC_0154.jpg"
"6995",5.158730159,2.0114,"P0149","EC_0136.jpg"
"6996",3.621031746,2.7573,"P0149","EC_0158.jpg"
"6997",2.619047619,2.4436,"P0149","EC_0027.jpg"
"6998",5.069444444,2.2059,"P0149","EC_0132.jpg"
"6999",3.700396825,2.3135,"P0149","EC_0120.jpg"
"7000",6.646825397,2.0746,"P0149","EC_0248.jpg"
"7001",8.591269841,2.91,"P0149","EC_0234.jpg"
"7002",5.178571429,1.7388,"P0149","EC_0222.jpg"
"7003",3.878968254,1.7613,"P0149","EC_0093.jpg"
"7004",4.533730159,2.5581,"P0149","EC_0142.jpg"
"7005",6.180555556,1.7326,"P0149","EC_0034.jpg"
"7006",0.257936508,3.1649,"P0149","EC_0194.jpg"
"7007",1.785714286,2.5488,"P0149","EC_0067.jpg"
"7008",4.801587302,1.7664,"P0149","EC_0196.jpg"
"7009",3.680555556,2.2594,"P0149","EC_0079.jpg"
"7010",4.950396825,4.1587,"P0149","EC_0188.jpg"
"7011",4.265873016,2.0071,"P0149","EC_0229.jpg"
"7012",5.248015873,1.7499,"P0149","EC_0148.jpg"
"7013",6.498015873,2.8416,"P0149","EC_0050.jpg"
"7014",3.928571429,1.8174,"P0149","EC_0055.jpg"
"7015",5.396825397,1.9706,"P0149","EC_0152.jpg"
"7016",2.946428571,1.8201,"P0149","EC_0139.png"
"7017",1.974206349,2.5514,"P0149","EC_0249.jpg"
"7018",5.208333333,2.3417,"P0149","EC_0099.jpg"
"7019",5.01984127,2.3243,"P0149","EC_0057.jpeg"
"7020",6.537698413,1.7678,"P0149","EC_0081.jpg"
"7021",8.373015873,2.057,"P0149","EC_0071.jpg"
"7022",6.23015873,2.4346,"P0149","EC_0223.jpg"
"7023",9.623015873,2.7923,"P0149","EC_0062.jpg"
"7024",7.966269841,2.633,"P0149","EC_0167.jpg"
"7025",6.517857143,1.8943,"P0149","EC_0005.jpg"
"7026",4.751984127,2.3849,"P0149","EC_0184.jpg"
"7027",7.033730159,2.9685,"P0149","EC_0214.jpg"
"7028",6.805555556,3.0683,"P0149","EC_0102.jpg"
"7029",3.432539683,2.2502,"P0149","EC_0032.jpg"
"7030",5.753968254,2.3684,"P0149","EC_0090.jpg"
"7031",4.712301587,1.8066,"P0149","EC_0095.jpg"
"7032",6.597222222,1.8043,"P0149","EC_0108.jpg"
"7033",1.825396825,2.4291,"P0149","EC_0124.jpeg"
"7034",3.948412698,1.8389,"P0149","EC_0151.jpg"
"7035",0.892857143,2.2569,"P0149","EC_0247.jpg"
"7036",6.676587302,2.778,"P0149","EC_0065.jpg"
"7037",4.732142857,2.4727,"P0149","EC_0038.jpg"
"7038",8.819444444,2.9319,"P0149","EC_0106.jpg"
"7039",6.696428571,2.0224,"P0149","EC_0242.jpg"
"7040",8.501984127,1.9136,"P0149","EC_0061.jpg"
"7041",9.751984127,3.0451,"P0149","EC_0157.jpg"
"7042",7.767857143,1.7904,"P0149","EC_0070.jpg"
"7043",1.339285714,2.5894,"P0149","EC_0161.jpg"
"7044",3.551587302,1.7605,"P0149","EC_0113.jpg"
"7045",1.646825397,2.1558,"P0149","EC_0166.jpg"
"7046",4.930555556,3.3793,"P0149","EC_0141.jpg"
"7047",8.462301587,2.3797,"P0149","EC_0013.jpg"
"7048",5.446428571,1.7237,"P0149","EC_0109.jpg"
"7049",7.162698413,2.456,"P0149","EC_0092.jpg"
"7050",7.628968254,2.0005,"P0149","EC_0245.jpg"
"7051",8.859126984,2.5912,"P0149","EC_0030.jpg"
"7052",3.918650794,2.3969,"P0149","EC_0165.jpg"
"7053",8.76984127,2.5806,"P0149","EC_0168.jpeg"
"7054",4.087301587,1.6915,"P0149","EC_0019.jpg"
"7055",1.676587302,2.6228,"P0149","EC_0202.jpg"
"7056",5.912698413,1.7595,"P0149","EC_0051.jpg"
"7057",9.484126984,2.2812,"P0149","EC_0017.jpg"
"7058",4.503968254,1.7913,"P0149","EC_0185.jpg"
"7059",0.823412698,1.8317,"P0149","EC_0020.jpg"
"7060",6.865079365,2.3846,"P0149","EC_0105.jpg"
"7061",3.253968254,2.0223,"P0149","EC_0238.jpg"
"7062",1.468253968,2.0292,"P0149","EC_0002.jpg"
"7063",5.873015873,1.9424,"P0149","EC_0060.jpg"
"7064",8.194444444,1.7953,"P0149","EC_0008.jpg"
"7065",2.410714286,2.0573,"P0149","EC_0103.jpg"
"7066",9.305555556,2.2417,"P0149","EC_0201.jpg"
"7067",4.503968254,1.572,"P0149","EC_0053.jpg"
"7068",1.021825397,1.9649,"P0149","EC_0211.jpg"
"7069",8.700396825,1.9835,"P0149","EC_0140.jpg"
"7070",3.968253968,1.6312,"P0149","EC_0150.jpg"
"7071",6.984126984,1.6561,"P0149","EC_0149.jpg"
"7072",8.908730159,2.4412,"P0149","EC_0159.jpg"
"7073",4.424603175,2.4492,"P0149","EC_0228.jpg"
"7074",8.283730159,2.4974,"P0149","EC_0181.jpg"
"7075",4.861111111,1.5971,"P0149","EC_0210.jpg"
"7076",5.128968254,2.1482,"P0149","EC_0147.png"
"7077",6.160714286,2.2911,"P0149","EC_0135.jpg"
"7078",4.771825397,1.7758,"P0149","EC_0171.jpg"
"7079",2.301587302,2.7399,"P0149","EC_0101.jpg"
"7080",4.325396825,1.5661,"P0149","EC_0246.jpg"
"7081",3.25239547,2.3705,"P0149","EC_0064.jpg"
"7082",2.06554878,2.1721,"P0149","EC_0047.jpg"
"7083",5.3103223,1.8243,"P0149","EC_0153.jpg"
"7084",2.664416376,2.1493,"P0149","EC_0054.jpg"
"7085",7.912674216,2.3921,"P0149","EC_0083.jpg"
"7086",5.114329268,1.5207,"P0149","EC_0068.jpg"
"7087",7.041594077,1.6471,"P0149","EC_0082.jpg"
"7088",5.016332753,1.6121,"P0149","EC_0111.jpg"
"7089",2.653527875,3.1555,"P0149","EC_0244.jpg"
"7090",5.484538328,1.8892,"P0149","EC_0239.jpg"
"7091",1.074695122,2.3388,"P0149","EC_0056.jpg"
"7092",5.887412892,1.7666,"P0149","EC_0193.png"
"7093",3.644381533,2.3462,"P0149","EC_0028.jpg"
"7094",8.478876307,2.3081,"P0149","EC_0205.jpg"
"7095",5.952743902,1.755,"P0149","EC_0227.jpg"
"7096",8.968858885,2.7671,"P0149","EC_0240.jpg"
"7097",6.540722997,1.972,"P0149","EC_0009.jpg"
"7098",5.266768293,1.7309,"P0149","EC_0044.jpg"
"7099",9.556837979,2.0055,"P0149","EC_0046.jpg"
"7100",3.93837108,1.4615,"P0149","EC_0206.png"
"7101",6.181402439,1.4495,"P0149","EC_0213.jpg"
"7102",9.524172474,2.5512,"P0149","EC_0087.jpg"
"7103",2.664416376,2.4126,"P0149","EC_0119.jpg"
"7104",5.266768293,1.645,"P0149","EC_0172.jpg"
"7105",2.718858885,1.5156,"P0149","EC_0232.jpg"
"7106",1.031141115,1.6213,"P0149","EC_0131.jpg"
"7107",3.818597561,1.5177,"P0149","EC_0094.jpg"
"7108",2.174433798,1.4337,"P0149","EC_0085.jpg"
"7109",5.56075784,1.6244,"P0149","EC_0133.jpg"
"7110",2.664416376,1.5596,"P0149","EC_0197.jpg"
"7111",7.738458188,1.5709,"P0149","EC_0176.jpg"
"7112",3.056402439,1.3821,"P0149","EC_0125.jpeg"
"7113",7.640461672,1.5544,"P0149","EC_0230.jpg"
"7114",1.423127178,2.4682,"P0149","EC_0042.jpg"
"7115",8.718423345,1.5653,"P0149","EC_0029.jpg"
"7116",7.988893728,2.533,"P0149","EC_0014.jpg"
"7117",6.322952962,1.5807,"P0149","EC_0097.jpg"
"7118",9.197517422,2.2548,"P0149","EC_0007.jpg"
"7119",5.506315331,1.5425,"P0149","EC_0024.jpg"
"7120",7.106925087,1.5825,"P0149","EC_0169.png"
"7121",3.546385017,1.489,"P0149","EC_0162.jpg"
"7122",5.342987805,1.4568,"P0149","EC_0195.jpg"
"7123",7.694904181,1.456,"P0149","EC_0221.jpg"
"7124",1.194468641,1.1996,"P0149","EC_0003.jpg"
"7125",6.344729965,1.3384,"P0149","EC_0219.jpg"
"7126",3.698824042,1.3375,"P0149","EC_0066.jpg"
"7127",8.576872822,2.0388,"P0149","EC_0116.jpg"
"7128",8.282883275,2.2382,"P0149","EC_0077.jpg"
"7129",4.036367596,1.3875,"P0149","EC_0012.jpg"
"7130",8.489764808,1.1736,"P0149","EC_0031.jpg"
"7131",6.148736934,3.5405,"P0149","EC_0086.jpg"
"7132",7.052482578,1.8274,"P0149","EC_0183.jpg"
"7133",9.164851916,1.507,"P0149","EC_0074.jpg"
"7134",5.201437282,1.391,"P0149","EC_0250.jpg"
"7135",6.976263066,1.4557,"P0149","EC_0160.jpg"
"7136",2.697081882,1.6724,"P0149","EC_0204.jpg"
"7137",5.930966899,1.4448,"P0149","EC_0037.jpg"
"7138",2.370426829,1.4373,"P0149","EC_0173.jpg"
"7139",8.696646341,1.4373,"P0149","EC_0243.jpg"
"7140",7.106925087,1.3874,"P0149","EC_0233.jpg"
"7141",5.208073245,5.347,"P0151","EC_0201.jpg"
"7142",6.917008399,4.334,"P0151","EC_0120.jpg"
"7143",2.904725103,4.5203,"P0151","EC_0019.jpg"
"7144",9.740466969,3.6331,"P0151","EC_0098.jpg"
"7145",2.979026415,2.8954,"P0151","EC_0141.jpg"
"7146",5.04089467,3.4529,"P0151","EC_0162.jpg"
"7147",8.217285093,2.7625,"P0151","EC_0233.jpg"
"7148",8.328737061,2.8466,"P0151","EC_0070.jpg"
"7149",6.69410197,3.4274,"P0151","EC_0214.jpg"
"7150",3.127630285,4.5991,"P0151","EC_0180.jpg"
"7151",3.071903678,4.729,"P0151","EC_0199.jpg"
"7152",1.623023737,3.3935,"P0151","EC_0229.jpg"
"7153",1.010036046,3.017,"P0151","EC_0062.jpg"
"7154",6.805556432,3.7736,"P0151","EC_0102.jpg"
"7155",5.653882361,2.4111,"P0151","EC_0050.jpg"
"7156",7.17706299,3.8392,"P0151","EC_0054.jpg"
"7157",0.805706816,3.8886,"P0151","EC_0147.png"
"7158",6.006814215,3.4044,"P0151","EC_0118.jpg"
"7159",7.715748122,2.3692,"P0151","EC_0182.jpg"
"7160",8.997451359,2.9503,"P0151","EC_0090.jpg"
"7161",1.938805559,3.9489,"P0151","EC_0152.jpg"
"7162",5.189497293,2.3536,"P0151","EC_0132.jpg"
"7163",4.948017407,2.5527,"P0151","EC_0003.jpg"
"7164",10,2.7555,"P0151","EC_0241.jpg"
"7165",10,2.6762,"P0151","EC_0173.jpg"
"7166",3.889220599,3.167,"P0151","EC_0005.jpg"
"7167",3.777768632,2.5617,"P0151","EC_0236.jpg"
"7168",10,2.6697,"P0151","EC_0103.jpg"
"7169",0.006964599,3.6371,"P0151","EC_0124.jpeg"
"7170",3.666315418,3.211,"P0151","EC_0076.jpg"
"7171",4.112125781,2.185,"P0151","EC_0224.jpg"
"7172",7.232789597,3.0049,"P0151","EC_0221.jpg"
"7173",6.954159055,4.5482,"P0151","EC_0121.jpg"
"7174",3.517712794,3.2948,"P0151","EC_0242.jpg"
"7175",1.140063965,2.8632,"P0151","EC_0087.jpg"
"7176",4.353605667,2.4962,"P0151","EC_0039.jpg"
"7177",10,2.5371,"P0151","EC_0226.jpg"
"7178",10,2.8956,"P0151","EC_0209.jpg"
"7179",2.458915987,3.3287,"P0151","EC_0012.jpg"
"7180",4.557934898,2.2638,"P0151","EC_0049.jpg"
"7181",10,2.3798,"P0151","EC_0059.jpg"
"7182",10,2.5533,"P0151","EC_0138.png"
"7183",10,3.3339,"P0151","EC_0185.jpg"
"7184",7.52999609,3.508,"P0151","EC_0053.jpg"
"7185",6.118266182,3.7885,"P0151","EC_0247.jpg"
"7186",4.817989488,3.1789,"P0151","EC_0219.jpg"
"7187",8.403038372,3.6859,"P0151","EC_0037.jpg"
"7188",3.053328974,2.4634,"P0151","EC_0153.jpg"
"7189",3.090479629,3.1267,"P0151","EC_0248.jpg"
"7190",6.768404529,2.6791,"P0151","EC_0188.jpg"
"7191",8.514491587,4.8331,"P0151","EC_0136.jpg"
"7192",9.146053982,3.0718,"P0151","EC_0222.jpg"
"7193",2.533217922,3.1479,"P0151","EC_0058.jpg"
"7194",5.430977179,3.329,"P0151","EC_0187.jpeg"
"7195",6.749829825,2.784,"P0151","EC_0244.jpg"
"7196",9.981946855,2.9453,"P0151","EC_0198.jpg"
"7197",10,2.4294,"P0151","EC_0010.jpg"
"7198",10,2.7365,"P0151","EC_0020.jpg"
"7199",4.725113472,4.178,"P0151","EC_0069.jpg"
"7200",0.025539927,3.3772,"P0151","EC_0142.jpg"
"7201",10,2.7227,"P0151","EC_0157.jpg"
"7202",5.059468127,2.7954,"P0151","EC_0204.jpg"
"7203",4.948017407,2.6951,"P0151","EC_0008.jpg"
"7204",8.087257174,2.6653,"P0151","EC_0028.jpg"
"7205",7.715748122,2.2465,"P0151","EC_0024.jpg"
"7206",7.938654551,2.2185,"P0151","EC_0029.jpg"
"7207",8.755971473,3.2122,"P0151","EC_0196.jpg"
"7208",10,2.613,"P0151","EC_0007.jpg"
"7209",5.802484984,2.5303,"P0151","EC_0047.jpg"
"7210",4.929442703,3.0368,"P0151","EC_0227.jpg"
"7211",7.660024009,2.6789,"P0151","EC_0013.jpg"
"7212",4.669386865,2.9117,"P0151","EC_0148.jpg"
"7213",9.498987083,2.795,"P0151","EC_0163.jpg"
"7214",3.926371255,3.6696,"P0151","EC_0123.jpeg"
"7215",9.889069592,3.1115,"P0151","EC_0172.jpg"
"7216",5.263797358,2.8631,"P0151","EC_0034.jpg"
"7217",5.338101164,2.084,"P0151","EC_0183.jpg"
"7218",9.796191082,3.238,"P0151","EC_0072.jpg"
"7219",8.12440783,3.425,"P0151","EC_0168.jpeg"
"7220",6.006814215,2.6465,"P0151","EC_0119.jpg"
"7221",6.043964871,2.1453,"P0151","EC_0160.jpg"
"7222",10,2.4407,"P0151","EC_0073.jpg"
"7223",5.319525212,3.5518,"P0151","EC_0171.jpg"
"7224",0.805706816,4.332,"P0151","EC_0113.jpg"
"7225",7.232789597,2.8196,"P0151","EC_0006.jpg"
"7226",4.130700486,3.1956,"P0151","EC_0048.jpg"
"7227",4.056399174,2.6175,"P0151","EC_0042.jpg"
"7228",3.071903678,3.1726,"P0151","EC_0193.png"
"7229",6.731252626,4.2344,"P0151","EC_0125.jpeg"
"7230",9.851918936,3.3511,"P0151","EC_0207.jpg"
"7231",4.000672567,3.3073,"P0151","EC_0108.jpg"
"7232",5.98823951,2.4963,"P0151","EC_0022.jpg"
"7233",5.245223901,3.0088,"P0151","EC_0097.jpg"
"7234",4.130700486,3.7778,"P0151","EC_0235.jpg"
"7235",8.495915635,2.6457,"P0151","EC_0041.jpg"
"7236",7.269940253,2.5603,"P0151","EC_0016.jpg"
"7237",7.139911087,2.5028,"P0151","EC_0018.jpg"
"7238",0.508500946,2.5955,"P0151","EC_0027.jpg"
"7239",3.146204989,2.7022,"P0151","EC_0174.jpg"
"7240",7.52999609,2.7268,"P0151","EC_0230.jpg"
"7241",3.034753022,3.4962,"P0151","EC_0176.jpg"
"7242",4.260728404,3.2704,"P0151","EC_0131.jpg"
"7243",9.721891017,3.3018,"P0151","EC_0151.jpg"
"7244",5.951088855,2.4033,"P0151","EC_0080.jpg"
"7245",6.434048627,2.8583,"P0151","EC_0205.jpg"
"7246",7.734325321,2.8924,"P0151","EC_0032.jpg"
"7247",10,2.5352,"P0151","EC_0057.jpeg"
"7248",9.554712443,2.7007,"P0151","EC_0137.jpg"
"7249",7.882927944,2.1868,"P0151","EC_0074.jpg"
"7250",6.879857744,2.4027,"P0151","EC_0249.jpg"
"7251",4.056399174,3.9015,"P0151","EC_0158.jpg"
"7252",4.83656544,2.8547,"P0151","EC_0106.jpg"
"7253",7.660024009,3.3546,"P0151","EC_0079.jpg"
"7254",8.291586405,2.2873,"P0151","EC_0100.jpg"
"7255",8.142983782,2.4861,"P0151","EC_0181.jpg"
"7256",9.889069592,3.2379,"P0151","EC_0009.jpg"
"7257",6.471199283,2.2913,"P0151","EC_0109.jpg"
"7258",7.771475977,2.9007,"P0151","EC_0200.png"
"7259",6.954159055,3.2354,"P0151","EC_0084.jpg"
"7260",9.666165657,2.5925,"P0151","EC_0093.jpg"
"7261",10,2.7556,"P0151","EC_0223.jpg"
"7262",5.319525212,2.4762,"P0151","EC_0086.jpg"
"7263",6.786980481,3.1744,"P0151","EC_0111.jpg"
"7264",7.047036318,2.339,"P0151","EC_0056.jpg"
"7265",8.180134437,2.5508,"P0151","EC_0115.jpg"
"7266",6.266870052,3.8865,"P0151","EC_0068.jpg"
"7267",5.115195982,3.8535,"P0151","EC_0211.jpg"
"7268",9.461836427,3.2232,"P0151","EC_0245.jpg"
"7269",7.697174665,3.0462,"P0151","EC_0051.jpg"
"7270",2.979026415,3.6411,"P0151","EC_0030.jpg"
"7271",5.152346638,3.2674,"P0151","EC_0129.jpeg"
"7272",1.158639293,2.9716,"P0151","EC_0246.jpg"
"7273",10,4.0682,"P0151","EC_0066.jpg"
"7274",5.542430394,2.3367,"P0151","EC_0046.jpg"
"7275",5.04089467,2.6755,"P0151","EC_0040.jpg"
"7276",9.684740362,2.6521,"P0151","EC_0089.jpg"
"7277",10,3.2696,"P0151","EC_0206.png"
"7278",5.152346638,2.5693,"P0151","EC_0117.jpg"
"7279",6.564075299,2.609,"P0151","EC_0082.jpg"
"7280",7.17706299,2.5914,"P0151","EC_0064.jpg"
"7281",6.099691478,2.9167,"P0151","EC_0166.jpg"
"7282",1.771626984,3.0421,"P0151","EC_0105.jpg"
"7283",6.712679169,2.8234,"P0151","EC_0154.jpg"
"7284",7.158488286,2.3522,"P0151","EC_0167.jpg"
"7285",6.991309711,2.5382,"P0151","EC_0239.jpg"
"7286",9.554712443,2.6857,"P0151","EC_0240.jpg"
"7287",6.749829825,2.5579,"P0151","EC_0250.jpg"
"7288",7.622873354,2.4355,"P0151","EC_0015.jpg"
"7289",3.257658204,3.5122,"P0151","EC_0011.jpg"
"7290",7.344240317,2.2895,"P0151","EC_0210.jpg"
"7291",6.805556432,4.4996,"P0151","EC_0063.jpg"
"7292",4.985168063,2.8672,"P0151","EC_0150.jpg"
"7293",6.396897971,2.8443,"P0151","EC_0055.jpg"
"7294",1.938805559,3.13,"P0151","EC_0036.jpeg"
"7295",7.214214893,2.5462,"P0151","EC_0095.jpg"
"7296",8.755971473,2.6611,"P0151","EC_0077.jpg"
"7297",5.932512903,2.1644,"P0151","EC_0164.jpg"
"7298",7.994379911,2.3472,"P0151","EC_0194.jpg"
"7299",6.935581857,3.3119,"P0151","EC_0243.jpg"
"7300",10,3.1131,"P0151","EC_0177.jpg"
"7301",10,2.5464,"P0151","EC_0238.jpg"
"7302",6.304020708,3.0562,"P0151","EC_0071.jpg"
"7303",8.5702157,2.3962,"P0151","EC_0202.jpg"
"7304",5.022318719,3.5607,"P0151","EC_0228.jpg"
"7305",4.985168063,2.6396,"P0151","EC_0213.jpg"
"7306",4.130700486,3.0443,"P0151","EC_0231.jpg"
"7307",2.941875759,2.8126,"P0151","EC_0170.jpg"
"7308",8.235861045,3.2961,"P0151","EC_0061.jpg"
"7309",2.960451711,3.2032,"P0151","EC_0134.jpg"
"7310",2.904725103,3.5947,"P0151","EC_0060.jpg"
"7311",4.056399174,3.3288,"P0151","EC_0002.jpg"
"7312",10,2.579,"P0151","EC_0014.jpg"
"7313",7.882927944,2.8792,"P0151","EC_0001.jpg"
"7314",4.817989488,2.3158,"P0151","EC_0038.jpg"
"7315",6.099691478,3.8171,"P0151","EC_0156.jpg"
"7316",9.238931245,3.2952,"P0151","EC_0169.png"
"7317",10,2.5471,"P0151","EC_0044.jpg"
"7318",10,2.6632,"P0151","EC_0085.jpg"
"7319",5.282374556,2.436,"P0151","EC_0165.jpg"
"7320",10,3.5117,"P0151","EC_0075.jpg"
"7321",9.294657852,4.0705,"P0151","EC_0149.jpg"
"7322",7.957228008,2.8965,"P0151","EC_0161.jpg"
"7323",5.412402475,2.163,"P0151","EC_0237.jpg"
"7324",4.539358946,2.3297,"P0151","EC_0017.jpg"
"7325",2.75612248,3.3453,"P0151","EC_0195.jpg"
"7326",7.455694779,3.1121,"P0151","EC_0140.jpg"
"7327",6.601227202,2.9236,"P0151","EC_0128.jpeg"
"7328",7.269940253,3.2377,"P0151","EC_0099.jpg"
"7329",7.957228008,3.261,"P0151","EC_0065.jpg"
"7330",0.434198387,2.7296,"P0151","EC_0101.jpg"
"7331",4.68796157,2.3861,"P0151","EC_0133.jpg"
"7332",10,3.6623,"P0151","EC_0083.jpg"
"7333",10,2.7111,"P0151","EC_0234.jpg"
"7334",6.731252626,2.8126,"P0151","EC_0031.jpg"
"7335",7.492845435,3.0285,"P0151","EC_0094.jpg"
"7336",9.183203391,2.9623,"P0151","EC_0067.jpg"
"7337",2.031682198,4.6722,"P0151","EC_0033.jpeg"
"7338",7.251365549,2.8876,"P0151","EC_0197.jpg"
"7339",6.842707088,2.6528,"P0151","EC_0232.jpg"
"7340",5.022318719,3.6201,"P0151","EC_0081.jpg"
"7341",10,3.1911,"P0151","EC_0184.jpg"
"7342",5.133771933,2.2238,"P0151","EC_0116.jpg"
"7343",8.77454493,2.912,"P0151","EC_0104.jpg"
"7344",5.115195982,2.086,"P0151","EC_0139.png"
"7345",6.972733759,2.325,"P0151","EC_0092.jpg"
"7346",7.845777288,3.1002,"P0151","EC_0135.jpg"
"7347",7.882927944,4.9003,"P0151","EC_0096.jpg"
"7348",2.737546529,4.4881,"P0151","EC_0203.jpg"
"7349",4.966593359,2.5593,"P0151","EC_0088.jpg"
"7350",8.923150047,4.2162,"P0151","EC_0159.jpg"
"7351",3.928571429,3.0653,"P0166","EC_0150.jpg"
"7352",9.880952381,3.3701,"P0166","EC_0041.jpg"
"7353",0.066137566,2.7562,"P0166","EC_0184.jpg"
"7354",9.007936508,3.1012,"P0166","EC_0082.jpg"
"7355",5.833333333,3.171,"P0166","EC_0042.jpg"
"7356",7.037037037,3.2624,"P0166","EC_0016.jpg"
"7357",6.005291005,2.7221,"P0166","EC_0089.jpg"
"7358",10,5.3442,"P0166","EC_0057.jpeg"
"7359",4.96031746,3.1213,"P0166","EC_0051.jpg"
"7360",5.952380952,6.4551,"P0166","EC_0224.jpg"
"7361",6.018518519,3.2034,"P0166","EC_0197.jpg"
"7362",3.981481481,5.1844,"P0166","EC_0241.jpg"
"7363",6.970899471,3.3367,"P0166","EC_0203.jpg"
"7364",9.920634921,14.0141,"P0166","EC_0157.jpg"
"7365",6.970899471,3.6885,"P0166","EC_0136.jpg"
"7366",9.021164021,3.0087,"P0166","EC_0034.jpg"
"7367",3.994708995,3.3621,"P0166","EC_0161.jpg"
"7368",6.957671958,2.5866,"P0166","EC_0100.jpg"
"7369",9.047619048,2.8211,"P0166","EC_0002.jpg"
"7370",8.994708995,3.7752,"P0166","EC_0115.jpg"
"7371",7.989417989,3.2892,"P0166","EC_0153.jpg"
"7372",6.984126984,3.7519,"P0166","EC_0243.jpg"
"7373",9.880952381,4.535,"P0166","EC_0205.jpg"
"7374",8.981481481,3.27,"P0166","EC_0088.jpg"
"7375",7.989417989,2.8037,"P0166","EC_0176.jpg"
"7376",3.968253968,3.2552,"P0166","EC_0174.jpg"
"7377",5.052910053,3.4224,"P0166","EC_0230.jpg"
"7378",5.85978836,4.3928,"P0166","EC_0022.jpg"
"7379",4.933862434,3.6357,"P0166","EC_0090.jpg"
"7380",7.010582011,3.6372,"P0166","EC_0166.jpg"
"7381",3.994708995,4.937,"P0166","EC_0148.jpg"
"7382",7.962962963,2.9698,"P0166","EC_0028.jpg"
"7383",0,3.1376,"P0166","EC_0227.jpg"
"7384",6.005291005,3.7724,"P0166","EC_0196.jpg"
"7385",7.037037037,5.9841,"P0166","EC_0247.jpg"
"7386",7.037037037,2.8565,"P0166","EC_0066.jpg"
"7387",7.05026455,3.5561,"P0166","EC_0163.jpg"
"7388",7.962962963,4.6233,"P0166","EC_0125.jpeg"
"7389",9.074074074,3.3601,"P0166","EC_0131.jpg"
"7390",8.915343915,3.8224,"P0166","EC_0031.jpg"
"7391",2.05026455,4.8553,"P0166","EC_0060.jpg"
"7392",7.05026455,2.7171,"P0166","EC_0202.jpg"
"7393",9.047619048,5.8039,"P0166","EC_0106.jpg"
"7394",7.94973545,3.0704,"P0166","EC_0138.png"
"7395",9.907407407,2.6205,"P0166","EC_0132.jpg"
"7396",9.087301587,2.6964,"P0166","EC_0194.jpg"
"7397",9.007936508,2.9718,"P0166","EC_0105.jpg"
"7398",7.976190476,2.4062,"P0166","EC_0193.png"
"7399",9.986772487,2.9091,"P0166","EC_0219.jpg"
"7400",9.986772487,2.3213,"P0166","EC_0170.jpg"
"7401",4.007936508,4.577,"P0166","EC_0246.jpg"
"7402",8.029100529,3.8883,"P0166","EC_0056.jpg"
"7403",5.992063492,2.9694,"P0166","EC_0062.jpg"
"7404",5.992063492,2.4728,"P0166","EC_0250.jpg"
"7405",4.986772487,3.4921,"P0166","EC_0128.jpeg"
"7406",6.904761905,3.2882,"P0166","EC_0069.jpg"
"7407",3.082010582,4.7521,"P0166","EC_0085.jpg"
"7408",5.992063492,2.6875,"P0166","EC_0165.jpg"
"7409",7.94973545,2.8302,"P0166","EC_0037.jpg"
"7410",7.05026455,3.024,"P0166","EC_0005.jpg"
"7411",8.968253968,3.2549,"P0166","EC_0236.jpg"
"7412",7.830687831,2.4771,"P0166","EC_0237.jpg"
"7413",8.915343915,2.9698,"P0166","EC_0065.jpg"
"7414",9.933862434,3.6602,"P0166","EC_0074.jpg"
"7415",9.047619048,3.078,"P0166","EC_0075.jpg"
"7416",9.047619048,2.1739,"P0166","EC_0172.jpg"
"7417",8.134920635,4.2546,"P0166","EC_0242.jpg"
"7418",8.981481481,4.1031,"P0166","EC_0020.jpg"
"7419",5.013227513,3.154,"P0166","EC_0109.jpg"
"7420",5.965608466,2.6394,"P0166","EC_0070.jpg"
"7421",9.021164021,5.7101,"P0166","EC_0104.jpg"
"7422",9.933862434,3.3722,"P0166","EC_0058.jpg"
"7423",9.047619048,3.3638,"P0166","EC_0011.jpg"
"7424",3.174603175,4.8418,"P0166","EC_0226.jpg"
"7425",4.920634921,3.0604,"P0166","EC_0099.jpg"
"7426",0.066137566,6.0042,"P0166","EC_0111.jpg"
"7427",6.997354497,5.6042,"P0166","EC_0081.jpg"
"7428",6.997354497,2.1916,"P0166","EC_0097.jpg"
"7429",9.947089947,2.7687,"P0166","EC_0073.jpg"
"7430",9.034391534,3.1119,"P0166","EC_0050.jpg"
"7431",8.955026455,3.8209,"P0166","EC_0169.png"
"7432",8.955026455,3.0624,"P0166","EC_0119.jpg"
"7433",8.002645503,2.6399,"P0166","EC_0071.jpg"
"7434",9.034391534,3.1534,"P0166","EC_0018.jpg"
"7435",8.941798942,2.4788,"P0166","EC_0168.jpeg"
"7436",3.994708995,3.5124,"P0166","EC_0231.jpg"
"7437",9.96031746,11.9223,"P0166","EC_0207.jpg"
"7438",9.047619048,2.625,"P0166","EC_0008.jpg"
"7439",8.015873016,2.6862,"P0166","EC_0154.jpg"
"7440",8.015873016,2.2268,"P0166","EC_0113.jpg"
"7441",8.981481481,3.4262,"P0166","EC_0012.jpg"
"7442",8.981481481,2.1434,"P0166","EC_0200.png"
"7443",8.981481481,3.3189,"P0166","EC_0079.jpg"
"7444",3.941798942,5.334,"P0166","EC_0010.jpg"
"7445",3.941798942,3.5397,"P0166","EC_0080.jpg"
"7446",4.894179894,2.6197,"P0166","EC_0244.jpg"
"7447",9.206349206,4.378,"P0166","EC_0076.jpg"
"7448",3.941798942,5.4014,"P0166","EC_0232.jpg"
"7449",7.843915344,2.8028,"P0166","EC_0152.jpg"
"7450",5.992063492,3.3354,"P0166","EC_0094.jpg"
"7451",8.015873016,3.369,"P0166","EC_0101.jpg"
"7452",8.862433862,2.8403,"P0166","EC_0156.jpg"
"7453",8.968253968,2.7694,"P0166","EC_0039.jpg"
"7454",7.12962963,3.4412,"P0166","EC_0086.jpg"
"7455",6.005291005,3.439,"P0166","EC_0167.jpg"
"7456",2.830687831,2.7227,"P0166","EC_0009.jpg"
"7457",5.092592593,3.3684,"P0166","EC_0240.jpg"
"7458",6.878306878,4.8788,"P0166","EC_0199.jpg"
"7459",7.94973545,3.2452,"P0166","EC_0040.jpg"
"7460",7.037037037,3.7188,"P0166","EC_0238.jpg"
"7461",8.108465608,2.636,"P0166","EC_0098.jpg"
"7462",8.108465608,2.3425,"P0166","EC_0182.jpg"
"7463",0.013227513,3.7351,"P0166","EC_0204.jpg"
"7464",6.931216931,2.7516,"P0166","EC_0188.jpg"
"7465",7.989417989,3.4755,"P0166","EC_0036.jpeg"
"7466",7.989417989,2.8194,"P0166","EC_0014.jpg"
"7467",8.981481481,3.0524,"P0166","EC_0134.jpg"
"7468",8.981481481,2.7862,"P0166","EC_0221.jpg"
"7469",9.986772487,2.578,"P0166","EC_0141.jpg"
"7470",7.989417989,2.956,"P0166","EC_0249.jpg"
"7471",6.904761905,3.6764,"P0166","EC_0233.jpg"
"7472",5.965608466,4.2514,"P0166","EC_0151.jpg"
"7473",5.912698413,2.8737,"P0166","EC_0213.jpg"
"7474",7.023809524,2.5364,"P0166","EC_0160.jpg"
"7475",0.965608466,2.926,"P0166","EC_0235.jpg"
"7476",6.031746032,2.8751,"P0166","EC_0067.jpg"
"7477",7.076719577,2.7725,"P0166","EC_0027.jpg"
"7478",7.076719577,2.4068,"P0166","EC_0059.jpg"
"7479",7.91005291,2.8039,"P0166","EC_0239.jpg"
"7480",1.018518519,3.2689,"P0166","EC_0139.png"
"7481",5.052910053,3.0748,"P0166","EC_0223.jpg"
"7482",8.994708995,3.1057,"P0166","EC_0061.jpg"
"7483",9.087301587,2.4963,"P0166","EC_0093.jpg"
"7484",2.989417989,3.2769,"P0166","EC_0162.jpg"
"7485",7.91005291,3.8418,"P0166","EC_0077.jpg"
"7486",6.997354497,2.7725,"P0166","EC_0147.png"
"7487",6.997354497,3.5899,"P0166","EC_0083.jpg"
"7488",1.984126984,3.1162,"P0166","EC_0053.jpg"
"7489",3.955026455,3.2029,"P0166","EC_0030.jpg"
"7490",8.068783069,3.0364,"P0166","EC_0032.jpg"
"7491",8.002645503,2.8586,"P0166","EC_0229.jpg"
"7492",9.867724868,3.1524,"P0166","EC_0214.jpg"
"7493",9.047619048,2.9405,"P0166","EC_0245.jpg"
"7494",3.055555556,2.8027,"P0166","EC_0210.jpg"
"7495",5.079365079,3.7628,"P0166","EC_0149.jpg"
"7496",6.084656085,3.3461,"P0166","EC_0222.jpg"
"7497",7.076719577,6.5166,"P0166","EC_0118.jpg"
"7498",3.902116402,2.7862,"P0166","EC_0017.jpg"
"7499",4.880952381,2.7098,"P0166","EC_0158.jpg"
"7500",6.931216931,2.553,"P0166","EC_0171.jpg"
"7501",8.055555556,3.1395,"P0166","EC_0103.jpg"
"7502",1.931216931,3.9795,"P0166","EC_0180.jpg"
"7503",0.965608466,3.5468,"P0166","EC_0195.jpg"
"7504",3.941798942,3.1216,"P0166","EC_0201.jpg"
"7505",9.96031746,4.0796,"P0166","EC_0123.jpeg"
"7506",6.865079365,3.2809,"P0166","EC_0164.jpg"
"7507",1.005291005,3.4411,"P0166","EC_0048.jpg"
"7508",9.96031746,3.9719,"P0166","EC_0096.jpg"
"7509",7.936507937,3.4052,"P0166","EC_0181.jpg"
"7510",9.96031746,4.5195,"P0166","EC_0142.jpg"
"7511",9.96031746,2.4704,"P0166","EC_0187.jpeg"
"7512",7.103174603,2.8366,"P0166","EC_0234.jpg"
"7513",9.007936508,2.7569,"P0166","EC_0108.jpg"
"7514",9.007936508,3.0196,"P0166","EC_0121.jpg"
"7515",8.068783069,4.2399,"P0166","EC_0046.jpg"
"7516",8.915343915,3.0368,"P0166","EC_0055.jpg"
"7517",8.915343915,2.9863,"P0166","EC_0135.jpg"
"7518",8.915343915,2.577,"P0166","EC_0133.jpg"
"7519",9.828042328,3.3038,"P0166","EC_0137.jpg"
"7520",9.986772487,3.8047,"P0166","EC_0124.jpeg"
"7521",8.928571429,3.1615,"P0166","EC_0228.jpg"
"7522",9.920634921,2.3759,"P0166","EC_0003.jpg"
"7523",9.96031746,2.7864,"P0166","EC_0072.jpg"
"7524",9.96031746,2.3693,"P0166","EC_0209.jpg"
"7525",7.037037037,2.7789,"P0166","EC_0183.jpg"
"7526",8.029100529,4.1016,"P0166","EC_0116.jpg"
"7527",8.875661376,2.7031,"P0166","EC_0120.jpg"
"7528",9.947089947,2.6037,"P0166","EC_0024.jpg"
"7529",9.973544974,2.6397,"P0166","EC_0140.jpg"
"7530",9.96031746,2.4112,"P0166","EC_0117.jpg"
"7531",7.87037037,2.88,"P0166","EC_0095.jpg"
"7532",7.91005291,3.2571,"P0166","EC_0013.jpg"
"7533",7.91005291,2.3534,"P0166","EC_0068.jpg"
"7534",9.973544974,2.8888,"P0166","EC_0177.jpg"
"7535",5.952380952,3.0026,"P0166","EC_0007.jpg"
"7536",6.970899471,2.7692,"P0166","EC_0019.jpg"
"7537",6.970899471,2.395,"P0166","EC_0198.jpg"
"7538",2.857142857,3.3221,"P0166","EC_0173.jpg"
"7539",2.023809524,4.4187,"P0166","EC_0129.jpeg"
"7540",8.002645503,2.5569,"P0166","EC_0001.jpg"
"7541",7.976190476,2.8762,"P0166","EC_0038.jpg"
"7542",7.976190476,2.6193,"P0166","EC_0084.jpg"
"7543",8.835978836,3.2924,"P0166","EC_0054.jpg"
"7544",5.873015873,3.3525,"P0166","EC_0185.jpg"
"7545",5.952380952,2.4869,"P0166","EC_0248.jpg"
"7546",6.997354497,3.3433,"P0166","EC_0064.jpg"
"7547",6.997354497,2.354,"P0166","EC_0087.jpg"
"7548",9.973544974,3.4523,"P0166","EC_0029.jpg"
"7549",8.002645503,3.6244,"P0166","EC_0063.jpg"
"7550",8.002645503,2.325,"P0166","EC_0092.jpg"
"7551",6.005291005,3.012,"P0166","EC_0102.jpg"
"7552",7.010582011,3.319,"P0166","EC_0159.jpg"
"7553",8.955026455,3.1405,"P0166","EC_0044.jpg"
"7554",9.96031746,2.5954,"P0166","EC_0006.jpg"
"7555",0.939153439,2.8031,"P0166","EC_0047.jpg"
"7556",4.973544974,2.8693,"P0166","EC_0015.jpg"
"7557",4.973544974,4.4452,"P0166","EC_0206.png"
"7558",2.91005291,4.2853,"P0166","EC_0033.jpeg"
"7559",3.015873016,2.3861,"P0166","EC_0211.jpg"
"7560",0.886243386,3.0689,"P0166","EC_0049.jpg"
"7561",7.222222222,2.3149,"P0168","EC_0246.jpg"
"7562",6.335978836,2.3583,"P0168","EC_0118.jpg"
"7563",7.208994709,2.0476,"P0168","EC_0017.jpg"
"7564",7.896825397,2.1258,"P0168","EC_0168.jpeg"
"7565",4.642857143,2.2955,"P0168","EC_0038.jpg"
"7566",4.193121693,2.7866,"P0168","EC_0152.jpg"
"7567",4.58994709,2.1342,"P0168","EC_0193.png"
"7568",6.388888889,2.8349,"P0168","EC_0123.jpeg"
"7569",6.71957672,2.5273,"P0168","EC_0036.jpeg"
"7570",8.637566138,2.1003,"P0168","EC_0166.jpg"
"7571",9.404761905,2.4605,"P0168","EC_0058.jpg"
"7572",3.544973545,2.6354,"P0168","EC_0140.jpg"
"7573",6.164021164,2.5186,"P0168","EC_0242.jpg"
"7574",5.502645503,2.199,"P0168","EC_0116.jpg"
"7575",3.915343915,2.1428,"P0168","EC_0100.jpg"
"7576",5.502645503,2.0664,"P0168","EC_0003.jpg"
"7577",5.396825397,2.5141,"P0168","EC_0065.jpg"
"7578",7.526455026,3.6932,"P0168","EC_0167.jpg"
"7579",1.904761905,2.5841,"P0168","EC_0214.jpg"
"7580",5.502645503,2.4791,"P0168","EC_0158.jpg"
"7581",3.333333333,2.5532,"P0168","EC_0185.jpg"
"7582",9.391534392,2.134,"P0168","EC_0070.jpg"
"7583",3.915343915,2.4868,"P0168","EC_0010.jpg"
"7584",4.986772487,2.3201,"P0168","EC_0111.jpg"
"7585",3.148148148,2.7459,"P0168","EC_0125.jpeg"
"7586",5.383597884,3.0381,"P0168","EC_0001.jpg"
"7587",6.574074074,2.7397,"P0168","EC_0199.jpg"
"7588",2.182539683,2.1469,"P0168","EC_0071.jpg"
"7589",6.732804233,2.0858,"P0168","EC_0165.jpg"
"7590",8.015873016,2.1631,"P0168","EC_0062.jpg"
"7591",9.656084656,2.6369,"P0168","EC_0150.jpg"
"7592",5.674603175,2.2752,"P0168","EC_0241.jpg"
"7593",2.473544974,2.9591,"P0168","EC_0084.jpg"
"7594",9.576719577,4.4381,"P0168","EC_0177.jpg"
"7595",8.386243386,2.5537,"P0168","EC_0069.jpg"
"7596",4.986772487,2.0154,"P0168","EC_0153.jpg"
"7597",8.148148148,2.1653,"P0168","EC_0066.jpg"
"7598",8.716931217,1.9992,"P0168","EC_0042.jpg"
"7599",0,6.7015,"P0168","EC_0033.jpeg"
"7600",8.968253968,4.2296,"P0168","EC_0013.jpg"
"7601",1.732804233,2.9258,"P0168","EC_0039.jpg"
"7602",6.666666667,2.2954,"P0168","EC_0022.jpg"
"7603",1.468253968,2.8423,"P0168","EC_0044.jpg"
"7604",5.555555556,2.1949,"P0168","EC_0007.jpg"
"7605",8.333333333,2.019,"P0168","EC_0020.jpg"
"7606",0.886243386,4.6033,"P0168","EC_0244.jpg"
"7607",5.304232804,2.3348,"P0168","EC_0234.jpg"
"7608",0.674603175,8.3518,"P0168","EC_0204.jpg"
"7609",6.772486772,3.9788,"P0168","EC_0059.jpg"
"7610",1.812169312,2.7416,"P0168","EC_0129.jpeg"
"7611",5.648148148,2.8396,"P0168","EC_0109.jpg"
"7612",8.981481481,2.7063,"P0168","EC_0009.jpg"
"7613",4.034391534,2.24,"P0168","EC_0239.jpg"
"7614",5.304232804,2.5664,"P0168","EC_0064.jpg"
"7615",6.653439153,1.9086,"P0168","EC_0119.jpg"
"7616",0.251322751,2.1845,"P0168","EC_0240.jpg"
"7617",5.886243386,2.4158,"P0168","EC_0209.jpg"
"7618",10,2.6049,"P0168","EC_0073.jpg"
"7619",8.80952381,2.1317,"P0168","EC_0247.jpg"
"7620",2.010582011,2.9009,"P0168","EC_0149.jpg"
"7621",5.529100529,2.518,"P0168","EC_0104.jpg"
"7622",7.380952381,2.1595,"P0168","EC_0093.jpg"
"7623",7.367724868,3.848,"P0168","EC_0233.jpg"
"7624",6.917989418,3.4299,"P0168","EC_0099.jpg"
"7625",9.510582011,2.7663,"P0168","EC_0229.jpg"
"7626",10,2.9668,"P0168","EC_0108.jpg"
"7627",0.833333333,2.8112,"P0168","EC_0083.jpg"
"7628",4.735449735,2.2012,"P0168","EC_0087.jpg"
"7629",1.283068783,2.2414,"P0168","EC_0105.jpg"
"7630",6.666666667,2.3116,"P0168","EC_0159.jpg"
"7631",6.812169312,1.941,"P0168","EC_0137.jpg"
"7632",8.664021164,2.4012,"P0168","EC_0094.jpg"
"7633",8.822751323,2.2131,"P0168","EC_0014.jpg"
"7634",7.063492063,2.4549,"P0168","EC_0221.jpg"
"7635",5.542328042,11.5825,"P0168","EC_0030.jpg"
"7636",8.968253968,1.9256,"P0168","EC_0074.jpg"
"7637",0.608465608,2.4946,"P0168","EC_0222.jpg"
"7638",9.894179894,2.5684,"P0168","EC_0138.png"
"7639",8.134920635,2.0259,"P0168","EC_0032.jpg"
"7640",2.711640212,2.1816,"P0168","EC_0201.jpg"
"7641",7.103174603,1.967,"P0168","EC_0103.jpg"
"7642",4.96031746,2.7449,"P0168","EC_0227.jpg"
"7643",10,2.0004,"P0168","EC_0072.jpg"
"7644",8.386243386,2.2781,"P0168","EC_0096.jpg"
"7645",10,2.8995,"P0168","EC_0238.jpg"
"7646",8.478835979,2.2487,"P0168","EC_0250.jpg"
"7647",0,3.3861,"P0168","EC_0162.jpg"
"7648",5.925925926,2.9063,"P0168","EC_0213.jpg"
"7649",9.087301587,2.1528,"P0168","EC_0056.jpg"
"7650",1.322751323,2.1653,"P0168","EC_0128.jpeg"
"7651",1.865079365,2.4239,"P0168","EC_0028.jpg"
"7652",7.896825397,7.8368,"P0168","EC_0200.png"
"7653",0.727513228,2.675,"P0168","EC_0226.jpg"
"7654",0.317460317,2.1534,"P0168","EC_0171.jpg"
"7655",5,2.5125,"P0168","EC_0163.jpg"
"7656",1.600529101,3.2817,"P0168","EC_0176.jpg"
"7657",8.928571429,3.0222,"P0168","EC_0211.jpg"
"7658",5.066137566,3.3659,"P0168","EC_0011.jpg"
"7659",10,2.5402,"P0168","EC_0157.jpg"
"7660",0,2.8895,"P0168","EC_0002.jpg"
"7661",1.071428571,2.4949,"P0168","EC_0019.jpg"
"7662",4.867724868,3.7302,"P0168","EC_0086.jpg"
"7663",1.891534392,3.1237,"P0168","EC_0113.jpg"
"7664",7.791005291,2.4121,"P0168","EC_0005.jpg"
"7665",10,1.8983,"P0168","EC_0034.jpg"
"7666",10,2.1706,"P0168","EC_0081.jpg"
"7667",10,4.8765,"P0168","EC_0063.jpg"
"7668",6.30952381,12.7416,"P0168","EC_0174.jpg"
"7669",2.076719577,2.3879,"P0168","EC_0160.jpg"
"7670",0,2.5052,"P0168","EC_0195.jpg"
"7671",6.375661376,2.8436,"P0168","EC_0202.jpg"
"7672",8.849206349,4.4638,"P0168","EC_0141.jpg"
"7673",9.523809524,2.898,"P0168","EC_0080.jpg"
"7674",8.531746032,3.3745,"P0168","EC_0181.jpg"
"7675",7.275132275,2.7378,"P0168","EC_0015.jpg"
"7676",10,3.1242,"P0168","EC_0169.png"
"7677",6.613756614,2.4611,"P0168","EC_0134.jpg"
"7678",6.891534392,1.9863,"P0168","EC_0060.jpg"
"7679",0.052910053,2.5738,"P0168","EC_0230.jpg"
"7680",6.256613757,2.477,"P0168","EC_0031.jpg"
"7681",1.402116402,2.488,"P0168","EC_0148.jpg"
"7682",9.034391534,2.2323,"P0168","EC_0102.jpg"
"7683",2.010582011,2.8508,"P0168","EC_0024.jpg"
"7684",1.812169312,2.9782,"P0168","EC_0249.jpg"
"7685",6.759259259,2.2699,"P0168","EC_0098.jpg"
"7686",0,2.3264,"P0168","EC_0047.jpg"
"7687",0.634920635,2.5732,"P0168","EC_0206.png"
"7688",8.544973545,2.1686,"P0168","EC_0223.jpg"
"7689",0.806878307,2.1641,"P0168","EC_0203.jpg"
"7690",0.634920635,2.5465,"P0168","EC_0243.jpg"
"7691",7.724867725,2.4502,"P0168","EC_0067.jpg"
"7692",7.619047619,2.5473,"P0168","EC_0008.jpg"
"7693",1.322751323,2.4845,"P0168","EC_0075.jpg"
"7694",1.507936508,2.689,"P0168","EC_0090.jpg"
"7695",1.164021164,3.1178,"P0168","EC_0196.jpg"
"7696",7.46031746,2.8104,"P0168","EC_0224.jpg"
"7697",6.944444444,2.9162,"P0168","EC_0231.jpg"
"7698",1.349206349,3.6641,"P0168","EC_0088.jpg"
"7699",1.322751323,2.433,"P0168","EC_0124.jpeg"
"7700",5.185185185,2.1576,"P0168","EC_0082.jpg"
"7701",0.952380952,2.1978,"P0168","EC_0151.jpg"
"7702",0.753968254,3.9093,"P0168","EC_0079.jpg"
"7703",8.624338624,2.2111,"P0168","EC_0012.jpg"
"7704",6.23015873,3.0016,"P0168","EC_0142.jpg"
"7705",1.613756614,2.6554,"P0168","EC_0085.jpg"
"7706",0,2.4865,"P0168","EC_0184.jpg"
"7707",4.880952381,3.4807,"P0168","EC_0236.jpg"
"7708",5.939153439,2.204,"P0168","EC_0219.jpg"
"7709",2.08994709,2.4123,"P0168","EC_0115.jpg"
"7710",7.420634921,2.9341,"P0168","EC_0095.jpg"
"7711",7.632275132,2.6813,"P0168","EC_0051.jpg"
"7712",8.862433862,2.0866,"P0168","EC_0117.jpg"
"7713",7.87037037,2.2137,"P0168","EC_0053.jpg"
"7714",7.843915344,3.8649,"P0168","EC_0207.jpg"
"7715",7.843915344,2.2859,"P0168","EC_0188.jpg"
"7716",9.087912088,35.7533,"P0168","EC_0182.jpg"
"7717",9.468864469,6.9231,"P0168","EC_0054.jpg"
"7718",7.915750916,18.6236,"P0168","EC_0050.jpg"
"7719",1.468864469,3.1505,"P0168","EC_0172.jpg"
"7720",8.882783883,2.9968,"P0168","EC_0040.jpg"
"7721",9.117216117,10.8018,"P0168","EC_0205.jpg"
"7722",7.974358974,4.7808,"P0168","EC_0131.jpg"
"7723",7.608058608,3.0354,"P0168","EC_0132.jpg"
"7724",8.926739927,1.8855,"P0168","EC_0173.jpg"
"7725",0.355311355,2.423,"P0168","EC_0232.jpg"
"7726",1.131868132,2.3509,"P0168","EC_0049.jpg"
"7727",5.908424908,2.1714,"P0168","EC_0018.jpg"
"7728",8.238095238,2.2467,"P0168","EC_0228.jpg"
"7729",8.443223443,1.8982,"P0168","EC_0237.jpg"
"7730",4.853479853,2.1734,"P0168","EC_0076.jpg"
"7731",10,2.4923,"P0168","EC_0037.jpg"
"7732",1.981684982,2.7816,"P0168","EC_0170.jpg"
"7733",5.791208791,4.2944,"P0168","EC_0006.jpg"
"7734",2.978021978,2.9462,"P0168","EC_0101.jpg"
"7735",0.604395604,2.0833,"P0168","EC_0029.jpg"
"7736",0,2.4922,"P0168","EC_0048.jpg"
"7737",0,2.4149,"P0168","EC_0161.jpg"
"7738",6.318681319,4.5651,"P0168","EC_0139.png"
"7739",6.626373626,1.9992,"P0168","EC_0245.jpg"
"7740",10,2.2297,"P0168","EC_0057.jpeg"
"7741",1.336996337,3.4794,"P0168","EC_0235.jpg"
"7742",5.615384615,1.8871,"P0168","EC_0055.jpg"
"7743",0.692307692,2.1822,"P0168","EC_0027.jpg"
"7744",0,2.4477,"P0168","EC_0136.jpg"
"7745",7.080586081,2.6805,"P0168","EC_0164.jpg"
"7746",6.963369963,1.9086,"P0168","EC_0197.jpg"
"7747",7.93040293,2.7821,"P0168","EC_0147.png"
"7748",10,2.0323,"P0168","EC_0106.jpg"
"7749",5.879120879,2.2142,"P0168","EC_0046.jpg"
"7750",8.838827839,1.9091,"P0168","EC_0077.jpg"
"7751",0.428571429,2.4529,"P0168","EC_0194.jpg"
"7752",10,4.3791,"P0168","EC_0041.jpg"
"7753",5.205128205,2.4096,"P0168","EC_0198.jpg"
"7754",0,2.8085,"P0168","EC_0210.jpg"
"7755",0,3.3319,"P0168","EC_0121.jpg"
"7756",8.032967033,2.9326,"P0168","EC_0180.jpg"
"7757",8.56043956,2.3317,"P0168","EC_0183.jpg"
"7758",5.791208791,3.5785,"P0168","EC_0061.jpg"
"7759",7.652014652,13.1655,"P0168","EC_0120.jpg"
"7760",7.695970696,2.3582,"P0168","EC_0135.jpg"
"7761",7.227106227,2.6027,"P0168","EC_0154.jpg"
"7762",8.838827839,5.0603,"P0168","EC_0016.jpg"
"7763",9.483516484,2.4345,"P0168","EC_0133.jpg"
"7764",8.765567766,14.4764,"P0168","EC_0187.jpeg"
"7765",4.794871795,2.905,"P0168","EC_0089.jpg"
"7766",7.769230769,13.2487,"P0168","EC_0092.jpg"
"7767",8.472527473,2.392,"P0168","EC_0156.jpg"
"7768",2.025641026,2.4012,"P0168","EC_0097.jpg"
"7769",8.428571429,1.9719,"P0168","EC_0248.jpg"
"7770",8.765567766,2.5624,"P0168","EC_0068.jpg"
"7771",2.972470238,4.9766,"P0171","EC_0019.jpg"
"7772",6.915922619,3.7651,"P0171","EC_0106.jpg"
"7773",0.033482143,6.6216,"P0171","EC_0206.png"
"7774",0.907738095,3.0663,"P0171","EC_0115.jpg"
"7775",2.842261905,2.6733,"P0171","EC_0153.jpg"
"7776",1.85639881,4.8565,"P0171","EC_0183.jpg"
"7777",6.004464286,3.1921,"P0171","EC_0074.jpg"
"7778",0.963541667,3.4063,"P0171","EC_0069.jpg"
"7779",0.200892857,4.3234,"P0171","EC_0017.jpg"
"7780",0.052083333,4.6407,"P0171","EC_0042.jpg"
"7781",9.036458333,3.7396,"P0171","EC_0008.jpg"
"7782",4.944196429,3.6645,"P0171","EC_0249.jpg"
"7783",1.912202381,3.6064,"P0171","EC_0056.jpg"
"7784",0.926339286,2.4624,"P0171","EC_0039.jpg"
"7785",5.818452381,4.5438,"P0171","EC_0013.jpg"
"7786",4.069940476,5.7488,"P0171","EC_0028.jpg"
"7787",7.213541667,3.0883,"P0171","EC_0135.jpg"
"7788",5.892857143,2.8003,"P0171","EC_0230.jpg"
"7789",0.014880952,3.6463,"P0171","EC_0227.jpg"
"7790",3.214285714,2.7131,"P0171","EC_0046.jpg"
"7791",9.836309524,4.1656,"P0171","EC_0205.jpg"
"7792",0.033482143,4.3066,"P0171","EC_0199.jpg"
"7793",8.813244048,3.3209,"P0171","EC_0223.jpg"
"7794",0.238095238,4.3815,"P0171","EC_0088.jpg"
"7795",2.24702381,2.6754,"P0171","EC_0166.jpg"
"7796",3.883928571,2.7142,"P0171","EC_0193.png"
"7797",8.738839286,3.6274,"P0171","EC_0063.jpg"
"7798",6.953125,3.64,"P0171","EC_0082.jpg"
"7799",1.298363095,2.7837,"P0171","EC_0224.jpg"
"7800",6.134672619,3.4824,"P0171","EC_0101.jpg"
"7801",6.878720238,3.1562,"P0171","EC_0015.jpg"
"7802",9.166666667,3.0812,"P0171","EC_0080.jpg"
"7803",1.242559524,2.9306,"P0171","EC_0139.png"
"7804",0.275297619,2.9804,"P0171","EC_0089.jpg"
"7805",9.092261905,3.4567,"P0171","EC_0016.jpg"
"7806",8.813244048,2.9059,"P0171","EC_0171.jpg"
"7807",8.813244048,2.2785,"P0171","EC_0168.jpeg"
"7808",9.799107143,2.9806,"P0171","EC_0103.jpg"
"7809",6.209077381,2.7798,"P0171","EC_0108.jpg"
"7810",6.209077381,4.5838,"P0171","EC_0076.jpg"
"7811",0.014880952,3.8324,"P0171","EC_0090.jpg"
"7812",0.014880952,3.1239,"P0171","EC_0033.jpeg"
"7813",1.391369048,2.8173,"P0171","EC_0165.jpg"
"7814",4.367559524,2.9694,"P0171","EC_0087.jpg"
"7815",5.892857143,2.4266,"P0171","EC_0236.jpg"
"7816",5.892857143,2.4874,"P0171","EC_0150.jpg"
"7817",1.912202381,2.8446,"P0171","EC_0059.jpg"
"7818",0.070684524,3.3293,"P0171","EC_0162.jpg"
"7819",1.85639881,4.5212,"P0171","EC_0097.jpg"
"7820",7.34375,2.6378,"P0171","EC_0020.jpg"
"7821",6.915922619,2.6127,"P0171","EC_0203.jpg"
"7822",8.738839286,2.4444,"P0171","EC_0182.jpg"
"7823",6.171875,3.1649,"P0171","EC_0064.jpg"
"7824",8.311011905,2.7959,"P0171","EC_0065.jpg"
"7825",6.915922619,3.5889,"P0171","EC_0022.jpg"
"7826",5.130208333,2.7445,"P0171","EC_0250.jpg"
"7827",7.585565476,3.2156,"P0171","EC_0079.jpg"
"7828",3.084077381,3.2712,"P0171","EC_0197.jpg"
"7829",0,2.5357,"P0171","EC_0060.jpg"
"7830",4.032738095,2.8538,"P0171","EC_0173.jpg"
"7831",0.014880952,3.6502,"P0171","EC_0140.jpg"
"7832",6.227678571,3.1555,"P0171","EC_0061.jpg"
"7833",0.014880952,3.7472,"P0171","EC_0243.jpg"
"7834",9.241071429,4.3914,"P0171","EC_0086.jpg"
"7835",0.145089286,3.164,"P0171","EC_0158.jpg"
"7836",0.126488095,2.4917,"P0171","EC_0195.jpg"
"7837",6.97172619,3.7995,"P0171","EC_0200.png"
"7838",8.013392857,2.7105,"P0171","EC_0167.jpg"
"7839",1.837797619,2.9893,"P0171","EC_0148.jpg"
"7840",5.01860119,2.7873,"P0171","EC_0228.jpg"
"7841",6.339285714,2.9936,"P0171","EC_0032.jpg"
"7842",9.947916667,3.098,"P0171","EC_0030.jpg"
"7843",0.200892857,3.0971,"P0171","EC_0247.jpg"
"7844",8.683035714,3.4149,"P0171","EC_0137.jpg"
"7845",4.311755952,2.6888,"P0171","EC_0138.png"
"7846",1.07514881,2.8443,"P0171","EC_0051.jpg"
"7847",4.888392857,2.7174,"P0171","EC_0210.jpg"
"7848",8.125,2.5623,"P0171","EC_0100.jpg"
"7849",0.963541667,2.4892,"P0171","EC_0214.jpg"
"7850",8.180803571,2.6243,"P0171","EC_0083.jpg"
"7851",1.447172619,3.153,"P0171","EC_0024.jpg"
"7852",4.906994048,3.4731,"P0171","EC_0073.jpg"
"7853",8.031994048,3.9317,"P0171","EC_0096.jpg"
"7854",5.167410714,4.6418,"P0171","EC_0125.jpeg"
"7855",4.98139881,3.3006,"P0171","EC_0157.jpg"
"7856",6.804315476,3.542,"P0171","EC_0121.jpg"
"7857",1.019345238,3.2424,"P0171","EC_0116.jpg"
"7858",2.805059524,2.4625,"P0171","EC_0237.jpg"
"7859",9.055059524,4.1147,"P0171","EC_0012.jpg"
"7860",0.089285714,5.474,"P0171","EC_0185.jpg"
"7861",5.985863095,3.5518,"P0171","EC_0062.jpg"
"7862",1.056547619,2.8018,"P0171","EC_0246.jpg"
"7863",0.107886905,2.8773,"P0171","EC_0009.jpg"
"7864",2.953869048,3.0703,"P0171","EC_0132.jpg"
"7865",3.177083333,3.095,"P0171","EC_0141.jpg"
"7866",0.963541667,2.6381,"P0171","EC_0160.jpg"
"7867",1.019345238,2.9981,"P0171","EC_0011.jpg"
"7868",6.060267857,3.4411,"P0171","EC_0041.jpg"
"7869",0.070684524,2.6943,"P0171","EC_0211.jpg"
"7870",5,3.3924,"P0171","EC_0176.jpg"
"7871",3.084077381,4.4048,"P0171","EC_0075.jpg"
"7872",5.892857143,2.7749,"P0171","EC_0085.jpg"
"7873",0.907738095,3.1248,"P0171","EC_0058.jpg"
"7874",0.070684524,2.9876,"P0171","EC_0201.jpg"
"7875",2.935267857,4.0316,"P0171","EC_0221.jpg"
"7876",3.790922619,2.9121,"P0171","EC_0229.jpg"
"7877",9.854910714,2.8697,"P0171","EC_0149.jpg"
"7878",0.033482143,3.4393,"P0171","EC_0047.jpg"
"7879",6.023065476,3.9895,"P0171","EC_0231.jpg"
"7880",5.01860119,2.494,"P0171","EC_0131.jpg"
"7881",9.148065476,2.9368,"P0171","EC_0034.jpg"
"7882",6.023065476,2.8373,"P0171","EC_0109.jpg"
"7883",0.200892857,3.832,"P0171","EC_0128.jpeg"
"7884",9.017857143,2.6258,"P0171","EC_0081.jpg"
"7885",5.930059524,2.3976,"P0171","EC_0198.jpg"
"7886",0.089285714,3.243,"P0171","EC_0066.jpg"
"7887",7.008928571,3.2872,"P0171","EC_0027.jpg"
"7888",7.008928571,2.5805,"P0171","EC_0242.jpg"
"7889",4.832589286,2.7303,"P0171","EC_0077.jpg"
"7890",0.126488095,3.9328,"P0171","EC_0161.jpg"
"7891",0.145089286,2.5047,"P0171","EC_0232.jpg"
"7892",0.145089286,2.4093,"P0171","EC_0136.jpg"
"7893",2.935267857,2.8798,"P0171","EC_0119.jpg"
"7894",4.032738095,3.5053,"P0171","EC_0239.jpg"
"7895",1.85639881,2.8046,"P0171","EC_0007.jpg"
"7896",6.54389881,2.7298,"P0171","EC_0172.jpg"
"7897",9.055059524,3.8957,"P0171","EC_0067.jpg"
"7898",0.982142857,3.4819,"P0171","EC_0248.jpg"
"7899",0.089285714,3.0484,"P0171","EC_0204.jpg"
"7900",9.036458333,3.6569,"P0171","EC_0207.jpg"
"7901",6.097470238,3.2815,"P0171","EC_0068.jpg"
"7902",3.80952381,2.9306,"P0171","EC_0105.jpg"
"7903",3.009672619,2.3545,"P0171","EC_0174.jpg"
"7904",4.98139881,3.0557,"P0171","EC_0245.jpg"
"7905",4.98139881,2.3283,"P0171","EC_0098.jpg"
"7906",8.999255952,2.9063,"P0171","EC_0071.jpg"
"7907",8.999255952,2.2545,"P0171","EC_0188.jpg"
"7908",6.320684524,2.4788,"P0171","EC_0120.jpg"
"7909",0.126488095,4.8847,"P0171","EC_0180.jpg"
"7910",2.023809524,3.525,"P0171","EC_0164.jpg"
"7911",0.182291667,2.73,"P0171","EC_0048.jpg"
"7912",9.892113095,3.6316,"P0171","EC_0038.jpg"
"7913",3.02827381,4.1824,"P0171","EC_0053.jpg"
"7914",7.920386905,2.8553,"P0171","EC_0181.jpg"
"7915",9.799107143,2.8803,"P0171","EC_0152.jpg"
"7916",0.944940476,3.9819,"P0171","EC_0002.jpg"
"7917",7.808779762,3.1043,"P0171","EC_0194.jpg"
"7918",0.126488095,3.3436,"P0171","EC_0124.jpeg"
"7919",2.879464286,3.0384,"P0171","EC_0142.jpg"
"7920",6.990327381,3.019,"P0171","EC_0133.jpg"
"7921",0.870535714,3.3641,"P0171","EC_0005.jpg"
"7922",7.194940476,3.4889,"P0171","EC_0037.jpg"
"7923",3.921130952,3.2184,"P0171","EC_0147.png"
"7924",9.110863095,2.6526,"P0171","EC_0057.jpeg"
"7925",6.041666667,3.3129,"P0171","EC_0006.jpg"
"7926",9.817708333,2.5132,"P0171","EC_0099.jpg"
"7927",8.14360119,2.6934,"P0171","EC_0177.jpg"
"7928",0.163690476,3.0233,"P0171","EC_0233.jpg"
"7929",0.29389881,3.0788,"P0171","EC_0129.jpeg"
"7930",1.968005952,2.2362,"P0171","EC_0014.jpg"
"7931",4.795386905,4.3659,"P0171","EC_0092.jpg"
"7932",0.126488095,2.9689,"P0171","EC_0184.jpg"
"7933",4.98139881,3.2633,"P0171","EC_0196.jpg"
"7934",9.836309524,4.199,"P0171","EC_0117.jpg"
"7935",6.078869048,2.8126,"P0171","EC_0031.jpg"
"7936",8.943452381,3.2985,"P0171","EC_0163.jpg"
"7937",8.050595238,2.5536,"P0171","EC_0029.jpg"
"7938",2.228422619,3.2741,"P0171","EC_0240.jpg"
"7939",0.126488095,2.4982,"P0171","EC_0226.jpg"
"7940",5.093005952,2.7125,"P0171","EC_0050.jpg"
"7941",9.854910714,2.6366,"P0171","EC_0209.jpg"
"7942",2.079613095,2.8956,"P0171","EC_0094.jpg"
"7943",6.134672619,2.9961,"P0171","EC_0113.jpg"
"7944",5.985863095,4.0403,"P0171","EC_0202.jpg"
"7945",3.232886905,3.4421,"P0171","EC_0010.jpg"
"7946",0.089285714,3.1177,"P0171","EC_0102.jpg"
"7947",1.800595238,2.4477,"P0171","EC_0018.jpg"
"7948",0.107886905,2.589,"P0171","EC_0049.jpg"
"7949",9.892113095,3.1674,"P0171","EC_0001.jpg"
"7950",9.055059524,2.6629,"P0171","EC_0070.jpg"
"7951",8.92485119,3.0386,"P0171","EC_0072.jpg"
"7952",1.577380952,2.7204,"P0171","EC_0187.jpeg"
"7953",0.182291667,3.0687,"P0171","EC_0036.jpeg"
"7954",1.930803571,2.9876,"P0171","EC_0084.jpg"
"7955",4.646577381,2.3626,"P0171","EC_0093.jpg"
"7956",0.29389881,2.9694,"P0171","EC_0040.jpg"
"7957",5.818452381,2.7629,"P0171","EC_0156.jpg"
"7958",8.869047619,2.6452,"P0171","EC_0104.jpg"
"7959",0.889136905,3.2411,"P0171","EC_0095.jpg"
"7960",3.84672619,2.6914,"P0171","EC_0003.jpg"
"7961",7.008928571,2.5532,"P0171","EC_0170.jpg"
"7962",1.149553571,3.4424,"P0171","EC_0159.jpg"
"7963",6.990327381,2.8304,"P0171","EC_0118.jpg"
"7964",6.060267857,3.7309,"P0171","EC_0222.jpg"
"7965",0.163690476,3.1139,"P0171","EC_0123.jpeg"
"7966",1.986607143,2.3383,"P0171","EC_0235.jpg"
"7967",7.027529762,3.4119,"P0171","EC_0169.png"
"7968",0.163690476,3.3019,"P0171","EC_0244.jpg"
"7969",5.948660714,2.5873,"P0171","EC_0213.jpg"
"7970",3.995535714,3.2138,"P0171","EC_0055.jpg"
"7971",2.898065476,19.5385,"P0171","EC_0238.jpg"
"7972",9.836309524,3.9502,"P0171","EC_0241.jpg"
"7973",7.808779762,2.8655,"P0171","EC_0154.jpg"
"7974",6.860119048,3.3503,"P0171","EC_0219.jpg"
"7975",0.3125,3.542,"P0171","EC_0111.jpg"
"7976",0.126488095,3.4643,"P0171","EC_0134.jpg"
"7977",2.042410714,2.4371,"P0171","EC_0054.jpg"
"7978",7.994791667,2.5375,"P0171","EC_0044.jpg"
"7979",8.88764881,2.9248,"P0171","EC_0151.jpg"
"7980",3.195684524,3.2705,"P0171","EC_0234.jpg"
"7981",9.55026455,2.6248,"P0179","EC_0174.jpg"
"7982",8.095238095,2.4245,"P0179","EC_0207.jpg"
"7983",4.153439153,2.6577,"P0179","EC_0133.jpg"
"7984",6.402116402,2.1083,"P0179","EC_0134.jpg"
"7985",7.367724868,2.0239,"P0179","EC_0093.jpg"
"7986",6.111111111,2.6748,"P0179","EC_0228.jpg"
"7987",8.187830688,2.1909,"P0179","EC_0166.jpg"
"7988",1.772486772,2.8886,"P0179","EC_0042.jpg"
"7989",7.037037037,2.1483,"P0179","EC_0082.jpg"
"7990",7.658730159,2.1224,"P0179","EC_0092.jpg"
"7991",8.703703704,2.191,"P0179","EC_0239.jpg"
"7992",2.46031746,2.5398,"P0179","EC_0244.jpg"
"7993",1.944444444,2.95,"P0179","EC_0102.jpg"
"7994",7.711640212,2.265,"P0179","EC_0022.jpg"
"7995",1.322751323,3.0183,"P0179","EC_0072.jpg"
"7996",8.862433862,2.0763,"P0179","EC_0117.jpg"
"7997",6.746031746,3.108,"P0179","EC_0237.jpg"
"7998",2.751322751,3.5632,"P0179","EC_0231.jpg"
"7999",5.026455026,4.0222,"P0179","EC_0206.png"
"8000",1.124338624,2.8238,"P0179","EC_0213.jpg"
"8001",7.605820106,2.8552,"P0179","EC_0070.jpg"
"8002",5.132275132,3.1897,"P0179","EC_0200.png"
"8003",4.880952381,2.7681,"P0179","EC_0149.jpg"
"8004",8.928571429,2.4769,"P0179","EC_0172.jpg"
"8005",3.981481481,4.308,"P0179","EC_0059.jpg"
"8006",6.785714286,2.3032,"P0179","EC_0030.jpg"
"8007",7.976190476,3.3494,"P0179","EC_0140.jpg"
"8008",5.952380952,2.4873,"P0179","EC_0057.jpeg"
"8009",5.066137566,3.2825,"P0179","EC_0049.jpg"
"8010",8.425925926,2.4535,"P0179","EC_0010.jpg"
"8011",3.544973545,2.5627,"P0179","EC_0188.jpg"
"8012",7.552910053,2.3001,"P0179","EC_0097.jpg"
"8013",8.531746032,2.0006,"P0179","EC_0137.jpg"
"8014",0,3.1737,"P0179","EC_0194.jpg"
"8015",1.124338624,2.7497,"P0179","EC_0232.jpg"
"8016",1.111111111,2.7923,"P0179","EC_0224.jpg"
"8017",6.481481481,2.2244,"P0179","EC_0240.jpg"
"8018",6.957671958,4.2581,"P0179","EC_0016.jpg"
"8019",8.783068783,2.5597,"P0179","EC_0051.jpg"
"8020",10,3.1899,"P0179","EC_0079.jpg"
"8021",8.994708995,2.7898,"P0179","EC_0029.jpg"
"8022",0.939153439,2.4242,"P0179","EC_0184.jpg"
"8023",6.058201058,3.4054,"P0179","EC_0038.jpg"
"8024",8.002645503,2.6481,"P0179","EC_0245.jpg"
"8025",6.904761905,2.5049,"P0179","EC_0193.png"
"8026",8.055555556,2.7819,"P0179","EC_0099.jpg"
"8027",8.994708995,2.3811,"P0179","EC_0002.jpg"
"8028",4.021164021,3.5947,"P0179","EC_0075.jpg"
"8029",6.216931217,2.0654,"P0179","EC_0046.jpg"
"8030",3.029100529,3.2486,"P0179","EC_0047.jpg"
"8031",4.986772487,3.7627,"P0179","EC_0081.jpg"
"8032",3.134920635,2.621,"P0179","EC_0103.jpg"
"8033",3.955026455,3.075,"P0179","EC_0118.jpg"
"8034",2.989417989,2.655,"P0179","EC_0183.jpg"
"8035",1.097883598,3.8834,"P0179","EC_0019.jpg"
"8036",7.896825397,1.9079,"P0179","EC_0009.jpg"
"8037",8.015873016,3.6353,"P0179","EC_0135.jpg"
"8038",9.933862434,2.2213,"P0179","EC_0086.jpg"
"8039",1.957671958,2.2581,"P0179","EC_0105.jpg"
"8040",0.992063492,5.571,"P0179","EC_0201.jpg"
"8041",8.915343915,2.4384,"P0179","EC_0196.jpg"
"8042",9.034391534,2.1903,"P0179","EC_0063.jpg"
"8043",2.12962963,3.2053,"P0179","EC_0241.jpg"
"8044",7.05026455,2.443,"P0179","EC_0132.jpg"
"8045",5.992063492,2.2012,"P0179","EC_0203.jpg"
"8046",3.187830688,2.0935,"P0179","EC_0235.jpg"
"8047",3.994708995,3.9213,"P0179","EC_0074.jpg"
"8048",4.867724868,2.4223,"P0179","EC_0163.jpg"
"8049",7.923280423,2.4747,"P0179","EC_0156.jpg"
"8050",5.013227513,3.2245,"P0179","EC_0128.jpeg"
"8051",7.936507937,3.1103,"P0179","EC_0199.jpg"
"8052",8.875661376,2.3417,"P0179","EC_0061.jpg"
"8053",9.96031746,2.526,"P0179","EC_0041.jpg"
"8054",2.116402116,2.3285,"P0179","EC_0056.jpg"
"8055",0.886243386,2.1573,"P0179","EC_0234.jpg"
"8056",4.867724868,2.7748,"P0179","EC_0020.jpg"
"8057",4.060846561,2.626,"P0179","EC_0123.jpeg"
"8058",3.042328042,2.5072,"P0179","EC_0219.jpg"
"8059",8.015873016,2.424,"P0179","EC_0028.jpg"
"8060",8.928571429,2.2828,"P0179","EC_0243.jpg"
"8061",4.920634921,2.9664,"P0179","EC_0230.jpg"
"8062",8.068783069,2.7121,"P0179","EC_0197.jpg"
"8063",8.955026455,3.9914,"P0179","EC_0152.jpg"
"8064",5.013227513,4.3419,"P0179","EC_0150.jpg"
"8065",6.917989418,2.4449,"P0179","EC_0064.jpg"
"8066",3.835978836,2.656,"P0179","EC_0069.jpg"
"8067",4.920634921,3.2999,"P0179","EC_0187.jpeg"
"8068",8.968253968,2.41,"P0179","EC_0098.jpg"
"8069",9.854497354,2.9063,"P0179","EC_0066.jpg"
"8070",4.087301587,2.727,"P0179","EC_0131.jpg"
"8071",1.904761905,2.2083,"P0179","EC_0111.jpg"
"8072",5.740740741,2.7779,"P0179","EC_0227.jpg"
"8073",7.817460317,2.3252,"P0179","EC_0223.jpg"
"8074",8.941798942,2.1304,"P0179","EC_0024.jpg"
"8075",6.137566138,3.1936,"P0179","EC_0147.png"
"8076",8.386243386,2.0223,"P0179","EC_0113.jpg"
"8077",3.386243386,2.3596,"P0179","EC_0236.jpg"
"8078",7.791005291,2.2288,"P0179","EC_0209.jpg"
"8079",6.071428571,2.8887,"P0179","EC_0017.jpg"
"8080",7.301587302,2.2548,"P0179","EC_0233.jpg"
"8081",7.923280423,2.8653,"P0179","EC_0167.jpg"
"8082",9.113756614,2.6307,"P0179","EC_0142.jpg"
"8083",6.23015873,2.8432,"P0179","EC_0242.jpg"
"8084",4.060846561,2.6558,"P0179","EC_0065.jpg"
"8085",7.341269841,2.1843,"P0179","EC_0221.jpg"
"8086",8.994708995,2.1495,"P0179","EC_0151.jpg"
"8087",9.96031746,1.9522,"P0179","EC_0248.jpg"
"8088",9.867724868,2.0638,"P0179","EC_0060.jpg"
"8089",9.537037037,2.1924,"P0179","EC_0249.jpg"
"8090",1.812169312,2.5436,"P0179","EC_0222.jpg"
"8091",6.124338624,2.0746,"P0179","EC_0058.jpg"
"8092",7.5,2.1142,"P0179","EC_0226.jpg"
"8093",8.492063492,2.0088,"P0179","EC_0008.jpg"
"8094",9.510582011,2.0793,"P0179","EC_0071.jpg"
"8095",2.671957672,2.5749,"P0179","EC_0080.jpg"
"8096",4.986772487,3.257,"P0179","EC_0048.jpg"
"8097",1.428571429,3.1296,"P0179","EC_0154.jpg"
"8098",0.727513228,2.3833,"P0179","EC_0148.jpg"
"8099",2.328042328,3.1823,"P0179","EC_0005.jpg"
"8100",9.484126984,2.5833,"P0179","EC_0181.jpg"
"8101",8.161375661,2.4496,"P0179","EC_0169.png"
"8102",8.002645503,2.3814,"P0179","EC_0141.jpg"
"8103",8.875661376,2.0727,"P0179","EC_0250.jpg"
"8104",1.574074074,2.3922,"P0179","EC_0055.jpg"
"8105",9.603174603,2.581,"P0179","EC_0157.jpg"
"8106",6.997354497,2.4001,"P0179","EC_0138.png"
"8107",8.955026455,2.1497,"P0179","EC_0050.jpg"
"8108",5.052910053,2.3699,"P0179","EC_0125.jpeg"
"8109",7.08994709,1.8729,"P0179","EC_0062.jpg"
"8110",8.28042328,2.1627,"P0179","EC_0044.jpg"
"8111",5.158730159,2.2246,"P0179","EC_0153.jpg"
"8112",2.407407407,2.2641,"P0179","EC_0067.jpg"
"8113",6.018518519,2.146,"P0179","EC_0034.jpg"
"8114",6.891534392,1.8916,"P0179","EC_0136.jpg"
"8115",3.055555556,2.0241,"P0179","EC_0001.jpg"
"8116",9.021164021,2.269,"P0179","EC_0096.jpg"
"8117",2.341269841,2.1814,"P0179","EC_0085.jpg"
"8118",1.507936508,2.5931,"P0179","EC_0076.jpg"
"8119",0.873015873,2.1785,"P0179","EC_0185.jpg"
"8120",7.341269841,2.0922,"P0179","EC_0031.jpg"
"8121",8.558201058,1.9627,"P0179","EC_0015.jpg"
"8122",9.193121693,1.826,"P0179","EC_0210.jpg"
"8123",5.582010582,1.8819,"P0179","EC_0171.jpg"
"8124",1.560846561,2.3065,"P0179","EC_0040.jpg"
"8125",0.701058201,2.0387,"P0179","EC_0161.jpg"
"8126",2.923280423,3.0964,"P0179","EC_0083.jpg"
"8127",8.253968254,2.8421,"P0179","EC_0077.jpg"
"8128",5.158730159,2.1725,"P0179","EC_0204.jpg"
"8129",6.917989418,1.9449,"P0179","EC_0101.jpg"
"8130",8.068783069,2.3065,"P0179","EC_0176.jpg"
"8131",2.817460317,2.62,"P0179","EC_0054.jpg"
"8132",3.134920635,3.0202,"P0179","EC_0129.jpeg"
"8133",9.206349206,2.0241,"P0179","EC_0119.jpg"
"8134",8.082010582,2.3337,"P0179","EC_0182.jpg"
"8135",7.222222222,2.8918,"P0179","EC_0036.jpeg"
"8136",9.206349206,1.8089,"P0179","EC_0115.jpg"
"8137",8.002645503,1.8293,"P0179","EC_0170.jpg"
"8138",7.235449735,1.7416,"P0179","EC_0013.jpg"
"8139",7.579365079,2.0415,"P0179","EC_0106.jpg"
"8140",8.637566138,2.7966,"P0179","EC_0165.jpg"
"8141",9.695767196,1.7117,"P0179","EC_0238.jpg"
"8142",7.552910053,1.8414,"P0179","EC_0027.jpg"
"8143",9.21957672,1.8096,"P0179","EC_0108.jpg"
"8144",3.108465608,2.0609,"P0179","EC_0214.jpg"
"8145",7.380952381,2.1166,"P0179","EC_0139.png"
"8146",8.796296296,2.0165,"P0179","EC_0095.jpg"
"8147",0.873015873,3.1677,"P0179","EC_0090.jpg"
"8148",2.08994709,2.5249,"P0179","EC_0158.jpg"
"8149",7.962962963,2.023,"P0179","EC_0053.jpg"
"8150",9.351851852,1.7655,"P0179","EC_0007.jpg"
"8151",8.637566138,1.9298,"P0179","EC_0039.jpg"
"8152",6.071428571,3.2001,"P0179","EC_0205.jpg"
"8153",7.711640212,1.8327,"P0179","EC_0094.jpg"
"8154",8.439153439,1.9494,"P0179","EC_0100.jpg"
"8155",3.624338624,3.0322,"P0179","EC_0195.jpg"
"8156",3.134920635,2.7998,"P0179","EC_0104.jpg"
"8157",7.433862434,1.8699,"P0179","EC_0180.jpg"
"8158",8.624338624,1.8234,"P0179","EC_0087.jpg"
"8159",8.095238095,1.7366,"P0179","EC_0116.jpg"
"8160",4.206349206,2.4298,"P0179","EC_0068.jpg"
"8161",7.023809524,2.8642,"P0179","EC_0168.jpeg"
"8162",8.849206349,2.4203,"P0179","EC_0177.jpg"
"8163",6.177248677,2.2852,"P0179","EC_0032.jpg"
"8164",10,3.6647,"P0179","EC_0014.jpg"
"8165",7.195767196,2.3618,"P0179","EC_0003.jpg"
"8166",10,2.6749,"P0179","EC_0160.jpg"
"8167",5.992063492,3.0578,"P0179","EC_0246.jpg"
"8168",8.042328042,3.0166,"P0179","EC_0247.jpg"
"8169",5.026455026,2.8832,"P0179","EC_0033.jpeg"
"8170",7.94973545,2.4823,"P0179","EC_0173.jpg"
"8171",5.383597884,2.2556,"P0179","EC_0124.jpeg"
"8172",2.685185185,2.2125,"P0179","EC_0088.jpg"
"8173",7.53968254,2.0828,"P0179","EC_0202.jpg"
"8174",8.505291005,2.9588,"P0179","EC_0012.jpg"
"8175",6.931216931,2.2399,"P0179","EC_0037.jpg"
"8176",7.208994709,2.0881,"P0179","EC_0120.jpg"
"8177",8.968253968,2.1199,"P0179","EC_0109.jpg"
"8178",1.150793651,4.072,"P0179","EC_0089.jpg"
"8179",8.253968254,2.9117,"P0179","EC_0011.jpg"
"8180",5.529100529,2.1162,"P0179","EC_0162.jpg"
"8181",3.108465608,2.8358,"P0179","EC_0018.jpg"
"8182",8.373015873,1.9441,"P0179","EC_0006.jpg"
"8183",7.275132275,1.9268,"P0179","EC_0164.jpg"
"8184",9.113756614,1.7095,"P0179","EC_0073.jpg"
"8185",7.671957672,1.5909,"P0179","EC_0211.jpg"
"8186",6.335978836,1.9904,"P0179","EC_0229.jpg"
"8187",8.955026455,2.1794,"P0179","EC_0159.jpg"
"8188",2.261904762,2.9751,"P0179","EC_0121.jpg"
"8189",7.275132275,2.26,"P0179","EC_0198.jpg"
"8190",6.666666667,1.8493,"P0179","EC_0084.jpg"
"8191",4.795386905,3.2029,"P0180","EC_0054.jpg"
"8192",0.963541667,2.8762,"P0180","EC_0161.jpg"
"8193",8.218005952,2.7401,"P0180","EC_0008.jpg"
"8194",5.037202381,2.6329,"P0180","EC_0013.jpg"
"8195",4.962797619,2.8649,"P0180","EC_0051.jpg"
"8196",7.418154762,2.7428,"P0180","EC_0006.jpg"
"8197",7.920386905,2.4429,"P0180","EC_0034.jpg"
"8198",6.990327381,2.5438,"P0180","EC_0171.jpg"
"8199",3.921130952,2.6481,"P0180","EC_0053.jpg"
"8200",0.926339286,2.5169,"P0180","EC_0115.jpg"
"8201",7.399553571,2.6547,"P0180","EC_0086.jpg"
"8202",8.49702381,2.5601,"P0180","EC_0167.jpg"
"8203",0.219494048,2.976,"P0180","EC_0105.jpg"
"8204",0.926339286,4.583,"P0180","EC_0044.jpg"
"8205",0.814732143,6.349,"P0180","EC_0140.jpg"
"8206",8.869047619,2.8897,"P0180","EC_0096.jpg"
"8207",8.199404762,2.6636,"P0180","EC_0079.jpg"
"8208",9.892113095,2.5401,"P0180","EC_0141.jpg"
"8209",7.604166667,2.7642,"P0180","EC_0050.jpg"
"8210",5.76264881,2.7187,"P0180","EC_0083.jpg"
"8211",7.455357143,3.1548,"P0180","EC_0057.jpeg"
"8212",0.256696429,2.9331,"P0180","EC_0227.jpg"
"8213",4.795386905,2.9063,"P0180","EC_0238.jpg"
"8214",0.3125,3.2297,"P0180","EC_0159.jpg"
"8215",3.772321429,2.9533,"P0180","EC_0237.jpg"
"8216",1.07514881,3.6397,"P0180","EC_0129.jpeg"
"8217",0.349702381,2.9453,"P0180","EC_0085.jpg"
"8218",0.089285714,2.9539,"P0180","EC_0210.jpg"
"8219",0.107886905,3.7847,"P0180","EC_0184.jpg"
"8220",7.455357143,3.6181,"P0180","EC_0016.jpg"
"8221",0.089285714,3.9209,"P0180","EC_0214.jpg"
"8222",5.632440476,5.1202,"P0180","EC_0224.jpg"
"8223",7.71577381,3.898,"P0180","EC_0165.jpg"
"8224",1.130952381,7.0925,"P0180","EC_0176.jpg"
"8225",0.126488095,4.8009,"P0180","EC_0199.jpg"
"8226",0.052083333,2.6129,"P0180","EC_0019.jpg"
"8227",9.389880952,3.0216,"P0180","EC_0003.jpg"
"8228",5.037202381,3.5099,"P0180","EC_0072.jpg"
"8229",1.316964286,4.4495,"P0180","EC_0206.png"
"8230",0.349702381,5.2626,"P0180","EC_0229.jpg"
"8231",0.182291667,4.4171,"P0180","EC_0158.jpg"
"8232",2.042410714,3.7816,"P0180","EC_0047.jpg"
"8233",8.10639881,3.1312,"P0180","EC_0207.jpg"
"8234",0.424107143,3.188,"P0180","EC_0230.jpg"
"8235",2.860863095,6.4305,"P0180","EC_0102.jpg"
"8236",7.678571429,3.1382,"P0180","EC_0041.jpg"
"8237",0.163690476,2.7446,"P0180","EC_0125.jpeg"
"8238",5.427827381,2.8832,"P0180","EC_0188.jpg"
"8239",5.79985119,3.1568,"P0180","EC_0084.jpg"
"8240",1.186755952,2.4778,"P0180","EC_0226.jpg"
"8241",7.994791667,3.2588,"P0180","EC_0242.jpg"
"8242",0.479910714,2.7156,"P0180","EC_0149.jpg"
"8243",4.888392857,3.4662,"P0180","EC_0073.jpg"
"8244",5.297619048,3.3224,"P0180","EC_0109.jpg"
"8245",1.223958333,3.4454,"P0180","EC_0134.jpg"
"8246",4.98139881,3.0502,"P0180","EC_0070.jpg"
"8247",0.461309524,3.1057,"P0180","EC_0009.jpg"
"8248",8.738839286,2.8648,"P0180","EC_0018.jpg"
"8249",9.724702381,2.2937,"P0180","EC_0087.jpg"
"8250",1.130952381,4.1053,"P0180","EC_0056.jpg"
"8251",1.168154762,1.79,"P0180","EC_0028.jpg"
"8252",0.29389881,2.1725,"P0180","EC_0162.jpg"
"8253",6.748511905,3.1034,"P0180","EC_0245.jpg"
"8254",5,2.9597,"P0180","EC_0166.jpg"
"8255",1.50297619,3.0105,"P0180","EC_0136.jpg"
"8256",8.869047619,2.3531,"P0180","EC_0153.jpg"
"8257",0.070684524,3.2625,"P0180","EC_0121.jpg"
"8258",1.744791667,3.6561,"P0180","EC_0200.png"
"8259",5.167410714,4.4101,"P0180","EC_0017.jpg"
"8260",4.944196429,2.6652,"P0180","EC_0234.jpg"
"8261",9.947916667,2.9286,"P0180","EC_0063.jpg"
"8262",0.052083333,3.0406,"P0180","EC_0024.jpg"
"8263",7.083333333,3.1164,"P0180","EC_0154.jpg"
"8264",0.033482143,3.026,"P0180","EC_0055.jpg"
"8265",9.31547619,3.1364,"P0180","EC_0100.jpg"
"8266",0.145089286,2.1757,"P0180","EC_0204.jpg"
"8267",0.145089286,1.7138,"P0180","EC_0049.jpg"
"8268",5.874255952,3.0072,"P0180","EC_0193.png"
"8269",6.54389881,2.6535,"P0180","EC_0098.jpg"
"8270",2.209821429,3.006,"P0180","EC_0020.jpg"
"8271",6.506696429,2.6898,"P0180","EC_0059.jpg"
"8272",0.163690476,2.6338,"P0180","EC_0244.jpg"
"8273",0.126488095,1.6575,"P0180","EC_0039.jpg"
"8274",6.004464286,3.6947,"P0180","EC_0157.jpg"
"8275",8.069196429,3.8971,"P0180","EC_0228.jpg"
"8276",8.738839286,2.5301,"P0180","EC_0062.jpg"
"8277",0.386904762,3.2178,"P0180","EC_0048.jpg"
"8278",1.391369048,3.3443,"P0180","EC_0081.jpg"
"8279",2.712053571,3.4834,"P0180","EC_0196.jpg"
"8280",7.269345238,2.7712,"P0180","EC_0133.jpg"
"8281",9.538690476,2.6095,"P0180","EC_0164.jpg"
"8282",8.590029762,2.4386,"P0180","EC_0168.jpeg"
"8283",4.516369048,2.6953,"P0180","EC_0231.jpg"
"8284",2.079613095,2.9339,"P0180","EC_0222.jpg"
"8285",8.329613095,2.5838,"P0180","EC_0248.jpg"
"8286",7.976190476,1.896,"P0180","EC_0249.jpg"
"8287",0.758928571,4.4996,"P0180","EC_0113.jpg"
"8288",8.88764881,4.6448,"P0180","EC_0061.jpg"
"8289",7.008928571,4.0044,"P0180","EC_0067.jpg"
"8290",1.056547619,3.4859,"P0180","EC_0232.jpg"
"8291",5.279017857,4.2777,"P0180","EC_0069.jpg"
"8292",8.701636905,2.7181,"P0180","EC_0139.png"
"8293",0.591517857,2.9097,"P0180","EC_0090.jpg"
"8294",7.511160714,2.8287,"P0180","EC_0160.jpg"
"8295",6.711309524,2.421,"P0180","EC_0172.jpg"
"8296",3.790922619,2.8785,"P0180","EC_0233.jpg"
"8297",5.911458333,3.0148,"P0180","EC_0099.jpg"
"8298",0.145089286,2.9581,"P0180","EC_0002.jpg"
"8299",1.726190476,2.9959,"P0180","EC_0106.jpg"
"8300",8.515625,2.7458,"P0180","EC_0209.jpg"
"8301",8.776041667,2.2884,"P0180","EC_0095.jpg"
"8302",0.368303571,3.1595,"P0180","EC_0131.jpg"
"8303",1.149553571,3.1926,"P0180","EC_0007.jpg"
"8304",0.163690476,2.5155,"P0180","EC_0169.png"
"8305",7.120535714,3.1834,"P0180","EC_0015.jpg"
"8306",0.163690476,4.5691,"P0180","EC_0240.jpg"
"8307",0.907738095,2.9724,"P0180","EC_0094.jpg"
"8308",5.855654762,8.7014,"P0180","EC_0137.jpg"
"8309",1.428571429,2.7243,"P0180","EC_0076.jpg"
"8310",1.428571429,1.7386,"P0180","EC_0223.jpg"
"8311",6.93452381,2.8604,"P0180","EC_0177.jpg"
"8312",1.391369048,2.7309,"P0180","EC_0246.jpg"
"8313",9.222470238,2.5139,"P0180","EC_0180.jpg"
"8314",7.641369048,3.4745,"P0180","EC_0064.jpg"
"8315",5.279017857,2.7345,"P0180","EC_0077.jpg"
"8316",0.517113095,2.9242,"P0180","EC_0010.jpg"
"8317",6.636904762,3.4174,"P0180","EC_0074.jpg"
"8318",6.841517857,3.0291,"P0180","EC_0080.jpg"
"8319",8.478422619,2.7849,"P0180","EC_0250.jpg"
"8320",7.120535714,2.3089,"P0180","EC_0093.jpg"
"8321",8.683035714,2.2915,"P0180","EC_0120.jpg"
"8322",4.683779762,2.9567,"P0180","EC_0236.jpg"
"8323",9.966517857,3.1464,"P0180","EC_0181.jpg"
"8324",6.618303571,2.7187,"P0180","EC_0205.jpg"
"8325",1.205357143,2.9455,"P0180","EC_0005.jpg"
"8326",4.795386905,3.3293,"P0180","EC_0152.jpg"
"8327",0.963541667,3.0527,"P0180","EC_0211.jpg"
"8328",8.404017857,3.9723,"P0180","EC_0104.jpg"
"8329",8.404017857,1.9273,"P0180","EC_0031.jpg"
"8330",8.311011905,1.7437,"P0180","EC_0119.jpg"
"8331",0.703125,2.5783,"P0180","EC_0001.jpg"
"8332",1.540178571,2.1854,"P0180","EC_0088.jpg"
"8333",9.185267857,2.2964,"P0180","EC_0202.jpg"
"8334",8.441220238,1.8514,"P0180","EC_0071.jpg"
"8335",1.819196429,2.7438,"P0180","EC_0075.jpg"
"8336",0.126488095,2.0559,"P0180","EC_0029.jpg"
"8337",4.906994048,4.0571,"P0180","EC_0203.jpg"
"8338",6.58110119,2.4453,"P0180","EC_0037.jpg"
"8339",1.688988095,2.7101,"P0180","EC_0108.jpg"
"8340",5.632440476,2.9824,"P0180","EC_0082.jpg"
"8341",7.36235119,2.2438,"P0180","EC_0060.jpg"
"8342",6.209077381,2.2986,"P0180","EC_0135.jpg"
"8343",0.870535714,2.4288,"P0180","EC_0036.jpeg"
"8344",1.409970238,2.1168,"P0180","EC_0111.jpg"
"8345",7.71577381,2.5346,"P0180","EC_0068.jpg"
"8346",1.07514881,2.2864,"P0180","EC_0221.jpg"
"8347",1.11235119,1.7353,"P0180","EC_0128.jpeg"
"8348",0.944940476,2.6409,"P0180","EC_0033.jpeg"
"8349",5.241815476,3.1399,"P0180","EC_0170.jpg"
"8350",1.949404762,2.8393,"P0180","EC_0038.jpg"
"8351",1.205357143,2.1224,"P0180","EC_0187.jpeg"
"8352",7.380952381,4.2461,"P0180","EC_0163.jpg"
"8353",8.441220238,2.4528,"P0180","EC_0046.jpg"
"8354",3.623511905,3.03,"P0180","EC_0089.jpg"
"8355",3.06547619,2.8271,"P0180","EC_0150.jpg"
"8356",7.864583333,2.4368,"P0180","EC_0132.jpg"
"8357",7.083333333,2.9588,"P0180","EC_0174.jpg"
"8358",6.674107143,4.3734,"P0180","EC_0156.jpg"
"8359",6.58110119,2.3596,"P0180","EC_0101.jpg"
"8360",5.911458333,2.3593,"P0180","EC_0065.jpg"
"8361",0.944940476,3.4675,"P0180","EC_0213.jpg"
"8362",7.120535714,3.0149,"P0180","EC_0014.jpg"
"8363",1.46577381,2.4158,"P0180","EC_0097.jpg"
"8364",1.019345238,2.9505,"P0180","EC_0195.jpg"
"8365",1.205357143,1.7593,"P0180","EC_0022.jpg"
"8366",4.925595238,3.7373,"P0180","EC_0092.jpg"
"8367",3.902529762,3.4002,"P0180","EC_0183.jpg"
"8368",5.111607143,2.2351,"P0180","EC_0147.png"
"8369",0.889136905,2.246,"P0180","EC_0185.jpg"
"8370",1.577380952,2.1549,"P0180","EC_0142.jpg"
"8371",8.590029762,2.361,"P0180","EC_0116.jpg"
"8372",3.381696429,4.1252,"P0180","EC_0040.jpg"
"8373",2.172619048,1.8681,"P0180","EC_0012.jpg"
"8374",4.962797619,2.6073,"P0180","EC_0058.jpg"
"8375",3.902529762,3.3008,"P0180","EC_0247.jpg"
"8376",8.90625,2.6871,"P0180","EC_0197.jpg"
"8377",0.833333333,2.2476,"P0180","EC_0235.jpg"
"8378",0.889136905,2.2465,"P0180","EC_0123.jpeg"
"8379",9.482886905,2.4348,"P0180","EC_0030.jpg"
"8380",0.424107143,2.5222,"P0180","EC_0124.jpeg"
"8381",2.842261905,3.4687,"P0180","EC_0201.jpg"
"8382",1.558779762,4.1573,"P0180","EC_0117.jpg"
"8383",4.051339286,4.8223,"P0180","EC_0198.jpg"
"8384",7.622767857,2.2845,"P0180","EC_0032.jpg"
"8385",4.497767857,2.6121,"P0180","EC_0042.jpg"
"8386",8.88764881,2.6055,"P0180","EC_0011.jpg"
"8387",0.405505952,2.7473,"P0180","EC_0194.jpg"
"8388",7.399553571,2.6129,"P0180","EC_0138.png"
"8389",0.907738095,2.5919,"P0180","EC_0148.jpg"
"8390",2.265625,3.2285,"P0180","EC_0182.jpg"
"8391",7.678571429,2.5837,"P0180","EC_0241.jpg"
"8392",1.019345238,2.6908,"P0180","EC_0027.jpg"
"8393",3.4375,3.5606,"P0180","EC_0066.jpg"
"8394",2.265625,2.5645,"P0180","EC_0103.jpg"
"8395",2.63764881,1.9018,"P0180","EC_0243.jpg"
"8396",5.576636905,2.4719,"P0180","EC_0151.jpg"
"8397",7.548363095,2.5519,"P0180","EC_0118.jpg"
"8398",8.031994048,2.2202,"P0180","EC_0219.jpg"
"8399",7.71577381,2.6076,"P0180","EC_0173.jpg"
"8400",3.232886905,2.3455,"P0180","EC_0239.jpg"
"8401",7.840285165,3.1039,"P0181","EC_0193.png"
"8402",4.952146258,2.5259,"P0181","EC_0039.jpg"
"8403",6.907391139,2.4851,"P0181","EC_0057.jpeg"
"8404",5.974506923,2.6732,"P0181","EC_0092.jpg"
"8405",8.98929269,3.0522,"P0181","EC_0086.jpg"
"8406",5.986612592,3.2625,"P0181","EC_0202.jpg"
"8407",4.029054914,2.7599,"P0181","EC_0024.jpg"
"8408",6.013696943,3.3736,"P0181","EC_0222.jpg"
"8409",4.046214512,3.3581,"P0181","EC_0206.png"
"8410",3.088308062,3.1014,"P0181","EC_0147.png"
"8411",5.986998422,3.8714,"P0181","EC_0044.jpg"
"8412",4.971083505,3.1247,"P0181","EC_0197.jpg"
"8413",2.002043043,3.1941,"P0181","EC_0027.jpg"
"8414",5.955822536,2.7092,"P0181","EC_0061.jpg"
"8415",6.938653128,4.0004,"P0181","EC_0046.jpg"
"8416",4.180989947,3.206,"P0181","EC_0100.jpg"
"8417",6.87160274,3.4533,"P0181","EC_0237.jpg"
"8418",9.973566328,3.8773,"P0181","EC_0060.jpg"
"8419",6.994490487,2.9971,"P0181","EC_0022.jpg"
"8420",8.039396014,3.843,"P0181","EC_0108.jpg"
"8421",2.965962001,3.5903,"P0181","EC_0019.jpg"
"8422",4.928757804,2.6994,"P0181","EC_0166.jpg"
"8423",6.930237906,2.8066,"P0181","EC_0245.jpg"
"8424",9.916754586,3.1175,"P0181","EC_0067.jpg"
"8425",9.931133815,2.9524,"P0181","EC_0085.jpg"
"8426",2.995077951,3.6233,"P0181","EC_0159.jpg"
"8427",6.971509661,2.9207,"P0181","EC_0246.jpg"
"8428",5.955188206,2.85,"P0181","EC_0062.jpg"
"8429",8.017255511,3.8086,"P0181","EC_0134.jpg"
"8430",4.974739075,4.584,"P0181","EC_0158.jpg"
"8431",5.942523411,2.8932,"P0181","EC_0074.jpg"
"8432",7.118428911,3.3736,"P0181","EC_0133.jpg"
"8433",7.99684688,2.8406,"P0181","EC_0050.jpg"
"8434",8.819988796,3.5015,"P0181","EC_0177.jpg"
"8435",8.814491272,2.7637,"P0181","EC_0228.jpg"
"8436",3.9721538,3.5787,"P0181","EC_0113.jpg"
"8437",6.933733259,3.2824,"P0181","EC_0096.jpg"
"8438",4.0267116,3.4014,"P0181","EC_0095.jpg"
"8439",6.096082415,3.1793,"P0181","EC_0138.png"
"8440",6.198993138,3.8406,"P0181","EC_0068.jpg"
"8441",6.279680525,2.4841,"P0181","EC_0093.jpg"
"8442",6.882023403,2.6403,"P0181","EC_0205.jpg"
"8443",6.304028102,4.5438,"P0181","EC_0103.jpg"
"8444",8.925467355,3.0854,"P0181","EC_0001.jpg"
"8445",7.905793326,3.2888,"P0181","EC_0200.png"
"8446",4.012580872,2.7763,"P0181","EC_0029.jpg"
"8447",4.011645726,5.3074,"P0181","EC_0240.jpg"
"8448",7.942765372,3.5011,"P0181","EC_0006.jpg"
"8449",5.251613072,4.4268,"P0181","EC_0018.jpg"
"8450",5.678104946,3.6452,"P0181","EC_0032.jpg"
"8451",4.990284511,3.1556,"P0181","EC_0248.jpg"
"8452",5.949183873,2.5431,"P0181","EC_0152.jpg"
"8453",6.041939872,3.5218,"P0181","EC_0101.jpg"
"8454",5.690104893,4.4555,"P0181","EC_0201.jpg"
"8455",6.952574594,2.5484,"P0181","EC_0207.jpg"
"8456",6.861757551,2.9045,"P0181","EC_0141.jpg"
"8457",6.469051906,4.0101,"P0181","EC_0081.jpg"
"8458",5.908947536,2.5047,"P0181","EC_0015.jpg"
"8459",8.002597264,3.5239,"P0181","EC_0247.jpg"
"8460",3.891863142,2.9988,"P0181","EC_0249.jpg"
"8461",7.023168291,2.9264,"P0181","EC_0187.jpeg"
"8462",3.265815735,3.2379,"P0181","EC_0139.png"
"8463",6.837966919,2.955,"P0181","EC_0163.jpg"
"8464",6.727098737,2.4213,"P0181","EC_0194.jpg"
"8465",7.880097525,2.4334,"P0181","EC_0170.jpg"
"8466",6.273475647,3.808,"P0181","EC_0013.jpg"
"8467",4.951748439,3.0065,"P0181","EC_0088.jpg"
"8468",6.010850089,2.727,"P0181","EC_0209.jpg"
"8469",9.968938555,3.3,"P0181","EC_0116.jpg"
"8470",6.227394104,2.8015,"P0181","EC_0055.jpg"
"8471",8.080506461,2.6309,"P0181","EC_0041.jpg"
"8472",5.124106271,3.1723,"P0181","EC_0196.jpg"
"8473",4.981584821,3.1589,"P0181","EC_0153.jpg"
"8474",7.941071647,3.4198,"P0181","EC_0034.jpg"
"8475",6.057437352,2.7323,"P0181","EC_0065.jpg"
"8476",3.778007507,2.3889,"P0181","EC_0224.jpg"
"8477",6.88180324,4.4315,"P0181","EC_0033.jpeg"
"8478",5.088285174,3.8768,"P0181","EC_0058.jpg"
"8479",5.998063224,2.4831,"P0181","EC_0073.jpg"
"8480",5.750615801,3.5212,"P0181","EC_0097.jpg"
"8481",7.970583235,2.9258,"P0181","EC_0242.jpg"
"8482",5.106035505,2.7776,"P0181","EC_0054.jpg"
"8483",6.869189671,2.4558,"P0181","EC_0003.jpg"
"8484",6.089888436,3.1311,"P0181","EC_0188.jpg"
"8485",6.814782279,3.4519,"P0181","EC_0244.jpg"
"8486",9.904038565,2.9928,"P0181","EC_0030.jpg"
"8487",7.047714233,2.9916,"P0181","EC_0072.jpg"
"8488",8.602528163,3.3998,"P0181","EC_0174.jpg"
"8489",6.918393816,3.9088,"P0181","EC_0168.jpeg"
"8490",6.959869385,3.2126,"P0181","EC_0028.jpg"
"8491",9.817462376,3.4744,"P0181","EC_0214.jpg"
"8492",6.59828731,4.441,"P0181","EC_0105.jpg"
"8493",4.804626465,3.568,"P0181","EC_0181.jpg"
"8494",6.606870379,3.357,"P0181","EC_0066.jpg"
"8495",8.329088484,3.386,"P0181","EC_0087.jpg"
"8496",4.022915431,4.8126,"P0181","EC_0148.jpg"
"8497",6.014409746,3.3695,"P0181","EC_0203.jpg"
"8498",3.976087298,2.8232,"P0181","EC_0005.jpg"
"8499",6.006211417,4.2283,"P0181","EC_0162.jpg"
"8500",8.957388742,3.3276,"P0181","EC_0238.jpg"
"8501",8.351165771,2.9173,"P0181","EC_0171.jpg"
"8502",9.373407636,2.5793,"P0181","EC_0173.jpg"
"8503",7.069287981,2.8767,"P0181","EC_0031.jpg"
"8504",7.002365112,3.5617,"P0181","EC_0150.jpg"
"8505",6.650107247,3.7196,"P0181","EC_0250.jpg"
"8506",7.018907819,2.5645,"P0181","EC_0099.jpg"
"8507",8.66330392,3.1967,"P0181","EC_0051.jpg"
"8508",5.419961112,2.7862,"P0181","EC_0198.jpg"
"8509",6.786942618,3.6197,"P0181","EC_0098.jpg"
"8510",6.898842948,2.7368,"P0181","EC_0160.jpg"
"8511",5.717790876,5.9796,"P0181","EC_0036.jpeg"
"8512",8.009480068,2.6839,"P0181","EC_0047.jpg"
"8513",9.966571263,3.2532,"P0181","EC_0106.jpg"
"8514",9.907572065,3.4704,"P0181","EC_0195.jpg"
"8515",8.225115095,2.943,"P0181","EC_0239.jpg"
"8516",8.993971688,2.7361,"P0181","EC_0136.jpg"
"8517",6.099207197,4.306,"P0181","EC_0151.jpg"
"8518",5.124189104,4.0369,"P0181","EC_0109.jpg"
"8519",9.002352033,4.0195,"P0181","EC_0011.jpg"
"8520",9.883922032,2.997,"P0181","EC_0149.jpg"
"8521",9.843664987,3.7562,"P0181","EC_0121.jpg"
"8522",5.378062657,3.1902,"P0181","EC_0115.jpg"
"8523",6.408485413,4.1872,"P0181","EC_0071.jpg"
"8524",7.490537371,2.8571,"P0181","EC_0077.jpg"
"8525",4.640357971,3.3098,"P0181","EC_0119.jpg"
"8526",9.302185059,3.1797,"P0181","EC_0009.jpg"
"8527",6.593589783,3.0751,"P0181","EC_0169.png"
"8528",6.866991316,2.9136,"P0181","EC_0156.jpg"
"8529",5.456969125,3.5727,"P0181","EC_0241.jpg"
"8530",4.194575718,4.0864,"P0181","EC_0142.jpg"
"8531",5.822919573,3.1907,"P0181","EC_0094.jpg"
"8532",7.858597892,3.1652,"P0181","EC_0199.jpg"
"8533",6.496451242,3.1116,"P0181","EC_0102.jpg"
"8534",8.469808306,2.8005,"P0181","EC_0014.jpg"
"8535",8.30594744,3.6188,"P0181","EC_0012.jpg"
"8536",5.875904628,3.0672,"P0181","EC_0182.jpg"
"8537",5.551378523,4.2748,"P0181","EC_0010.jpg"
"8538",8.119477408,3.9018,"P0181","EC_0002.jpg"
"8539",5.234661647,4.77,"P0181","EC_0164.jpg"
"8540",8.877562387,3.1098,"P0181","EC_0104.jpg"
"8541",7.102753775,4.8953,"P0181","EC_0038.jpg"
"8542",7.868263245,3.4726,"P0181","EC_0090.jpg"
"8543",9.821380615,5.4155,"P0181","EC_0210.jpg"
"8544",9.925033569,2.9148,"P0181","EC_0059.jpg"
"8545",6.281735012,2.6989,"P0181","EC_0161.jpg"
"8546",4.167063032,2.9358,"P0181","EC_0234.jpg"
"8547",7.937919617,2.7998,"P0181","EC_0069.jpg"
"8548",3.958201817,6.9566,"P0181","EC_0154.jpg"
"8549",6.598580497,2.3774,"P0181","EC_0089.jpg"
"8550",6.937316895,3.2176,"P0181","EC_0123.jpeg"
"8551",7.499434335,2.8461,"P0181","EC_0235.jpg"
"8552",7.34690203,3.264,"P0181","EC_0176.jpg"
"8553",5.66621072,4.1278,"P0181","EC_0017.jpg"
"8554",9.421692984,4.2532,"P0181","EC_0185.jpg"
"8555",7.993743896,2.9471,"P0181","EC_0037.jpg"
"8556",6.90801457,4.0225,"P0181","EC_0167.jpg"
"8557",6.933920724,2.6402,"P0181","EC_0165.jpg"
"8558",6.061828613,7.254,"P0181","EC_0048.jpg"
"8559",6.907271249,2.4264,"P0181","EC_0180.jpg"
"8560",8.016891479,2.9915,"P0181","EC_0083.jpg"
"8561",6.863125392,4.467,"P0181","EC_0063.jpg"
"8562",5.876913888,4.0907,"P0181","EC_0128.jpeg"
"8563",9.053746905,3.2063,"P0181","EC_0082.jpg"
"8564",2.931613377,3.6758,"P0181","EC_0213.jpg"
"8565",4.275307792,2.9709,"P0181","EC_0140.jpg"
"8566",6.647420611,2.9436,"P0181","EC_0131.jpg"
"8567",6.792750767,3.0084,"P0181","EC_0007.jpg"
"8568",3.840450832,3.0374,"P0181","EC_0231.jpg"
"8569",3.996995108,3.5696,"P0181","EC_0204.jpg"
"8570",5.635783604,2.8251,"P0181","EC_0184.jpg"
"8571",6.965508597,2.4008,"P0181","EC_0064.jpg"
"8572",7.232294355,3.3714,"P0181","EC_0076.jpg"
"8573",7.851720537,3.4149,"P0181","EC_0080.jpg"
"8574",5.994100298,4.8949,"P0181","EC_0233.jpg"
"8575",6.873252869,5.3968,"P0181","EC_0243.jpg"
"8576",5.558206831,3.2255,"P0181","EC_0042.jpg"
"8577",9.871589661,3.3535,"P0181","EC_0227.jpg"
"8578",9.974725996,3.5349,"P0181","EC_0008.jpg"
"8579",5.852436611,3.4678,"P0181","EC_0117.jpg"
"8580",7.259469169,3.5724,"P0181","EC_0084.jpg"
"8581",8.063878741,2.5828,"P0181","EC_0070.jpg"
"8582",5.144764491,2.5784,"P0181","EC_0049.jpg"
"8583",7.972817557,4.5161,"P0181","EC_0157.jpg"
"8584",5.987261091,2.9582,"P0181","EC_0172.jpg"
"8585",6.907398769,4.1446,"P0181","EC_0132.jpg"
"8586",5.987680708,6.2182,"P0181","EC_0129.jpeg"
"8587",5.227286203,5.2466,"P0181","EC_0236.jpg"
"8588",5.994649615,2.3012,"P0181","EC_0135.jpg"
"8589",3.516484942,3.5987,"P0181","EC_0111.jpg"
"8590",3.92213113,3.6061,"P0181","EC_0075.jpg"
"8591",5.765391759,2.6794,"P0181","EC_0056.jpg"
"8592",3.069654192,3.118,"P0181","EC_0125.jpeg"
"8593",2.746760777,3.7113,"P0181","EC_0183.jpg"
"8594",7.094191415,2.9875,"P0181","EC_0124.jpeg"
"8595",5.919000898,5.1798,"P0181","EC_0226.jpg"
"8596",6.83064488,2.7699,"P0181","EC_0040.jpg"
"8597",8.953554426,3.3258,"P0181","EC_0020.jpg"
"8598",5.089403425,3.5244,"P0181","EC_0232.jpg"
"8599",6.035873413,2.6582,"P0181","EC_0120.jpg"
"8600",4.324559893,6.0888,"P0181","EC_0230.jpg"
"8601",7.071867807,4.1762,"P0181","EC_0229.jpg"
"8602",8.922060285,2.8679,"P0181","EC_0079.jpg"
"8603",7.938519069,3.2185,"P0181","EC_0118.jpg"
"8604",5.210114615,3.0324,"P0181","EC_0137.jpg"
"8605",9.861719404,2.7012,"P0181","EC_0211.jpg"
"8606",7.063905988,4.9009,"P0181","EC_0219.jpg"
"8607",6.974913461,3.422,"P0181","EC_0016.jpg"
"8608",9.814501081,2.7896,"P0181","EC_0221.jpg"
"8609",4.087557111,2.6669,"P0181","EC_0223.jpg"
"8610",4.423544747,4.2223,"P0181","EC_0053.jpg"
"8611",7.972803936,5.5981,"P0187","EC_0226.jpg"
"8612",7.635653229,5.5413,"P0187","EC_0232.jpg"
"8613",8.881073966,2.7232,"P0187","EC_0211.jpg"
"8614",6.627323332,3.2754,"P0187","EC_0109.jpg"
"8615",7.150518983,3.6409,"P0187","EC_0243.jpg"
"8616",3.856274581,5.2635,"P0187","EC_0241.jpg"
"8617",5.90713017,2.9061,"P0187","EC_0238.jpg"
"8618",9.010720629,3.8132,"P0187","EC_0082.jpg"
"8619",8.885038696,2.763,"P0187","EC_0040.jpg"
"8620",8.896982444,3.6523,"P0187","EC_0203.jpg"
"8621",6.957833117,2.8296,"P0187","EC_0069.jpg"
"8622",5.900142334,4.3575,"P0187","EC_0099.jpg"
"8623",3.99236393,5.4353,"P0187","EC_0111.jpg"
"8624",6.372589444,3.6616,"P0187","EC_0051.jpg"
"8625",6.221681918,3.2643,"P0187","EC_0085.jpg"
"8626",6.221681918,2.8493,"P0187","EC_0227.jpg"
"8627",5.96020799,2.8712,"P0187","EC_0221.jpg"
"8628",5.819707879,3.9836,"P0187","EC_0223.jpg"
"8629",3.898498953,5.7227,"P0187","EC_0015.jpg"
"8630",4.646593901,5.1978,"P0187","EC_0072.jpg"
"8631",7.39117808,8.7095,"P0187","EC_0204.jpg"
"8632",6.387655417,3.4335,"P0187","EC_0094.jpg"
"8633",5.962239914,6.1829,"P0187","EC_0124.jpeg"
"8634",4.994102464,4.7306,"P0187","EC_0011.jpg"
"8635",6.702752315,3.6474,"P0187","EC_0006.jpg"
"8636",9.017163315,3.9541,"P0187","EC_0003.jpg"
"8637",4.165870417,6.5463,"P0187","EC_0151.jpg"
"8638",4.97631074,3.163,"P0187","EC_0066.jpg"
"8639",6.933450029,3.7468,"P0187","EC_0167.jpg"
"8640",5.850831007,3.8229,"P0187","EC_0002.jpg"
"8641",5.827439102,5.8584,"P0187","EC_0038.jpg"
"8642",5.512441322,2.9638,"P0187","EC_0090.jpg"
"8643",5.97319248,4.8549,"P0187","EC_0128.jpeg"
"8644",7.959274296,2.7207,"P0187","EC_0029.jpg"
"8645",6.030433266,3.9061,"P0187","EC_0210.jpg"
"8646",6.824865992,3.8959,"P0187","EC_0059.jpg"
"8647",5.030875333,3.4376,"P0187","EC_0065.jpg"
"8648",5.925813959,4.7648,"P0187","EC_0247.jpg"
"8649",6.946087605,3.7491,"P0187","EC_0194.jpg"
"8650",6.8154002,2.6727,"P0187","EC_0049.jpg"
"8651",7.97766073,3.006,"P0187","EC_0046.jpg"
"8652",9.88900739,4.8977,"P0187","EC_0098.jpg"
"8653",8.839543422,4.247,"P0187","EC_0165.jpg"
"8654",7.32853535,5.0909,"P0187","EC_0228.jpg"
"8655",6.986626967,2.9712,"P0187","EC_0096.jpg"
"8656",8.33161198,2.6984,"P0187","EC_0116.jpg"
"8657",6.909364295,3.6058,"P0187","EC_0080.jpg"
"8658",6.102095756,3.8041,"P0187","EC_0086.jpg"
"8659",6.102095756,2.2915,"P0187","EC_0064.jpg"
"8660",6.873979082,3.8488,"P0187","EC_0044.jpg"
"8661",5.399694319,8.6643,"P0187","EC_0242.jpg"
"8662",5.946975704,3.8169,"P0187","EC_0148.jpg"
"8663",7.937864755,2.8376,"P0187","EC_0050.jpg"
"8664",6.862877839,3.6752,"P0187","EC_0237.jpg"
"8665",2.031755503,4.3879,"P0187","EC_0195.jpg"
"8666",2.95429856,3.1232,"P0187","EC_0136.jpg"
"8667",4.900237487,3.0075,"P0187","EC_0092.jpg"
"8668",4.986073887,2.8918,"P0187","EC_0183.jpg"
"8669",6.918532733,2.8398,"P0187","EC_0233.jpg"
"8670",6.962442115,3.0967,"P0187","EC_0102.jpg"
"8671",6.629999524,2.8008,"P0187","EC_0017.jpg"
"8672",6.629999524,2.5312,"P0187","EC_0142.jpg"
"8673",3.668544627,5.1171,"P0187","EC_0224.jpg"
"8674",5.950246606,3.6877,"P0187","EC_0170.jpg"
"8675",5.388890431,11.4959,"P0187","EC_0103.jpg"
"8676",5.513036031,3.2137,"P0187","EC_0214.jpg"
"8677",2.956875634,5.7144,"P0187","EC_0031.jpg"
"8678",5.331005376,5.3845,"P0187","EC_0121.jpg"
"8679",4.985578295,4.3572,"P0187","EC_0022.jpg"
"8680",7.956399867,6.007,"P0187","EC_0125.jpeg"
"8681",6.973345122,2.4916,"P0187","EC_0172.jpg"
"8682",7.874478638,2.7665,"P0187","EC_0205.jpg"
"8683",8.166629663,2.8731,"P0187","EC_0198.jpg"
"8684",5.653536142,3.0404,"P0187","EC_0074.jpg"
"8685",5.653536142,2.4239,"P0187","EC_0075.jpg"
"8686",5.656955722,4.4645,"P0187","EC_0180.jpg"
"8687",3.929324727,5.6885,"P0187","EC_0033.jpeg"
"8688",4.978193986,3.6008,"P0187","EC_0147.png"
"8689",7.466904418,5.2078,"P0187","EC_0056.jpg"
"8690",7.39117808,3.1145,"P0187","EC_0138.png"
"8691",7.531331277,3.1892,"P0187","EC_0073.jpg"
"8692",8.000309249,2.8057,"P0187","EC_0173.jpg"
"8693",8.50769554,3.3457,"P0187","EC_0160.jpg"
"8694",8.606764225,2.7903,"P0187","EC_0235.jpg"
"8695",8.606764225,2.2585,"P0187","EC_0188.jpg"
"8696",7.460461732,3.2565,"P0187","EC_0133.jpg"
"8697",5.9189748,10.8041,"P0187","EC_0024.jpg"
"8698",6.766187992,5.1143,"P0187","EC_0057.jpeg"
"8699",6.482313341,3.9064,"P0187","EC_0034.jpg"
"8700",6.722922878,3.275,"P0187","EC_0028.jpg"
"8701",8.025782638,2.3993,"P0187","EC_0070.jpg"
"8702",8.010270632,2.8059,"P0187","EC_0157.jpg"
"8703",8.010270632,2.1615,"P0187","EC_0055.jpg"
"8704",5.270245893,3.4526,"P0187","EC_0201.jpg"
"8705",6.343845154,2.5044,"P0187","EC_0177.jpg"
"8706",5.883886942,9.4709,"P0187","EC_0229.jpg"
"8707",5.030726656,3.7976,"P0187","EC_0219.jpg"
"8708",6.010262703,2.7915,"P0187","EC_0158.jpg"
"8709",7.016758913,2.4485,"P0187","EC_0020.jpg"
"8710",7.016758913,3.2414,"P0187","EC_0068.jpg"
"8711",6.370061929,2.8645,"P0187","EC_0054.jpg"
"8712",7.010365786,2.4232,"P0187","EC_0149.jpg"
"8713",6.43889955,4.6056,"P0187","EC_0134.jpg"
"8714",5.52443463,3.4646,"P0187","EC_0171.jpg"
"8715",7.038564926,3.21,"P0187","EC_0140.jpg"
"8716",8.994267001,2.6537,"P0187","EC_0041.jpg"
"8717",5.965609934,3.2216,"P0187","EC_0154.jpg"
"8718",6.826303207,3.9327,"P0187","EC_0234.jpg"
"8719",6.950002775,2.5388,"P0187","EC_0063.jpg"
"8720",6.862134452,3.2737,"P0187","EC_0120.jpg"
"8721",6.005108554,3.4962,"P0187","EC_0239.jpg"
"8722",5.0282487,5.705,"P0187","EC_0019.jpg"
"8723",6.893108903,5.5157,"P0187","EC_0039.jpg"
"8724",6.041385832,3.6406,"P0187","EC_0185.jpg"
"8725",7.596798877,3.1665,"P0187","EC_0042.jpg"
"8726",7.851631883,3.9234,"P0187","EC_0084.jpg"
"8727",6.003770458,3.1253,"P0187","EC_0108.jpg"
"8728",7.962545198,2.9055,"P0187","EC_0104.jpg"
"8729",5.502876411,4.6555,"P0187","EC_0036.jpeg"
"8730",5.989844345,3.047,"P0187","EC_0162.jpg"
"8731",6.969578629,2.3811,"P0187","EC_0058.jpg"
"8732",8.002192496,2.6416,"P0187","EC_0141.jpg"
"8733",5.751960559,3.6908,"P0187","EC_0153.jpg"
"8734",5.249629298,4.9911,"P0187","EC_0018.jpg"
"8735",7.837854447,3.0745,"P0187","EC_0016.jpg"
"8736",7.52776302,3.9587,"P0187","EC_0193.png"
"8737",8.980093092,3.2992,"P0187","EC_0132.jpg"
"8738",2.062283922,3.8651,"P0187","EC_0196.jpg"
"8739",3.954302525,2.9228,"P0187","EC_0187.jpeg"
"8740",7.040299496,2.474,"P0187","EC_0047.jpg"
"8741",7.858173687,3.7155,"P0187","EC_0236.jpg"
"8742",5.972944684,4.9075,"P0187","EC_0174.jpg"
"8743",5.851970867,2.5878,"P0187","EC_0150.jpg"
"8744",7.979593536,6.319,"P0187","EC_0164.jpg"
"8745",7.8867693,2.9071,"P0187","EC_0062.jpg"
"8746",7.955805157,2.5558,"P0187","EC_0053.jpg"
"8747",6.085939482,3.6888,"P0187","EC_0097.jpg"
"8748",5.581328502,4.2341,"P0187","EC_0032.jpg"
"8749",5.135147726,3.8314,"P0187","EC_0131.jpg"
"8750",5.988208894,5.8899,"P0187","EC_0005.jpg"
"8751",6.245718092,3.9398,"P0187","EC_0250.jpg"
"8752",8.449414013,4.8138,"P0187","EC_0161.jpg"
"8753",9.001453073,3.1994,"P0187","EC_0152.jpg"
"8754",6.182431093,4.4721,"P0187","EC_0248.jpg"
"8755",5.246754869,3.0659,"P0187","EC_0007.jpg"
"8756",4.25091387,3.9235,"P0187","EC_0246.jpg"
"8757",6.631783653,2.7075,"P0187","EC_0115.jpg"
"8758",7.062303746,2.8172,"P0187","EC_0200.png"
"8759",3.94216054,3.2234,"P0187","EC_0037.jpg"
"8760",6.005405909,3.0049,"P0187","EC_0105.jpg"
"8761",2.95261355,4.9078,"P0187","EC_0077.jpg"
"8762",8.951547038,3.716,"P0187","EC_0168.jpeg"
"8763",6.956693257,3.0985,"P0187","EC_0117.jpg"
"8764",6.26217172,3.3397,"P0187","EC_0230.jpg"
"8765",6.990839492,3.7085,"P0187","EC_0081.jpg"
"8766",6.929039267,2.7903,"P0187","EC_0087.jpg"
"8767",7.186449347,2.7797,"P0187","EC_0013.jpg"
"8768",8.92939411,2.9253,"P0187","EC_0119.jpg"
"8769",7.989158446,3.5406,"P0187","EC_0093.jpg"
"8770",6.847762307,2.8667,"P0187","EC_0118.jpg"
"8771",7.067656131,4.6303,"P0187","EC_0222.jpg"
"8772",4.025618101,3.6535,"P0187","EC_0129.jpeg"
"8773",6.379874635,2.4795,"P0187","EC_0213.jpg"
"8774",5.536725292,7.7048,"P0187","EC_0076.jpg"
"8775",8.013095502,5.5826,"P0187","EC_0176.jpg"
"8776",8.013194621,3.305,"P0187","EC_0197.jpg"
"8777",7.960909747,2.3898,"P0187","EC_0135.jpg"
"8778",7.066318035,2.8239,"P0187","EC_0181.jpg"
"8779",6.99490334,4.7169,"P0187","EC_0202.jpg"
"8780",7.016709354,3.2906,"P0187","EC_0244.jpg"
"8781",7.944010086,2.63,"P0187","EC_0101.jpg"
"8782",5.736597231,2.9556,"P0187","EC_0001.jpg"
"8783",6.520919897,2.8896,"P0187","EC_0061.jpg"
"8784",6.445936945,2.6251,"P0187","EC_0159.jpg"
"8785",7.969334798,3.1412,"P0187","EC_0156.jpg"
"8786",6.422148566,2.8384,"P0187","EC_0009.jpg"
"8787",7.012992419,3.4626,"P0187","EC_0123.jpeg"
"8788",6.601949061,2.6065,"P0187","EC_0249.jpg"
"8789",1.170963112,22.3962,"P0187","EC_0184.jpg"
"8790",8.269910873,3.7427,"P0187","EC_0207.jpg"
"8791",6.993862598,2.7722,"P0187","EC_0139.png"
"8792",6.953719709,4.7655,"P0187","EC_0008.jpg"
"8793",2.920003648,7.0907,"P0187","EC_0199.jpg"
"8794",7.844098896,5.1927,"P0187","EC_0048.jpg"
"8795",7.884836495,3.4222,"P0187","EC_0027.jpg"
"8796",5.930968108,2.6235,"P0187","EC_0182.jpg"
"8797",5.930968108,2.6831,"P0187","EC_0089.jpg"
"8798",8.081982682,2.583,"P0187","EC_0095.jpg"
"8799",5.819311406,4.7868,"P0187","EC_0169.png"
"8800",6.567108998,3.7995,"P0187","EC_0166.jpg"
"8801",9.050268809,3.3962,"P0187","EC_0030.jpg"
"8802",5.017593488,5.2374,"P0187","EC_0067.jpg"
"8803",7.674755376,2.6244,"P0187","EC_0137.jpg"
"8804",4.986371241,4.9002,"P0187","EC_0206.png"
"8805",2.121358396,5.6485,"P0187","EC_0240.jpg"
"8806",6.959716363,3.0975,"P0187","EC_0012.jpg"
"8807",9.066028609,3.0384,"P0187","EC_0014.jpg"
"8808",8.884344868,2.9166,"P0187","EC_0079.jpg"
"8809",5.489743244,4.7728,"P0187","EC_0106.jpg"
"8810",5.939740072,3.3584,"P0187","EC_0071.jpg"
"8811",6.004365167,5.4752,"P0187","EC_0088.jpg"
"8812",8.38746511,3.839,"P0187","EC_0113.jpg"
"8813",6.990690815,4.2645,"P0187","EC_0231.jpg"
"8814",2.4970661,4.2385,"P0187","EC_0083.jpg"
"8815",9.111127411,2.5143,"P0187","EC_0060.jpg"
"8816",6.412633215,6.0344,"P0187","EC_0100.jpg"
"8817",5.622313896,12.6637,"P0187","EC_0010.jpg"
"8818",8.990996099,4.3067,"P0187","EC_0209.jpg"
"8819",6.881363391,2.8463,"P0187","EC_0163.jpg"
"8820",8.074400136,2.8066,"P0187","EC_0245.jpg"
"8821",4.970300099,3.63,"P0189","EC_0231.jpg"
"8822",8.128720238,2.3587,"P0189","EC_0050.jpg"
"8823",9.923549107,3.074,"P0189","EC_0041.jpg"
"8824",7.563368056,3.1256,"P0189","EC_0227.jpg"
"8825",6.412450397,2.8418,"P0189","EC_0120.jpg"
"8826",3.548549107,2.3417,"P0189","EC_0196.jpg"
"8827",4.328497024,2.6582,"P0189","EC_0089.jpg"
"8828",3.03218006,1.9418,"P0189","EC_0166.jpg"
"8829",1.518973214,4.1926,"P0189","EC_0042.jpg"
"8830",2.546750992,2.2558,"P0189","EC_0159.jpg"
"8831",7.113157242,2.3934,"P0189","EC_0228.jpg"
"8832",8.88764881,2.2254,"P0189","EC_0057.jpeg"
"8833",2.821800595,2.7067,"P0189","EC_0239.jpg"
"8834",6.617001488,2.7557,"P0189","EC_0123.jpeg"
"8835",7.768663194,3.426,"P0189","EC_0039.jpg"
"8836",6.592385913,2.2586,"P0189","EC_0028.jpg"
"8837",3.881758433,2.4604,"P0189","EC_0080.jpg"
"8838",2.318514385,2.5423,"P0189","EC_0240.jpg"
"8839",1.796937004,2.1245,"P0189","EC_0102.jpg"
"8840",2.603360615,2.3095,"P0189","EC_0115.jpg"
"8841",6.693204365,2.459,"P0189","EC_0233.jpg"
"8842",7.129154266,2.0732,"P0189","EC_0247.jpg"
"8843",7.875248016,2.1747,"P0189","EC_0157.jpg"
"8844",5.300223214,2.2588,"P0189","EC_0066.jpg"
"8845",3.857328869,1.7909,"P0189","EC_0187.jpeg"
"8846",2.506634425,2.0406,"P0189","EC_0142.jpg"
"8847",7.282428075,2.8595,"P0189","EC_0031.jpg"
"8848",1.774863591,2.6552,"P0189","EC_0103.jpg"
"8849",1.070374504,2.1109,"P0189","EC_0234.jpg"
"8850",1.665798611,2.3111,"P0189","EC_0140.jpg"
"8851",1.517175099,2.3402,"P0189","EC_0202.jpg"
"8852",2.460999504,2.0748,"P0189","EC_0059.jpg"
"8853",9.448412698,2.7582,"P0189","EC_0081.jpg"
"8854",2.076512897,2.3073,"P0189","EC_0182.jpg"
"8855",1.172991071,2.3409,"P0189","EC_0173.jpg"
"8856",2.297991071,1.8422,"P0189","EC_0222.jpg"
"8857",6.441344246,2.1758,"P0189","EC_0171.jpg"
"8858",1.053261409,2.7251,"P0189","EC_0100.jpg"
"8859",4.976686508,3.8092,"P0189","EC_0153.jpg"
"8860",3.051029266,3.4751,"P0189","EC_0037.jpg"
"8861",1.807477679,1.8252,"P0189","EC_0147.png"
"8862",1.881696429,1.8257,"P0189","EC_0018.jpg"
"8863",2.180555556,1.7257,"P0189","EC_0151.jpg"
"8864",1.840587798,2.1942,"P0189","EC_0013.jpg"
"8865",3.93390377,1.6254,"P0189","EC_0012.jpg"
"8866",1.694940476,1.9432,"P0189","EC_0195.jpg"
"8867",1.687003968,1.8927,"P0189","EC_0125.jpeg"
"8868",1.687003968,2.0754,"P0189","EC_0194.jpg"
"8869",2.453249008,2.5254,"P0189","EC_0034.jpg"
"8870",4.513082837,2.4419,"P0189","EC_0177.jpg"
"8871",1.968377976,1.9436,"P0189","EC_0236.jpg"
"8872",7.345982143,2.2544,"P0189","EC_0210.jpg"
"8873",2.847470238,2.2576,"P0189","EC_0245.jpg"
"8874",3.919952877,2.192,"P0189","EC_0098.jpg"
"8875",2.788566468,1.541,"P0189","EC_0006.jpg"
"8876",2.325458829,2.1247,"P0189","EC_0086.jpg"
"8877",0.701884921,3.0087,"P0189","EC_0242.jpg"
"8878",2.311445933,3.225,"P0189","EC_0150.jpg"
"8879",0.973152282,2.4437,"P0189","EC_0072.jpg"
"8880",7.089781746,4.8904,"P0189","EC_0048.jpg"
"8881",0.745349702,2.3415,"P0189","EC_0008.jpg"
"8882",2.382874504,3.3905,"P0189","EC_0136.jpg"
"8883",1.201760913,2.2418,"P0189","EC_0015.jpg"
"8884",0.761222718,2.4753,"P0189","EC_0139.png"
"8885",1.262276786,1.8591,"P0189","EC_0149.jpg"
"8886",1.788628472,2.0422,"P0189","EC_0221.jpg"
"8887",0.775173611,3.3914,"P0189","EC_0131.jpg"
"8888",2.043836806,2.5092,"P0189","EC_0027.jpg"
"8889",1.641307044,1.8591,"P0189","EC_0226.jpg"
"8890",1.641307044,1.8916,"P0189","EC_0032.jpg"
"8891",1.641307044,1.6259,"P0189","EC_0022.jpg"
"8892",1.641307044,1.7258,"P0189","EC_0176.jpg"
"8893",4.207775298,1.9757,"P0189","EC_0085.jpg"
"8894",0.30766369,2.0762,"P0189","EC_0075.jpg"
"8895",1.501240079,3.4244,"P0189","EC_0129.jpeg"
"8896",1.485367063,1.8744,"P0189","EC_0209.jpg"
"8897",0.94593254,7.5902,"P0189","EC_0128.jpeg"
"8898",2.295820933,1.9593,"P0189","EC_0219.jpg"
"8899",1.063740079,1.8932,"P0189","EC_0076.jpg"
"8900",7.230344742,3.9086,"P0189","EC_0074.jpg"
"8901",0.831163194,2.1088,"P0189","EC_0058.jpg"
"8902",5.247209821,2.308,"P0189","EC_0243.jpg"
"8903",2.415426587,4.6418,"P0189","EC_0005.jpg"
"8904",6.497147817,2.1596,"P0189","EC_0011.jpg"
"8905",7.27015129,2.561,"P0189","EC_0047.jpg"
"8906",7.514880952,2.7919,"P0189","EC_0087.jpg"
"8907",2.610119048,2.1751,"P0189","EC_0003.jpg"
"8908",6.084325397,3.4087,"P0189","EC_0009.jpg"
"8909",2.171688988,2.2413,"P0189","EC_0181.jpg"
"8910",5.807415675,3.4922,"P0189","EC_0096.jpg"
"8911",6.386036706,2.9771,"P0189","EC_0170.jpg"
"8912",6.522941468,2.2917,"P0189","EC_0064.jpg"
"8913",1.895089286,2.3091,"P0189","EC_0020.jpg"
"8914",4.697854663,2.358,"P0189","EC_0014.jpg"
"8915",7.202256944,2.2584,"P0189","EC_0029.jpg"
"8916",2.971788194,2.1408,"P0189","EC_0094.jpg"
"8917",1.235491071,2.1911,"P0189","EC_0161.jpg"
"8918",0.709449405,1.9084,"P0189","EC_0030.jpg"
"8919",1.079427083,4.0951,"P0189","EC_0134.jpg"
"8920",1.079427083,1.8244,"P0189","EC_0138.png"
"8921",8.400235615,2.4953,"P0189","EC_0069.jpg"
"8922",2.194320437,2.4087,"P0189","EC_0017.jpg"
"8923",8.640438988,2.8413,"P0189","EC_0083.jpg"
"8924",2.120225694,2.3076,"P0189","EC_0010.jpg"
"8925",7.555989583,2.2577,"P0189","EC_0248.jpg"
"8926",6.387400794,2.3419,"P0189","EC_0067.jpg"
"8927",2.157862103,2.2749,"P0189","EC_0230.jpg"
"8928",2.141989087,1.8254,"P0189","EC_0232.jpg"
"8929",9.128348214,2.6093,"P0189","EC_0204.jpg"
"8930",1.815166171,2.058,"P0189","EC_0099.jpg"
"8931",8.165674603,2.2748,"P0189","EC_0065.jpg"
"8932",8.020275298,2.3922,"P0189","EC_0152.jpg"
"8933",8.810267857,2.7096,"P0189","EC_0193.png"
"8934",3.375372024,4.9576,"P0189","EC_0118.jpg"
"8935",2.429315476,1.8408,"P0189","EC_0167.jpg"
"8936",2.421378968,1.2049,"P0189","EC_0168.jpeg"
"8937",0.897755456,1.8083,"P0189","EC_0197.jpg"
"8938",2.385292659,1.5937,"P0189","EC_0116.jpg"
"8939",2.045510913,1.3917,"P0189","EC_0132.jpg"
"8940",2.045510913,1.992,"P0189","EC_0200.png"
"8941",2.058469742,2.3577,"P0189","EC_0056.jpg"
"8942",2.058469742,1.6083,"P0189","EC_0088.jpg"
"8943",2.058469742,1.6928,"P0189","EC_0188.jpg"
"8944",2.069506448,1.6425,"P0189","EC_0164.jpg"
"8945",2.069506448,1.7908,"P0189","EC_0090.jpg"
"8946",2.069506448,1.8912,"P0189","EC_0229.jpg"
"8947",1.170882937,2.0588,"P0189","EC_0214.jpg"
"8948",8.089161706,3.3233,"P0189","EC_0172.jpg"
"8949",1.887710813,2.059,"P0189","EC_0049.jpg"
"8950",1.832837302,1.7561,"P0189","EC_0077.jpg"
"8951",1.075830853,1.9938,"P0189","EC_0068.jpg"
"8952",1.075830853,1.8255,"P0189","EC_0238.jpg"
"8953",1.123263889,1.8915,"P0189","EC_0040.jpg"
"8954",1.123263889,3.4411,"P0189","EC_0224.jpg"
"8955",7.451078869,3.1402,"P0189","EC_0084.jpg"
"8956",1.653707837,2.4245,"P0189","EC_0213.jpg"
"8957",1.637834821,1.9407,"P0189","EC_0055.jpg"
"8958",6.370225694,2.0756,"P0189","EC_0113.jpg"
"8959",5.943452381,2.2087,"P0189","EC_0137.jpg"
"8960",1.994357639,1.9092,"P0189","EC_0141.jpg"
"8961",1.134176587,1.8589,"P0189","EC_0109.jpg"
"8962",3.274305556,2.0753,"P0189","EC_0108.jpg"
"8963",1.252914187,2.0078,"P0189","EC_0184.jpg"
"8964",1.219742063,2.9745,"P0189","EC_0201.jpg"
"8965",1.219742063,2.1413,"P0189","EC_0203.jpg"
"8966",6.066840278,2.9581,"P0189","EC_0156.jpg"
"8967",2.109933036,2.0753,"P0189","EC_0016.jpg"
"8968",6.220052083,2.6908,"P0189","EC_0211.jpg"
"8969",1.678633433,2.1096,"P0189","EC_0162.jpg"
"8970",8.617869544,2.3093,"P0189","EC_0073.jpg"
"8971",8.809461806,2.4279,"P0189","EC_0104.jpg"
"8972",2.557105655,2.0246,"P0189","EC_0148.jpg"
"8973",6.621465774,1.8416,"P0189","EC_0158.jpg"
"8974",9.109871032,3.0908,"P0189","EC_0223.jpg"
"8975",7.50688244,2.2912,"P0189","EC_0063.jpg"
"8976",3.897135417,3.5587,"P0189","EC_0033.jpeg"
"8977",5.288256448,2.5585,"P0189","EC_0024.jpg"
"8978",1.59765625,2.2584,"P0189","EC_0165.jpg"
"8979",7.206039187,2.4246,"P0189","EC_0119.jpg"
"8980",7.645895337,3.8252,"P0189","EC_0199.jpg"
"8981",1.383246528,3.9927,"P0189","EC_0133.jpg"
"8982",7.368427579,3.6751,"P0189","EC_0169.png"
"8983",8.524925595,2.4919,"P0189","EC_0180.jpg"
"8984",1.11625744,2.391,"P0189","EC_0044.jpg"
"8985",1.158544147,5.7572,"P0189","EC_0093.jpg"
"8986",1.150607639,1.7755,"P0189","EC_0061.jpg"
"8987",1.150607639,1.8089,"P0189","EC_0198.jpg"
"8988",1.460441468,1.9407,"P0189","EC_0097.jpg"
"8989",9.025669643,3.6073,"P0189","EC_0079.jpg"
"8990",1.690352183,2.425,"P0189","EC_0237.jpg"
"8991",8.45014881,2.1926,"P0189","EC_0160.jpg"
"8992",1.234499008,2.0922,"P0189","EC_0111.jpg"
"8993",9.211619544,2.3418,"P0189","EC_0117.jpg"
"8994",1.930741567,2.974,"P0189","EC_0185.jpg"
"8995",2.978360615,4.6927,"P0189","EC_0124.jpeg"
"8996",1.855654762,4.9582,"P0189","EC_0001.jpg"
"8997",1.831845238,1.5919,"P0189","EC_0007.jpg"
"8998",9.474330357,2.276,"P0189","EC_0244.jpg"
"8999",1.809585813,2.0748,"P0189","EC_0135.jpg"
"9000",1.621837798,2.0255,"P0189","EC_0046.jpg"
"9001",1.055369544,2.5766,"P0189","EC_0071.jpg"
"9002",3.210193452,1.9251,"P0189","EC_0060.jpg"
"9003",8.725012401,3.7581,"P0189","EC_0038.jpg"
"9004",1.241443452,5.9915,"P0189","EC_0054.jpg"
"9005",5.830791171,4.1897,"P0189","EC_0206.png"
"9006",1.276909722,3.7581,"P0189","EC_0101.jpg"
"9007",1.317274306,6.8753,"P0189","EC_0092.jpg"
"9008",3.814670139,2.5735,"P0189","EC_0241.jpg"
"9009",1.549789187,2.0059,"P0189","EC_0183.jpg"
"9010",8.952876984,5.7096,"P0189","EC_0163.jpg"
"9011",7.372271825,3.1919,"P0189","EC_0095.jpg"
"9012",2.250248016,2.059,"P0189","EC_0002.jpg"
"9013",8.287760417,2.8919,"P0189","EC_0174.jpg"
"9014",7.901847718,1.5552,"P0189","EC_0051.jpg"
"9015",3.308779762,2.1931,"P0189","EC_0249.jpg"
"9016",0.578062996,2.2079,"P0189","EC_0019.jpg"
"9017",2.795200893,2.025,"P0189","EC_0246.jpg"
"9018",7.492311508,2.2387,"P0189","EC_0082.jpg"
"9019",1.524181548,2.2566,"P0189","EC_0105.jpg"
"9020",1.909288194,1.9753,"P0189","EC_0250.jpg"
"9021",7.358692956,3.0612,"P0189","EC_0205.jpg"
"9022",2.784350198,2.3096,"P0189","EC_0121.jpg"
"9023",5.987723214,2.2098,"P0189","EC_0207.jpg"
"9024",2.641369048,2.1417,"P0189","EC_0053.jpg"
"9025",6.48344494,1.6925,"P0189","EC_0235.jpg"
"9026",8.048487103,1.6574,"P0189","EC_0070.jpg"
"9027",2.341889881,2.1908,"P0189","EC_0154.jpg"
"9028",6.339099702,2.4258,"P0189","EC_0062.jpg"
"9029",4.056175595,2.7216,"P0189","EC_0036.jpeg"
"9030",1.762152778,8.41,"P0189","EC_0106.jpg"
"9031",2.989417989,3.4623,"P0196","EC_0164.jpg"
"9032",5.026455026,3.2988,"P0196","EC_0243.jpg"
"9033",6.031746032,2.8818,"P0196","EC_0134.jpg"
"9034",3.968253968,3.4999,"P0196","EC_0062.jpg"
"9035",3.955026455,2.3774,"P0196","EC_0095.jpg"
"9036",7.023809524,3.8809,"P0196","EC_0079.jpg"
"9037",8.015873016,3.4137,"P0196","EC_0151.jpg"
"9038",8.015873016,2.2775,"P0196","EC_0193.png"
"9039",8.015873016,2.2561,"P0196","EC_0065.jpg"
"9040",9.047619048,3.7155,"P0196","EC_0080.jpg"
"9041",3.981481481,2.6999,"P0196","EC_0233.jpg"
"9042",5.952380952,4.6628,"P0196","EC_0244.jpg"
"9043",8.981481481,2.8072,"P0196","EC_0092.jpg"
"9044",9.034391534,2.2835,"P0196","EC_0057.jpeg"
"9045",7.063492063,3.5829,"P0196","EC_0170.jpg"
"9046",2.94973545,2.6016,"P0196","EC_0133.jpg"
"9047",8.015873016,2.7064,"P0196","EC_0069.jpg"
"9048",5.978835979,3.5385,"P0196","EC_0097.jpg"
"9049",5,2.9899,"P0196","EC_0028.jpg"
"9050",8.015873016,3.703,"P0196","EC_0109.jpg"
"9051",7.857142857,2.6211,"P0196","EC_0072.jpg"
"9052",5.026455026,2.7346,"P0196","EC_0231.jpg"
"9053",5.912698413,2.4294,"P0196","EC_0011.jpg"
"9054",3.994708995,2.8553,"P0196","EC_0010.jpg"
"9055",5.132275132,2.758,"P0196","EC_0219.jpg"
"9056",8.796296296,3.4279,"P0196","EC_0157.jpg"
"9057",7.936507937,2.5102,"P0196","EC_0050.jpg"
"9058",6.997354497,3.3135,"P0196","EC_0117.jpg"
"9059",3.095238095,3.3124,"P0196","EC_0100.jpg"
"9060",4.021164021,2.3639,"P0196","EC_0047.jpg"
"9061",5,2.5669,"P0196","EC_0058.jpg"
"9062",7.05026455,2.5266,"P0196","EC_0177.jpg"
"9063",7.05026455,2.1466,"P0196","EC_0083.jpg"
"9064",6.124338624,2.9166,"P0196","EC_0068.jpg"
"9065",4.007936508,3.2639,"P0196","EC_0090.jpg"
"9066",3.835978836,2.7587,"P0196","EC_0085.jpg"
"9067",5.145502646,2.6428,"P0196","EC_0040.jpg"
"9068",6.693121693,2.3241,"P0196","EC_0152.jpg"
"9069",7.526455026,2.56,"P0196","EC_0182.jpg"
"9070",8.544973545,2.3658,"P0196","EC_0003.jpg"
"9071",8.677248677,2.3783,"P0196","EC_0132.jpg"
"9072",7.103174603,2.9314,"P0196","EC_0089.jpg"
"9073",7.103174603,2.6259,"P0196","EC_0087.jpg"
"9074",6.005291005,2.5918,"P0196","EC_0249.jpg"
"9075",7.923280423,2.6725,"P0196","EC_0082.jpg"
"9076",5.079365079,3.0644,"P0196","EC_0241.jpg"
"9077",4.62962963,2.3217,"P0196","EC_0066.jpg"
"9078",3.32010582,2.476,"P0196","EC_0048.jpg"
"9079",5.899470899,2.3675,"P0196","EC_0237.jpg"
"9080",2.46031746,3.7743,"P0196","EC_0016.jpg"
"9081",5.965608466,2.9531,"P0196","EC_0123.jpeg"
"9082",8.267195767,2.1777,"P0196","EC_0197.jpg"
"9083",5.965608466,2.0329,"P0196","EC_0149.jpg"
"9084",2.989417989,3.5709,"P0196","EC_0129.jpeg"
"9085",2.380952381,2.2013,"P0196","EC_0076.jpg"
"9086",4.470899471,2.1445,"P0196","EC_0046.jpg"
"9087",5.82010582,2.3335,"P0196","EC_0024.jpg"
"9088",6.67989418,2.4288,"P0196","EC_0136.jpg"
"9089",1.256613757,2.4802,"P0196","EC_0140.jpg"
"9090",7.142857143,2.2255,"P0196","EC_0053.jpg"
"9091",7.486772487,2.4914,"P0196","EC_0238.jpg"
"9092",7.751322751,2.1611,"P0196","EC_0153.jpg"
"9093",7.751322751,1.9981,"P0196","EC_0064.jpg"
"9094",7.751322751,2.964,"P0196","EC_0202.jpg"
"9095",5.079365079,2.5831,"P0196","EC_0007.jpg"
"9096",6.706349206,2.5318,"P0196","EC_0163.jpg"
"9097",6.428571429,2.6498,"P0196","EC_0008.jpg"
"9098",6.150793651,2.5634,"P0196","EC_0077.jpg"
"9099",8.783068783,2.3017,"P0196","EC_0158.jpg"
"9100",8.386243386,3.3242,"P0196","EC_0073.jpg"
"9101",0.343915344,2.7855,"P0196","EC_0199.jpg"
"9102",3.915343915,2.1331,"P0196","EC_0106.jpg"
"9103",5.502645503,2.1941,"P0196","EC_0138.png"
"9104",7.341269841,2.178,"P0196","EC_0162.jpg"
"9105",6.851851852,2.0107,"P0196","EC_0042.jpg"
"9106",3.148148148,2.8308,"P0196","EC_0230.jpg"
"9107",7.658730159,2.583,"P0196","EC_0236.jpg"
"9108",7.94973545,2.2466,"P0196","EC_0088.jpg"
"9109",6.64021164,2.9156,"P0196","EC_0094.jpg"
"9110",4.801587302,2.4826,"P0196","EC_0034.jpg"
"9111",6.097883598,2.7485,"P0196","EC_0002.jpg"
"9112",8.029100529,2.2824,"P0196","EC_0044.jpg"
"9113",0.066137566,2.8526,"P0196","EC_0124.jpeg"
"9114",7.751322751,2.3407,"P0196","EC_0161.jpg"
"9115",6.587301587,1.7801,"P0196","EC_0001.jpg"
"9116",3.306878307,2.4406,"P0196","EC_0128.jpeg"
"9117",8.240740741,2.8173,"P0196","EC_0167.jpg"
"9118",7.486772487,2.8118,"P0196","EC_0160.jpg"
"9119",2.037037037,3.1119,"P0196","EC_0111.jpg"
"9120",3.849206349,2.0003,"P0196","EC_0118.jpg"
"9121",5.119047619,2.0164,"P0196","EC_0029.jpg"
"9122",6.256613757,2.0298,"P0196","EC_0006.jpg"
"9123",6.970899471,1.95,"P0196","EC_0245.jpg"
"9124",6.67989418,1.9744,"P0196","EC_0234.jpg"
"9125",6.005291005,2.2663,"P0196","EC_0108.jpg"
"9126",4.708994709,3.1479,"P0196","EC_0121.jpg"
"9127",8.505291005,2.163,"P0196","EC_0194.jpg"
"9128",6.283068783,1.8756,"P0196","EC_0166.jpg"
"9129",6.283068783,1.8915,"P0196","EC_0203.jpg"
"9130",5.343915344,2.2943,"P0196","EC_0067.jpg"
"9131",5.621693122,2.4463,"P0196","EC_0027.jpg"
"9132",6.64021164,2.1486,"P0196","EC_0226.jpg"
"9133",8.161375661,2.0132,"P0196","EC_0181.jpg"
"9134",5.714285714,2.2455,"P0196","EC_0250.jpg"
"9135",6.574074074,2.3103,"P0196","EC_0204.jpg"
"9136",6.574074074,1.8564,"P0196","EC_0015.jpg"
"9137",7.261904762,1.7503,"P0196","EC_0246.jpg"
"9138",7.261904762,1.7441,"P0196","EC_0235.jpg"
"9139",4.298941799,2.5165,"P0196","EC_0125.jpeg"
"9140",6.600529101,2.15,"P0196","EC_0022.jpg"
"9141",7.486772487,2.0671,"P0196","EC_0019.jpg"
"9142",6.878306878,2.307,"P0196","EC_0242.jpg"
"9143",8.082010582,2.282,"P0196","EC_0120.jpg"
"9144",5.793650794,2.0018,"P0196","EC_0098.jpg"
"9145",7.08994709,2.2282,"P0196","EC_0119.jpg"
"9146",7.619047619,2.4526,"P0196","EC_0139.png"
"9147",8.161375661,3.4735,"P0196","EC_0213.jpg"
"9148",7.645502646,2.2121,"P0196","EC_0099.jpg"
"9149",1.574074074,3.0671,"P0196","EC_0184.jpg"
"9150",6.494708995,2.0344,"P0196","EC_0135.jpg"
"9151",4.682539683,2.0678,"P0196","EC_0195.jpg"
"9152",5.555555556,2.1826,"P0196","EC_0071.jpg"
"9153",7.447089947,2.0475,"P0196","EC_0041.jpg"
"9154",7.46031746,2.063,"P0196","EC_0013.jpg"
"9155",6.243386243,1.7453,"P0196","EC_0172.jpg"
"9156",7.936507937,1.9022,"P0196","EC_0154.jpg"
"9157",7.275132275,1.8567,"P0196","EC_0185.jpg"
"9158",7.275132275,1.8391,"P0196","EC_0017.jpg"
"9159",7.962962963,2.1103,"P0196","EC_0086.jpg"
"9160",8.544973545,2.0998,"P0196","EC_0032.jpg"
"9161",8.544973545,1.9676,"P0196","EC_0169.png"
"9162",3.73015873,3.097,"P0196","EC_0030.jpg"
"9163",4.616402116,1.7807,"P0196","EC_0187.jpeg"
"9164",0.423280423,2.8194,"P0196","EC_0247.jpg"
"9165",8.293650794,2.4438,"P0196","EC_0038.jpg"
"9166",6.507936508,2.3667,"P0196","EC_0056.jpg"
"9167",8.161375661,2.6471,"P0196","EC_0239.jpg"
"9168",7.592592593,2.0899,"P0196","EC_0081.jpg"
"9169",8.439153439,2.0739,"P0196","EC_0156.jpg"
"9170",3.743386243,2.4493,"P0196","EC_0148.jpg"
"9171",4.947089947,2.2223,"P0196","EC_0165.jpg"
"9172",7.05026455,2.028,"P0196","EC_0012.jpg"
"9173",4.722222222,2.9839,"P0196","EC_0061.jpg"
"9174",6.203703704,2.1302,"P0196","EC_0096.jpg"
"9175",2.976190476,2.5128,"P0196","EC_0196.jpg"
"9176",5.82010582,1.9069,"P0196","EC_0248.jpg"
"9177",7.208994709,2.0319,"P0196","EC_0168.jpeg"
"9178",8.227513228,2.2945,"P0196","EC_0037.jpg"
"9179",7.261904762,2.2938,"P0196","EC_0188.jpg"
"9180",4.510582011,3.2848,"P0196","EC_0036.jpeg"
"9181",7.605820106,3.6518,"P0196","EC_0031.jpg"
"9182",5.529100529,2.5163,"P0196","EC_0033.jpeg"
"9183",0.806878307,2.8105,"P0196","EC_0142.jpg"
"9184",6.785714286,2.1171,"P0196","EC_0014.jpg"
"9185",5.568783069,2.0167,"P0196","EC_0222.jpg"
"9186",6.362433862,1.9625,"P0196","EC_0211.jpg"
"9187",6.428571429,1.9588,"P0196","EC_0210.jpg"
"9188",7.208994709,1.9579,"P0196","EC_0070.jpg"
"9189",7.923280423,2.0073,"P0196","EC_0141.jpg"
"9190",6.746031746,1.8574,"P0196","EC_0223.jpg"
"9191",6.984126984,2.0287,"P0196","EC_0174.jpg"
"9192",6.19047619,1.8983,"P0196","EC_0020.jpg"
"9193",6.772486772,2.3998,"P0196","EC_0224.jpg"
"9194",7.566137566,2.0141,"P0196","EC_0105.jpg"
"9195",7.566137566,1.8964,"P0196","EC_0102.jpg"
"9196",6.574074074,1.6568,"P0196","EC_0060.jpg"
"9197",6.097883598,1.8343,"P0196","EC_0232.jpg"
"9198",4.007936508,2.4829,"P0196","EC_0201.jpg"
"9199",5.886243386,2.0094,"P0196","EC_0103.jpg"
"9200",6.917989418,2.0005,"P0196","EC_0131.jpg"
"9201",7.592592593,1.7787,"P0196","EC_0209.jpg"
"9202",5.701058201,1.8121,"P0196","EC_0059.jpg"
"9203",5.925925926,1.7626,"P0196","EC_0176.jpg"
"9204",7.407407407,2.2106,"P0196","EC_0055.jpg"
"9205",7.724867725,2.4177,"P0196","EC_0054.jpg"
"9206",7.08994709,1.7176,"P0196","EC_0009.jpg"
"9207",6.772486772,1.849,"P0196","EC_0240.jpg"
"9208",6.26984127,1.6681,"P0196","EC_0104.jpg"
"9209",6.26984127,1.7149,"P0196","EC_0200.png"
"9210",7.05026455,1.6439,"P0196","EC_0180.jpg"
"9211",6.137566138,1.5318,"P0196","EC_0075.jpg"
"9212",6.798941799,2.207,"P0196","EC_0137.jpg"
"9213",8.306878307,2.0307,"P0196","EC_0221.jpg"
"9214",8.35978836,2.0016,"P0196","EC_0205.jpg"
"9215",6.772486772,2.034,"P0196","EC_0093.jpg"
"9216",8.902116402,2.3971,"P0196","EC_0063.jpg"
"9217",6.772486772,2.1455,"P0196","EC_0113.jpg"
"9218",7.791005291,2.7786,"P0196","EC_0228.jpg"
"9219",5.158730159,2.1685,"P0196","EC_0074.jpg"
"9220",7.936507937,2.122,"P0196","EC_0214.jpg"
"9221",8.558201058,1.8275,"P0196","EC_0147.png"
"9222",4.854497354,2.4108,"P0196","EC_0159.jpg"
"9223",5.78042328,1.5997,"P0196","EC_0101.jpg"
"9224",6.547619048,1.6488,"P0196","EC_0049.jpg"
"9225",5.03968254,1.5762,"P0196","EC_0171.jpg"
"9226",1.904761905,2.889,"P0196","EC_0206.png"
"9227",4.153439153,2.5348,"P0196","EC_0198.jpg"
"9228",3.76984127,2.1381,"P0196","EC_0229.jpg"
"9229",5.211640212,2.7325,"P0196","EC_0051.jpg"
"9230",6.375661376,2.0679,"P0196","EC_0116.jpg"
"9231",2.182539683,2.5628,"P0196","EC_0005.jpg"
"9232",6.825396825,2.03,"P0196","EC_0115.jpg"
"9233",3.849206349,2.1741,"P0196","EC_0227.jpg"
"9234",7.685185185,2.083,"P0196","EC_0150.jpg"
"9235",7.248677249,2.183,"P0196","EC_0183.jpg"
"9236",8.214285714,1.9444,"P0196","EC_0173.jpg"
"9237",5.873015873,2.0678,"P0196","EC_0084.jpg"
"9238",6.759259259,1.9624,"P0196","EC_0039.jpg"
"9239",6.71957672,1.7626,"P0196","EC_0018.jpg"
"9240",7.632275132,1.79,"P0196","EC_0207.jpg"
"9241",6.256614564,3.0567,"P0198","EC_0134.jpg"
"9242",8.240741548,2.7673,"P0198","EC_0096.jpg"
"9243",7.949735853,2.6146,"P0198","EC_0193.png"
"9244",7.103174603,2.7102,"P0198","EC_0194.jpg"
"9245",8.822751726,2.7618,"P0198","EC_0082.jpg"
"9246",4.695767599,2.21,"P0198","EC_0095.jpg"
"9247",6.044973949,3.0492,"P0198","EC_0123.jpeg"
"9248",3.095238095,2.2321,"P0198","EC_0089.jpg"
"9249",5.105820913,3.002,"P0198","EC_0028.jpg"
"9250",6.111111111,2.7523,"P0198","EC_0183.jpg"
"9251",7.949735853,2.8153,"P0198","EC_0229.jpg"
"9252",9.113757421,2.7188,"P0198","EC_0083.jpg"
"9253",4.166666667,2.8257,"P0198","EC_0206.png"
"9254",3.068783472,2.2738,"P0198","EC_0214.jpg"
"9255",4.947090754,2.2517,"P0198","EC_0070.jpg"
"9256",7.050265358,2.514,"P0198","EC_0085.jpg"
"9257",9.404761905,3.326,"P0198","EC_0079.jpg"
"9258",4.087301587,2.7835,"P0198","EC_0239.jpg"
"9259",2.195767599,2.5016,"P0198","EC_0135.jpg"
"9260",4.259259663,2.2514,"P0198","EC_0235.jpg"
"9261",5.092592996,2.2063,"P0198","EC_0039.jpg"
"9262",1.084656488,2.3407,"P0198","EC_0222.jpg"
"9263",7.050265358,2.666,"P0198","EC_0022.jpg"
"9264",5.952380952,2.6694,"P0198","EC_0188.jpg"
"9265",6.997354901,3.2156,"P0198","EC_0200.png"
"9266",5.317460317,2.5524,"P0198","EC_0164.jpg"
"9267",9.907408215,4.673,"P0198","EC_0041.jpg"
"9268",8.134920635,2.2307,"P0198","EC_0075.jpg"
"9269",7.896825397,2.3831,"P0198","EC_0157.jpg"
"9270",6.111111111,3.0739,"P0198","EC_0037.jpg"
"9271",4.695767599,2.9642,"P0198","EC_0213.jpg"
"9272",6.005291409,2.2426,"P0198","EC_0054.jpg"
"9273",7.671958076,2.2987,"P0198","EC_0032.jpg"
"9274",7.817460317,3.1346,"P0198","EC_0088.jpg"
"9275",5.701059008,2.1534,"P0198","EC_0007.jpg"
"9276",8.04232885,2.319,"P0198","EC_0231.jpg"
"9277",9.23280504,2.2905,"P0198","EC_0001.jpg"
"9278",8.082011389,2.3707,"P0198","EC_0133.jpg"
"9279",7.896825397,4.2867,"P0198","EC_0159.jpg"
"9280",7.010582818,3.5067,"P0198","EC_0034.jpg"
"9281",8.968253968,2.565,"P0198","EC_0011.jpg"
"9282",7.910053314,3.9181,"P0198","EC_0031.jpg"
"9283",5.899471707,2.4447,"P0198","EC_0103.jpg"
"9284",7.023809524,2.324,"P0198","EC_0063.jpg"
"9285",9.669312977,3.203,"P0198","EC_0002.jpg"
"9286",8.029100933,2.1727,"P0198","EC_0100.jpg"
"9287",7.857142857,3.2056,"P0198","EC_0086.jpg"
"9288",6.071428571,2.4936,"P0198","EC_0051.jpg"
"9289",6.825396825,2.1684,"P0198","EC_0168.jpeg"
"9290",4.021164425,2.9361,"P0198","EC_0076.jpg"
"9291",6.785714286,2.7923,"P0198","EC_0072.jpg"
"9292",7.857142857,2.6772,"P0198","EC_0128.jpeg"
"9293",4.034392342,3.4993,"P0198","EC_0165.jpg"
"9294",9.113757421,2.4325,"P0198","EC_0055.jpg"
"9295",6.084656488,2.2969,"P0198","EC_0108.jpg"
"9296",3.544973949,2.9655,"P0198","EC_0199.jpg"
"9297",8.928571429,2.6247,"P0198","EC_0033.jpeg"
"9298",6.838624742,2.4089,"P0198","EC_0118.jpg"
"9299",5.026455834,3.6321,"P0198","EC_0245.jpg"
"9300",6.018519326,2.2575,"P0198","EC_0013.jpg"
"9301",1.706349206,2.2333,"P0198","EC_0140.jpg"
"9302",5.992063492,3.7931,"P0198","EC_0116.jpg"
"9303",6.6931225,2.2261,"P0198","EC_0224.jpg"
"9304",5,2.1151,"P0198","EC_0237.jpg"
"9305",7.724868532,2.252,"P0198","EC_0247.jpg"
"9306",3.994709802,2.2859,"P0198","EC_0061.jpg"
"9307",5.939154246,2.0901,"P0198","EC_0242.jpg"
"9308",10,4.3267,"P0198","EC_0058.jpg"
"9309",5.820106627,2.1386,"P0198","EC_0015.jpg"
"9310",4.96031746,2.2519,"P0198","EC_0113.jpg"
"9311",7.870370774,2.4599,"P0198","EC_0228.jpg"
"9312",4.060846965,2.2667,"P0198","EC_0136.jpg"
"9313",7.089947897,2.4019,"P0198","EC_0166.jpg"
"9314",5.899471707,2.0848,"P0198","EC_0018.jpg"
"9315",8.068783472,3.3894,"P0198","EC_0162.jpg"
"9316",5.965608869,2.4017,"P0198","EC_0006.jpg"
"9317",3.902116806,2.2607,"P0198","EC_0029.jpg"
"9318",7.089947897,2.7674,"P0198","EC_0174.jpg"
"9319",7.063492063,2.2986,"P0198","EC_0073.jpg"
"9320",2.857142857,3.6497,"P0198","EC_0240.jpg"
"9321",4.920634921,2.0001,"P0198","EC_0115.jpg"
"9322",5.767196171,2.4456,"P0198","EC_0210.jpg"
"9323",8.955027262,2.8129,"P0198","EC_0207.jpg"
"9324",5.092592996,2.2646,"P0198","EC_0241.jpg"
"9325",5.978836786,2.207,"P0198","EC_0080.jpg"
"9326",4.153439961,2.6871,"P0198","EC_0148.jpg"
"9327",5.939154246,3.1831,"P0198","EC_0154.jpg"
"9328",9.325396825,2.4828,"P0198","EC_0090.jpg"
"9329",3.968253968,2.0897,"P0198","EC_0234.jpg"
"9330",2.28835999,3.4168,"P0198","EC_0129.jpeg"
"9331",3.875662183,2.3791,"P0198","EC_0117.jpg"
"9332",4.96031746,1.9663,"P0198","EC_0120.jpg"
"9333",6.838624742,2.4427,"P0198","EC_0047.jpg"
"9334",4.735450139,2.6844,"P0198","EC_0163.jpg"
"9335",6.071428571,2.5381,"P0198","EC_0169.png"
"9336",6.970900278,2.317,"P0198","EC_0177.jpg"
"9337",9.087301587,3.4919,"P0198","EC_0065.jpg"
"9338",6.031746032,2.4562,"P0198","EC_0049.jpg"
"9339",9.801587302,4.0003,"P0198","EC_0067.jpg"
"9340",4.060846965,2.4384,"P0198","EC_0211.jpg"
"9341",5.092592996,2.1946,"P0198","EC_0152.jpg"
"9342",6.084656488,3.6162,"P0198","EC_0149.jpg"
"9343",8.095238095,2.1505,"P0198","EC_0093.jpg"
"9344",2.923281231,2.5314,"P0198","EC_0176.jpg"
"9345",6.891535199,2.3201,"P0198","EC_0099.jpg"
"9346",5.912698413,2.3257,"P0198","EC_0205.jpg"
"9347",6.944444444,2.2862,"P0198","EC_0042.jpg"
"9348",4.113757421,2.1515,"P0198","EC_0198.jpg"
"9349",5.88624379,1.9826,"P0198","EC_0147.png"
"9350",7.751323155,2.5332,"P0198","EC_0182.jpg"
"9351",5.052910457,2.9424,"P0198","EC_0084.jpg"
"9352",6.878307282,1.8657,"P0198","EC_0238.jpg"
"9353",5.978836786,1.8857,"P0198","EC_0180.jpg"
"9354",7.738095238,2.1031,"P0198","EC_0196.jpg"
"9355",8.187831092,3.7594,"P0198","EC_0203.jpg"
"9356",5.132275536,2.1559,"P0198","EC_0009.jpg"
"9357",7.685185993,2.6788,"P0198","EC_0038.jpg"
"9358",5.912698413,2.1297,"P0198","EC_0197.jpg"
"9359",8.121693929,2.274,"P0198","EC_0226.jpg"
"9360",3.968253968,2.1068,"P0198","EC_0236.jpg"
"9361",5.251323155,2.3683,"P0198","EC_0170.jpg"
"9362",6.164021568,2.0465,"P0198","EC_0141.jpg"
"9363",7.579365079,2.4726,"P0198","EC_0151.jpg"
"9364",3.981481885,2.2162,"P0198","EC_0092.jpg"
"9365",5.013227917,2.2702,"P0198","EC_0027.jpg"
"9366",5.899471707,2.302,"P0198","EC_0101.jpg"
"9367",7.976190476,2.4908,"P0198","EC_0131.jpg"
"9368",4.973545377,2.9869,"P0198","EC_0036.jpeg"
"9369",6.031746032,3.6748,"P0198","EC_0046.jpg"
"9370",6.944444444,2.3394,"P0198","EC_0132.jpg"
"9371",2.129629831,2.4698,"P0198","EC_0246.jpg"
"9372",8.76984127,2.4745,"P0198","EC_0098.jpg"
"9373",7.07671998,3.0763,"P0198","EC_0019.jpg"
"9374",6.640212044,3.5109,"P0198","EC_0223.jpg"
"9375",7.857142857,3.2751,"P0198","EC_0160.jpg"
"9376",6.957672361,2.5821,"P0198","EC_0081.jpg"
"9377",7.063492063,3.3627,"P0198","EC_0060.jpg"
"9378",5,3.0791,"P0198","EC_0012.jpg"
"9379",5.740741548,2.107,"P0198","EC_0068.jpg"
"9380",9.642857143,3.4572,"P0198","EC_0138.png"
"9381",7.910053314,2.2877,"P0198","EC_0209.jpg"
"9382",6.997354901,2.8207,"P0198","EC_0185.jpg"
"9383",7.658730159,2.1728,"P0198","EC_0219.jpg"
"9384",6.904761905,7.2832,"P0198","EC_0111.jpg"
"9385",5.873015873,5.0722,"P0198","EC_0187.jpeg"
"9386",4.113757421,2.6907,"P0198","EC_0150.jpg"
"9387",4.933862838,2.7651,"P0198","EC_0161.jpg"
"9388",5.899471707,7.1533,"P0198","EC_0059.jpg"
"9389",7.949735853,2.6072,"P0198","EC_0008.jpg"
"9390",6.071428571,4.5946,"P0198","EC_0156.jpg"
"9391",7.07671998,3.2407,"P0198","EC_0020.jpg"
"9392",5.978836786,2.5194,"P0198","EC_0171.jpg"
"9393",7.896825397,2.3237,"P0198","EC_0243.jpg"
"9394",7.96296377,3.5994,"P0198","EC_0010.jpg"
"9395",8.822751726,2.3003,"P0198","EC_0014.jpg"
"9396",7.96296377,12.1234,"P0198","EC_0119.jpg"
"9397",6.084656488,2.4158,"P0198","EC_0139.png"
"9398",8.029100933,2.4956,"P0198","EC_0069.jpg"
"9399",2.15608506,2.8245,"P0198","EC_0005.jpg"
"9400",3.981481885,2.4715,"P0198","EC_0109.jpg"
"9401",5.026455834,2.2083,"P0198","EC_0181.jpg"
"9402",6.917989822,3.0164,"P0198","EC_0105.jpg"
"9403",5.939154246,2.1869,"P0198","EC_0094.jpg"
"9404",5.211640615,2.1499,"P0198","EC_0248.jpg"
"9405",5.674603175,3.027,"P0198","EC_0106.jpg"
"9406",3.505291409,2.6325,"P0198","EC_0053.jpg"
"9407",4.27248758,2.3822,"P0198","EC_0201.jpg"
"9408",1.931217133,2.6771,"P0198","EC_0142.jpg"
"9409",5.820106627,2.6652,"P0198","EC_0087.jpg"
"9410",7.169312977,2.5004,"P0198","EC_0064.jpg"
"9411",4.933862838,3.1746,"P0198","EC_0249.jpg"
"9412",4.933862838,4.4255,"P0198","EC_0057.jpeg"
"9413",6.362434266,2.6027,"P0198","EC_0102.jpg"
"9414",7.037037441,2.2793,"P0198","EC_0195.jpg"
"9415",8.478836786,2.1853,"P0198","EC_0221.jpg"
"9416",6.031746032,2.6856,"P0198","EC_0017.jpg"
"9417",7.698412698,2.4153,"P0198","EC_0024.jpg"
"9418",6.058201866,2.5431,"P0198","EC_0233.jpg"
"9419",6.640212044,2.9003,"P0198","EC_0040.jpg"
"9420",8.148148552,2.2766,"P0198","EC_0125.jpeg"
"9421",9.365079365,3.5955,"P0198","EC_0121.jpg"
"9422",5.674603175,2.7653,"P0198","EC_0071.jpg"
"9423",3.571428571,2.2657,"P0198","EC_0048.jpg"
"9424",5.873015873,2.3673,"P0198","EC_0050.jpg"
"9425",6.018519326,2.1021,"P0198","EC_0153.jpg"
"9426",4.735450139,2.222,"P0198","EC_0202.jpg"
"9427",8.201059008,3.5312,"P0198","EC_0077.jpg"
"9428",8.240741548,2.1494,"P0198","EC_0016.jpg"
"9429",6.997354901,2.3738,"P0198","EC_0227.jpg"
"9430",2.923281231,3.1952,"P0198","EC_0044.jpg"
"9431",6.296297104,2.4686,"P0198","EC_0137.jpg"
"9432",7.857142857,2.2396,"P0198","EC_0104.jpg"
"9433",6.19047619,2.3157,"P0198","EC_0074.jpg"
"9434",7.486773294,2.4221,"P0198","EC_0124.jpeg"
"9435",5.767196171,2.0462,"P0198","EC_0173.jpg"
"9436",8.492063492,2.4203,"P0198","EC_0066.jpg"
"9437",5.54232885,2.3494,"P0198","EC_0056.jpg"
"9438",4.947090754,2.365,"P0198","EC_0172.jpg"
"9439",6.997354901,2.1885,"P0198","EC_0250.jpg"
"9440",8.227513631,2.19,"P0198","EC_0003.jpg"
"9441",1.693121895,3.7023,"P0198","EC_0204.jpg"
"9442",7.07671998,2.4865,"P0198","EC_0230.jpg"
"9443",6.335979643,2.2033,"P0198","EC_0030.jpg"
"9444",5.185185993,2.2755,"P0198","EC_0244.jpg"
"9445",8.664021568,2.2207,"P0198","EC_0167.jpg"
"9446",7.46031746,2.1859,"P0198","EC_0232.jpg"
"9447",7.46031746,2.3797,"P0198","EC_0158.jpg"
"9448",4.722222222,2.425,"P0198","EC_0097.jpg"
"9449",0.291005695,2.9712,"P0198","EC_0184.jpg"
"9450",7.380952381,2.4025,"P0198","EC_0062.jpg"
"9451",8.9947096,3.2721,"P0202","EC_0157.jpg"
"9452",4.907407811,3.2427,"P0202","EC_0221.jpg"
"9453",6.904762107,3.3419,"P0202","EC_0039.jpg"
"9454",8.320105618,3.8922,"P0202","EC_0059.jpg"
"9455",7.685185589,2.2909,"P0202","EC_0060.jpg"
"9456",1.097883598,3.7336,"P0202","EC_0111.jpg"
"9457",7.738095844,2.5751,"P0202","EC_0159.jpg"
"9458",7.023809927,2.374,"P0202","EC_0196.jpg"
"9459",1.137566541,4.1156,"P0202","EC_0129.jpeg"
"9460",2.275132477,3.6113,"P0202","EC_0247.jpg"
"9461",5.039682943,7.4748,"P0202","EC_0020.jpg"
"9462",8.412698816,2.6435,"P0202","EC_0237.jpg"
"9463",3.716931621,3.6923,"P0202","EC_0056.jpg"
"9464",5.740740539,3.2408,"P0202","EC_0181.jpg"
"9465",9.391533988,2.8942,"P0202","EC_0092.jpg"
"9466",9.603175007,2.2301,"P0202","EC_0017.jpg"
"9467",3.029100327,5.2411,"P0202","EC_0229.jpg"
"9468",6.878307484,4.5588,"P0202","EC_0087.jpg"
"9469",5.383598085,2.9236,"P0202","EC_0010.jpg"
"9470",6.044973747,57.5664,"P0202","EC_0015.jpg"
"9471",3.994709197,9.9405,"P0202","EC_0202.jpg"
"9472",6.904762107,13.1459,"P0202","EC_0072.jpg"
"9473",9.007936912,16.3075,"P0202","EC_0156.jpg"
"9474",2.671957874,33.1612,"P0202","EC_0105.jpg"
"9475",8.068783674,2.8915,"P0202","EC_0164.jpg"
"9476",5.132275132,3.5665,"P0202","EC_0012.jpg"
"9477",8.13492124,23.1453,"P0202","EC_0249.jpg"
"9478",6.825397229,4.2921,"P0202","EC_0109.jpg"
"9479",6.997354296,4.0646,"P0202","EC_0074.jpg"
"9480",3.849206753,2.848,"P0202","EC_0173.jpg"
"9481",8.637566138,4.2829,"P0202","EC_0185.jpg"
"9482",8.597884203,2.3773,"P0202","EC_0040.jpg"
"9483",7.949735853,3.4789,"P0202","EC_0238.jpg"
"9484",6.825397229,3.9427,"P0202","EC_0077.jpg"
"9485",7.857142655,2.907,"P0202","EC_0032.jpg"
"9486",9.695767196,2.9196,"P0202","EC_0138.png"
"9487",8.042328042,3.4095,"P0202","EC_0053.jpg"
"9488",3.915344319,2.745,"P0202","EC_0009.jpg"
"9489",8.029100731,4.4084,"P0202","EC_0184.jpg"
"9490",2.804233006,3.4482,"P0202","EC_0103.jpg"
"9491",7.460317258,2.2091,"P0202","EC_0029.jpg"
"9492",6.07142837,3.1747,"P0202","EC_0006.jpg"
"9493",7.857142655,3.5918,"P0202","EC_0183.jpg"
"9494",7.05026455,4.0235,"P0202","EC_0075.jpg"
"9495",7.089947494,3.1173,"P0202","EC_0037.jpg"
"9496",9.828042328,3.1264,"P0202","EC_0117.jpg"
"9497",6.097884002,3.7236,"P0202","EC_0054.jpg"
"9498",5.965608869,3.9094,"P0202","EC_0199.jpg"
"9499",8.002646108,3.6442,"P0202","EC_0119.jpg"
"9500",1.87830708,4.1823,"P0202","EC_0222.jpg"
"9501",7.857142655,3.1428,"P0202","EC_0139.png"
"9502",0.780423079,3.1425,"P0202","EC_0124.jpeg"
"9503",8.968253968,2.7965,"P0202","EC_0086.jpg"
"9504",8.915343714,2.3102,"P0202","EC_0093.jpg"
"9505",8.002646108,2.8754,"P0202","EC_0219.jpg"
"9506",8.13492124,2.6652,"P0202","EC_0163.jpg"
"9507",8.042328042,3.28,"P0202","EC_0151.jpg"
"9508",9.828042328,2.4742,"P0202","EC_0211.jpg"
"9509",3.955026253,4.3831,"P0202","EC_0019.jpg"
"9510",7.923280221,3.1012,"P0202","EC_0001.jpg"
"9511",6.904762107,3.9584,"P0202","EC_0067.jpg"
"9512",7.870370976,4.0916,"P0202","EC_0193.png"
"9513",2.023809524,7.0768,"P0202","EC_0241.jpg"
"9514",9.775133082,6.2917,"P0202","EC_0070.jpg"
"9515",8.941799345,4.3955,"P0202","EC_0205.jpg"
"9516",5.132275132,3.4422,"P0202","EC_0162.jpg"
"9517",9.140212044,3.0244,"P0202","EC_0100.jpg"
"9518",5.952381558,3.4995,"P0202","EC_0195.jpg"
"9519",1.851852457,56.8329,"P0202","EC_0049.jpg"
"9520",9.986772083,2.7471,"P0202","EC_0210.jpg"
"9521",8.082010986,3.2139,"P0202","EC_0022.jpg"
"9522",9.074074478,2.579,"P0202","EC_0160.jpg"
"9523",8.968253968,2.5903,"P0202","EC_0233.jpg"
"9524",8.068783674,5.9678,"P0202","EC_0065.jpg"
"9525",7.182539683,3.0578,"P0202","EC_0136.jpg"
"9526",7.91005291,2.6665,"P0202","EC_0228.jpg"
"9527",8.095238297,3.4673,"P0202","EC_0071.jpg"
"9528",6.970899673,4.1559,"P0202","EC_0148.jpg"
"9529",8.928572034,4.2999,"P0202","EC_0046.jpg"
"9530",9.933862838,13.4107,"P0202","EC_0102.jpg"
"9531",5.952381558,7.2611,"P0202","EC_0134.jpg"
"9532",8.042328042,4.2401,"P0202","EC_0200.png"
"9533",5.952381558,3.2078,"P0202","EC_0206.png"
"9534",9.708995516,2.5481,"P0202","EC_0084.jpg"
"9535",4.113757017,3.1959,"P0202","EC_0113.jpg"
"9536",6.970899673,2.7488,"P0202","EC_0152.jpg"
"9537",0.145502545,3.0737,"P0202","EC_0161.jpg"
"9538",9.735450139,3.0756,"P0202","EC_0207.jpg"
"9539",7.857142655,2.6582,"P0202","EC_0003.jpg"
"9540",7.923280221,4.7993,"P0202","EC_0201.jpg"
"9541",1.87830708,7.1462,"P0202","EC_0121.jpg"
"9542",10,3.2257,"P0202","EC_0051.jpg"
"9543",8.174603175,2.5218,"P0202","EC_0064.jpg"
"9544",6.07142837,2.4819,"P0202","EC_0057.jpeg"
"9545",3.888888687,2.9406,"P0202","EC_0150.jpg"
"9546",9.034391534,2.6629,"P0202","EC_0083.jpg"
"9547",2.843915949,2.8555,"P0202","EC_0123.jpeg"
"9548",8.822751525,4.8259,"P0202","EC_0014.jpg"
"9549",6.137565936,3.6903,"P0202","EC_0024.jpg"
"9550",8.9947096,3.6245,"P0202","EC_0224.jpg"
"9551",8.968253968,186.8385,"P0202","EC_0101.jpg"
"9552",5.912698615,2.7914,"P0202","EC_0246.jpg"
"9553",7.182539683,2.2924,"P0202","EC_0234.jpg"
"9554",9.907408215,2.4604,"P0202","EC_0197.jpg"
"9555",3.425925724,2.6925,"P0202","EC_0198.jpg"
"9556",9.060847166,2.4461,"P0202","EC_0172.jpg"
"9557",8.637566138,2.1391,"P0202","EC_0135.jpg"
"9558",9.933862838,2.1582,"P0202","EC_0209.jpg"
"9559",2.076719779,2.475,"P0202","EC_0005.jpg"
"9560",8.902116402,2.1743,"P0202","EC_0180.jpg"
"9561",3.822751121,3.8076,"P0202","EC_0133.jpg"
"9562",7.962963165,3.5763,"P0202","EC_0031.jpg"
"9563",7.195766994,2.6922,"P0202","EC_0036.jpeg"
"9564",9.034391534,2.5164,"P0202","EC_0041.jpg"
"9565",8.082010986,4.9243,"P0202","EC_0166.jpg"
"9566",8.941799345,2.349,"P0202","EC_0167.jpg"
"9567",8.941799345,2.2492,"P0202","EC_0042.jpg"
"9568",8.452380751,2.1971,"P0202","EC_0174.jpg"
"9569",8.98148128,2.8299,"P0202","EC_0018.jpg"
"9570",7.936508542,3.4673,"P0202","EC_0120.jpg"
"9571",9.126984732,3.0255,"P0202","EC_0016.jpg"
"9572",6.931216729,5.7082,"P0202","EC_0131.jpg"
"9573",2.142857345,3.201,"P0202","EC_0011.jpg"
"9574",2.870370572,2.928,"P0202","EC_0232.jpg"
"9575",9.391533988,2.559,"P0202","EC_0080.jpg"
"9576",9.047618846,5.1749,"P0202","EC_0132.jpg"
"9577",2.063492467,4.2544,"P0202","EC_0033.jpeg"
"9578",6.984126984,4.4806,"P0202","EC_0115.jpg"
"9579",8.002646108,2.8763,"P0202","EC_0058.jpg"
"9580",1.164021164,2.8924,"P0202","EC_0140.jpg"
"9581",6.878307484,2.9084,"P0202","EC_0050.jpg"
"9582",8.042328042,5.2919,"P0202","EC_0243.jpg"
"9583",8.029100731,2.129,"P0202","EC_0231.jpg"
"9584",4.03439214,3.4136,"P0202","EC_0106.jpg"
"9585",7.91005291,4.3625,"P0202","EC_0090.jpg"
"9586",6.904762107,4.341,"P0202","EC_0076.jpg"
"9587",5.22486833,2.8004,"P0202","EC_0149.jpg"
"9588",8.76984127,2.3411,"P0202","EC_0062.jpg"
"9589",8.637566138,2.8246,"P0202","EC_0168.jpeg"
"9590",7.870370976,3.2925,"P0202","EC_0230.jpg"
"9591",1.917990023,2.6592,"P0202","EC_0142.jpg"
"9592",6.997354296,2.8139,"P0202","EC_0066.jpg"
"9593",7.976190476,4.5426,"P0202","EC_0248.jpg"
"9594",9.616403327,2.6903,"P0202","EC_0030.jpg"
"9595",10,4.5698,"P0202","EC_0013.jpg"
"9596",7.076720182,5.6904,"P0202","EC_0063.jpg"
"9597",9.947091158,3.1068,"P0202","EC_0116.jpg"
"9598",9.74867846,2.0989,"P0202","EC_0104.jpg"
"9599",7.037037239,2.8164,"P0202","EC_0147.png"
"9600",8.148148552,2.9081,"P0202","EC_0227.jpg"
"9601",6.94444505,6.4762,"P0202","EC_0171.jpg"
"9602",3.875661376,3.6243,"P0202","EC_0108.jpg"
"9603",7.103174805,2.0642,"P0202","EC_0095.jpg"
"9604",3.095237893,4.0173,"P0202","EC_0055.jpg"
"9605",4.973545377,2.9134,"P0202","EC_0242.jpg"
"9606",1.005291409,3.8785,"P0202","EC_0204.jpg"
"9607",9.497354497,5.7078,"P0202","EC_0068.jpg"
"9608",8.968253968,8.1398,"P0202","EC_0082.jpg"
"9609",7.076720182,6.9253,"P0202","EC_0170.jpg"
"9610",2.486772487,13.0974,"P0202","EC_0169.png"
"9611",3.955026253,3.0741,"P0202","EC_0047.jpg"
"9612",5.185185387,8.0778,"P0202","EC_0245.jpg"
"9613",8.01587342,3.4909,"P0202","EC_0158.jpg"
"9614",1.931217335,3.4408,"P0202","EC_0028.jpg"
"9615",6.917989418,2.2415,"P0202","EC_0250.jpg"
"9616",3.505291611,2.6079,"P0202","EC_0240.jpg"
"9617",2.08994709,3.0916,"P0202","EC_0088.jpg"
"9618",2.08994709,2.1254,"P0202","EC_0235.jpg"
"9619",6.970899673,2.5129,"P0202","EC_0007.jpg"
"9620",9.021164223,2.3751,"P0202","EC_0081.jpg"
"9621",9.986772083,2.712,"P0202","EC_0118.jpg"
"9622",7.15608506,2.3907,"P0202","EC_0239.jpg"
"9623",9.034391534,2.4017,"P0202","EC_0034.jpg"
"9624",3.055555959,2.5324,"P0202","EC_0153.jpg"
"9625",1.587302193,2.4768,"P0202","EC_0085.jpg"
"9626",6.124338624,2.4413,"P0202","EC_0073.jpg"
"9627",8.98148128,3.2075,"P0202","EC_0096.jpg"
"9628",1.33597924,2.4176,"P0202","EC_0027.jpg"
"9629",6.891534795,3.9734,"P0202","EC_0182.jpg"
"9630",6.216931822,3.1006,"P0202","EC_0069.jpg"
"9631",4.854497556,2.6123,"P0202","EC_0141.jpg"
"9632",9.563492063,2.7116,"P0202","EC_0188.jpg"
"9633",7.671958277,3.6754,"P0202","EC_0002.jpg"
"9634",0.886243588,3.2413,"P0202","EC_0154.jpg"
"9635",9.656084252,2.4335,"P0202","EC_0203.jpg"
"9636",8.002646108,8.7017,"P0202","EC_0099.jpg"
"9637",0.899470899,2.5551,"P0202","EC_0226.jpg"
"9638",8.108465608,4.6014,"P0202","EC_0125.jpeg"
"9639",2.566137364,5.7763,"P0202","EC_0214.jpg"
"9640",9.470899875,5.3094,"P0202","EC_0223.jpg"
"9641",3.981481885,3.0404,"P0202","EC_0236.jpg"
"9642",7.103174805,2.8506,"P0202","EC_0089.jpg"
"9643",4.03439214,3.8735,"P0202","EC_0097.jpg"
"9644",9.047618846,5.9692,"P0202","EC_0044.jpg"
"9645",4.113757017,3.9579,"P0202","EC_0165.jpg"
"9646",2.156084656,5.575,"P0202","EC_0194.jpg"
"9647",5.978836181,3.3722,"P0202","EC_0038.jpg"
"9648",3.994709197,3.1573,"P0202","EC_0213.jpg"
"9649",5.092593198,3.1583,"P0202","EC_0187.jpeg"
"9650",8.386243184,2.2825,"P0202","EC_0061.jpg"
"9651",6.018519124,5.4393,"P0202","EC_0048.jpg"
"9652",3.002645704,3.6243,"P0202","EC_0176.jpg"
"9653",7.962963165,3.8083,"P0202","EC_0079.jpg"
"9654",6.984126984,11.0405,"P0202","EC_0098.jpg"
"9655",3.055555959,7.1195,"P0202","EC_0177.jpg"
"9656",9.007936912,2.9742,"P0202","EC_0008.jpg"
"9657",8.955026657,9.7824,"P0202","EC_0137.jpg"
"9658",8.955026657,11.7574,"P0202","EC_0094.jpg"
"9659",4.153438952,14.0423,"P0202","EC_0128.jpeg"
"9660",3.941798942,9.6247,"P0202","EC_0244.jpg"
"9661",7.952511657,3.3334,"P0206","EC_0061.jpg"
"9662",7.952511657,3.4552,"P0206","EC_0135.jpg"
"9663",5.055796338,4.106,"P0206","EC_0237.jpg"
"9664",7.753065492,3.466,"P0206","EC_0223.jpg"
"9665",5.540165286,4.5677,"P0206","EC_0063.jpg"
"9666",9.006725083,2.7011,"P0206","EC_0029.jpg"
"9667",8.978233239,2.9355,"P0206","EC_0117.jpg"
"9668",5.587651692,4.0825,"P0206","EC_0069.jpg"
"9669",2.576967912,3.7338,"P0206","EC_0129.jpeg"
"9670",6.005538584,3.6811,"P0206","EC_0082.jpg"
"9671",6.983773761,3.691,"P0206","EC_0141.jpg"
"9672",3.422238979,5.7601,"P0206","EC_0077.jpg"
"9673",4.495448054,2.8652,"P0206","EC_0224.jpg"
"9674",7.439649779,2.6086,"P0206","EC_0099.jpg"
"9675",5.027303408,2.9906,"P0206","EC_0019.jpg"
"9676",7.724572561,5.0604,"P0206","EC_0170.jpg"
"9677",9.025721819,2.2771,"P0206","EC_0066.jpg"
"9678",8.674315895,2.6463,"P0206","EC_0139.png"
"9679",5.236246854,2.807,"P0206","EC_0150.jpg"
"9680",7.373167724,2.756,"P0206","EC_0068.jpg"
"9681",1.760189232,2.5731,"P0206","EC_0222.jpg"
"9682",8.275423564,3.7333,"P0206","EC_0093.jpg"
"9683",7.135732434,3.4851,"P0206","EC_0239.jpg"
"9684",7.810050266,4.4939,"P0206","EC_0079.jpg"
"9685",8.645822964,3.1633,"P0206","EC_0207.jpg"
"9686",9.586069016,2.4721,"P0206","EC_0028.jpg"
"9687",7.686583437,2.45,"P0206","EC_0032.jpg"
"9688",8.436879518,2.5485,"P0206","EC_0149.jpg"
"9689",5.616144622,4.7173,"P0206","EC_0020.jpg"
"9690",7.753065492,28.591,"P0206","EC_0159.jpg"
"9691",7.686583437,6.1258,"P0206","EC_0034.jpg"
"9692",5.559159848,2.506,"P0206","EC_0160.jpg"
"9693",7.401660654,2.6747,"P0206","EC_0198.jpg"
"9694",2.899880363,3.0662,"P0206","EC_0204.jpg"
"9695",7.496634553,3.9517,"P0206","EC_0169.png"
"9696",8.940245202,20.5993,"P0206","EC_0124.jpeg"
"9697",8.417884955,2.949,"P0206","EC_0065.jpg"
"9698",5.739610364,4.5071,"P0206","EC_0211.jpg"
"9699",8.645822964,2.6817,"P0206","EC_0055.jpg"
"9700",8.256429002,4.2591,"P0206","EC_0197.jpg"
"9701",5.777600576,5.9597,"P0206","EC_0121.jpg"
"9702",1.484763731,6.9764,"P0206","EC_0227.jpg"
"9703",7.74356821,2.6902,"P0206","EC_0012.jpg"
"9704",9.187176686,3.0399,"P0206","EC_0058.jpg"
"9705",5.616144622,3.7641,"P0206","EC_0245.jpg"
"9706",4.400473068,28.5164,"P0206","EC_0090.jpg"
"9707",5.435693019,3.8336,"P0206","EC_0247.jpg"
"9708",2.709932022,3.3416,"P0206","EC_0250.jpg"
"9709",7.430152497,3.4763,"P0206","EC_0010.jpg"
"9710",5.540165286,2.6415,"P0206","EC_0234.jpg"
"9711",5.587651692,3.396,"P0206","EC_0219.jpg"
"9712",7.316184037,3.5942,"P0206","EC_0103.jpg"
"9713",4.390975787,4.0236,"P0206","EC_0057.jpeg"
"9714",5.388205526,3.3654,"P0206","EC_0235.jpg"
"9715",5.977046741,3.6404,"P0206","EC_0232.jpg"
"9716",8.693310457,2.409,"P0206","EC_0157.jpg"
"9717",5.407201176,3.7916,"P0206","EC_0128.jpeg"
"9718",7.867033953,2.7904,"P0206","EC_0236.jpg"
"9719",8.360900182,2.164,"P0206","EC_0039.jpg"
"9720",5.369210964,2.5921,"P0206","EC_0242.jpg"
"9721",4.390975787,4.0743,"P0206","EC_0076.jpg"
"9722",8.617331121,2.5409,"P0206","EC_0015.jpg"
"9723",8.531854503,3.5438,"P0206","EC_0046.jpg"
"9724",5.122278393,2.8822,"P0206","EC_0071.jpg"
"9725",7.316184037,4.6765,"P0206","EC_0072.jpg"
"9726",6.670358048,2.9632,"P0206","EC_0229.jpg"
"9727",4.447960561,2.4082,"P0206","EC_0147.png"
"9728",5.226749573,3.8086,"P0206","EC_0050.jpg"
"9729",6.328451579,3.1131,"P0206","EC_0187.jpeg"
"9730",4.54293446,2.6617,"P0206","EC_0095.jpg"
"9731",8.256429002,2.4907,"P0206","EC_0013.jpg"
"9732",4.495448054,2.8912,"P0206","EC_0199.jpg"
"9733",5.255242503,3.7415,"P0206","EC_0094.jpg"
"9734",8.408387674,2.6909,"P0206","EC_0081.jpg"
"9735",6.195487468,2.2977,"P0206","EC_0210.jpg"
"9736",8.921248466,2.4281,"P0206","EC_0123.jpeg"
"9737",4.732883344,4.8251,"P0206","EC_0002.jpg"
"9738",4.267510045,3.3563,"P0206","EC_0249.jpg"
"9739",8.531854503,2.5096,"P0206","EC_0014.jpg"
"9740",8.493864292,3.6597,"P0206","EC_0238.jpg"
"9741",5.103282744,2.9738,"P0206","EC_0116.jpg"
"9742",5.407201176,3.6394,"P0206","EC_0105.jpg"
"9743",6.584881431,4.181,"P0206","EC_0166.jpg"
"9744",3.213295532,4.4933,"P0206","EC_0111.jpg"
"9745",5.673128309,3.5198,"P0206","EC_0062.jpg"
"9746",9.567074454,3.7184,"P0206","EC_0243.jpg"
"9747",7.525127483,2.8344,"P0206","EC_0173.jpg"
"9748",7.525127483,3.0229,"P0206","EC_0133.jpg"
"9749",7.525127483,2.3091,"P0206","EC_0168.jpeg"
"9750",7.373167724,4.0993,"P0206","EC_0083.jpg"
"9751",4.457457842,2.7735,"P0206","EC_0108.jpg"
"9752",6.670358048,3.5493,"P0206","EC_0100.jpg"
"9753",7.316184037,2.5726,"P0206","EC_0054.jpg"
"9754",8.541351784,3.4714,"P0206","EC_0024.jpg"
"9755",9.946971135,5.2659,"P0206","EC_0016.jpg"
"9756",4.770873555,2.267,"P0206","EC_0195.jpg"
"9757",8.075977399,2.0726,"P0206","EC_0053.jpg"
"9758",8.237434439,2.5336,"P0206","EC_0193.png"
"9759",8.275423564,3.4824,"P0206","EC_0047.jpg"
"9760",8.256429002,2.6074,"P0206","EC_0158.jpg"
"9761",6.983773761,4.3748,"P0206","EC_0203.jpg"
"9762",5.654133747,3.3152,"P0206","EC_0248.jpg"
"9763",6.898297144,3.2257,"P0206","EC_0042.jpg"
"9764",6.907794425,3.7321,"P0206","EC_0132.jpg"
"9765",7.667588874,3.06,"P0206","EC_0008.jpg"
"9766",5.882071755,3.6962,"P0206","EC_0031.jpg"
"9767",8.503361573,3.2977,"P0206","EC_0044.jpg"
"9768",6.195487468,2.9028,"P0206","EC_0073.jpg"
"9769",4.960821353,2.8401,"P0206","EC_0205.jpg"
"9770",3.051839579,3.9861,"P0206","EC_0184.jpg"
"9771",6.546892306,5.1715,"P0206","EC_0125.jpeg"
"9772",8.379895831,2.5411,"P0206","EC_0152.jpg"
"9773",8.379895831,2.8498,"P0206","EC_0226.jpg"
"9774",9.206171248,3.0064,"P0206","EC_0038.jpg"
"9775",5.188760448,3.5236,"P0206","EC_0230.jpg"
"9776",7.420655216,2.8137,"P0206","EC_0120.jpg"
"9777",4.960821353,2.9353,"P0206","EC_0005.jpg"
"9778",4.960821353,2.3607,"P0206","EC_0153.jpg"
"9779",4.960821353,3.9079,"P0206","EC_0033.jpeg"
"9780",6.347446141,3.3326,"P0206","EC_0165.jpg"
"9781",3.916105208,3.2752,"P0206","EC_0018.jpg"
"9782",4.666401289,2.7565,"P0206","EC_0101.jpg"
"9783",3.032843929,5.9149,"P0206","EC_0084.jpg"
"9784",3.992084544,3.131,"P0206","EC_0140.jpg"
"9785",7.9810035,2.8288,"P0206","EC_0134.jpg"
"9786",7.088244941,3.591,"P0206","EC_0194.jpg"
"9787",4.951324071,3.6575,"P0206","EC_0074.jpg"
"9788",3.061336316,3.6275,"P0206","EC_0246.jpg"
"9789",7.173722645,12.5092,"P0206","EC_0088.jpg"
"9790",5.093785463,3.593,"P0206","EC_0030.jpg"
"9791",6.024533147,4.8629,"P0206","EC_0086.jpg"
"9792",5.036800689,3.0478,"P0206","EC_0202.jpg"
"9793",7.810050266,4.4934,"P0206","EC_0037.jpg"
"9794",7.999998063,3.5762,"P0206","EC_0177.jpg"
"9795",6.964779199,21.8919,"P0206","EC_0161.jpg"
"9796",5.302728909,42.1235,"P0206","EC_0106.jpg"
"9797",7.84803939,3.1755,"P0206","EC_0056.jpg"
"9798",7.84803939,2.2134,"P0206","EC_0085.jpg"
"9799",6.860306932,2.7289,"P0206","EC_0009.jpg"
"9800",5.131775674,3.2092,"P0206","EC_0171.jpg"
"9801",7.392163373,3.0635,"P0206","EC_0151.jpg"
"9802",7.382665005,4.5782,"P0206","EC_0206.png"
"9803",7.534624764,2.8485,"P0206","EC_0136.jpg"
"9804",4.94182679,2.7235,"P0206","EC_0142.jpg"
"9805",4.922832228,2.5006,"P0206","EC_0027.jpg"
"9806",4.922832228,2.289,"P0206","EC_0003.jpg"
"9807",7.401660654,3.1369,"P0206","EC_0098.jpg"
"9808",9.054213663,2.9492,"P0206","EC_0007.jpg"
"9809",9.367629376,2.5421,"P0206","EC_0115.jpg"
"9810",9.367629376,2.236,"P0206","EC_0060.jpg"
"9811",4.951324071,6.9769,"P0206","EC_0006.jpg"
"9812",4.628412164,3.5149,"P0206","EC_0183.jpg"
"9813",8.360900182,2.8907,"P0206","EC_0017.jpg"
"9814",8.503361573,3.5609,"P0206","EC_0064.jpg"
"9815",2.130588632,3.6592,"P0206","EC_0041.jpg"
"9816",5.236246854,2.9921,"P0206","EC_0087.jpg"
"9817",7.249701981,3.5755,"P0206","EC_0209.jpg"
"9818",9.234664179,2.9072,"P0206","EC_0104.jpg"
"9819",1.608230016,3.7454,"P0206","EC_0180.jpg"
"9820",6.793824877,2.9158,"P0206","EC_0196.jpg"
"9821",8.151956735,4.283,"P0206","EC_0131.jpg"
"9822",5.331221839,3.0594,"P0206","EC_0214.jpg"
"9823",5.331221839,2.5148,"P0206","EC_0164.jpg"
"9824",8.864263692,4.4004,"P0206","EC_0231.jpg"
"9825",9.310644602,3.7056,"P0206","EC_0188.jpg"
"9826",6.451917321,3.0105,"P0206","EC_0244.jpg"
"9827",8.531854503,3.2757,"P0206","EC_0096.jpg"
"9828",6.271466805,3.0835,"P0206","EC_0051.jpg"
"9829",8.503361573,3.1642,"P0206","EC_0048.jpg"
"9830",7.363670442,3.2423,"P0206","EC_0092.jpg"
"9831",7.439649779,4.3506,"P0206","EC_0162.jpg"
"9832",7.496634553,12.8052,"P0206","EC_0163.jpg"
"9833",7.069250379,2.9342,"P0206","EC_0174.jpg"
"9834",9.424613063,3.5772,"P0206","EC_0097.jpg"
"9835",7.487137271,3.5575,"P0206","EC_0167.jpg"
"9836",5.521169637,3.3116,"P0206","EC_0172.jpg"
"9837",5.0747909,5.9298,"P0206","EC_0036.jpeg"
"9838",4.533437179,3.131,"P0206","EC_0059.jpg"
"9839",7.534624764,2.6751,"P0206","EC_0001.jpg"
"9840",8.7218023,2.63,"P0206","EC_0185.jpg"
"9841",8.7218023,2.1591,"P0206","EC_0080.jpg"
"9842",7.002768324,3.3624,"P0206","EC_0040.jpg"
"9843",6.413928196,2.6266,"P0206","EC_0221.jpg"
"9844",6.195487468,2.9071,"P0206","EC_0156.jpg"
"9845",6.195487468,2.8997,"P0206","EC_0201.jpg"
"9846",6.594378712,3.5066,"P0206","EC_0118.jpg"
"9847",4.951324071,3.127,"P0206","EC_0075.jpg"
"9848",4.951324071,2.2427,"P0206","EC_0228.jpg"
"9849",3.469725384,4.1576,"P0206","EC_0154.jpg"
"9850",3.203797708,3.5432,"P0206","EC_0022.jpg"
"9851",3.203797708,4.242,"P0206","EC_0181.jpg"
"9852",5.293231628,4.3728,"P0206","EC_0241.jpg"
"9853",2.861890694,2.6806,"P0206","EC_0176.jpg"
"9854",9.13969028,2.5791,"P0206","EC_0109.jpg"
"9855",6.765333034,3.1934,"P0206","EC_0233.jpg"
"9856",8.636325683,2.9626,"P0206","EC_0138.png"
"9857",5.540165286,3.7261,"P0206","EC_0067.jpg"
"9858",5.483180512,5.0154,"P0206","EC_0070.jpg"
"9859",2.263552742,2.9748,"P0206","EC_0148.jpg"
"9860",7.6106041,4.7236,"P0206","EC_0137.jpg"
"9861",7.876531234,3.4967,"P0206","EC_0213.jpg"
"9862",7.335178599,2.9231,"P0206","EC_0089.jpg"
"9863",2.595963018,3.131,"P0206","EC_0113.jpg"
"9864",7.753065492,2.7916,"P0206","EC_0102.jpg"
"9865",3.859120434,2.7637,"P0206","EC_0240.jpg"
"9866",8.056982837,2.7451,"P0206","EC_0119.jpg"
"9867",7.10724059,3.0236,"P0206","EC_0182.jpg"
"9868",2.140086457,4.911,"P0206","EC_0011.jpg"
"9869",4.001581825,3.4913,"P0206","EC_0200.png"
"9870",4.875344735,3.9414,"P0206","EC_0049.jpg"
"9871",1.056547619,4.0665,"P0207","EC_0149.jpg"
"9872",9.966517857,5.0578,"P0207","EC_0214.jpg"
"9873",8.980654762,3.6823,"P0207","EC_0018.jpg"
"9874",9.817708333,4.3944,"P0207","EC_0141.jpg"
"9875",4.869791667,3.9375,"P0207","EC_0161.jpg"
"9876",8.90625,3.4929,"P0207","EC_0169.png"
"9877",7.808779762,3.777,"P0207","EC_0015.jpg"
"9878",6.897321429,3.1624,"P0207","EC_0072.jpg"
"9879",1.986607143,3.4312,"P0207","EC_0162.jpg"
"9880",7.976190476,3.2506,"P0207","EC_0100.jpg"
"9881",1.837797619,3.0476,"P0207","EC_0211.jpg"
"9882",8.125,2.9266,"P0207","EC_0153.jpg"
"9883",5.167410714,3.4956,"P0207","EC_0051.jpg"
"9884",7.901785714,2.9278,"P0207","EC_0173.jpg"
"9885",5.911458333,2.9268,"P0207","EC_0160.jpg"
"9886",8.962053571,2.758,"P0207","EC_0138.png"
"9887",7.920386905,2.8942,"P0207","EC_0011.jpg"
"9888",6.860119048,2.6964,"P0207","EC_0039.jpg"
"9889",0.963541667,3.6768,"P0207","EC_0229.jpg"
"9890",5.78125,2.9099,"P0207","EC_0197.jpg"
"9891",0.851934524,3.3768,"P0207","EC_0181.jpg"
"9892",0.145089286,6.443,"P0207","EC_0134.jpg"
"9893",5.093005952,3.2611,"P0207","EC_0233.jpg"
"9894",7.548363095,2.5957,"P0207","EC_0238.jpg"
"9895",8.050595238,2.7304,"P0207","EC_0236.jpg"
"9896",8.757440476,2.7265,"P0207","EC_0104.jpg"
"9897",0.219494048,4.8426,"P0207","EC_0183.jpg"
"9898",5.167410714,3.7674,"P0207","EC_0148.jpg"
"9899",7.083333333,2.5935,"P0207","EC_0210.jpg"
"9900",7.436755952,2.544,"P0207","EC_0022.jpg"
"9901",8.218005952,2.5287,"P0207","EC_0046.jpg"
"9902",8.218005952,3.6804,"P0207","EC_0170.jpg"
"9903",1.261160714,3.7027,"P0207","EC_0058.jpg"
"9904",3.251488095,2.761,"P0207","EC_0044.jpg"
"9905",0,3.129,"P0207","EC_0040.jpg"
"9906",7.938988095,2.6972,"P0207","EC_0219.jpg"
"9907",5.01860119,3.0132,"P0207","EC_0152.jpg"
"9908",9.073660714,2.5936,"P0207","EC_0231.jpg"
"9909",5.948660714,3.1593,"P0207","EC_0228.jpg"
"9910",0.126488095,4.995,"P0207","EC_0129.jpeg"
"9911",3.80952381,3.4638,"P0207","EC_0201.jpg"
"9912",0.777529762,2.6445,"P0207","EC_0235.jpg"
"9913",6.990327381,2.8761,"P0207","EC_0108.jpg"
"9914",2.042410714,2.9634,"P0207","EC_0156.jpg"
"9915",1.595982143,2.9078,"P0207","EC_0054.jpg"
"9916",1.056547619,2.4425,"P0207","EC_0246.jpg"
"9917",2.24702381,2.9823,"P0207","EC_0196.jpg"
"9918",7.194940476,3.0409,"P0207","EC_0086.jpg"
"9919",0.070684524,2.9059,"P0207","EC_0059.jpg"
"9920",0.777529762,2.459,"P0207","EC_0244.jpg"
"9921",6.674107143,2.8219,"P0207","EC_0221.jpg"
"9922",6.599702381,2.9587,"P0207","EC_0164.jpg"
"9923",7.994791667,2.686,"P0207","EC_0027.jpg"
"9924",5.985863095,2.5911,"P0207","EC_0132.jpg"
"9925",7.232142857,2.6745,"P0207","EC_0239.jpg"
"9926",1.279761905,2.8113,"P0207","EC_0115.jpg"
"9927",5.465029762,2.9249,"P0207","EC_0031.jpg"
"9928",0,3.8823,"P0207","EC_0009.jpg"
"9929",5.130208333,2.8292,"P0207","EC_0037.jpg"
"9930",8.478422619,2.361,"P0207","EC_0177.jpg"
"9931",5.632440476,3.2759,"P0207","EC_0097.jpg"
"9932",1.037946429,3.529,"P0207","EC_0012.jpg"
"9933",5.967261905,2.5428,"P0207","EC_0250.jpg"
"9934",4.646577381,2.8831,"P0207","EC_0151.jpg"
"9935",6.097470238,3.1115,"P0207","EC_0079.jpg"
"9936",2.65625,3.9094,"P0207","EC_0103.jpg"
"9937",8.608630952,2.7948,"P0207","EC_0209.jpg"
"9938",0.256696429,2.8768,"P0207","EC_0002.jpg"
"9939",8.255208333,2.7953,"P0207","EC_0226.jpg"
"9940",0.517113095,2.7941,"P0207","EC_0123.jpeg"
"9941",2.67485119,2.6108,"P0207","EC_0081.jpg"
"9942",8.199404762,2.3925,"P0207","EC_0118.jpg"
"9943",9.129464286,2.411,"P0207","EC_0245.jpg"
"9944",6.171875,3.191,"P0207","EC_0124.jpeg"
"9945",8.311011905,2.3324,"P0207","EC_0105.jpg"
"9946",6.711309524,2.7909,"P0207","EC_0016.jpg"
"9947",9.129464286,2.4947,"P0207","EC_0237.jpg"
"9948",5.818452381,2.9462,"P0207","EC_0248.jpg"
"9949",7.790178571,2.674,"P0207","EC_0032.jpg"
"9950",7.790178571,2.5073,"P0207","EC_0135.jpg"
"9951",6.841517857,2.5585,"P0207","EC_0198.jpg"
"9952",0.926339286,3.261,"P0207","EC_0048.jpg"
"9953",0.256696429,3.2784,"P0207","EC_0222.jpg"
"9954",1.335565476,2.545,"P0207","EC_0056.jpg"
"9955",6.990327381,3.4762,"P0207","EC_0119.jpg"
"9956",8.10639881,2.386,"P0207","EC_0150.jpg"
"9957",9.092261905,2.8937,"P0207","EC_0067.jpg"
"9958",8.199404762,2.5797,"P0207","EC_0157.jpg"
"9959",6.953125,2.7577,"P0207","EC_0096.jpg"
"9960",5.055803571,2.9763,"P0207","EC_0042.jpg"
"9961",7.808779762,2.5092,"P0207","EC_0030.jpg"
"9962",8.013392857,3.0141,"P0207","EC_0090.jpg"
"9963",7.920386905,3.1244,"P0207","EC_0093.jpg"
"9964",6.488095238,2.4953,"P0207","EC_0003.jpg"
"9965",6.953125,2.5599,"P0207","EC_0136.jpg"
"9966",8.10639881,2.3015,"P0207","EC_0106.jpg"
"9967",8.14360119,2.3592,"P0207","EC_0120.jpg"
"9968",7.920386905,2.4126,"P0207","EC_0193.png"
"9969",6.246279762,2.4136,"P0207","EC_0180.jpg"
"9970",6.246279762,2.1404,"P0207","EC_0205.jpg"
"9971",0.758928571,3.0162,"P0207","EC_0165.jpg"
"9972",7.176339286,3.3767,"P0207","EC_0227.jpg"
"9973",7.827380952,2.3576,"P0207","EC_0154.jpg"
"9974",0.498511905,2.7778,"P0207","EC_0187.jpeg"
"9975",8.255208333,2.6456,"P0207","EC_0005.jpg"
"9976",8.701636905,2.6458,"P0207","EC_0066.jpg"
"9977",1.50297619,3.3473,"P0207","EC_0001.jpg"
"9978",7.622767857,2.1778,"P0207","EC_0171.jpg"
"9979",0.126488095,3.1093,"P0207","EC_0204.jpg"
"9980",6.804315476,2.4313,"P0207","EC_0019.jpg"
"9981",8.571428571,2.2505,"P0207","EC_0168.jpeg"
"9982",8.943452381,2.5264,"P0207","EC_0167.jpg"
"9983",8.218005952,2.8767,"P0207","EC_0087.jpg"
"9984",0.163690476,2.8627,"P0207","EC_0053.jpg"
"9985",0.963541667,3.5971,"P0207","EC_0203.jpg"
"9986",1.07514881,2.9444,"P0207","EC_0242.jpg"
"9987",3.139880952,3.0625,"P0207","EC_0234.jpg"
"9988",0.145089286,5.1398,"P0207","EC_0185.jpg"
"9989",8.869047619,3.6767,"P0207","EC_0064.jpg"
"9990",5.818452381,3.028,"P0207","EC_0140.jpg"
"9991",8.88764881,2.9552,"P0207","EC_0213.jpg"
"9992",8.999255952,2.5448,"P0207","EC_0038.jpg"
"9993",7.585565476,2.6109,"P0207","EC_0089.jpg"
"9994",8.199404762,2.4904,"P0207","EC_0207.jpg"
"9995",8.962053571,2.7114,"P0207","EC_0139.png"
"9996",7.529761905,2.3087,"P0207","EC_0176.jpg"
"9997",6.767113095,2.5933,"P0207","EC_0247.jpg"
"9998",8.050595238,2.7962,"P0207","EC_0206.png"
"9999",6.878720238,2.6042,"P0207","EC_0200.png"
"10000",7.790178571,2.41,"P0207","EC_0166.jpg"
"10001",8.92485119,2.4399,"P0207","EC_0083.jpg"
"10002",7.808779762,2.4488,"P0207","EC_0062.jpg"
"10003",1.019345238,3.679,"P0207","EC_0131.jpg"
"10004",0.740327381,3.23,"P0207","EC_0133.jpg"
"10005",6.897321429,3.8936,"P0207","EC_0028.jpg"
"10006",0.907738095,3.2923,"P0207","EC_0075.jpg"
"10007",1.986607143,2.4509,"P0207","EC_0182.jpg"
"10008",1.335565476,3.5757,"P0207","EC_0010.jpg"
"10009",6.488095238,2.7662,"P0207","EC_0116.jpg"
"10010",5.837053571,2.6611,"P0207","EC_0082.jpg"
"10011",0.870535714,3.2797,"P0207","EC_0159.jpg"
"10012",0.591517857,2.9066,"P0207","EC_0117.jpg"
"10013",7.157738095,3.0607,"P0207","EC_0102.jpg"
"10014",8.125,2.626,"P0207","EC_0113.jpg"
"10015",7.027529762,3.243,"P0207","EC_0080.jpg"
"10016",1.019345238,3.0082,"P0207","EC_0121.jpg"
"10017",7.771577381,2.8613,"P0207","EC_0232.jpg"
"10018",8.90625,2.7622,"P0207","EC_0099.jpg"
"10019",9.836309524,3.3453,"P0207","EC_0060.jpg"
"10020",5.76264881,3.3048,"P0207","EC_0065.jpg"
"10021",0.368303571,2.8905,"P0207","EC_0243.jpg"
"10022",6.488095238,3.1664,"P0207","EC_0084.jpg"
"10023",5.744047619,2.8937,"P0207","EC_0063.jpg"
"10024",8.031994048,2.8072,"P0207","EC_0188.jpg"
"10025",1.261160714,3.1752,"P0207","EC_0088.jpg"
"10026",8.10639881,2.6973,"P0207","EC_0240.jpg"
"10027",0.870535714,3.8282,"P0207","EC_0184.jpg"
"10028",9.27827381,2.5415,"P0207","EC_0014.jpg"
"10029",0.591517857,2.9638,"P0207","EC_0047.jpg"
"10030",8.552827381,2.5785,"P0207","EC_0017.jpg"
"10031",8.478422619,2.727,"P0207","EC_0163.jpg"
"10032",7.157738095,2.6446,"P0207","EC_0024.jpg"
"10033",0.256696429,3.0614,"P0207","EC_0033.jpeg"
"10034",8.366815476,3.0625,"P0207","EC_0068.jpg"
"10035",9.31547619,2.3604,"P0207","EC_0020.jpg"
"10036",0.163690476,3.3259,"P0207","EC_0055.jpg"
"10037",6.060267857,4.5496,"P0207","EC_0036.jpeg"
"10038",7.604166667,2.2661,"P0207","EC_0050.jpg"
"10039",5.576636905,3.124,"P0207","EC_0111.jpg"
"10040",4.906994048,3.1763,"P0207","EC_0249.jpg"
"10041",0.070684524,3.5161,"P0207","EC_0074.jpg"
"10042",7.697172619,2.7139,"P0207","EC_0147.png"
"10043",7.994791667,2.4595,"P0207","EC_0224.jpg"
"10044",5.930059524,2.6351,"P0207","EC_0109.jpg"
"10045",7.194940476,2.4612,"P0207","EC_0142.jpg"
"10046",0.145089286,2.8947,"P0207","EC_0049.jpg"
"10047",1.85639881,3.5262,"P0207","EC_0076.jpg"
"10048",5.837053571,2.9648,"P0207","EC_0195.jpg"
"10049",5.744047619,2.6369,"P0207","EC_0070.jpg"
"10050",0.145089286,5.1178,"P0207","EC_0128.jpeg"
"10051",5.78125,3.4078,"P0207","EC_0073.jpg"
"10052",0.089285714,3.0099,"P0207","EC_0041.jpg"
"10053",7.511160714,2.6914,"P0207","EC_0202.jpg"
"10054",0.442708333,3.6287,"P0207","EC_0230.jpg"
"10055",0.182291667,2.5936,"P0207","EC_0125.jpeg"
"10056",1.968005952,3.508,"P0207","EC_0101.jpg"
"10057",1.09375,3.0959,"P0207","EC_0158.jpg"
"10058",8.701636905,2.7651,"P0207","EC_0092.jpg"
"10059",6.97172619,2.7286,"P0207","EC_0194.jpg"
"10060",2.24702381,3.2441,"P0207","EC_0057.jpeg"
"10061",8.49702381,3.0952,"P0207","EC_0223.jpg"
"10062",5.576636905,3.3928,"P0207","EC_0199.jpg"
"10063",7.139136905,3.0298,"P0207","EC_0061.jpg"
"10064",8.552827381,2.5811,"P0207","EC_0172.jpg"
"10065",5.241815476,2.8831,"P0207","EC_0071.jpg"
"10066",6.674107143,2.4263,"P0207","EC_0095.jpg"
"10067",8.013392857,2.3604,"P0207","EC_0137.jpg"
"10068",7.027529762,2.5427,"P0207","EC_0006.jpg"
"10069",8.404017857,2.596,"P0207","EC_0098.jpg"
"10070",0.777529762,3.5313,"P0207","EC_0241.jpg"
"10071",5.241815476,3.3871,"P0207","EC_0069.jpg"
"10072",8.311011905,2.3304,"P0207","EC_0008.jpg"
"10073",9.166666667,2.3082,"P0207","EC_0007.jpg"
"10074",8.236607143,2.9144,"P0207","EC_0029.jpg"
"10075",7.250744048,2.5984,"P0207","EC_0094.jpg"
"10076",7.808779762,2.9005,"P0207","EC_0034.jpg"
"10077",0.163690476,3.8429,"P0207","EC_0077.jpg"
"10078",4.832589286,2.9337,"P0207","EC_0013.jpg"
"10079",7.920386905,3.4245,"P0207","EC_0085.jpg"
"10080",0.126488095,8.0017,"P0207","EC_0174.jpg"
"10081",7.984457436,6.5594,"P0208","EC_0015.jpg"
"10082",3.997287728,8.6013,"P0208","EC_0124.jpeg"
"10083",3.977450456,9.6676,"P0208","EC_0242.jpg"
"10084",7.994375528,7.2475,"P0208","EC_0238.jpg"
"10085",5.00895702,5.073,"P0208","EC_0105.jpg"
"10086",7.002542419,4.2451,"P0208","EC_0118.jpg"
"10087",9.025882092,4.2848,"P0208","EC_0057.jpeg"
"10088",7.994375528,5.0078,"P0208","EC_0109.jpg"
"10089",7.974539345,3.7072,"P0208","EC_0117.jpg"
"10090",9.035801273,5.6268,"P0208","EC_0031.jpg"
"10091",9.978042835,5.1124,"P0208","EC_0081.jpg"
"10092",6.982706236,6.0483,"P0208","EC_0028.jpg"
"10093",6.000790129,6.1515,"P0208","EC_0196.jpg"
"10094",1.983865057,4.9078,"P0208","EC_0005.jpg"
"10095",8.986209726,14.7205,"P0208","EC_0160.jpg"
"10096",4.979202746,5.131,"P0208","EC_0234.jpg"
"10097",8.966372454,5.9556,"P0208","EC_0051.jpg"
"10098",6.982706236,4.8766,"P0208","EC_0042.jpg"
"10099",3.997287728,4.423,"P0208","EC_0059.jpg"
"10100",6.952950872,4.0339,"P0208","EC_0233.jpg"
"10101",5.980953946,3.9138,"P0208","EC_0022.jpg"
"10102",5.00895702,6.2858,"P0208","EC_0007.jpg"
"10103",4.979202746,4.758,"P0208","EC_0044.jpg"
"10104",4.999038928,6.6692,"P0208","EC_0133.jpg"
"10105",6.982706236,4.4324,"P0208","EC_0082.jpg"
"10106",6.000790129,4.908,"P0208","EC_0149.jpg"
"10107",6.992624327,6.2026,"P0208","EC_0048.jpg"
"10108",5.980953946,6.5563,"P0208","EC_0080.jpg"
"10109",4.999038928,4.9383,"P0208","EC_0162.jpg"
"10110",5.00895702,5.7418,"P0208","EC_0076.jpg"
"10111",2.559128521,12.3859,"P0208","EC_0055.jpg"
"10112",2.985617347,11.1671,"P0208","EC_0033.jpeg"
"10113",4.513040465,6.1405,"P0208","EC_0201.jpg"
"10114",4.522958557,6.1901,"P0208","EC_0121.jpg"
"10115",7.528214337,5.4989,"P0208","EC_0246.jpg"
"10116",4.989120837,6.4253,"P0208","EC_0001.jpg"
"10117",8.520047446,6.2199,"P0208","EC_0219.jpg"
"10118",5.990872037,5.9089,"P0208","EC_0237.jpg"
"10119",1.567295412,6.6432,"P0208","EC_0148.jpg"
"10120",3.997287728,8.3498,"P0208","EC_0165.jpg"
"10121",3.987368547,5.3788,"P0208","EC_0083.jpg"
"10122",6.546299319,11.3017,"P0208","EC_0231.jpg"
"10123",8.986209726,6.8893,"P0208","EC_0074.jpg"
"10124",7.538132428,8.2497,"P0208","EC_0213.jpg"
"10125",6.992624327,11.2015,"P0208","EC_0137.jpg"
"10126",2.499618884,10.7219,"P0208","EC_0053.jpg"
"10127",8.996127818,5.4648,"P0208","EC_0157.jpg"
"10128",8.004293619,3.7357,"P0208","EC_0094.jpg"
"10129",6.536381228,9.2233,"P0208","EC_0066.jpg"
"10130",8.996127818,11.4092,"P0208","EC_0073.jpg"
"10131",6.01070931,7.4311,"P0208","EC_0245.jpg"
"10132",9.987960927,7.809,"P0208","EC_0037.jpg"
"10133",6.992624327,5.5999,"P0208","EC_0139.png"
"10134",8.490292082,5.6675,"P0208","EC_0030.jpg"
"10135",7.984457436,6.5049,"P0208","EC_0236.jpg"
"10136",8.539883629,4.9262,"P0208","EC_0093.jpg"
"10137",4.999038928,5.297,"P0208","EC_0150.jpg"
"10138",8.986209726,5.8353,"P0208","EC_0041.jpg"
"10139",5.524710847,6.6835,"P0208","EC_0132.jpg"
"10140",5.990872037,5.5931,"P0208","EC_0065.jpg"
"10141",5.544547029,4.738,"P0208","EC_0188.jpg"
"10142",6.516543956,7.5681,"P0208","EC_0172.jpg"
"10143",7.974539345,5.3965,"P0208","EC_0039.jpg"
"10144",9.987960927,4.6883,"P0208","EC_0029.jpg"
"10145",3.987368547,7.0153,"P0208","EC_0106.jpg"
"10146",6.992624327,5.2682,"P0208","EC_0111.jpg"
"10147",7.528214337,5.9685,"P0208","EC_0092.jpg"
"10148",5.990872037,7.8948,"P0208","EC_0069.jpg"
"10149",7.518296246,4.8179,"P0208","EC_0223.jpg"
"10150",5.574302393,5.3831,"P0208","EC_0009.jpg"
"10151",5.990872037,5.3006,"P0208","EC_0156.jpg"
"10152",7.984457436,4.9027,"P0208","EC_0152.jpg"
"10153",8.996127818,5.1887,"P0208","EC_0120.jpg"
"10154",6.972787055,4.8004,"P0208","EC_0119.jpg"
"10155",8.986209726,8.2638,"P0208","EC_0168.jpeg"
"10156",7.994375528,7.4505,"P0208","EC_0098.jpg"
"10157",0.020035021,8.9334,"P0208","EC_0184.jpg"
"10158",6.576053593,11.168,"P0208","EC_0024.jpg"
"10159",5.980953946,6.0706,"P0208","EC_0014.jpg"
"10160",7.994375528,6.0854,"P0208","EC_0248.jpg"
"10161",5.990872037,5.5375,"P0208","EC_0108.jpg"
"10162",6.982706236,5.3189,"P0208","EC_0046.jpg"
"10163",5.990872037,4.8606,"P0208","EC_0244.jpg"
"10164",6.982706236,5.4483,"P0208","EC_0135.jpg"
"10165",8.996127818,6.5791,"P0208","EC_0102.jpg"
"10166",7.538132428,5.5735,"P0208","EC_0166.jpg"
"10167",6.516543956,13.5965,"P0208","EC_0013.jpg"
"10168",7.54805052,11.2069,"P0208","EC_0018.jpg"
"10169",6.992624327,11.553,"P0208","EC_0202.jpg"
"10170",7.002542419,23.4705,"P0208","EC_0047.jpg"
"10171",7.994375528,6.2791,"P0208","EC_0235.jpg"
"10172",7.002542419,14.9821,"P0208","EC_0140.jpg"
"10173",7.528214337,5.3117,"P0208","EC_0247.jpg"
"10174",5.544547029,5.3062,"P0208","EC_0171.jpg"
"10175",5.544547029,11.7845,"P0208","EC_0195.jpg"
"10176",7.528214337,7.5511,"P0208","EC_0068.jpg"
"10177",7.994375528,4.6016,"P0208","EC_0079.jpg"
"10178",6.486788592,15.2927,"P0208","EC_0062.jpg"
"10179",9.511880555,13.8978,"P0208","EC_0104.jpg"
"10180",6.546299319,8.568,"P0208","EC_0173.jpg"
"10181",6.992624327,9.0013,"P0208","EC_0206.png"
"10182",8.520047446,5.0652,"P0208","EC_0038.jpg"
"10183",4.007205819,5.842,"P0208","EC_0011.jpg"
"10184",7.994375528,7.5781,"P0208","EC_0239.jpg"
"10185",8.520047446,5.4147,"P0208","EC_0064.jpg"
"10186",7.002542419,5.4351,"P0208","EC_0142.jpg"
"10187",7.002542419,5.8245,"P0208","EC_0180.jpg"
"10188",7.538132428,4.454,"P0208","EC_0151.jpg"
"10189",5.971035855,15.4479,"P0208","EC_0230.jpg"
"10190",7.002542419,15.3538,"P0208","EC_0010.jpg"
"10191",6.546299319,7.468,"P0208","EC_0017.jpg"
"10192",7.54805052,6.6625,"P0208","EC_0090.jpg"
"10193",7.984457436,5.8142,"P0208","EC_0226.jpg"
"10194",6.486788592,7.4499,"P0208","EC_0113.jpg"
"10195",6.982706236,12.9636,"P0208","EC_0089.jpg"
"10196",5.544547029,4.8342,"P0208","EC_0176.jpg"
"10197",7.002542419,3.9482,"P0208","EC_0003.jpg"
"10198",7.54805052,8.1137,"P0208","EC_0061.jpg"
"10199",7.54805052,5.8477,"P0208","EC_0163.jpg"
"10200",1.993784238,6.6916,"P0208","EC_0054.jpg"
"10201",8.539883629,5.9516,"P0208","EC_0170.jpg"
"10202",6.992624327,6.0889,"P0208","EC_0250.jpg"
"10203",6.992624327,4.4546,"P0208","EC_0182.jpg"
"10204",7.538132428,4.3124,"P0208","EC_0086.jpg"
"10205",6.000790129,5.4206,"P0208","EC_0229.jpg"
"10206",7.994375528,4.0253,"P0208","EC_0070.jpg"
"10207",4.007205819,5.0556,"P0208","EC_0040.jpg"
"10208",4.989120837,4.4301,"P0208","EC_0199.jpg"
"10209",6.992624327,7.5451,"P0208","EC_0006.jpg"
"10210",7.002542419,5.9374,"P0208","EC_0060.jpg"
"10211",2.559128521,9.0356,"P0208","EC_0088.jpg"
"10212",7.994375528,22.0646,"P0208","EC_0084.jpg"
"10213",6.516543956,13.412,"P0208","EC_0209.jpg"
"10214",7.557968611,4.8714,"P0208","EC_0194.jpg"
"10215",6.556217411,9.2036,"P0208","EC_0214.jpg"
"10216",7.557968611,13.5656,"P0208","EC_0221.jpg"
"10217",6.992624327,9.8714,"P0208","EC_0183.jpg"
"10218",6.982706236,7.1785,"P0208","EC_0087.jpg"
"10219",9.978042835,4.9759,"P0208","EC_0116.jpg"
"10220",8.996127818,4.9311,"P0208","EC_0099.jpg"
"10221",8.004293619,5.4127,"P0208","EC_0249.jpg"
"10222",7.696826249,5.4747,"P0208","EC_0097.jpg"
"10223",6.566135502,23.5247,"P0208","EC_0067.jpg"
"10224",7.54805052,4.3744,"P0208","EC_0211.jpg"
"10225",4.989120837,4.6238,"P0208","EC_0134.jpg"
"10226",6.556217411,4.9774,"P0208","EC_0159.jpg"
"10227",4.999038928,4.443,"P0208","EC_0222.jpg"
"10228",4.999038928,8.05,"P0208","EC_0085.jpg"
"10229",9.492044372,5.9998,"P0208","EC_0210.jpg"
"10230",7.984457436,5.0925,"P0208","EC_0224.jpg"
"10231",5.990872037,5.2512,"P0208","EC_0103.jpg"
"10232",7.567887792,4.7896,"P0208","EC_0167.jpg"
"10233",7.518296246,6.1713,"P0208","EC_0243.jpg"
"10234",4.989120837,4.084,"P0208","EC_0232.jpg"
"10235",6.536381228,4.8813,"P0208","EC_0169.png"
"10236",6.992624327,6.9325,"P0208","EC_0125.jpeg"
"10237",5.990872037,10.1326,"P0208","EC_0019.jpg"
"10238",6.992624327,5.1749,"P0208","EC_0153.jpg"
"10239",7.002542419,4.5436,"P0208","EC_0227.jpg"
"10240",8.54980281,5.2519,"P0208","EC_0181.jpg"
"10241",5.544547029,4.5238,"P0208","EC_0203.jpg"
"10242",4.542795829,7.1112,"P0208","EC_0136.jpg"
"10243",5.306507388,6.2649,"P0208","EC_0198.jpg"
"10244",5.990872037,3.8977,"P0208","EC_0164.jpg"
"10245",4.999038928,4.793,"P0208","EC_0161.jpg"
"10246",4.542795829,6.3733,"P0208","EC_0049.jpg"
"10247",7.994375528,5.2885,"P0208","EC_0207.jpg"
"10248",1.983865057,4.7487,"P0208","EC_0187.jpeg"
"10249",6.992624327,4.6134,"P0208","EC_0200.png"
"10250",5.514792755,7.9034,"P0208","EC_0077.jpg"
"10251",5.564384302,5.6479,"P0208","EC_0131.jpg"
"10252",4.999038928,4.2955,"P0208","EC_0071.jpg"
"10253",8.996127818,13.0725,"P0208","EC_0032.jpg"
"10254",5.990872037,13.0321,"P0208","EC_0101.jpg"
"10255",7.557968611,6.3791,"P0208","EC_0174.jpg"
"10256",5.980953946,4.1773,"P0208","EC_0115.jpg"
"10257",7.984457436,4.7312,"P0208","EC_0177.jpg"
"10258",7.54805052,5.8318,"P0208","EC_0158.jpg"
"10259",7.002542419,6.6251,"P0208","EC_0193.png"
"10260",7.002542419,11.2792,"P0208","EC_0129.jpeg"
"10261",6.546299319,3.9854,"P0208","EC_0228.jpg"
"10262",4.989120837,4.7642,"P0208","EC_0241.jpg"
"10263",5.990872037,5.2675,"P0208","EC_0034.jpg"
"10264",5.534628938,5.2715,"P0208","EC_0197.jpg"
"10265",6.992624327,8.9745,"P0208","EC_0096.jpg"
"10266",6.496707773,5.1735,"P0208","EC_0063.jpg"
"10267",4.989120837,6.0422,"P0208","EC_0185.jpg"
"10268",4.989120837,4.956,"P0208","EC_0205.jpg"
"10269",7.54805052,8.6001,"P0208","EC_0002.jpg"
"10270",8.559720901,4.0597,"P0208","EC_0008.jpg"
"10271",7.54805052,4.0871,"P0208","EC_0141.jpg"
"10272",6.992624327,6.1727,"P0208","EC_0058.jpg"
"10273",5.494955483,5.4175,"P0208","EC_0204.jpg"
"10274",5.544547029,3.8828,"P0208","EC_0075.jpg"
"10275",5.544547029,5.4596,"P0208","EC_0100.jpg"
"10276",6.992624327,4.6079,"P0208","EC_0128.jpeg"
"10277",6.992624327,4.1175,"P0208","EC_0095.jpg"
"10278",6.982706236,4.9286,"P0208","EC_0138.png"
"10279",1.567295412,4.4239,"P0208","EC_0056.jpg"
"10280",7.508377065,14.7355,"P0208","EC_0123.jpeg"
"10281",9.006045909,7.4789,"P0208","EC_0072.jpg"
"10282",8.54980281,9.8642,"P0208","EC_0036.jpeg"
"10283",5.980953946,7.9867,"P0208","EC_0147.png"
"10284",5.524710847,5.4809,"P0208","EC_0154.jpg"
"10285",4.989120837,7.3116,"P0208","EC_0020.jpg"
"10286",6.526462047,5.7186,"P0208","EC_0050.jpg"
"10287",5.524710847,4.6778,"P0208","EC_0027.jpg"
"10288",1.993784238,6.0134,"P0208","EC_0012.jpg"
"10289",5.990872037,11.5871,"P0208","EC_0016.jpg"
"10290",5.980953946,4.7054,"P0208","EC_0240.jpg"
"10291",5.992063492,3.5974,"P0209","EC_0018.jpg"
"10292",3.968253968,4.1788,"P0209","EC_0224.jpg"
"10293",4.920634921,4.1537,"P0209","EC_0009.jpg"
"10294",4.96031746,3.1216,"P0209","EC_0200.png"
"10295",5.013227917,5.2807,"P0209","EC_0129.jpeg"
"10296",5,3.346,"P0209","EC_0205.jpg"
"10297",5.92592633,3.446,"P0209","EC_0134.jpg"
"10298",7.037037441,5.9269,"P0209","EC_0002.jpg"
"10299",0.992063492,4.3672,"P0209","EC_0048.jpg"
"10300",5.92592633,3.8262,"P0209","EC_0206.png"
"10301",0.105820308,4.8963,"P0209","EC_0034.jpg"
"10302",6.005291409,6.8808,"P0209","EC_0246.jpg"
"10303",5,3.1304,"P0209","EC_0007.jpg"
"10304",3.994709802,7.7477,"P0209","EC_0040.jpg"
"10305",5.939154246,4.9498,"P0209","EC_0079.jpg"
"10306",6.891535199,3.6705,"P0209","EC_0038.jpg"
"10307",4.933862838,3.4114,"P0209","EC_0074.jpg"
"10308",5.978836786,3.3537,"P0209","EC_0250.jpg"
"10309",5.965608869,3.1853,"P0209","EC_0164.jpg"
"10310",4.933862838,4.4847,"P0209","EC_0083.jpg"
"10311",6.044973949,4.0713,"P0209","EC_0092.jpg"
"10312",5.026455834,3.1384,"P0209","EC_0050.jpg"
"10313",4.947090754,6.5615,"P0209","EC_0138.png"
"10314",6.018519326,3.7385,"P0209","EC_0115.jpg"
"10315",3.029100933,3.5626,"P0209","EC_0161.jpg"
"10316",1.984126984,5.4956,"P0209","EC_0235.jpg"
"10317",5,3.1177,"P0209","EC_0117.jpg"
"10318",5.105820913,3.6044,"P0209","EC_0140.jpg"
"10319",5.026455834,6.2896,"P0209","EC_0082.jpg"
"10320",6.031746032,4.5618,"P0209","EC_0125.jpeg"
"10321",5.978836786,3.4944,"P0209","EC_0044.jpg"
"10322",6.19047619,3.6329,"P0209","EC_0106.jpg"
"10323",7.050265358,3.0759,"P0209","EC_0197.jpg"
"10324",7.063492063,2.7188,"P0209","EC_0068.jpg"
"10325",8.068783472,3.0536,"P0209","EC_0229.jpg"
"10326",0,5.9225,"P0209","EC_0242.jpg"
"10327",8.055555556,3.3275,"P0209","EC_0195.jpg"
"10328",5.939154246,6.0527,"P0209","EC_0133.jpg"
"10329",7.050265358,8.7364,"P0209","EC_0236.jpg"
"10330",4.96031746,3.2094,"P0209","EC_0071.jpg"
"10331",5.03968254,3.2063,"P0209","EC_0055.jpg"
"10332",8.068783472,6.2931,"P0209","EC_0104.jpg"
"10333",1.01851872,4.5775,"P0209","EC_0240.jpg"
"10334",4.113757421,11.8517,"P0209","EC_0238.jpg"
"10335",4.96031746,4.2868,"P0209","EC_0016.jpg"
"10336",4.973545377,17.3705,"P0209","EC_0097.jpg"
"10337",2.063492063,3.4782,"P0209","EC_0121.jpg"
"10338",5.965608869,3.1213,"P0209","EC_0188.jpg"
"10339",5.912698413,4.2619,"P0209","EC_0014.jpg"
"10340",6.005291409,2.7075,"P0209","EC_0135.jpg"
"10341",3.015873016,3.564,"P0209","EC_0203.jpg"
"10342",5.939154246,3.6447,"P0209","EC_0085.jpg"
"10343",7.023809524,2.9118,"P0209","EC_0099.jpg"
"10344",1.01851872,3.789,"P0209","EC_0184.jpg"
"10345",8.00264631,6.6523,"P0209","EC_0010.jpg"
"10346",3.862434266,3.212,"P0209","EC_0065.jpg"
"10347",6.031746032,3.4893,"P0209","EC_0020.jpg"
"10348",3.029100933,16.5817,"P0209","EC_0049.jpg"
"10349",6.031746032,3.1341,"P0209","EC_0070.jpg"
"10350",1.005291409,3.6002,"P0209","EC_0041.jpg"
"10351",3.955027262,6.1272,"P0209","EC_0162.jpg"
"10352",4.96031746,12.9028,"P0209","EC_0051.jpg"
"10353",7.103174603,3.2574,"P0209","EC_0100.jpg"
"10354",5.066138373,3.1233,"P0209","EC_0234.jpg"
"10355",6.058201866,3.319,"P0209","EC_0177.jpg"
"10356",6.957672361,5.0288,"P0209","EC_0231.jpg"
"10357",7.103174603,3.8366,"P0209","EC_0193.png"
"10358",5.026455834,4.6324,"P0209","EC_0003.jpg"
"10359",4.034392342,8.2357,"P0209","EC_0172.jpg"
"10360",6.044973949,4.4385,"P0209","EC_0087.jpg"
"10361",6.058201866,5.2583,"P0209","EC_0237.jpg"
"10362",6.005291409,13.0027,"P0209","EC_0108.jpg"
"10363",4.947090754,3.311,"P0209","EC_0094.jpg"
"10364",8.00264631,4.2273,"P0209","EC_0027.jpg"
"10365",8.00264631,3.2473,"P0209","EC_0111.jpg"
"10366",3.968253968,7.4414,"P0209","EC_0249.jpg"
"10367",6.984126984,7.0917,"P0209","EC_0101.jpg"
"10368",6.984126984,3.9452,"P0209","EC_0102.jpg"
"10369",4.060846965,6.2411,"P0209","EC_0090.jpg"
"10370",3.994709802,4.0735,"P0209","EC_0142.jpg"
"10371",6.097884405,8.1338,"P0209","EC_0088.jpg"
"10372",3.00264631,5.0541,"P0209","EC_0204.jpg"
"10373",8.981481885,4.5218,"P0209","EC_0196.jpg"
"10374",5.052910457,3.8147,"P0209","EC_0080.jpg"
"10375",5.03968254,3.7869,"P0209","EC_0096.jpg"
"10376",8.04232885,3.3292,"P0209","EC_0198.jpg"
"10377",3.981481885,6.6455,"P0209","EC_0047.jpg"
"10378",4.986773294,16.8597,"P0209","EC_0157.jpg"
"10379",6.005291409,3.6314,"P0209","EC_0150.jpg"
"10380",5.978836786,10.9411,"P0209","EC_0056.jpg"
"10381",4.007936508,3.5784,"P0209","EC_0221.jpg"
"10382",4.021164425,6.6395,"P0209","EC_0239.jpg"
"10383",5.026455834,3.1236,"P0209","EC_0060.jpg"
"10384",6.044973949,2.8802,"P0209","EC_0062.jpg"
"10385",4.986773294,4.9388,"P0209","EC_0017.jpg"
"10386",5.03968254,4.1709,"P0209","EC_0183.jpg"
"10387",6.891535199,3.3713,"P0209","EC_0167.jpg"
"10388",4.007936508,3.9726,"P0209","EC_0011.jpg"
"10389",5.03968254,4.9075,"P0209","EC_0046.jpg"
"10390",5.052910457,3.336,"P0209","EC_0124.jpeg"
"10391",4.986773294,4.8482,"P0209","EC_0033.jpeg"
"10392",5.052910457,3.8671,"P0209","EC_0042.jpg"
"10393",4.947090754,3.6151,"P0209","EC_0241.jpg"
"10394",8.00264631,4.1379,"P0209","EC_0211.jpg"
"10395",4.034392342,3.3953,"P0209","EC_0069.jpg"
"10396",5,2.9886,"P0209","EC_0064.jpg"
"10397",5.978836786,3.5314,"P0209","EC_0176.jpg"
"10398",6.031746032,2.8752,"P0209","EC_0022.jpg"
"10399",5.978836786,4.0201,"P0209","EC_0207.jpg"
"10400",5.88624379,6.2795,"P0209","EC_0222.jpg"
"10401",3.849206349,3.0972,"P0209","EC_0171.jpg"
"10402",5.939154246,3.745,"P0209","EC_0209.jpg"
"10403",5.066138373,5.3454,"P0209","EC_0158.jpg"
"10404",4.933862838,3.0273,"P0209","EC_0001.jpg"
"10405",5.978836786,3.4265,"P0209","EC_0153.jpg"
"10406",5.013227917,3.4536,"P0209","EC_0077.jpg"
"10407",4.986773294,3.7772,"P0209","EC_0073.jpg"
"10408",6.005291409,3.6618,"P0209","EC_0137.jpg"
"10409",2.169312371,4.0248,"P0209","EC_0019.jpg"
"10410",6.018519326,6.1546,"P0209","EC_0149.jpg"
"10411",6.058201866,4.8708,"P0209","EC_0098.jpg"
"10412",5.952380952,3.8984,"P0209","EC_0168.jpeg"
"10413",3.928571429,5.1601,"P0209","EC_0147.png"
"10414",5.939154246,3.4051,"P0209","EC_0152.jpg"
"10415",4.047619048,3.5217,"P0209","EC_0120.jpg"
"10416",4.933862838,4.7861,"P0209","EC_0057.jpeg"
"10417",5.052910457,3.7711,"P0209","EC_0248.jpg"
"10418",6.124339028,3.0716,"P0209","EC_0012.jpg"
"10419",6.997354901,4.2622,"P0209","EC_0075.jpg"
"10420",5.978836786,5.4792,"P0209","EC_0036.jpeg"
"10421",6.031746032,4.1218,"P0209","EC_0053.jpg"
"10422",5.052910457,3.4392,"P0209","EC_0214.jpg"
"10423",5.066138373,3.888,"P0209","EC_0148.jpg"
"10424",7.010582818,3.1714,"P0209","EC_0030.jpg"
"10425",7.169312977,2.9578,"P0209","EC_0008.jpg"
"10426",6.137566945,3.847,"P0209","EC_0247.jpg"
"10427",4.947090754,4.2037,"P0209","EC_0123.jpeg"
"10428",6.031746032,3.8372,"P0209","EC_0245.jpg"
"10429",4.007936508,3.7852,"P0209","EC_0156.jpg"
"10430",6.071428571,4.2059,"P0209","EC_0076.jpg"
"10431",4.986773294,3.5901,"P0209","EC_0089.jpg"
"10432",1.01851872,3.4972,"P0209","EC_0005.jpg"
"10433",6.018519326,2.8226,"P0209","EC_0029.jpg"
"10434",5.013227917,3.8298,"P0209","EC_0067.jpg"
"10435",5.952380952,6.2532,"P0209","EC_0061.jpg"
"10436",4.973545377,7.17,"P0209","EC_0132.jpg"
"10437",5.859789167,4.8724,"P0209","EC_0084.jpg"
"10438",4.021164425,3.5755,"P0209","EC_0227.jpg"
"10439",4.021164425,3.1057,"P0209","EC_0032.jpg"
"10440",6.137566945,3.475,"P0209","EC_0170.jpg"
"10441",5.992063492,3.6344,"P0209","EC_0154.jpg"
"10442",5.992063492,2.5724,"P0209","EC_0223.jpg"
"10443",4.96031746,2.6013,"P0209","EC_0181.jpg"
"10444",4.034392342,4.9599,"P0209","EC_0199.jpg"
"10445",5.965608869,5.6737,"P0209","EC_0086.jpg"
"10446",5.026455834,3.0255,"P0209","EC_0128.jpeg"
"10447",5.079365079,2.824,"P0209","EC_0118.jpg"
"10448",4.113757421,3.5093,"P0209","EC_0226.jpg"
"10449",4.933862838,4,"P0209","EC_0093.jpg"
"10450",4.933862838,2.3754,"P0209","EC_0141.jpg"
"10451",6.031746032,3.1204,"P0209","EC_0024.jpg"
"10452",6.031746032,3.0715,"P0209","EC_0116.jpg"
"10453",7.07671998,3.2982,"P0209","EC_0136.jpg"
"10454",5.952380952,2.5795,"P0209","EC_0054.jpg"
"10455",4.034392342,6.2753,"P0209","EC_0105.jpg"
"10456",6.044973949,2.9396,"P0209","EC_0187.jpeg"
"10457",3.928571429,3.23,"P0209","EC_0201.jpg"
"10458",4.973545377,11.8893,"P0209","EC_0095.jpg"
"10459",5.939154246,5.1248,"P0209","EC_0232.jpg"
"10460",6.018519326,2.4568,"P0209","EC_0165.jpg"
"10461",4.007936508,5.3026,"P0209","EC_0013.jpg"
"10462",5.873015873,6.2592,"P0209","EC_0210.jpg"
"10463",3.994709802,3.2001,"P0209","EC_0243.jpg"
"10464",4.920634921,3.6103,"P0209","EC_0109.jpg"
"10465",6.071428571,3.9813,"P0209","EC_0015.jpg"
"10466",5.965608869,3.3056,"P0209","EC_0151.jpg"
"10467",5.965608869,2.4253,"P0209","EC_0066.jpg"
"10468",6.825396825,2.8755,"P0209","EC_0159.jpg"
"10469",5.912698413,2.739,"P0209","EC_0081.jpg"
"10470",4.933862838,3.1297,"P0209","EC_0037.jpg"
"10471",4.947090754,3.3804,"P0209","EC_0119.jpg"
"10472",6.044973949,3.1158,"P0209","EC_0194.jpg"
"10473",6.984126984,3.3451,"P0209","EC_0028.jpg"
"10474",4.021164425,6.6027,"P0209","EC_0244.jpg"
"10475",4.047619048,3.4131,"P0209","EC_0180.jpg"
"10476",5.965608869,4.3445,"P0209","EC_0173.jpg"
"10477",5,2.8585,"P0209","EC_0072.jpg"
"10478",7.989418393,3.224,"P0209","EC_0113.jpg"
"10479",5.952380952,4.5374,"P0209","EC_0139.png"
"10480",6.031746032,3.9199,"P0209","EC_0166.jpg"
"10481",5.939154246,3.6344,"P0209","EC_0185.jpg"
"10482",7.063492063,4.7559,"P0209","EC_0103.jpg"
"10483",5.066138373,2.8098,"P0209","EC_0131.jpg"
"10484",4.007936508,4.6386,"P0209","EC_0169.png"
"10485",5.052910457,2.7848,"P0209","EC_0230.jpg"
"10486",5.026455834,4.0611,"P0209","EC_0219.jpg"
"10487",4.007936508,3.5475,"P0209","EC_0202.jpg"
"10488",5.899471707,5.4608,"P0209","EC_0160.jpg"
"10489",2.96296377,3.4644,"P0209","EC_0163.jpg"
"10490",6.124339028,3.2534,"P0209","EC_0063.jpg"
"10491",5.92592633,2.7549,"P0209","EC_0182.jpg"
"10492",3.994709802,2.568,"P0209","EC_0213.jpg"
"10493",3.955027262,4.6326,"P0209","EC_0058.jpg"
"10494",0.105820308,3.3231,"P0209","EC_0228.jpg"
"10495",4.867725675,2.9806,"P0209","EC_0233.jpg"
"10496",4.986773294,4.6954,"P0209","EC_0031.jpg"
"10497",3.902116806,2.9802,"P0209","EC_0174.jpg"
"10498",3.915344723,2.6785,"P0209","EC_0059.jpg"
"10499",6.944444444,4.2978,"P0209","EC_0039.jpg"
"10500",5.912698413,2.9437,"P0209","EC_0006.jpg"
"10501",8.928571429,3.442,"P0211","EC_0086.jpg"
"10502",9.814814815,2.596,"P0211","EC_0006.jpg"
"10503",6.984126984,3.229,"P0211","EC_0083.jpg"
"10504",8.002645503,4.777,"P0211","EC_0159.jpg"
"10505",9.034391534,5.548,"P0211","EC_0238.jpg"
"10506",9.973544974,3.364,"P0211","EC_0200.png"
"10507",5.026455026,4.66,"P0211","EC_0121.jpg"
"10508",8.835978836,2.745,"P0211","EC_0140.jpg"
"10509",7.05026455,6.392,"P0211","EC_0166.jpg"
"10510",8.994708995,5.643,"P0211","EC_0007.jpg"
"10511",9.96031746,3.564,"P0211","EC_0010.jpg"
"10512",9.947089947,3.626,"P0211","EC_0095.jpg"
"10513",8.015873016,2.56,"P0211","EC_0070.jpg"
"10514",5.066137566,3.11,"P0211","EC_0063.jpg"
"10515",4.100529101,3.476,"P0211","EC_0162.jpg"
"10516",8.981481481,2.327,"P0211","EC_0093.jpg"
"10517",8.214285714,3.194,"P0211","EC_0158.jpg"
"10518",8.981481481,2.876,"P0211","EC_0172.jpg"
"10519",8.333333333,5.191,"P0211","EC_0142.jpg"
"10520",7.076719577,3.327,"P0211","EC_0012.jpg"
"10521",9.14021164,7.609,"P0211","EC_0096.jpg"
"10522",2.777777778,9.308,"P0211","EC_0111.jpg"
"10523",8.584656085,5.31,"P0211","EC_0236.jpg"
"10524",7.698412698,9.557,"P0211","EC_0233.jpg"
"10525",9.58994709,3.293,"P0211","EC_0245.jpg"
"10526",8.875661376,3.06,"P0211","EC_0250.jpg"
"10527",4.841269841,5.943,"P0211","EC_0002.jpg"
"10528",8.333333333,6.144,"P0211","EC_0149.jpg"
"10529",9.21957672,5.542,"P0211","EC_0115.jpg"
"10530",8.240740741,3.593,"P0211","EC_0068.jpg"
"10531",9.325396825,4.044,"P0211","EC_0076.jpg"
"10532",8.571428571,4.809,"P0211","EC_0170.jpg"
"10533",9.669312169,3.478,"P0211","EC_0154.jpg"
"10534",8.531746032,4.011,"P0211","EC_0080.jpg"
"10535",8.399470899,2.892,"P0211","EC_0057.jpeg"
"10536",9.470899471,2.459,"P0211","EC_0234.jpg"
"10537",7.962962963,2.609,"P0211","EC_0106.jpg"
"10538",6.283068783,2.894,"P0211","EC_0088.jpg"
"10539",8.664021164,2.577,"P0211","EC_0105.jpg"
"10540",8.029100529,2.995,"P0211","EC_0016.jpg"
"10541",7.208994709,4.002,"P0211","EC_0152.jpg"
"10542",6.071428571,2.744,"P0211","EC_0040.jpg"
"10543",7.857142857,2.61,"P0211","EC_0243.jpg"
"10544",5.806878307,4.076,"P0211","EC_0042.jpg"
"10545",8.796296296,3.194,"P0211","EC_0020.jpg"
"10546",9.431216931,2.827,"P0211","EC_0249.jpg"
"10547",9.126984127,4.644,"P0211","EC_0087.jpg"
"10548",7.857142857,3.91,"P0211","EC_0036.jpeg"
"10549",2.883597884,4.277,"P0211","EC_0148.jpg"
"10550",8.478835979,6.926,"P0211","EC_0018.jpg"
"10551",7.738095238,4.927,"P0211","EC_0051.jpg"
"10552",9.113756614,3.608,"P0211","EC_0205.jpg"
"10553",5.052910053,2.828,"P0211","EC_0167.jpg"
"10554",7.843915344,5.511,"P0211","EC_0222.jpg"
"10555",8.80952381,2.326,"P0211","EC_0017.jpg"
"10556",10,2.765,"P0211","EC_0125.jpeg"
"10557",7.764550265,2.443,"P0211","EC_0028.jpg"
"10558",8.76984127,3.093,"P0211","EC_0044.jpg"
"10559",8.015873016,2.543,"P0211","EC_0066.jpg"
"10560",7.010582011,2.545,"P0211","EC_0117.jpg"
"10561",8.835978836,2.244,"P0211","EC_0027.jpg"
"10562",8.492063492,2.615,"P0211","EC_0011.jpg"
"10563",5.502645503,2.746,"P0211","EC_0187.jpeg"
"10564",1.626984127,3.077,"P0211","EC_0184.jpg"
"10565",2.248677249,2.66,"P0211","EC_0055.jpg"
"10566",0.542328042,3.328,"P0211","EC_0199.jpg"
"10567",6.150793651,2.544,"P0211","EC_0005.jpg"
"10568",8.029100529,2.344,"P0211","EC_0224.jpg"
"10569",7.91005291,5.226,"P0211","EC_0024.jpg"
"10570",10,2.511,"P0211","EC_0196.jpg"
"10571",7.671957672,2.227,"P0211","EC_0099.jpg"
"10572",6.547619048,2.412,"P0211","EC_0118.jpg"
"10573",8.80952381,2.794,"P0211","EC_0067.jpg"
"10574",9.351851852,3.153,"P0211","EC_0237.jpg"
"10575",8.015873016,3.11,"P0211","EC_0209.jpg"
"10576",10,4.993,"P0211","EC_0065.jpg"
"10577",6.177248677,3.412,"P0211","EC_0129.jpeg"
"10578",8.174603175,2.411,"P0211","EC_0223.jpg"
"10579",8.888888889,3.827,"P0211","EC_0207.jpg"
"10580",10,2.145,"P0211","EC_0119.jpg"
"10581",8.955026455,3.111,"P0211","EC_0037.jpg"
"10582",9.312169312,2.994,"P0211","EC_0064.jpg"
"10583",10,2.693,"P0211","EC_0157.jpg"
"10584",9.060846561,2.845,"P0211","EC_0153.jpg"
"10585",9.047619048,4.677,"P0211","EC_0074.jpg"
"10586",6.851851852,5.362,"P0211","EC_0069.jpg"
"10587",8.465608466,2.844,"P0211","EC_0120.jpg"
"10588",7.076719577,3.543,"P0211","EC_0008.jpg"
"10589",9.047619048,2.36,"P0211","EC_0062.jpg"
"10590",9.537037037,3.109,"P0211","EC_0198.jpg"
"10591",8.822751323,3.094,"P0211","EC_0082.jpg"
"10592",9.510582011,2.793,"P0211","EC_0029.jpg"
"10593",7.420634921,3.508,"P0211","EC_0131.jpg"
"10594",9.007936508,2.545,"P0211","EC_0193.png"
"10595",10,2.711,"P0211","EC_0211.jpg"
"10596",8.293650794,2.465,"P0211","EC_0156.jpg"
"10597",8.888888889,2.527,"P0211","EC_0213.jpg"
"10598",9.193121693,3.028,"P0211","EC_0248.jpg"
"10599",7.658730159,3.348,"P0211","EC_0135.jpg"
"10600",10,2.961,"P0211","EC_0033.jpeg"
"10601",8.306878307,2.748,"P0211","EC_0241.jpg"
"10602",10,2.294,"P0211","EC_0150.jpg"
"10603",10,2.364,"P0211","EC_0031.jpg"
"10604",7.169312169,2.344,"P0211","EC_0030.jpg"
"10605",8.902116402,2.127,"P0211","EC_0089.jpg"
"10606",7.87037037,2.682,"P0211","EC_0231.jpg"
"10607",6.931216931,3.013,"P0211","EC_0164.jpg"
"10608",5.119047619,3.227,"P0211","EC_0195.jpg"
"10609",7.685185185,2.644,"P0211","EC_0022.jpg"
"10610",8.888888889,2.294,"P0211","EC_0101.jpg"
"10611",8.174603175,2.045,"P0211","EC_0137.jpg"
"10612",9.087301587,1.947,"P0211","EC_0197.jpg"
"10613",8.227513228,2.743,"P0211","EC_0203.jpg"
"10614",6.044973545,2.561,"P0211","EC_0176.jpg"
"10615",9.087301587,2.16,"P0211","EC_0108.jpg"
"10616",8.968253968,2.71,"P0211","EC_0232.jpg"
"10617",7.883597884,2.927,"P0211","EC_0239.jpg"
"10618",8.981481481,2.995,"P0211","EC_0246.jpg"
"10619",5.978835979,3.06,"P0211","EC_0072.jpg"
"10620",8.743386243,2.61,"P0211","EC_0060.jpg"
"10621",10,2.544,"P0211","EC_0141.jpg"
"10622",7.976190476,2.828,"P0211","EC_0194.jpg"
"10623",8.994708995,2.995,"P0211","EC_0039.jpg"
"10624",8.134920635,2.361,"P0211","EC_0015.jpg"
"10625",8.968253968,2.329,"P0211","EC_0173.jpg"
"10626",10,2.646,"P0211","EC_0092.jpg"
"10627",2.989417989,4.461,"P0211","EC_0230.jpg"
"10628",4.087301587,5.176,"P0211","EC_0185.jpg"
"10629",5.846560847,2.76,"P0211","EC_0100.jpg"
"10630",8.80952381,2.544,"P0211","EC_0171.jpg"
"10631",8.80952381,3.344,"P0211","EC_0163.jpg"
"10632",8.161375661,4.661,"P0211","EC_0098.jpg"
"10633",9.087301587,2.081,"P0211","EC_0160.jpg"
"10634",4.933862434,3.761,"P0211","EC_0049.jpg"
"10635",8.373015873,2.31,"P0211","EC_0147.png"
"10636",9.021164021,2.765,"P0211","EC_0169.png"
"10637",8.227513228,2.809,"P0211","EC_0053.jpg"
"10638",9.351851852,2.227,"P0211","EC_0094.jpg"
"10639",5.03968254,4.926,"P0211","EC_0103.jpg"
"10640",6.071428571,2.094,"P0211","EC_0058.jpg"
"10641",7.407407407,1.828,"P0211","EC_0075.jpg"
"10642",8.756613757,3.06,"P0211","EC_0128.jpeg"
"10643",8.558201058,2.944,"P0211","EC_0132.jpg"
"10644",6.944444444,3.177,"P0211","EC_0219.jpg"
"10645",9.126984127,4.311,"P0211","EC_0123.jpeg"
"10646",6.058201058,3.36,"P0211","EC_0077.jpg"
"10647",10,2.709,"P0211","EC_0047.jpg"
"10648",5.899470899,3.295,"P0211","EC_0204.jpg"
"10649",6.071428571,5.463,"P0211","EC_0009.jpg"
"10650",9.55026455,3.079,"P0211","EC_0038.jpg"
"10651",5.052910053,2.627,"P0211","EC_0161.jpg"
"10652",8.055555556,1.878,"P0211","EC_0210.jpg"
"10653",5.396825397,2.594,"P0211","EC_0133.jpg"
"10654",10,2.243,"P0211","EC_0136.jpg"
"10655",5.648148148,4.111,"P0211","EC_0071.jpg"
"10656",4.021164021,3.11,"P0211","EC_0139.png"
"10657",2.53968254,2.945,"P0211","EC_0247.jpg"
"10658",10,2.827,"P0211","EC_0242.jpg"
"10659",4.682539683,2.698,"P0211","EC_0134.jpg"
"10660",10,2.795,"P0211","EC_0041.jpg"
"10661",7.923280423,3.226,"P0211","EC_0168.jpeg"
"10662",4.206349206,3.993,"P0211","EC_0014.jpg"
"10663",9.007936508,2.733,"P0211","EC_0113.jpg"
"10664",9.510582011,3.096,"P0211","EC_0032.jpg"
"10665",8.928571429,3.028,"P0211","EC_0181.jpg"
"10666",10,2.295,"P0211","EC_0073.jpg"
"10667",7.288359788,3.726,"P0211","EC_0109.jpg"
"10668",5.37037037,3.944,"P0211","EC_0081.jpg"
"10669",10,2.995,"P0211","EC_0034.jpg"
"10670",9.603174603,3.027,"P0211","EC_0177.jpg"
"10671",10,2.044,"P0211","EC_0202.jpg"
"10672",2.724867725,3.712,"P0211","EC_0214.jpg"
"10673",2.830687831,3.543,"P0211","EC_0056.jpg"
"10674",0.687830688,3.094,"P0211","EC_0227.jpg"
"10675",6.203703704,2.793,"P0211","EC_0138.png"
"10676",2.222222222,2.694,"P0211","EC_0228.jpg"
"10677",5.132275132,3.077,"P0211","EC_0059.jpg"
"10678",1.124338624,3.86,"P0211","EC_0084.jpg"
"10679",6.944444444,2.543,"P0211","EC_0240.jpg"
"10680",1.534391534,4.06,"P0211","EC_0019.jpg"
"10681",8.915343915,2.527,"P0211","EC_0061.jpg"
"10682",4.880952381,4.909,"P0211","EC_0229.jpg"
"10683",6.547619048,3.309,"P0211","EC_0174.jpg"
"10684",9.074074074,4.226,"P0211","EC_0180.jpg"
"10685",3.796296296,3.243,"P0211","EC_0165.jpg"
"10686",6.746031746,2.93,"P0211","EC_0046.jpg"
"10687",1.349206349,3.277,"P0211","EC_0001.jpg"
"10688",2.473544974,4.277,"P0211","EC_0116.jpg"
"10689",7.619047619,3.414,"P0211","EC_0183.jpg"
"10690",6.005291005,4.146,"P0211","EC_0085.jpg"
"10691",8.531746032,3.245,"P0211","EC_0003.jpg"
"10692",2.711640212,3.676,"P0211","EC_0151.jpg"
"10693",8.187830688,4.458,"P0211","EC_0102.jpg"
"10694",5.198412698,5.828,"P0211","EC_0048.jpg"
"10695",2.566137566,2.961,"P0211","EC_0054.jpg"
"10696",10,3.409,"P0211","EC_0079.jpg"
"10697",2.354497354,2.697,"P0211","EC_0226.jpg"
"10698",3.994708995,2.915,"P0211","EC_0090.jpg"
"10699",1.613756614,2.644,"P0211","EC_0182.jpg"
"10700",7.552910053,4.212,"P0211","EC_0104.jpg"
"10701",3.042328042,2.878,"P0211","EC_0244.jpg"
"10702",1.759259259,3.465,"P0211","EC_0201.jpg"
"10703",3.677248677,2.944,"P0211","EC_0013.jpg"
"10704",9.748677249,3.343,"P0211","EC_0124.jpeg"
"10705",5.939153439,4.306,"P0211","EC_0206.png"
"10706",5,2.271,"P0211","EC_0188.jpg"
"10707",9.113756614,3.246,"P0211","EC_0097.jpg"
"10708",8.452380952,2.592,"P0211","EC_0221.jpg"
"10709",10,2.061,"P0211","EC_0050.jpg"
"10710",5.119047619,5.661,"P0211","EC_0235.jpg"
"10711",8.915343915,4.3338,"P0213","EC_0083.jpg"
"10712",9.947089947,3.3425,"P0213","EC_0138.png"
"10713",7.566137566,3.2436,"P0213","EC_0156.jpg"
"10714",6.613756614,3.8651,"P0213","EC_0097.jpg"
"10715",7.645502646,2.8692,"P0213","EC_0242.jpg"
"10716",6.058201058,2.6399,"P0213","EC_0076.jpg"
"10717",7.328042328,2.9422,"P0213","EC_0197.jpg"
"10718",4.58994709,3.8882,"P0213","EC_0046.jpg"
"10719",8.121693122,5.3834,"P0213","EC_0124.jpeg"
"10720",8.796296296,2.9754,"P0213","EC_0246.jpg"
"10721",8.994708995,4.2733,"P0213","EC_0230.jpg"
"10722",7.526455026,6.5537,"P0213","EC_0087.jpg"
"10723",8.835978836,5.1772,"P0213","EC_0071.jpg"
"10724",3.082010582,40.2081,"P0213","EC_0109.jpg"
"10725",5.701058201,3.4297,"P0213","EC_0202.jpg"
"10726",5.740740741,3.4281,"P0213","EC_0240.jpg"
"10727",6.613756614,2.8881,"P0213","EC_0149.jpg"
"10728",2.288359788,3.1401,"P0213","EC_0203.jpg"
"10729",5.264550265,2.6159,"P0213","EC_0139.png"
"10730",6.256613757,2.6496,"P0213","EC_0108.jpg"
"10731",6.891534392,2.3218,"P0213","EC_0234.jpg"
"10732",8.478835979,3.4392,"P0213","EC_0036.jpeg"
"10733",7.526455026,2.4027,"P0213","EC_0048.jpg"
"10734",4.351851852,3.5188,"P0213","EC_0142.jpg"
"10735",9.153439153,17.0356,"P0213","EC_0001.jpg"
"10736",5.542328042,4.3824,"P0213","EC_0245.jpg"
"10737",8.121693122,3.9406,"P0213","EC_0055.jpg"
"10738",6.097883598,6.4963,"P0213","EC_0250.jpg"
"10739",7.486772487,8.782,"P0213","EC_0016.jpg"
"10740",8.002645503,3.7441,"P0213","EC_0095.jpg"
"10741",9.034391534,5.3776,"P0213","EC_0170.jpg"
"10742",3.28042328,3.2086,"P0213","EC_0085.jpg"
"10743",4.788359788,2.763,"P0213","EC_0239.jpg"
"10744",7.883597884,3.0573,"P0213","EC_0102.jpg"
"10745",8.637566138,3.0784,"P0213","EC_0168.jpeg"
"10746",7.010582011,3.4283,"P0213","EC_0032.jpg"
"10747",7.843915344,4.3526,"P0213","EC_0037.jpg"
"10748",6.574074074,3.3133,"P0213","EC_0158.jpg"
"10749",3.796296296,4.9028,"P0213","EC_0150.jpg"
"10750",5.701058201,2.1955,"P0213","EC_0169.png"
"10751",8.35978836,3.1615,"P0213","EC_0249.jpg"
"10752",5.82010582,3.2197,"P0213","EC_0222.jpg"
"10753",7.605820106,3.8857,"P0213","EC_0080.jpg"
"10754",6.772486772,50.1815,"P0213","EC_0227.jpg"
"10755",8.161375661,2.8821,"P0213","EC_0151.jpg"
"10756",8.796296296,4.3322,"P0213","EC_0094.jpg"
"10757",7.222222222,4.3387,"P0213","EC_0104.jpg"
"10758",7.896825397,3.8106,"P0213","EC_0065.jpg"
"10759",2.063492063,4.2179,"P0213","EC_0184.jpg"
"10760",1.468253968,3.4168,"P0213","EC_0148.jpg"
"10761",7.764550265,5.6759,"P0213","EC_0038.jpg"
"10762",8.915343915,3.5664,"P0213","EC_0092.jpg"
"10763",3.875661376,2.6658,"P0213","EC_0005.jpg"
"10764",8.637566138,2.9485,"P0213","EC_0018.jpg"
"10765",1.970899471,2.8824,"P0213","EC_0198.jpg"
"10766",5.502645503,2.5494,"P0213","EC_0193.png"
"10767",8.478835979,2.2102,"P0213","EC_0031.jpg"
"10768",3.677248677,2.7826,"P0213","EC_0154.jpg"
"10769",4.748677249,4.0751,"P0213","EC_0171.jpg"
"10770",6.058201058,3.515,"P0213","EC_0132.jpg"
"10771",4.55026455,4.5166,"P0213","EC_0183.jpg"
"10772",1.097883598,4.9316,"P0213","EC_0033.jpeg"
"10773",4.312169312,9.2989,"P0213","EC_0017.jpg"
"10774",5.82010582,5.9001,"P0213","EC_0015.jpg"
"10775",3.558201058,7.8334,"P0213","EC_0231.jpg"
"10776",4.510582011,9.1672,"P0213","EC_0206.png"
"10777",9.153439153,3.5378,"P0213","EC_0098.jpg"
"10778",9.748677249,4.205,"P0213","EC_0088.jpg"
"10779",8.28042328,13.8833,"P0213","EC_0205.jpg"
"10780",1.534391534,4.2541,"P0213","EC_0059.jpg"
"10781",9.193121693,4.4835,"P0213","EC_0196.jpg"
"10782",8.32010582,9.9779,"P0213","EC_0099.jpg"
"10783",7.764550265,3.3657,"P0213","EC_0116.jpg"
"10784",9.58994709,3.15,"P0213","EC_0157.jpg"
"10785",7.923280423,11.4657,"P0213","EC_0011.jpg"
"10786",9.153439153,2.7658,"P0213","EC_0096.jpg"
"10787",7.724867725,7.276,"P0213","EC_0084.jpg"
"10788",6.296296296,2.7612,"P0213","EC_0181.jpg"
"10789",8.518518519,6.4057,"P0213","EC_0073.jpg"
"10790",3.597883598,4.4773,"P0213","EC_0161.jpg"
"10791",7.328042328,3.5154,"P0213","EC_0040.jpg"
"10792",2.288359788,6.3364,"P0213","EC_0180.jpg"
"10793",6.058201058,6.477,"P0213","EC_0236.jpg"
"10794",7.764550265,5.9332,"P0213","EC_0082.jpg"
"10795",4.153439153,6.0835,"P0213","EC_0182.jpg"
"10796",8.121693122,5.9529,"P0213","EC_0243.jpg"
"10797",6.256613757,3.4071,"P0213","EC_0226.jpg"
"10798",5.542328042,7.5167,"P0213","EC_0194.jpg"
"10799",5.423280423,20.8664,"P0213","EC_0173.jpg"
"10800",6.296296296,3.8711,"P0213","EC_0117.jpg"
"10801",5.502645503,4.2724,"P0213","EC_0058.jpg"
"10802",5.82010582,5.3616,"P0213","EC_0166.jpg"
"10803",8.35978836,3.6656,"P0213","EC_0163.jpg"
"10804",7.08994709,3.8067,"P0213","EC_0029.jpg"
"10805",5.264550265,4.6496,"P0213","EC_0024.jpg"
"10806",6.653439153,10.5314,"P0213","EC_0105.jpg"
"10807",7.566137566,2.5009,"P0213","EC_0028.jpg"
"10808",9.867724868,3.6232,"P0213","EC_0174.jpg"
"10809",3.915343915,5.2052,"P0213","EC_0067.jpg"
"10810",8.002645503,2.9261,"P0213","EC_0119.jpg"
"10811",6.058201058,4.8874,"P0213","EC_0213.jpg"
"10812",4.907407407,2.99,"P0213","EC_0113.jpg"
"10813",6.137566138,2.8041,"P0213","EC_0248.jpg"
"10814",7.764550265,4.1611,"P0213","EC_0164.jpg"
"10815",6.534391534,4.8495,"P0213","EC_0244.jpg"
"10816",6.494708995,4.7705,"P0213","EC_0020.jpg"
"10817",9.193121693,2.7413,"P0213","EC_0075.jpg"
"10818",7.328042328,2.8213,"P0213","EC_0223.jpg"
"10819",6.772486772,6.1765,"P0213","EC_0053.jpg"
"10820",9.193121693,3.522,"P0213","EC_0051.jpg"
"10821",8.478835979,3.0453,"P0213","EC_0063.jpg"
"10822",9.510582011,3.0889,"P0213","EC_0069.jpg"
"10823",6.772486772,3.6381,"P0213","EC_0221.jpg"
"10824",9.669312169,2.9491,"P0213","EC_0044.jpg"
"10825",8.716931217,3.0827,"P0213","EC_0034.jpg"
"10826",5.740740741,4.2001,"P0213","EC_0093.jpg"
"10827",8.915343915,4.2826,"P0213","EC_0030.jpg"
"10828",7.169312169,3.1771,"P0213","EC_0237.jpg"
"10829",8.835978836,3.1499,"P0213","EC_0219.jpg"
"10830",5.423280423,3.2002,"P0213","EC_0141.jpg"
"10831",6.018518519,2.8264,"P0213","EC_0233.jpg"
"10832",8.082010582,2.3653,"P0213","EC_0228.jpg"
"10833",7.05026455,2.7004,"P0213","EC_0211.jpg"
"10834",9.153439153,2.3854,"P0213","EC_0210.jpg"
"10835",6.018518519,13.9002,"P0213","EC_0002.jpg"
"10836",7.169312169,3.5694,"P0213","EC_0115.jpg"
"10837",5.978835979,8.8048,"P0213","EC_0061.jpg"
"10838",4.669312169,3.01,"P0213","EC_0077.jpg"
"10839",5.740740741,4.7429,"P0213","EC_0135.jpg"
"10840",9.55026455,2.5579,"P0213","EC_0134.jpg"
"10841",8.597883598,2.8666,"P0213","EC_0041.jpg"
"10842",5.542328042,4.0075,"P0213","EC_0147.png"
"10843",7.12962963,2.6,"P0213","EC_0172.jpg"
"10844",4.470899471,2.951,"P0213","EC_0176.jpg"
"10845",6.097883598,2.4988,"P0213","EC_0014.jpg"
"10846",3.637566138,4.1422,"P0213","EC_0152.jpg"
"10847",6.534391534,3.0643,"P0213","EC_0128.jpeg"
"10848",6.812169312,3.7725,"P0213","EC_0106.jpg"
"10849",9.193121693,2.7667,"P0213","EC_0136.jpg"
"10850",7.367724868,2.6096,"P0213","EC_0100.jpg"
"10851",7.328042328,3.1003,"P0213","EC_0241.jpg"
"10852",5.978835979,3.0409,"P0213","EC_0129.jpeg"
"10853",8.955026455,3.8497,"P0213","EC_0008.jpg"
"10854",8.002645503,3.299,"P0213","EC_0165.jpg"
"10855",9.074074074,2.5609,"P0213","EC_0050.jpg"
"10856",7.566137566,2.4505,"P0213","EC_0232.jpg"
"10857",6.018518519,2.9835,"P0213","EC_0195.jpg"
"10858",9.947089947,3.8999,"P0213","EC_0123.jpeg"
"10859",6.693121693,3.4831,"P0213","EC_0125.jpeg"
"10860",5.105820106,4.3985,"P0213","EC_0137.jpg"
"10861",9.748677249,3.5862,"P0213","EC_0074.jpg"
"10862",7.447089947,2.5669,"P0213","EC_0120.jpg"
"10863",8.439153439,2.8759,"P0213","EC_0247.jpg"
"10864",9.708994709,2.2858,"P0213","EC_0207.jpg"
"10865",2.447089947,2.6731,"P0213","EC_0027.jpg"
"10866",5.899470899,2.4494,"P0213","EC_0060.jpg"
"10867",7.962962963,2.5209,"P0213","EC_0009.jpg"
"10868",5.939153439,2.428,"P0213","EC_0089.jpg"
"10869",8.994708995,3.4281,"P0213","EC_0056.jpg"
"10870",5.224867725,4.9103,"P0213","EC_0090.jpg"
"10871",8.716931217,3.6235,"P0213","EC_0070.jpg"
"10872",8.35978836,2.9066,"P0213","EC_0022.jpg"
"10873",9.312169312,10.5003,"P0213","EC_0204.jpg"
"10874",8.558201058,4.4032,"P0213","EC_0177.jpg"
"10875",7.923280423,4.3836,"P0213","EC_0079.jpg"
"10876",5.939153439,2.5226,"P0213","EC_0235.jpg"
"10877",9.034391534,3.3242,"P0213","EC_0118.jpg"
"10878",1.851851852,3.8815,"P0213","EC_0162.jpg"
"10879",4.58994709,2.3524,"P0213","EC_0007.jpg"
"10880",5.343915344,2.7603,"P0213","EC_0209.jpg"
"10881",7.248677249,3.1221,"P0213","EC_0200.png"
"10882",7.962962963,2.5785,"P0213","EC_0187.jpeg"
"10883",4.272486772,4.2509,"P0213","EC_0066.jpg"
"10884",6.097883598,4.1772,"P0213","EC_0121.jpg"
"10885",8.240740741,4.1324,"P0213","EC_0214.jpg"
"10886",8.875661376,2.3079,"P0213","EC_0047.jpg"
"10887",7.407407407,4.2501,"P0213","EC_0012.jpg"
"10888",9.431216931,6.8012,"P0213","EC_0042.jpg"
"10889",5.304232804,3.1003,"P0213","EC_0153.jpg"
"10890",8.915343915,2.4999,"P0213","EC_0081.jpg"
"10891",3.478835979,4.3571,"P0213","EC_0111.jpg"
"10892",6.574074074,6.8156,"P0213","EC_0201.jpg"
"10893",8.558201058,3.7658,"P0213","EC_0013.jpg"
"10894",9.58994709,2.7158,"P0213","EC_0159.jpg"
"10895",8.677248677,3.8608,"P0213","EC_0068.jpg"
"10896",8.756613757,5.5572,"P0213","EC_0039.jpg"
"10897",7.208994709,2.8493,"P0213","EC_0238.jpg"
"10898",8.161375661,2.4677,"P0213","EC_0160.jpg"
"10899",6.851851852,3.4052,"P0213","EC_0064.jpg"
"10900",7.843915344,3.5264,"P0213","EC_0006.jpg"
"10901",8.756613757,4.111,"P0213","EC_0199.jpg"
"10902",8.002645503,2.8479,"P0213","EC_0072.jpg"
"10903",7.566137566,21.9816,"P0213","EC_0101.jpg"
"10904",9.391534392,10.2497,"P0213","EC_0188.jpg"
"10905",8.637566138,7.9331,"P0213","EC_0054.jpg"
"10906",9.074074074,3.5832,"P0213","EC_0167.jpg"
"10907",9.113756614,4.4834,"P0213","EC_0103.jpg"
"10908",6.018518519,6.3999,"P0213","EC_0019.jpg"
"10909",6.256613757,5.019,"P0213","EC_0131.jpg"
"10910",7.923280423,3.0521,"P0213","EC_0224.jpg"
"10911",9.431216931,2.2849,"P0213","EC_0057.jpeg"
"10912",8.121693122,3.6361,"P0213","EC_0062.jpg"
"10913",5.978835979,2.6201,"P0213","EC_0185.jpg"
"10914",8.399470899,2.3763,"P0213","EC_0003.jpg"
"10915",7.05026455,2.2342,"P0213","EC_0010.jpg"
"10916",4.193121693,2.9336,"P0213","EC_0140.jpg"
"10917",5.343915344,2.3079,"P0213","EC_0049.jpg"
"10918",8.201058201,4.4258,"P0213","EC_0133.jpg"
"10919",6.970899471,25.1265,"P0213","EC_0229.jpg"
"10920",8.28042328,2.8094,"P0213","EC_0086.jpg"
"10921",4.735449735,5.5585,"P0215","EC_0133.jpg"
"10922",3.677248677,3.6427,"P0215","EC_0246.jpg"
"10923",6.058201058,2.4473,"P0215","EC_0102.jpg"
"10924",4.35185165,3.4882,"P0215","EC_0069.jpg"
"10925",6.521164021,4.3707,"P0215","EC_0139.png"
"10926",9.126984732,2.8864,"P0215","EC_0085.jpg"
"10927",8.505291005,2.5795,"P0215","EC_0136.jpg"
"10928",8.835978836,3.1076,"P0215","EC_0172.jpg"
"10929",8.835978836,2.9624,"P0215","EC_0210.jpg"
"10930",9.788359385,5.0031,"P0215","EC_0050.jpg"
"10931",6.851851852,3.3295,"P0215","EC_0161.jpg"
"10932",8.029100731,3.7,"P0215","EC_0154.jpg"
"10933",9.074074478,3.4505,"P0215","EC_0109.jpg"
"10934",9.074074478,1.9644,"P0215","EC_0211.jpg"
"10935",6.415344521,2.254,"P0215","EC_0013.jpg"
"10936",7.552910457,3.3084,"P0215","EC_0135.jpg"
"10937",9.166666667,3.607,"P0215","EC_0047.jpg"
"10938",9.153439355,3.004,"P0215","EC_0060.jpg"
"10939",9.814816026,3.1284,"P0215","EC_0001.jpg"
"10940",5.383598085,2.4822,"P0215","EC_0113.jpg"
"10941",9.894179894,11.4354,"P0215","EC_0072.jpg"
"10942",9.894179894,27.488,"P0215","EC_0150.jpg"
"10943",9.894179894,2.1396,"P0215","EC_0158.jpg"
"10944",7.169312371,2.7546,"P0215","EC_0104.jpg"
"10945",9.047618846,3.2825,"P0215","EC_0081.jpg"
"10946",9.047618846,3.6302,"P0215","EC_0221.jpg"
"10947",9.047618846,5.6338,"P0215","EC_0236.jpg"
"10948",9.986772083,2.7308,"P0215","EC_0089.jpg"
"10949",9.933862838,4.4161,"P0215","EC_0170.jpg"
"10950",9.933862838,2.1211,"P0215","EC_0233.jpg"
"10951",3.849206753,3.4827,"P0215","EC_0185.jpg"
"10952",6.917989418,6.9205,"P0215","EC_0101.jpg"
"10953",6.018519124,3.2322,"P0215","EC_0105.jpg"
"10954",5.674602973,5.6092,"P0215","EC_0238.jpg"
"10955",7.6984129,3.8397,"P0215","EC_0245.jpg"
"10956",8.875661779,3.1644,"P0215","EC_0229.jpg"
"10957",9.933862838,2.6441,"P0215","EC_0180.jpg"
"10958",9.907408215,3.6363,"P0215","EC_0019.jpg"
"10959",9.907408215,2.8498,"P0215","EC_0197.jpg"
"10960",9.907408215,3.0121,"P0215","EC_0171.jpg"
"10961",0.132275233,6.2601,"P0215","EC_0033.jpeg"
"10962",5.171958076,2.9134,"P0215","EC_0010.jpg"
"10963",4.973545377,2.8785,"P0215","EC_0177.jpg"
"10964",6.058201058,6.8255,"P0215","EC_0098.jpg"
"10965",7.037037239,3.0934,"P0215","EC_0063.jpg"
"10966",8.359788562,4.0374,"P0215","EC_0205.jpg"
"10967",9.193122299,3.1451,"P0215","EC_0030.jpg"
"10968",5.171958076,2.8987,"P0215","EC_0090.jpg"
"10969",8.029100731,4.6692,"P0215","EC_0203.jpg"
"10970",5.939153237,2.8152,"P0215","EC_0057.jpeg"
"10971",5.939153237,3.4412,"P0215","EC_0237.jpg"
"10972",7.010582616,2.8645,"P0215","EC_0048.jpg"
"10973",9.060847166,3.9526,"P0215","EC_0120.jpg"
"10974",9.087301789,2.5936,"P0215","EC_0037.jpg"
"10975",8.915343714,2.4346,"P0215","EC_0198.jpg"
"10976",8.915343714,1.7488,"P0215","EC_0160.jpg"
"10977",8.915343714,2.527,"P0215","EC_0100.jpg"
"10978",8.915343714,2.2605,"P0215","EC_0028.jpg"
"10979",5.939153237,3.6005,"P0215","EC_0141.jpg"
"10980",7.843915344,2.2676,"P0215","EC_0196.jpg"
"10981",6.732804031,1.9842,"P0215","EC_0068.jpg"
"10982",8.492063694,2.4406,"P0215","EC_0018.jpg"
"10983",8.492063694,2.2948,"P0215","EC_0065.jpg"
"10984",9.669312573,3.8481,"P0215","EC_0051.jpg"
"10985",9.669312573,45.9615,"P0215","EC_0024.jpg"
"10986",9.669312573,42.5518,"P0215","EC_0168.jpeg"
"10987",4.695767801,3.3165,"P0215","EC_0176.jpg"
"10988",4.695767801,1.5895,"P0215","EC_0039.jpg"
"10989",6.031746435,8.7957,"P0215","EC_0083.jpg"
"10990",2.63227493,7.3745,"P0215","EC_0056.jpg"
"10991",5.039682943,6.1937,"P0215","EC_0036.jpeg"
"10992",7.552910457,3.0401,"P0215","EC_0022.jpg"
"10993",8.505291005,3.773,"P0215","EC_0074.jpg"
"10994",7.314814815,1.8721,"P0215","EC_0061.jpg"
"10995",8.730159336,1.7676,"P0215","EC_0031.jpg"
"10996",8.082010986,1.5808,"P0215","EC_0095.jpg"
"10997",9.563492063,1.9921,"P0215","EC_0242.jpg"
"10998",6.653439153,2.7869,"P0215","EC_0244.jpg"
"10999",7.923280221,1.8636,"P0215","EC_0108.jpg"
"11000",7.579365079,2.0193,"P0215","EC_0079.jpg"
"11001",8.478836383,1.6444,"P0215","EC_0230.jpg"
"11002",6.283069389,1.6351,"P0215","EC_0005.jpg"
"11003",7.566137768,1.4423,"P0215","EC_0131.jpg"
"11004",3.624338423,2.9911,"P0215","EC_0249.jpg"
"11005",7.539683145,2.5859,"P0215","EC_0202.jpg"
"11006",7.539683145,3.7463,"P0215","EC_0016.jpg"
"11007",8.12169292,3.0653,"P0215","EC_0159.jpg"
"11008",9.126984732,10.4817,"P0215","EC_0128.jpeg"
"11009",4.589947292,2.2834,"P0215","EC_0183.jpg"
"11010",7.632275334,2.6769,"P0215","EC_0046.jpg"
"11011",8.902116402,3.1138,"P0215","EC_0003.jpg"
"11012",8.902116402,1.9127,"P0215","EC_0235.jpg"
"11013",6.574074276,2.9974,"P0215","EC_0222.jpg"
"11014",8.597884203,2.6452,"P0215","EC_0084.jpg"
"11015",9.537037441,2.3088,"P0215","EC_0239.jpg"
"11016",6.917989418,1.9757,"P0215","EC_0152.jpg"
"11017",8.214286118,2.5196,"P0215","EC_0118.jpg"
"11018",7.208995315,2.5892,"P0215","EC_0058.jpg"
"11019",9.100529101,2.1975,"P0215","EC_0038.jpg"
"11020",9.100529101,3.705,"P0215","EC_0165.jpg"
"11021",5.64814835,3.2333,"P0215","EC_0199.jpg"
"11022",8.849206147,2.6231,"P0215","EC_0231.jpg"
"11023",7.15608506,2.2603,"P0215","EC_0071.jpg"
"11024",8.584655883,2.4203,"P0215","EC_0087.jpg"
"11025",6.534391333,2.3021,"P0215","EC_0008.jpg"
"11026",8.478836383,2.4202,"P0215","EC_0164.jpg"
"11027",9.298941799,3.7396,"P0215","EC_0041.jpg"
"11028",8.293650995,2.1099,"P0215","EC_0147.png"
"11029",8.716931015,3.1008,"P0215","EC_0097.jpg"
"11030",8.875661779,2.9137,"P0215","EC_0067.jpg"
"11031",7.552910457,2.0876,"P0215","EC_0119.jpg"
"11032",9.907408215,3.9568,"P0215","EC_0103.jpg"
"11033",7.341270447,2.2395,"P0215","EC_0082.jpg"
"11034",8.452380751,2.7487,"P0215","EC_0214.jpg"
"11035",9.484128195,2.6835,"P0215","EC_0148.jpg"
"11036",9.695767196,2.1154,"P0215","EC_0049.jpg"
"11037",7.235449937,2.6075,"P0215","EC_0062.jpg"
"11038",8.584655883,1.9615,"P0215","EC_0070.jpg"
"11039",6.785714286,1.8174,"P0215","EC_0149.jpg"
"11040",5.145502444,2.7816,"P0215","EC_0009.jpg"
"11041",8.333333939,2.8452,"P0215","EC_0034.jpg"
"11042",6.71957672,2.8862,"P0215","EC_0227.jpg"
"11043",8.492063694,3.4217,"P0215","EC_0132.jpg"
"11044",7.341270447,2.0328,"P0215","EC_0169.png"
"11045",5.171958076,3.1967,"P0215","EC_0011.jpg"
"11046",7.989417788,4.4969,"P0215","EC_0055.jpg"
"11047",8.809524213,2.5386,"P0215","EC_0096.jpg"
"11048",8.915343714,5.8512,"P0215","EC_0054.jpg"
"11049",9.880953592,4.2593,"P0215","EC_0125.jpeg"
"11050",8.902116402,2.9088,"P0215","EC_0201.jpg"
"11051",9.96031746,2.6758,"P0215","EC_0181.jpg"
"11052",9.576720384,19.1757,"P0215","EC_0207.jpg"
"11053",9.682540894,2.1912,"P0215","EC_0193.png"
"11054",9.841270649,3.5658,"P0215","EC_0066.jpg"
"11055",9.894179894,2.4781,"P0215","EC_0117.jpg"
"11056",7.962963165,2.5044,"P0215","EC_0116.jpg"
"11057",4.523809726,5.0183,"P0215","EC_0092.jpg"
"11058",7.420635324,2.9631,"P0215","EC_0206.png"
"11059",9.007936912,2.7372,"P0215","EC_0194.jpg"
"11060",6.574074276,3.774,"P0215","EC_0014.jpg"
"11061",8.544973949,4.7688,"P0215","EC_0250.jpg"
"11062",9.735450139,2.5866,"P0215","EC_0080.jpg"
"11063",9.894179894,2.7893,"P0215","EC_0166.jpg"
"11064",9.894179894,1.9482,"P0215","EC_0226.jpg"
"11065",8.465609071,2.3375,"P0215","EC_0059.jpg"
"11066",9.391533988,2.4122,"P0215","EC_0053.jpg"
"11067",9.047618846,2.3173,"P0215","EC_0224.jpg"
"11068",9.047618846,15.7483,"P0215","EC_0017.jpg"
"11069",9.047618846,1.8573,"P0215","EC_0173.jpg"
"11070",4.775132679,3.0392,"P0215","EC_0129.jpeg"
"11071",8.187830486,2.4072,"P0215","EC_0123.jpeg"
"11072",7.222222626,2.538,"P0215","EC_0006.jpg"
"11073",7.989417788,3.7331,"P0215","EC_0142.jpg"
"11074",6.031746435,2.7686,"P0215","EC_0209.jpg"
"11075",8.01587342,2.2272,"P0215","EC_0234.jpg"
"11076",8.915343714,2.1703,"P0215","EC_0167.jpg"
"11077",6.957672361,3.2271,"P0215","EC_0232.jpg"
"11078",5.238095642,2.8036,"P0215","EC_0223.jpg"
"11079",7.182539683,2.5153,"P0215","EC_0015.jpg"
"11080",3.716931621,2.6007,"P0215","EC_0027.jpg"
"11081",2.248677854,3.1701,"P0215","EC_0240.jpg"
"11082",7.129629428,2.8567,"P0215","EC_0174.jpg"
"11083",5.912698615,1.9904,"P0215","EC_0029.jpg"
"11084",7.724867523,2.567,"P0215","EC_0157.jpg"
"11085",4.814814613,2.9065,"P0215","EC_0042.jpg"
"11086",7.605820711,2.8016,"P0215","EC_0219.jpg"
"11087",5.780423482,3.5237,"P0215","EC_0247.jpg"
"11088",8.161375863,2.0659,"P0215","EC_0111.jpg"
"11089",8.518518317,7.2827,"P0215","EC_0188.jpg"
"11090",5.939153237,2.5972,"P0215","EC_0099.jpg"
"11091",8.333333939,2.5526,"P0215","EC_0241.jpg"
"11092",5.727513228,2.4357,"P0215","EC_0182.jpg"
"11093",7.407408013,1.8315,"P0215","EC_0121.jpg"
"11094",5.396825397,2.8292,"P0215","EC_0007.jpg"
"11095",3.544973545,2.1655,"P0215","EC_0140.jpg"
"11096",8.01587342,2.2532,"P0215","EC_0020.jpg"
"11097",6.07142837,2.5459,"P0215","EC_0073.jpg"
"11098",8.187830486,2.5047,"P0215","EC_0138.png"
"11099",5.674602973,2.3446,"P0215","EC_0002.jpg"
"11100",8.492063694,2.1348,"P0215","EC_0156.jpg"
"11101",8.822751525,15.0671,"P0215","EC_0064.jpg"
"11102",7.195766994,1.6214,"P0215","EC_0184.jpg"
"11103",8.174603175,17.9129,"P0215","EC_0163.jpg"
"11104",8.677249081,17.8057,"P0215","EC_0228.jpg"
"11105",6.547619653,4.2044,"P0215","EC_0115.jpg"
"11106",3.16137546,2.678,"P0215","EC_0077.jpg"
"11107",5.886243992,2.2672,"P0215","EC_0195.jpg"
"11108",7.473545579,2.8644,"P0215","EC_0153.jpg"
"11109",7.896825599,8.8164,"P0215","EC_0243.jpg"
"11110",7.857142655,11.8783,"P0215","EC_0213.jpg"
"11111",8.518518317,1.8359,"P0215","EC_0187.jpeg"
"11112",6.50793671,1.8921,"P0215","EC_0137.jpg"
"11113",7.579365079,2.9407,"P0215","EC_0012.jpg"
"11114",8.280423684,2.3923,"P0215","EC_0106.jpg"
"11115",8.835978836,2.2982,"P0215","EC_0088.jpg"
"11116",7.063491862,2.3456,"P0215","EC_0093.jpg"
"11117",8.055555354,1.9547,"P0215","EC_0134.jpg"
"11118",3.359788158,8.468,"P0215","EC_0124.jpeg"
"11119",7.05026455,2.1626,"P0215","EC_0151.jpg"
"11120",5.793650794,2.0045,"P0215","EC_0248.jpg"
"11121",8.716931015,2.9002,"P0215","EC_0200.png"
"11122",9.986772083,3.7074,"P0215","EC_0044.jpg"
"11123",7.843915344,3.2384,"P0215","EC_0204.jpg"
"11124",9.669312573,2.2967,"P0215","EC_0075.jpg"
"11125",6.111111313,3.2339,"P0215","EC_0086.jpg"
"11126",9.272487176,2.1207,"P0215","EC_0032.jpg"
"11127",8.915343714,2.7257,"P0215","EC_0162.jpg"
"11128",5.026455632,2.6477,"P0215","EC_0094.jpg"
"11129",8.955026657,2.5519,"P0215","EC_0040.jpg"
"11130",7.949735853,2.8302,"P0215","EC_0076.jpg"
"11131",4.888888889,3.088,"P0217","EC_0098.jpg"
"11132",3.031746032,3.987,"P0217","EC_0018.jpg"
"11133",4.936507937,4.987,"P0217","EC_0170.jpg"
"11134",7.047619048,3.986,"P0217","EC_0077.jpg"
"11135",4.968253968,4.469,"P0217","EC_0196.jpg"
"11136",5.984126984,3.17,"P0217","EC_0224.jpg"
"11137",1.952380952,6.221,"P0217","EC_0241.jpg"
"11138",4.984126984,2.92,"P0217","EC_0176.jpg"
"11139",9.047619048,2.87,"P0217","EC_0211.jpg"
"11140",8.015873016,4.62,"P0217","EC_0020.jpg"
"11141",4.952380952,5.038,"P0217","EC_0249.jpg"
"11142",4.952380952,3.403,"P0217","EC_0041.jpg"
"11143",8.031746032,3.02,"P0217","EC_0207.jpg"
"11144",1.015873016,3.52,"P0217","EC_0128.jpeg"
"11145",4.984126984,2.971,"P0217","EC_0117.jpg"
"11146",1.968253968,3.153,"P0217","EC_0012.jpg"
"11147",4.936507937,3.437,"P0217","EC_0015.jpg"
"11148",0.904761905,6.037,"P0217","EC_0229.jpg"
"11149",1.968253968,4.585,"P0217","EC_0016.jpg"
"11150",6.031746032,2.786,"P0217","EC_0047.jpg"
"11151",7,3.904,"P0217","EC_0177.jpg"
"11152",4.936507937,3.103,"P0217","EC_0235.jpg"
"11153",4.952380952,2.588,"P0217","EC_0236.jpg"
"11154",2.079365079,2.936,"P0217","EC_0132.jpg"
"11155",5.126984127,2.454,"P0217","EC_0049.jpg"
"11156",5.126984127,2.038,"P0217","EC_0099.jpg"
"11157",0.968253968,3.539,"P0217","EC_0105.jpg"
"11158",4.063492063,3.286,"P0217","EC_0034.jpg"
"11159",4.920634921,2.169,"P0217","EC_0119.jpg"
"11160",4.920634921,1.686,"P0217","EC_0161.jpg"
"11161",4.920634921,1.936,"P0217","EC_0168.jpeg"
"11162",4.920634921,1.887,"P0217","EC_0171.jpg"
"11163",4.920634921,1.419,"P0217","EC_0248.jpg"
"11164",4.920634921,1.453,"P0217","EC_0074.jpg"
"11165",4.920634921,1.419,"P0217","EC_0072.jpg"
"11166",4.920634921,1.453,"P0217","EC_0053.jpg"
"11167",4.920634921,1.47,"P0217","EC_0060.jpg"
"11168",4.920634921,1.436,"P0217","EC_0095.jpg"
"11169",4.920634921,1.502,"P0217","EC_0131.jpg"
"11170",1.952380952,2.42,"P0217","EC_0109.jpg"
"11171",6.158730159,2.753,"P0217","EC_0011.jpg"
"11172",5.873015873,3.286,"P0217","EC_0185.jpg"
"11173",1.031746032,2.804,"P0217","EC_0121.jpg"
"11174",5.015873016,2.42,"P0217","EC_0142.jpg"
"11175",2.206349206,2.653,"P0217","EC_0149.jpg"
"11176",2.063492063,2.436,"P0217","EC_0054.jpg"
"11177",2.126984127,2.804,"P0217","EC_0206.png"
"11178",6.333333333,2.419,"P0217","EC_0250.jpg"
"11179",1.492063492,2.653,"P0217","EC_0228.jpg"
"11180",2.428571429,2.452,"P0217","EC_0102.jpg"
"11181",4.793650794,2.654,"P0217","EC_0173.jpg"
"11182",5.158730159,2.702,"P0217","EC_0032.jpg"
"11183",1.507936508,2.336,"P0217","EC_0013.jpg"
"11184",1.079365079,2.355,"P0217","EC_0227.jpg"
"11185",5.761904762,2.17,"P0217","EC_0174.jpg"
"11186",2.968253968,2.486,"P0217","EC_0187.jpeg"
"11187",6.984126984,2.27,"P0217","EC_0058.jpg"
"11188",1.904761905,2.57,"P0217","EC_0065.jpg"
"11189",3.285714286,2.219,"P0217","EC_0089.jpg"
"11190",5.253968254,2.369,"P0217","EC_0135.jpg"
"11191",4.396825397,2.636,"P0217","EC_0163.jpg"
"11192",6.317460317,2.386,"P0217","EC_0057.jpeg"
"11193",6.412698413,2.319,"P0217","EC_0051.jpg"
"11194",5.476190476,2.453,"P0217","EC_0094.jpg"
"11195",5.174603175,2.252,"P0217","EC_0092.jpg"
"11196",2.777777778,2.354,"P0217","EC_0125.jpeg"
"11197",3.365079365,2.62,"P0217","EC_0071.jpg"
"11198",3.253968254,2.287,"P0217","EC_0136.jpg"
"11199",3.936507937,2.619,"P0217","EC_0245.jpg"
"11200",3,2.853,"P0217","EC_0116.jpg"
"11201",3.365079365,2.52,"P0217","EC_0139.png"
"11202",1.793650794,3.003,"P0217","EC_0160.jpg"
"11203",3.873015873,3.537,"P0217","EC_0219.jpg"
"11204",5.015873016,3.188,"P0217","EC_0108.jpg"
"11205",1.746031746,2.569,"P0217","EC_0195.jpg"
"11206",1.587301587,2.169,"P0217","EC_0007.jpg"
"11207",1.46031746,2.236,"P0217","EC_0200.png"
"11208",1.412698413,2.019,"P0217","EC_0231.jpg"
"11209",1.412698413,1.886,"P0217","EC_0147.png"
"11210",1.412698413,2.056,"P0217","EC_0040.jpg"
"11211",6.634920635,2.438,"P0217","EC_0221.jpg"
"11212",6.80952381,2.486,"P0217","EC_0082.jpg"
"11213",7.507936508,2.186,"P0217","EC_0205.jpg"
"11214",5.095238095,2.619,"P0217","EC_0014.jpg"
"11215",4.428571429,2.819,"P0217","EC_0172.jpg"
"11216",3.777777778,3.253,"P0217","EC_0076.jpg"
"11217",3.936507937,2.586,"P0217","EC_0197.jpg"
"11218",4.571428571,2.337,"P0217","EC_0183.jpg"
"11219",6.444444444,2.27,"P0217","EC_0210.jpg"
"11220",3.380952381,3.404,"P0217","EC_0081.jpg"
"11221",1.349206349,2.47,"P0217","EC_0118.jpg"
"11222",3.904761905,2.754,"P0217","EC_0038.jpg"
"11223",2.079365079,2.536,"P0217","EC_0097.jpg"
"11224",1.174603175,2.205,"P0217","EC_0019.jpg"
"11225",3.682539683,2.853,"P0217","EC_0030.jpg"
"11226",2.142857143,2.453,"P0217","EC_0115.jpg"
"11227",1.619047619,2.819,"P0217","EC_0230.jpg"
"11228",5.920634921,2.553,"P0217","EC_0073.jpg"
"11229",6.079365079,2.404,"P0217","EC_0022.jpg"
"11230",7.793650794,2.47,"P0217","EC_0093.jpg"
"11231",5.126984127,3.087,"P0217","EC_0169.png"
"11232",5.111111111,2.12,"P0217","EC_0193.png"
"11233",4.984126984,2.422,"P0217","EC_0137.jpg"
"11234",4.984126984,2.603,"P0217","EC_0044.jpg"
"11235",4.984126984,1.986,"P0217","EC_0100.jpg"
"11236",2.73015873,2.369,"P0217","EC_0080.jpg"
"11237",2.873015873,2.236,"P0217","EC_0153.jpg"
"11238",7.904761905,2.421,"P0217","EC_0150.jpg"
"11239",1.777777778,2.37,"P0217","EC_0066.jpg"
"11240",3.047619048,3.184,"P0217","EC_0008.jpg"
"11241",3.063492063,2.969,"P0217","EC_0069.jpg"
"11242",0.80952381,2.319,"P0217","EC_0226.jpg"
"11243",1.063492063,2.554,"P0217","EC_0103.jpg"
"11244",0.952380952,2.286,"P0217","EC_0042.jpg"
"11245",5.174603175,2.986,"P0217","EC_0180.jpg"
"11246",2.111111111,2.286,"P0217","EC_0056.jpg"
"11247",4.984126984,4.92,"P0217","EC_0199.jpg"
"11248",0.476190476,2.686,"P0217","EC_0124.jpeg"
"11249",1.507936508,2.936,"P0217","EC_0182.jpg"
"11250",1.936507937,2.336,"P0217","EC_0075.jpg"
"11251",1.936507937,1.77,"P0217","EC_0233.jpg"
"11252",1.015873016,4.088,"P0217","EC_0214.jpg"
"11253",5.888888889,3.056,"P0217","EC_0188.jpg"
"11254",1.968253968,2.37,"P0217","EC_0159.jpg"
"11255",2.285714286,2.087,"P0217","EC_0237.jpg"
"11256",1.380952381,2.62,"P0217","EC_0129.jpeg"
"11257",2.53968254,2.736,"P0217","EC_0133.jpg"
"11258",1.904761905,2.551,"P0217","EC_0033.jpeg"
"11259",1.095238095,2.969,"P0217","EC_0028.jpg"
"11260",1.095238095,2.155,"P0217","EC_0029.jpg"
"11261",2.714285714,2.671,"P0217","EC_0070.jpg"
"11262",1.333333333,2.286,"P0217","EC_0036.jpeg"
"11263",1.53968254,2.47,"P0217","EC_0134.jpg"
"11264",1.428571429,2.553,"P0217","EC_0151.jpg"
"11265",2.19047619,2.887,"P0217","EC_0181.jpg"
"11266",0.396825397,2.387,"P0217","EC_0162.jpg"
"11267",0.73015873,2.803,"P0217","EC_0002.jpg"
"11268",3.428571429,2.703,"P0217","EC_0006.jpg"
"11269",2.380952381,2.62,"P0217","EC_0027.jpg"
"11270",5.079365079,2.954,"P0217","EC_0164.jpg"
"11271",0.761904762,3.37,"P0217","EC_0067.jpg"
"11272",1.80952381,2.787,"P0217","EC_0166.jpg"
"11273",5.047619048,3.854,"P0217","EC_0101.jpg"
"11274",6.904761905,3.236,"P0217","EC_0194.jpg"
"11275",8.142857143,2.454,"P0217","EC_0087.jpg"
"11276",8.142857143,2.053,"P0217","EC_0084.jpg"
"11277",5.079365079,3.037,"P0217","EC_0048.jpg"
"11278",2.079365079,4.97,"P0217","EC_0148.jpg"
"11279",2.571428571,2.436,"P0217","EC_0243.jpg"
"11280",4.650793651,2.703,"P0217","EC_0141.jpg"
"11281",1.523809524,2.438,"P0217","EC_0088.jpg"
"11282",1.523809524,1.837,"P0217","EC_0055.jpg"
"11283",1.523809524,3.288,"P0217","EC_0090.jpg"
"11284",6,2.57,"P0217","EC_0222.jpg"
"11285",1,2.569,"P0217","EC_0123.jpeg"
"11286",6.015873016,2.503,"P0217","EC_0062.jpg"
"11287",2.761904762,2.22,"P0217","EC_0113.jpg"
"11288",1.158730159,3.503,"P0217","EC_0111.jpg"
"11289",6.952380952,3.92,"P0217","EC_0209.jpg"
"11290",4.825396825,2.487,"P0217","EC_0050.jpg"
"11291",2.063492063,3.136,"P0217","EC_0213.jpg"
"11292",2.936507937,2.97,"P0217","EC_0242.jpg"
"11293",5.158730159,2.953,"P0217","EC_0204.jpg"
"11294",2.095238095,2.787,"P0217","EC_0232.jpg"
"11295",3.984126984,3.038,"P0217","EC_0083.jpg"
"11296",8.380952381,2.336,"P0217","EC_0202.jpg"
"11297",7.047619048,2.285,"P0217","EC_0157.jpg"
"11298",4.873015873,2.336,"P0217","EC_0003.jpg"
"11299",4.984126984,2.302,"P0217","EC_0064.jpg"
"11300",7.904761905,2.588,"P0217","EC_0203.jpg"
"11301",6.238095238,3.204,"P0217","EC_0201.jpg"
"11302",5.603174603,2.753,"P0217","EC_0001.jpg"
"11303",7.126984127,3.721,"P0217","EC_0247.jpg"
"11304",6.301587302,3.002,"P0217","EC_0167.jpg"
"11305",6.587301587,2.202,"P0217","EC_0061.jpg"
"11306",5.476190476,3.053,"P0217","EC_0234.jpg"
"11307",6.571428571,2.386,"P0217","EC_0246.jpg"
"11308",5.571428571,2.503,"P0217","EC_0068.jpg"
"11309",4.968253968,2.454,"P0217","EC_0223.jpg"
"11310",4.952380952,2.17,"P0217","EC_0152.jpg"
"11311",2.968253968,4.87,"P0217","EC_0156.jpg"
"11312",2.936507937,2.721,"P0217","EC_0086.jpg"
"11313",2.936507937,2.036,"P0217","EC_0096.jpg"
"11314",2.936507937,2.352,"P0217","EC_0239.jpg"
"11315",2.936507937,2.169,"P0217","EC_0063.jpg"
"11316",5.047619048,2.27,"P0217","EC_0120.jpg"
"11317",5.047619048,1.519,"P0217","EC_0140.jpg"
"11318",5.047619048,1.386,"P0217","EC_0158.jpg"
"11319",5.047619048,1.436,"P0217","EC_0154.jpg"
"11320",5.047619048,1.419,"P0217","EC_0017.jpg"
"11321",5.047619048,1.37,"P0217","EC_0005.jpg"
"11322",5.047619048,1.419,"P0217","EC_0104.jpg"
"11323",5.047619048,1.403,"P0217","EC_0138.png"
"11324",5.047619048,1.403,"P0217","EC_0059.jpg"
"11325",5.047619048,1.387,"P0217","EC_0009.jpg"
"11326",5.047619048,1.455,"P0217","EC_0010.jpg"
"11327",5.047619048,1.402,"P0217","EC_0037.jpg"
"11328",5.047619048,1.37,"P0217","EC_0198.jpg"
"11329",5.047619048,1.42,"P0217","EC_0085.jpg"
"11330",5.047619048,1.353,"P0217","EC_0046.jpg"
"11331",5.047619048,1.436,"P0217","EC_0184.jpg"
"11332",5.047619048,1.318,"P0217","EC_0240.jpg"
"11333",5.047619048,1.352,"P0217","EC_0106.jpg"
"11334",5.047619048,1.253,"P0217","EC_0244.jpg"
"11335",5.047619048,1.503,"P0217","EC_0079.jpg"
"11336",5.047619048,1.453,"P0217","EC_0039.jpg"
"11337",5.047619048,1.369,"P0217","EC_0165.jpg"
"11338",5.047619048,1.335,"P0217","EC_0238.jpg"
"11339",5.047619048,1.386,"P0217","EC_0024.jpg"
"11340",5.047619048,1.369,"P0217","EC_0031.jpg"
"11341",0,2.549,"P0219","EC_0161.jpg"
"11342",1.018518519,3.2273,"P0219","EC_0063.jpg"
"11343",2.962962963,2.9477,"P0219","EC_0085.jpg"
"11344",7.883597884,3.6803,"P0219","EC_0083.jpg"
"11345",0.925925926,2.8443,"P0219","EC_0248.jpg"
"11346",0.092592593,3.277,"P0219","EC_0059.jpg"
"11347",4.907407407,2.5693,"P0219","EC_0165.jpg"
"11348",5.013227513,2.5803,"P0219","EC_0221.jpg"
"11349",1.005291005,2.6499,"P0219","EC_0042.jpg"
"11350",7.87037037,2.7268,"P0219","EC_0154.jpg"
"11351",1.944444444,2.8639,"P0219","EC_0111.jpg"
"11352",6.031746032,2.9476,"P0219","EC_0124.jpeg"
"11353",4.947089947,2.4795,"P0219","EC_0108.jpg"
"11354",0.899470899,2.9821,"P0219","EC_0201.jpg"
"11355",6.005291005,3.1143,"P0219","EC_0228.jpg"
"11356",8.015873016,2.4821,"P0219","EC_0203.jpg"
"11357",6.957671958,2.5627,"P0219","EC_0123.jpeg"
"11358",4.880952381,2.5124,"P0219","EC_0065.jpg"
"11359",6.931216931,2.3964,"P0219","EC_0120.jpg"
"11360",6.071428571,2.3284,"P0219","EC_0224.jpg"
"11361",6.005291005,2.3059,"P0219","EC_0102.jpg"
"11362",3.108465608,2.4426,"P0219","EC_0242.jpg"
"11363",0.092592593,3.1205,"P0219","EC_0204.jpg"
"11364",5.886243386,2.4035,"P0219","EC_0134.jpg"
"11365",8.783068783,2.271,"P0219","EC_0151.jpg"
"11366",5.846560847,2.0543,"P0219","EC_0054.jpg"
"11367",4.933862434,2.0538,"P0219","EC_0046.jpg"
"11368",4.126984127,2.4039,"P0219","EC_0247.jpg"
"11369",0.105820106,2.6864,"P0219","EC_0180.jpg"
"11370",5.661375661,3.7251,"P0219","EC_0016.jpg"
"11371",6.296296296,2.1419,"P0219","EC_0115.jpg"
"11372",4.404761905,2.4756,"P0219","EC_0008.jpg"
"11373",5.079365079,1.9179,"P0219","EC_0139.png"
"11374",6.970899471,3.0383,"P0219","EC_0081.jpg"
"11375",8.611111111,2.8704,"P0219","EC_0163.jpg"
"11376",9.047619048,1.9028,"P0219","EC_0223.jpg"
"11377",9.616402116,2.7713,"P0219","EC_0197.jpg"
"11378",5.502645503,2.2366,"P0219","EC_0006.jpg"
"11379",5.793650794,1.969,"P0219","EC_0206.png"
"11380",7.248677249,2.1398,"P0219","EC_0032.jpg"
"11381",1.455026455,2.4534,"P0219","EC_0105.jpg"
"11382",8.928571429,2.2429,"P0219","EC_0119.jpg"
"11383",4.788359788,2.3294,"P0219","EC_0029.jpg"
"11384",8.346560847,2.1792,"P0219","EC_0069.jpg"
"11385",5.886243386,1.9859,"P0219","EC_0080.jpg"
"11386",8.253968254,1.9288,"P0219","EC_0014.jpg"
"11387",5.158730159,1.8977,"P0219","EC_0020.jpg"
"11388",2.671957672,2.0621,"P0219","EC_0039.jpg"
"11389",8.015873016,2.396,"P0219","EC_0072.jpg"
"11390",1.759259259,2.2107,"P0219","EC_0027.jpg"
"11391",7.751322751,2.3717,"P0219","EC_0133.jpg"
"11392",7.261904762,2.1355,"P0219","EC_0233.jpg"
"11393",4.682539683,2.2187,"P0219","EC_0185.jpg"
"11394",4.748677249,1.953,"P0219","EC_0015.jpg"
"11395",7.367724868,2.1866,"P0219","EC_0188.jpg"
"11396",4.378306878,2.1358,"P0219","EC_0101.jpg"
"11397",4.563492063,1.8531,"P0219","EC_0137.jpg"
"11398",5.423280423,1.9007,"P0219","EC_0240.jpg"
"11399",7.804232804,2.1363,"P0219","EC_0030.jpg"
"11400",1.507936508,2.1178,"P0219","EC_0182.jpg"
"11401",1.203703704,2.3536,"P0219","EC_0147.png"
"11402",4.510582011,2.1742,"P0219","EC_0200.png"
"11403",5.396825397,2.0869,"P0219","EC_0237.jpg"
"11404",0.396825397,2.1535,"P0219","EC_0195.jpg"
"11405",7.619047619,2.0094,"P0219","EC_0082.jpg"
"11406",3.121693122,2.2034,"P0219","EC_0148.jpg"
"11407",5.238095238,1.9862,"P0219","EC_0090.jpg"
"11408",5.277777778,1.9037,"P0219","EC_0064.jpg"
"11409",9.722222222,2.1592,"P0219","EC_0070.jpg"
"11410",9.880952381,3.2218,"P0219","EC_0002.jpg"
"11411",5.251322751,2.1233,"P0219","EC_0219.jpg"
"11412",2.037037037,1.9854,"P0219","EC_0028.jpg"
"11413",7.447089947,1.9534,"P0219","EC_0187.jpeg"
"11414",5.37037037,1.9941,"P0219","EC_0011.jpg"
"11415",9.55026455,2.6159,"P0219","EC_0103.jpg"
"11416",4.973544974,1.7947,"P0219","EC_0153.jpg"
"11417",2.843915344,1.9782,"P0219","EC_0239.jpg"
"11418",5.423280423,1.9283,"P0219","EC_0166.jpg"
"11419",2.91005291,2.2124,"P0219","EC_0118.jpg"
"11420",0.674603175,2.6177,"P0219","EC_0129.jpeg"
"11421",4.947089947,2.0585,"P0219","EC_0100.jpg"
"11422",5.37037037,1.8278,"P0219","EC_0056.jpg"
"11423",8.875661376,2.2129,"P0219","EC_0057.jpeg"
"11424",6.693121693,2.1971,"P0219","EC_0033.jpeg"
"11425",7.605820106,2.015,"P0219","EC_0156.jpg"
"11426",7.605820106,1.9085,"P0219","EC_0009.jpg"
"11427",5.899470899,2.3607,"P0219","EC_0210.jpg"
"11428",4.867724868,1.9349,"P0219","EC_0053.jpg"
"11429",8.201058201,2.2624,"P0219","EC_0012.jpg"
"11430",1.071428571,2.2305,"P0219","EC_0184.jpg"
"11431",2.076719577,2.2834,"P0219","EC_0051.jpg"
"11432",6.494708995,2.0489,"P0219","EC_0060.jpg"
"11433",8.703703704,2.0955,"P0219","EC_0092.jpg"
"11434",5.171957672,2.748,"P0219","EC_0019.jpg"
"11435",7.301587302,2.0252,"P0219","EC_0062.jpg"
"11436",1.031746032,2.4629,"P0219","EC_0227.jpg"
"11437",7.738095238,2.4518,"P0219","EC_0024.jpg"
"11438",5.158730159,1.9764,"P0219","EC_0158.jpg"
"11439",7.208994709,1.9507,"P0219","EC_0172.jpg"
"11440",0.886243386,2.043,"P0219","EC_0113.jpg"
"11441",8.161375661,2.2194,"P0219","EC_0088.jpg"
"11442",8.108465608,1.8281,"P0219","EC_0160.jpg"
"11443",9.563492063,3.1809,"P0219","EC_0084.jpg"
"11444",8.981481481,2.6968,"P0219","EC_0198.jpg"
"11445",0.158730159,2.1833,"P0219","EC_0048.jpg"
"11446",7.12962963,2.2667,"P0219","EC_0132.jpg"
"11447",8.902116402,2.2266,"P0219","EC_0104.jpg"
"11448",8.134920635,2.5933,"P0219","EC_0079.jpg"
"11449",1.521164021,2.6787,"P0219","EC_0075.jpg"
"11450",0.634920635,2.2591,"P0219","EC_0049.jpg"
"11451",4.788359788,2.2527,"P0219","EC_0061.jpg"
"11452",0.661375661,2.2619,"P0219","EC_0193.png"
"11453",4.96031746,2.1322,"P0219","EC_0142.jpg"
"11454",6.468253968,2.7334,"P0219","EC_0194.jpg"
"11455",7.076719577,1.9693,"P0219","EC_0174.jpg"
"11456",7.208994709,2.0178,"P0219","EC_0067.jpg"
"11457",9.338624339,2.0759,"P0219","EC_0098.jpg"
"11458",1.600529101,2.2702,"P0219","EC_0173.jpg"
"11459",7.724867725,2.2062,"P0219","EC_0050.jpg"
"11460",9.907407407,3.0903,"P0219","EC_0036.jpeg"
"11461",2.962962963,2.4088,"P0219","EC_0096.jpg"
"11462",2.063492063,2.6525,"P0219","EC_0236.jpg"
"11463",8.862433862,2.6127,"P0219","EC_0068.jpg"
"11464",8.677248677,1.9086,"P0219","EC_0094.jpg"
"11465",9.007936508,2.3015,"P0219","EC_0181.jpg"
"11466",2.182539683,2.3661,"P0219","EC_0005.jpg"
"11467",7.486772487,2.3284,"P0219","EC_0087.jpg"
"11468",2.46031746,2.3929,"P0219","EC_0211.jpg"
"11469",6.825396825,2.7318,"P0219","EC_0001.jpg"
"11470",6.203703704,3.4005,"P0219","EC_0209.jpg"
"11471",8.849206349,2.2846,"P0219","EC_0157.jpg"
"11472",3.399470899,2.7828,"P0219","EC_0099.jpg"
"11473",8.32010582,2.648,"P0219","EC_0125.jpeg"
"11474",5.357142857,2.2483,"P0219","EC_0109.jpg"
"11475",9.365079365,2.5099,"P0219","EC_0058.jpg"
"11476",2.619047619,2.6932,"P0219","EC_0183.jpg"
"11477",8.571428571,2.6449,"P0219","EC_0202.jpg"
"11478",1.23015873,3.0471,"P0219","EC_0013.jpg"
"11479",8.743386243,2.1339,"P0219","EC_0003.jpg"
"11480",8.148148148,2.2696,"P0219","EC_0037.jpg"
"11481",1.468253968,2.3527,"P0219","EC_0152.jpg"
"11482",8.76984127,2.2526,"P0219","EC_0205.jpg"
"11483",8.055555556,2.6868,"P0219","EC_0031.jpg"
"11484",4.880952381,2.1868,"P0219","EC_0226.jpg"
"11485",8.80952381,2.461,"P0219","EC_0207.jpg"
"11486",1.203703704,2.6068,"P0219","EC_0018.jpg"
"11487",1.521164021,2.7396,"P0219","EC_0066.jpg"
"11488",7.989417989,2.3694,"P0219","EC_0231.jpg"
"11489",6.812169312,2.0768,"P0219","EC_0213.jpg"
"11490",8.333333333,2.2354,"P0219","EC_0007.jpg"
"11491",2.843915344,2.6436,"P0219","EC_0034.jpg"
"11492",5.198412698,2.1904,"P0219","EC_0234.jpg"
"11493",7.010582011,1.8187,"P0219","EC_0089.jpg"
"11494",7.447089947,3.7276,"P0219","EC_0117.jpg"
"11495",8.227513228,2.0385,"P0219","EC_0040.jpg"
"11496",9.113756614,2.5044,"P0219","EC_0177.jpg"
"11497",0.317460317,2.8042,"P0219","EC_0073.jpg"
"11498",1.891534392,2.7203,"P0219","EC_0138.png"
"11499",5.211640212,2.344,"P0219","EC_0097.jpg"
"11500",7.579365079,1.9917,"P0219","EC_0077.jpg"
"11501",7.433862434,2.2478,"P0219","EC_0010.jpg"
"11502",4.973544974,2.1441,"P0219","EC_0249.jpg"
"11503",5.026455026,1.9687,"P0219","EC_0022.jpg"
"11504",0.82010582,2.2899,"P0219","EC_0222.jpg"
"11505",1.772486772,2.377,"P0219","EC_0243.jpg"
"11506",5.727513228,2.2487,"P0219","EC_0106.jpg"
"11507",8.082010582,2.3873,"P0219","EC_0159.jpg"
"11508",5.145502646,2.2415,"P0219","EC_0245.jpg"
"11509",2.658730159,2.0581,"P0219","EC_0171.jpg"
"11510",2.010582011,2.6277,"P0219","EC_0128.jpeg"
"11511",5.013227513,2.3887,"P0219","EC_0167.jpg"
"11512",1.349206349,2.8432,"P0219","EC_0199.jpg"
"11513",6.19047619,2.4537,"P0219","EC_0121.jpg"
"11514",5.238095238,2.2365,"P0219","EC_0250.jpg"
"11515",7.473544974,2.3202,"P0219","EC_0229.jpg"
"11516",7.698412698,2.22,"P0219","EC_0141.jpg"
"11517",5.899470899,2.4367,"P0219","EC_0131.jpg"
"11518",9.060846561,2.6022,"P0219","EC_0093.jpg"
"11519",0.343915344,2.8202,"P0219","EC_0196.jpg"
"11520",5.740740741,1.9183,"P0219","EC_0135.jpg"
"11521",1.917989418,2.2034,"P0219","EC_0235.jpg"
"11522",7.063492063,2.5035,"P0219","EC_0086.jpg"
"11523",6.613756614,2.7922,"P0219","EC_0140.jpg"
"11524",4.034391534,2.3878,"P0219","EC_0095.jpg"
"11525",5.701058201,2.1067,"P0219","EC_0169.png"
"11526",4.62962963,2.2029,"P0219","EC_0246.jpg"
"11527",7.235449735,2.1697,"P0219","EC_0149.jpg"
"11528",8.412698413,2.2368,"P0219","EC_0230.jpg"
"11529",5.119047619,2.2647,"P0219","EC_0214.jpg"
"11530",3.214285714,2.503,"P0219","EC_0232.jpg"
"11531",5.211640212,2.3591,"P0219","EC_0044.jpg"
"11532",6.812169312,2.2535,"P0219","EC_0164.jpg"
"11533",5.066137566,2.0538,"P0219","EC_0176.jpg"
"11534",2.328042328,2.7367,"P0219","EC_0116.jpg"
"11535",0.806878307,2.125,"P0219","EC_0047.jpg"
"11536",0.833333333,2.3893,"P0219","EC_0038.jpg"
"11537",5.912698413,2.1203,"P0219","EC_0238.jpg"
"11538",1.613756614,2.319,"P0219","EC_0162.jpg"
"11539",4.801587302,2.0254,"P0219","EC_0017.jpg"
"11540",4.801587302,1.9692,"P0219","EC_0071.jpg"
"11541",7.777777778,2.5872,"P0219","EC_0074.jpg"
"11542",2.08994709,2.4245,"P0219","EC_0041.jpg"
"11543",7.671957672,2.1852,"P0219","EC_0055.jpg"
"11544",9.510582011,2.8196,"P0219","EC_0241.jpg"
"11545",0.740740741,2.5098,"P0219","EC_0136.jpg"
"11546",1.322751323,2.6867,"P0219","EC_0150.jpg"
"11547",4.351851852,2.2911,"P0219","EC_0168.jpeg"
"11548",7.592592593,3.0099,"P0219","EC_0076.jpg"
"11549",0.714285714,2.2038,"P0219","EC_0244.jpg"
"11550",0.965608466,2.4356,"P0219","EC_0170.jpg"
"11551",7.920634921,4.3885,"P0222","EC_0084.jpg"
"11552",5.920634921,4.1941,"P0222","EC_0042.jpg"
"11553",8.873015873,3.7282,"P0222","EC_0174.jpg"
"11554",1.904761905,3.137,"P0222","EC_0232.jpg"
"11555",6.841269841,3.0094,"P0222","EC_0202.jpg"
"11556",8.873015873,2.9588,"P0222","EC_0008.jpg"
"11557",2.936507937,2.46,"P0222","EC_0214.jpg"
"11558",8.174603175,2.46,"P0222","EC_0098.jpg"
"11559",1,2.6548,"P0222","EC_0244.jpg"
"11560",8.126984127,2.8266,"P0222","EC_0167.jpg"
"11561",4.952380952,3.1096,"P0222","EC_0002.jpg"
"11562",9.047619048,2.7725,"P0222","EC_0057.jpeg"
"11563",7.047619048,3.1643,"P0222","EC_0165.jpg"
"11564",0.968253968,2.7896,"P0222","EC_0017.jpg"
"11565",6.952380952,2.6909,"P0222","EC_0221.jpg"
"11566",9.904761905,3.485,"P0222","EC_0106.jpg"
"11567",9.555555556,3.0226,"P0222","EC_0050.jpg"
"11568",8.825396825,3.3462,"P0222","EC_0219.jpg"
"11569",7.238095238,3.8666,"P0222","EC_0094.jpg"
"11570",1.777777778,4.6375,"P0222","EC_0231.jpg"
"11571",9.873015873,3.5466,"P0222","EC_0081.jpg"
"11572",0.333333333,4.2604,"P0222","EC_0033.jpeg"
"11573",0.158730159,2.9939,"P0222","EC_0124.jpeg"
"11574",9.063492063,3.2118,"P0222","EC_0250.jpg"
"11575",7.015873016,2.4965,"P0222","EC_0234.jpg"
"11576",8.984126984,2.6142,"P0222","EC_0024.jpg"
"11577",5.904761905,2.8784,"P0222","EC_0246.jpg"
"11578",6.746031746,3.3767,"P0222","EC_0089.jpg"
"11579",0.714285714,2.5735,"P0222","EC_0129.jpeg"
"11580",5.984126984,3.8277,"P0222","EC_0241.jpg"
"11581",6.253968254,3.8304,"P0222","EC_0036.jpeg"
"11582",1.285714286,2.8662,"P0222","EC_0176.jpg"
"11583",8.158730159,3.7959,"P0222","EC_0236.jpg"
"11584",5,3.2603,"P0222","EC_0062.jpg"
"11585",8.333333333,3.1504,"P0222","EC_0196.jpg"
"11586",9.603174603,3.4171,"P0222","EC_0138.png"
"11587",1.587301587,2.564,"P0222","EC_0136.jpg"
"11588",8.111111111,3.5845,"P0222","EC_0003.jpg"
"11589",3.031746032,3.6717,"P0222","EC_0087.jpg"
"11590",4.952380952,3.0504,"P0222","EC_0133.jpg"
"11591",9.015873016,3.6,"P0222","EC_0080.jpg"
"11592",7.047619048,2.5133,"P0222","EC_0119.jpg"
"11593",10,3.4059,"P0222","EC_0065.jpg"
"11594",9.904761905,3.3876,"P0222","EC_0044.jpg"
"11595",5.476190476,2.9807,"P0222","EC_0168.jpeg"
"11596",7.936507937,3.3937,"P0222","EC_0156.jpg"
"11597",1.904761905,2.4469,"P0222","EC_0195.jpg"
"11598",7.111111111,3.3296,"P0222","EC_0085.jpg"
"11599",7.920634921,3.4125,"P0222","EC_0152.jpg"
"11600",0.412698413,2.933,"P0222","EC_0206.png"
"11601",0.095238095,2.6259,"P0222","EC_0113.jpg"
"11602",9.984126984,2.4885,"P0222","EC_0075.jpg"
"11603",0.365079365,2.6953,"P0222","EC_0187.jpeg"
"11604",0.920634921,2.5638,"P0222","EC_0140.jpg"
"11605",6.984126984,2.5297,"P0222","EC_0177.jpg"
"11606",7.015873016,2.4805,"P0222","EC_0238.jpg"
"11607",8.761904762,2.5504,"P0222","EC_0101.jpg"
"11608",9.206349206,2.3736,"P0222","EC_0120.jpg"
"11609",8,2.8512,"P0222","EC_0158.jpg"
"11610",9.095238095,2.4765,"P0222","EC_0020.jpg"
"11611",9,3.1595,"P0222","EC_0079.jpg"
"11612",0.793650794,2.7211,"P0222","EC_0053.jpg"
"11613",7.095238095,3.2193,"P0222","EC_0104.jpg"
"11614",9.333333333,2.6343,"P0222","EC_0197.jpg"
"11615",6.253968254,2.6389,"P0222","EC_0097.jpg"
"11616",4.174603175,3.4426,"P0222","EC_0123.jpeg"
"11617",6.031746032,2.6975,"P0222","EC_0153.jpg"
"11618",8.031746032,2.1462,"P0222","EC_0100.jpg"
"11619",7.714285714,2.6961,"P0222","EC_0001.jpg"
"11620",6.761904762,2.6245,"P0222","EC_0141.jpg"
"11621",7.761904762,2.5971,"P0222","EC_0164.jpg"
"11622",2.031746032,2.3675,"P0222","EC_0222.jpg"
"11623",7.095238095,4.1548,"P0222","EC_0170.jpg"
"11624",5.73015873,2.2355,"P0222","EC_0160.jpg"
"11625",7.047619048,3.516,"P0222","EC_0071.jpg"
"11626",8.793650794,3.0942,"P0222","EC_0116.jpg"
"11627",8.936507937,3.596,"P0222","EC_0031.jpg"
"11628",0.53968254,4.7779,"P0222","EC_0185.jpg"
"11629",2.047619048,2.9567,"P0222","EC_0054.jpg"
"11630",8.952380952,2.4952,"P0222","EC_0019.jpg"
"11631",10,3.546,"P0222","EC_0151.jpg"
"11632",5.952380952,3.3669,"P0222","EC_0169.png"
"11633",2.793650794,2.3222,"P0222","EC_0095.jpg"
"11634",9.031746032,2.3806,"P0222","EC_0032.jpg"
"11635",8.80952381,2.7435,"P0222","EC_0239.jpg"
"11636",8.015873016,3.3434,"P0222","EC_0229.jpg"
"11637",4.158730159,5.0354,"P0222","EC_0090.jpg"
"11638",0.253968254,3.0169,"P0222","EC_0128.jpeg"
"11639",0.19047619,2.9222,"P0222","EC_0056.jpg"
"11640",8.079365079,2.6987,"P0222","EC_0237.jpg"
"11641",8.079365079,2.5279,"P0222","EC_0139.png"
"11642",2,3.061,"P0222","EC_0181.jpg"
"11643",9.015873016,5.3095,"P0222","EC_0083.jpg"
"11644",9.698412698,3.7344,"P0222","EC_0041.jpg"
"11645",9.682539683,2.4934,"P0222","EC_0194.jpg"
"11646",5.952380952,2.4274,"P0222","EC_0060.jpg"
"11647",9.396825397,2.7508,"P0222","EC_0037.jpg"
"11648",7.968253968,6.3365,"P0222","EC_0086.jpg"
"11649",9.047619048,2.9472,"P0222","EC_0099.jpg"
"11650",0.206349206,2.4183,"P0222","EC_0027.jpg"
"11651",2.206349206,2.5769,"P0222","EC_0028.jpg"
"11652",8.968253968,2.2878,"P0222","EC_0066.jpg"
"11653",9.714285714,2.3443,"P0222","EC_0093.jpg"
"11654",5.873015873,2.8931,"P0222","EC_0068.jpg"
"11655",9.666666667,2.5554,"P0222","EC_0159.jpg"
"11656",4.126984127,2.6256,"P0222","EC_0224.jpg"
"11657",9.904761905,3.0273,"P0222","EC_0207.jpg"
"11658",1.825396825,2.2392,"P0222","EC_0049.jpg"
"11659",5.888888889,2.2633,"P0222","EC_0132.jpg"
"11660",8.984126984,3.5617,"P0222","EC_0121.jpg"
"11661",8.142857143,3.3061,"P0222","EC_0063.jpg"
"11662",8.777777778,3.1386,"P0222","EC_0248.jpg"
"11663",7.015873016,3.3806,"P0222","EC_0148.jpg"
"11664",0.079365079,3.2173,"P0222","EC_0184.jpg"
"11665",9.047619048,2.5428,"P0222","EC_0096.jpg"
"11666",9.746031746,3.1562,"P0222","EC_0069.jpg"
"11667",9.825396825,2.5317,"P0222","EC_0074.jpg"
"11668",8.968253968,3.3157,"P0222","EC_0064.jpg"
"11669",0.126984127,3.0298,"P0222","EC_0161.jpg"
"11670",8.031746032,2.8504,"P0222","EC_0137.jpg"
"11671",8.365079365,2.7906,"P0222","EC_0018.jpg"
"11672",9.111111111,3.6156,"P0222","EC_0243.jpg"
"11673",5.031746032,2.7269,"P0222","EC_0147.png"
"11674",0.095238095,2.7558,"P0222","EC_0142.jpg"
"11675",9.412698413,2.5288,"P0222","EC_0149.jpg"
"11676",9.031746032,2.7804,"P0222","EC_0030.jpg"
"11677",2.174603175,3.1502,"P0222","EC_0183.jpg"
"11678",8.714285714,2.6555,"P0222","EC_0117.jpg"
"11679",8.952380952,2.3554,"P0222","EC_0188.jpg"
"11680",8.396825397,2.3471,"P0222","EC_0051.jpg"
"11681",6.19047619,2.4008,"P0222","EC_0115.jpg"
"11682",9.222222222,2.6482,"P0222","EC_0059.jpg"
"11683",5.174603175,3.271,"P0222","EC_0076.jpg"
"11684",9.714285714,2.4796,"P0222","EC_0173.jpg"
"11685",0.079365079,2.5811,"P0222","EC_0211.jpg"
"11686",7.492063492,2.4128,"P0222","EC_0029.jpg"
"11687",2.841269841,2.5462,"P0222","EC_0005.jpg"
"11688",3.238095238,2.8778,"P0222","EC_0201.jpg"
"11689",6.571428571,2.6296,"P0222","EC_0109.jpg"
"11690",0.793650794,2.9423,"P0222","EC_0012.jpg"
"11691",8.015873016,2.5115,"P0222","EC_0135.jpg"
"11692",8.73015873,2.6448,"P0222","EC_0013.jpg"
"11693",9.031746032,2.3151,"P0222","EC_0061.jpg"
"11694",1.19047619,3.328,"P0222","EC_0233.jpg"
"11695",8.095238095,2.1832,"P0222","EC_0210.jpg"
"11696",9.158730159,2.9885,"P0222","EC_0247.jpg"
"11697",9.126984127,2.3231,"P0222","EC_0070.jpg"
"11698",9.53968254,2.3304,"P0222","EC_0016.jpg"
"11699",9.666666667,3.2459,"P0222","EC_0092.jpg"
"11700",3,2.863,"P0222","EC_0150.jpg"
"11701",0.317460317,3.0346,"P0222","EC_0040.jpg"
"11702",0.365079365,2.6142,"P0222","EC_0204.jpg"
"11703",9.142857143,2.4748,"P0222","EC_0073.jpg"
"11704",7.095238095,2.676,"P0222","EC_0180.jpg"
"11705",9.158730159,2.24,"P0222","EC_0058.jpg"
"11706",9.238095238,2.8108,"P0222","EC_0249.jpg"
"11707",9.079365079,2.3474,"P0222","EC_0022.jpg"
"11708",9.825396825,3.1447,"P0222","EC_0105.jpg"
"11709",4.857142857,3.9542,"P0222","EC_0199.jpg"
"11710",8.031746032,2.6164,"P0222","EC_0011.jpg"
"11711",0.920634921,2.2229,"P0222","EC_0047.jpg"
"11712",8.841269841,2.5026,"P0222","EC_0172.jpg"
"11713",10,3.0928,"P0222","EC_0014.jpg"
"11714",5.650793651,3.2729,"P0222","EC_0171.jpg"
"11715",2,2.7944,"P0222","EC_0102.jpg"
"11716",6.238095238,3.1119,"P0222","EC_0082.jpg"
"11717",7.063492063,2.3181,"P0222","EC_0007.jpg"
"11718",7.222222222,4.6523,"P0222","EC_0111.jpg"
"11719",9.603174603,2.7952,"P0222","EC_0006.jpg"
"11720",6.365079365,4.3887,"P0222","EC_0226.jpg"
"11721",3.142857143,2.4662,"P0222","EC_0154.jpg"
"11722",9.444444444,2.7171,"P0222","EC_0077.jpg"
"11723",6.666666667,2.9309,"P0222","EC_0230.jpg"
"11724",9.746031746,2.6142,"P0222","EC_0108.jpg"
"11725",9.238095238,2.5279,"P0222","EC_0009.jpg"
"11726",9.396825397,2.3302,"P0222","EC_0245.jpg"
"11727",9.365079365,2.7622,"P0222","EC_0067.jpg"
"11728",9.317460317,2.2349,"P0222","EC_0015.jpg"
"11729",9.53968254,3.7885,"P0222","EC_0103.jpg"
"11730",10,3.8812,"P0222","EC_0010.jpg"
"11731",0.015873016,3.002,"P0222","EC_0162.jpg"
"11732",6.142857143,4.313,"P0222","EC_0213.jpg"
"11733",0.317460317,2.433,"P0222","EC_0055.jpg"
"11734",9.634920635,3.2156,"P0222","EC_0038.jpg"
"11735",5.968253968,2.6374,"P0222","EC_0198.jpg"
"11736",10,3.5334,"P0222","EC_0034.jpg"
"11737",0.26984127,2.8593,"P0222","EC_0048.jpg"
"11738",9.19047619,2.294,"P0222","EC_0223.jpg"
"11739",9.222222222,2.687,"P0222","EC_0209.jpg"
"11740",9.380952381,2.7458,"P0222","EC_0205.jpg"
"11741",0.174603175,2.7395,"P0222","EC_0088.jpg"
"11742",3.015873016,2.2619,"P0222","EC_0039.jpg"
"11743",0.158730159,2.5127,"P0222","EC_0227.jpg"
"11744",8.317460317,2.418,"P0222","EC_0228.jpg"
"11745",7.031746032,2.9262,"P0222","EC_0131.jpg"
"11746",8.920634921,2.4622,"P0222","EC_0072.jpg"
"11747",0.063492063,2.7172,"P0222","EC_0235.jpg"
"11748",1.047619048,3.3464,"P0222","EC_0134.jpg"
"11749",9.285714286,2.7308,"P0222","EC_0200.png"
"11750",8.507936508,2.556,"P0222","EC_0203.jpg"
"11751",8.095238095,2.6016,"P0222","EC_0240.jpg"
"11752",9.158730159,2.3268,"P0222","EC_0166.jpg"
"11753",4.079365079,3.0512,"P0222","EC_0242.jpg"
"11754",8.507936508,2.374,"P0222","EC_0046.jpg"
"11755",8.873015873,2.235,"P0222","EC_0118.jpg"
"11756",8.73015873,2.0606,"P0222","EC_0163.jpg"
"11757",9.80952381,2.5771,"P0222","EC_0157.jpg"
"11758",7.984126984,2.9193,"P0222","EC_0182.jpg"
"11759",0.301587302,2.4804,"P0222","EC_0125.jpeg"
"11760",8.047619048,2.5781,"P0222","EC_0193.png"
"11761",0.542046606,3.2824,"P0233","EC_0095.jpg"
"11762",8.419452888,2.6039,"P0233","EC_0008.jpg"
"11763",1.175278622,2.2882,"P0233","EC_0109.jpg"
"11764",6.519756839,2.391,"P0233","EC_0104.jpg"
"11765",0.618034448,2.2271,"P0233","EC_0176.jpg"
"11766",9.939209726,3.2097,"P0233","EC_0090.jpg"
"11767",6.393110436,2.4048,"P0233","EC_0167.jpg"
"11768",6.874366768,2.2266,"P0233","EC_0246.jpg"
"11769",1.175278622,2.4231,"P0233","EC_0013.jpg"
"11770",6.16514691,2.393,"P0233","EC_0120.jpg"
"11771",9.002026342,2.262,"P0233","EC_0038.jpg"
"11772",0.035460993,2.7771,"P0233","EC_0128.jpeg"
"11773",4.721377913,2.2378,"P0233","EC_0230.jpg"
"11774",6.849037487,2.145,"P0233","EC_0040.jpg"
"11775",9.660587639,2.473,"P0233","EC_0234.jpg"
"11776",1.935157042,2.5571,"P0233","EC_0056.jpg"
"11777",0.238095238,3.1717,"P0233","EC_0204.jpg"
"11778",0.238095238,2.0552,"P0233","EC_0140.jpg"
"11779",0.238095238,1.745,"P0233","EC_0202.jpg"
"11780",0.238095238,2.0876,"P0233","EC_0119.jpg"
"11781",0.238095238,1.9077,"P0233","EC_0051.jpg"
"11782",0.238095238,2.5704,"P0233","EC_0103.jpg"
"11783",0.238095238,3.0548,"P0233","EC_0133.jpg"
"11784",0.238095238,1.888,"P0233","EC_0064.jpg"
"11785",0.238095238,2.0964,"P0233","EC_0243.jpg"
"11786",6.899696049,2.6579,"P0233","EC_0194.jpg"
"11787",6.899696049,1.7139,"P0233","EC_0223.jpg"
"11788",3.378926039,2.3567,"P0233","EC_0158.jpg"
"11789",7.304964539,2.4585,"P0233","EC_0050.jpg"
"11790",8.571428571,2.0954,"P0233","EC_0227.jpg"
"11791",4.721377913,2.222,"P0233","EC_0068.jpg"
"11792",8.242147923,2.2484,"P0233","EC_0231.jpg"
"11793",2.416413374,2.3043,"P0233","EC_0115.jpg"
"11794",0.770010132,2.0136,"P0233","EC_0039.jpg"
"11795",0.795339412,1.9733,"P0233","EC_0085.jpg"
"11796",0.060790274,2.9942,"P0233","EC_0162.jpg"
"11797",0.060790274,1.8942,"P0233","EC_0024.jpg"
"11798",9.457953394,2.4901,"P0233","EC_0070.jpg"
"11799",8.951367781,2.0118,"P0233","EC_0037.jpg"
"11800",4.240121581,3.0461,"P0233","EC_0093.jpg"
"11801",9.584599797,2.3632,"P0233","EC_0067.jpg"
"11802",1.732522796,2.6893,"P0233","EC_0187.jpeg"
"11803",5.278622087,2.3543,"P0233","EC_0044.jpg"
"11804",3.505572442,2.242,"P0233","EC_0180.jpg"
"11805",9.837892604,2.5431,"P0233","EC_0034.jpg"
"11806",8.014184397,2.4715,"P0233","EC_0250.jpg"
"11807",4.797365755,2.1412,"P0233","EC_0131.jpg"
"11808",1.09929078,2.3443,"P0233","EC_0199.jpg"
"11809",9.660587639,2.3706,"P0233","EC_0057.jpeg"
"11810",5.177304965,3.0037,"P0233","EC_0211.jpg"
"11811",9.30597771,2.105,"P0233","EC_0032.jpg"
"11812",9.913880446,2.6209,"P0233","EC_0003.jpg"
"11813",9.68591692,2.6233,"P0233","EC_0139.png"
"11814",6.317122594,2.587,"P0233","EC_0081.jpg"
"11815",7.836879433,2.438,"P0233","EC_0248.jpg"
"11816",9.964539007,2.0909,"P0233","EC_0058.jpg"
"11817",4.62006079,2.5951,"P0233","EC_0077.jpg"
"11818",2.289766971,2.7783,"P0233","EC_0101.jpg"
"11819",4.062816616,2.7772,"P0233","EC_0071.jpg"
"11820",7.304964539,2.0885,"P0233","EC_0174.jpg"
"11821",4.974670719,1.8868,"P0233","EC_0018.jpg"
"11822",9.30597771,2.3719,"P0233","EC_0042.jpg"
"11823",0.896656535,2.5377,"P0233","EC_0097.jpg"
"11824",6.418439716,1.9885,"P0233","EC_0113.jpg"
"11825",0.466058764,2.7068,"P0233","EC_0121.jpg"
"11826",6.621073961,2.0319,"P0233","EC_0046.jpg"
"11827",8.292806484,2.0806,"P0233","EC_0249.jpg"
"11828",0.845997974,2.9872,"P0233","EC_0069.jpg"
"11829",9.407294833,2.2745,"P0233","EC_0073.jpg"
"11830",7.279635258,2.9044,"P0233","EC_0239.jpg"
"11831",9.078014184,2.6049,"P0233","EC_0060.jpg"
"11832",4.746707194,2.1541,"P0233","EC_0001.jpg"
"11833",4.113475177,1.9708,"P0233","EC_0154.jpg"
"11834",4.113475177,2.2443,"P0233","EC_0164.jpg"
"11835",2.6443769,2.2878,"P0233","EC_0156.jpg"
"11836",5.557244174,3.5034,"P0233","EC_0084.jpg"
"11837",0.71935157,4.3555,"P0233","EC_0028.jpg"
"11838",5.227963526,2.4898,"P0233","EC_0235.jpg"
"11839",2.391084093,1.8968,"P0233","EC_0105.jpg"
"11840",0.770010132,2.3546,"P0233","EC_0125.jpeg"
"11841",0.845997974,2.2634,"P0233","EC_0076.jpg"
"11842",0.845997974,2.0708,"P0233","EC_0049.jpg"
"11843",1.149949341,1.671,"P0233","EC_0184.jpg"
"11844",6.19047619,2.4545,"P0233","EC_0088.jpg"
"11845",3.074974671,2.6545,"P0233","EC_0011.jpg"
"11846",8.824721378,2.6538,"P0233","EC_0177.jpg"
"11847",0.744680851,2.8457,"P0233","EC_0111.jpg"
"11848",8.368794326,2.5138,"P0233","EC_0065.jpg"
"11849",9.711246201,2.5803,"P0233","EC_0245.jpg"
"11850",4.113475177,2.2972,"P0233","EC_0141.jpg"
"11851",2.619047619,2.9418,"P0233","EC_0173.jpg"
"11852",4.468085106,2.548,"P0233","EC_0185.jpg"
"11853",2.416413374,2.2072,"P0233","EC_0198.jpg"
"11854",6.95035461,2.4269,"P0233","EC_0061.jpg"
"11855",6.95035461,1.7877,"P0233","EC_0005.jpg"
"11856",6.95035461,1.6594,"P0233","EC_0166.jpg"
"11857",6.95035461,1.6059,"P0233","EC_0213.jpg"
"11858",9.052684904,2.4377,"P0233","EC_0030.jpg"
"11859",4.366767984,2.7452,"P0233","EC_0033.jpeg"
"11860",2.619047619,2.2442,"P0233","EC_0014.jpg"
"11861",4.189463019,1.5746,"P0233","EC_0047.jpg"
"11862",2.036474164,2.1305,"P0233","EC_0182.jpg"
"11863",1.073961499,2.5235,"P0233","EC_0206.png"
"11864",6.367781155,2.2267,"P0233","EC_0089.jpg"
"11865",9.331306991,2.4982,"P0233","EC_0002.jpg"
"11866",1.985815603,2.5366,"P0233","EC_0009.jpg"
"11867",0.466058764,2.5537,"P0233","EC_0106.jpg"
"11868",0.618034448,2.1605,"P0233","EC_0063.jpg"
"11869",0.618034448,1.8709,"P0233","EC_0007.jpg"
"11870",0.668693009,1.928,"P0233","EC_0099.jpg"
"11871",5.227963526,2.2381,"P0233","EC_0221.jpg"
"11872",9.483282675,2.5042,"P0233","EC_0222.jpg"
"11873",0.69402229,2.8946,"P0233","EC_0129.jpeg"
"11874",0.744680851,1.8223,"P0233","EC_0048.jpg"
"11875",0.339412361,1.7096,"P0233","EC_0232.jpg"
"11876",0.339412361,1.7636,"P0233","EC_0171.jpg"
"11877",0.339412361,1.9146,"P0233","EC_0066.jpg"
"11878",7.811550152,2.5215,"P0233","EC_0031.jpg"
"11879",3.936170213,2.2542,"P0233","EC_0151.jpg"
"11880",0.086119554,2.3915,"P0233","EC_0108.jpg"
"11881",0.31408308,2.4794,"P0233","EC_0147.png"
"11882",0.31408308,2.5281,"P0233","EC_0214.jpg"
"11883",0.592705167,2.8731,"P0233","EC_0200.png"
"11884",1.935157042,2.2411,"P0233","EC_0210.jpg"
"11885",8.394123607,1.9708,"P0233","EC_0117.jpg"
"11886",1.783181358,2.0737,"P0233","EC_0053.jpg"
"11887",0.390070922,2.8315,"P0233","EC_0247.jpg"
"11888",4.164133739,1.8882,"P0233","EC_0224.jpg"
"11889",0.668693009,2.2553,"P0233","EC_0096.jpg"
"11890",0.592705167,2.1299,"P0233","EC_0100.jpg"
"11891",1.251266464,2.0051,"P0233","EC_0238.jpg"
"11892",0.086119554,2.9866,"P0233","EC_0080.jpg"
"11893",0.035460993,2.8562,"P0233","EC_0015.jpg"
"11894",0.162107396,2.563,"P0233","EC_0161.jpg"
"11895",9.356636272,2.6636,"P0233","EC_0233.jpg"
"11896",7.001013171,2.096,"P0233","EC_0062.jpg"
"11897",5,2.6917,"P0233","EC_0163.jpg"
"11898",3.04964539,2.158,"P0233","EC_0201.jpg"
"11899",8.495440729,2.7642,"P0233","EC_0010.jpg"
"11900",0.618034448,2.6597,"P0233","EC_0196.jpg"
"11901",1.149949341,2.0397,"P0233","EC_0153.jpg"
"11902",1.757852077,1.9435,"P0233","EC_0241.jpg"
"11903",5.050658561,2.1132,"P0233","EC_0135.jpg"
"11904",5.050658561,1.7768,"P0233","EC_0079.jpg"
"11905",4.062816616,2.1702,"P0233","EC_0118.jpg"
"11906",8.672745694,2.4932,"P0233","EC_0149.jpg"
"11907",6.823708207,1.9875,"P0233","EC_0244.jpg"
"11908",4.949341439,1.7877,"P0233","EC_0116.jpg"
"11909",2.467071935,1.9031,"P0233","EC_0054.jpg"
"11910",3.860182371,2.3893,"P0233","EC_0160.jpg"
"11911",3.860182371,1.9089,"P0233","EC_0188.jpg"
"11912",2.365754813,2.2371,"P0233","EC_0195.jpg"
"11913",6.621073961,2.0713,"P0233","EC_0242.jpg"
"11914",6.595744681,2.1791,"P0233","EC_0165.jpg"
"11915",6.595744681,1.6473,"P0233","EC_0168.jpeg"
"11916",5.101317123,1.8257,"P0233","EC_0236.jpg"
"11917",5.101317123,1.6897,"P0233","EC_0237.jpg"
"11918",5.101317123,1.8235,"P0233","EC_0229.jpg"
"11919",2.061803445,2.1118,"P0233","EC_0150.jpg"
"11920",2.061803445,1.772,"P0233","EC_0094.jpg"
"11921",5.151975684,2.0649,"P0233","EC_0183.jpg"
"11922",5.177304965,1.6711,"P0233","EC_0016.jpg"
"11923",5.177304965,1.5606,"P0233","EC_0123.jpeg"
"11924",3.150962513,1.9715,"P0233","EC_0055.jpg"
"11925",7.152988855,2.1595,"P0233","EC_0092.jpg"
"11926",7.127659574,1.794,"P0233","EC_0074.jpg"
"11927",4.2147923,1.9214,"P0233","EC_0142.jpg"
"11928",9.660587639,2.489,"P0233","EC_0209.jpg"
"11929",9.635258359,1.8546,"P0233","EC_0086.jpg"
"11930",9.635258359,1.761,"P0233","EC_0228.jpg"
"11931",4.848024316,1.8959,"P0233","EC_0059.jpg"
"11932",1.428571429,2.547,"P0233","EC_0087.jpg"
"11933",5.126646403,1.9055,"P0233","EC_0240.jpg"
"11934",5.126646403,1.9113,"P0233","EC_0138.png"
"11935",3.353596758,2.371,"P0233","EC_0083.jpg"
"11936",2.416413374,2.0077,"P0233","EC_0152.jpg"
"11937",7.254305978,2.5711,"P0233","EC_0012.jpg"
"11938",0.668693009,1.8916,"P0233","EC_0019.jpg"
"11939",4.645390071,2.2743,"P0233","EC_0169.png"
"11940",7.710233029,2.0798,"P0233","EC_0193.png"
"11941",4.417426545,1.9538,"P0233","EC_0197.jpg"
"11942",4.59473151,1.7384,"P0233","EC_0170.jpg"
"11943",2.695035461,1.6226,"P0233","EC_0022.jpg"
"11944",5.101317123,1.4412,"P0233","EC_0181.jpg"
"11945",8.748733536,7.5735,"P0233","EC_0072.jpg"
"11946",6.519756839,1.905,"P0233","EC_0132.jpg"
"11947",8.090172239,2.1274,"P0233","EC_0134.jpg"
"11948",2.315096251,2.5313,"P0233","EC_0148.jpg"
"11949",0.618034448,2.1109,"P0233","EC_0020.jpg"
"11950",7.228976697,2.0054,"P0233","EC_0137.jpg"
"11951",1.935157042,1.9328,"P0233","EC_0098.jpg"
"11952",6.443768997,1.8093,"P0233","EC_0082.jpg"
"11953",2.543059777,1.6978,"P0233","EC_0219.jpg"
"11954",8.11550152,1.691,"P0233","EC_0006.jpg"
"11955",0.162107396,3.0536,"P0233","EC_0036.jpeg"
"11956",4.772036474,2.0195,"P0233","EC_0157.jpg"
"11957",4.772036474,1.6295,"P0233","EC_0207.jpg"
"11958",2.745694022,2.1553,"P0233","EC_0041.jpg"
"11959",1.276595745,2.0059,"P0233","EC_0029.jpg"
"11960",7.988855117,2.0968,"P0233","EC_0017.jpg"
"11961",3.45491388,2.0382,"P0233","EC_0075.jpg"
"11962",3.226950355,1.8723,"P0233","EC_0205.jpg"
"11963",5.40526849,2.0394,"P0233","EC_0102.jpg"
"11964",1.377912867,2.421,"P0233","EC_0136.jpg"
"11965",0.618034448,2.0396,"P0233","EC_0124.jpeg"
"11966",0.618034448,1.7413,"P0233","EC_0027.jpg"
"11967",0.668693009,1.8085,"P0233","EC_0203.jpg"
"11968",6.54508612,2.0395,"P0233","EC_0159.jpg"
"11969",0.415400203,2.257,"P0233","EC_0226.jpg"
"11970",6.925025329,2.0371,"P0233","EC_0172.jpg"
"11971",9.417991033,2.6839,"P0234","EC_0135.jpg"
"11972",1.944444444,2.5173,"P0234","EC_0059.jpg"
"11973",0,4.6,"P0234","EC_0097.jpg"
"11974",4.007936508,2.9495,"P0234","EC_0048.jpg"
"11975",3.227513228,2.7163,"P0234","EC_0249.jpg"
"11976",7.605820106,3.2663,"P0234","EC_0183.jpg"
"11977",8.015873016,3.1748,"P0234","EC_0120.jpg"
"11978",9.537037037,2.9662,"P0234","EC_0044.jpg"
"11979",6.455026455,3.4346,"P0234","EC_0169.png"
"11980",8.28042328,2.8998,"P0234","EC_0014.jpg"
"11981",9.708994709,2.8367,"P0234","EC_0229.jpg"
"11982",9.206349206,2.7923,"P0234","EC_0150.jpg"
"11983",2.288359788,2.472,"P0234","EC_0235.jpg"
"11984",9.510582011,3.0659,"P0234","EC_0066.jpg"
"11985",7.804232804,3.5619,"P0234","EC_0075.jpg"
"11986",6.71957672,3.1868,"P0234","EC_0223.jpg"
"11987",5.595238095,4.1916,"P0234","EC_0077.jpg"
"11988",5,2.8657,"P0234","EC_0222.jpg"
"11989",7.063492063,2.7762,"P0234","EC_0031.jpg"
"11990",5.291006098,3.7332,"P0234","EC_0241.jpg"
"11991",8.518518519,3.47,"P0234","EC_0002.jpg"
"11992",3.04232885,3.5995,"P0234","EC_0020.jpg"
"11993",0.886243386,4.4236,"P0234","EC_0033.jpeg"
"11994",7.685185185,2.9207,"P0234","EC_0195.jpg"
"11995",4.457671958,3.6516,"P0234","EC_0007.jpg"
"11996",2.288359788,2.8862,"P0234","EC_0022.jpg"
"11997",9.695767196,2.2703,"P0234","EC_0177.jpg"
"11998",6.970899471,3.4369,"P0234","EC_0240.jpg"
"11999",9.2857159,2.3511,"P0234","EC_0061.jpg"
"12000",7.619047619,2.8098,"P0234","EC_0165.jpg"
"12001",8.611111111,2.4605,"P0234","EC_0049.jpg"
"12002",9.391534392,3.3327,"P0234","EC_0163.jpg"
"12003",6.944444444,4.8486,"P0234","EC_0096.jpg"
"12004",8.664021164,3.321,"P0234","EC_0086.jpg"
"12005",1.283068783,3.5334,"P0234","EC_0194.jpg"
"12006",9.576719577,5.6742,"P0234","EC_0067.jpg"
"12007",0.198412698,7.0509,"P0234","EC_0131.jpg"
"12008",7.579365079,2.3662,"P0234","EC_0246.jpg"
"12009",9.034391534,2.2995,"P0234","EC_0082.jpg"
"12010",7.486772487,2.6987,"P0234","EC_0034.jpg"
"12011",8.677248677,2.2149,"P0234","EC_0062.jpg"
"12012",9.206349206,2.39,"P0234","EC_0168.jpeg"
"12013",8.597883598,2.8497,"P0234","EC_0148.jpg"
"12014",1.190476998,2.5998,"P0234","EC_0106.jpg"
"12015",6.216931217,2.8663,"P0234","EC_0046.jpg"
"12016",3.492063492,3.8867,"P0234","EC_0069.jpg"
"12017",9.444444444,3.4869,"P0234","EC_0167.jpg"
"12018",7.566137566,2.5209,"P0234","EC_0147.png"
"12019",5.727513228,3.6175,"P0234","EC_0015.jpg"
"12020",6.706349206,5.842,"P0234","EC_0162.jpg"
"12021",7.486772487,5.0738,"P0234","EC_0227.jpg"
"12022",9.497354497,2.5495,"P0234","EC_0087.jpg"
"12023",9.669312169,2.1769,"P0234","EC_0231.jpg"
"12024",8.055555556,3.3716,"P0234","EC_0084.jpg"
"12025",6.600529101,3.4661,"P0234","EC_0219.jpg"
"12026",6.256613757,3.1996,"P0234","EC_0176.jpg"
"12027",4.576719577,2.9916,"P0234","EC_0239.jpg"
"12028",9.14021164,2.9494,"P0234","EC_0093.jpg"
"12029",7.208994709,4.4997,"P0234","EC_0016.jpg"
"12030",10,3.6332,"P0234","EC_0058.jpg"
"12031",4.047619048,3.1187,"P0234","EC_0118.jpg"
"12032",7.367724868,2.4336,"P0234","EC_0203.jpg"
"12033",3.597883598,3.6211,"P0234","EC_0187.jpeg"
"12034",6.362433862,2.3945,"P0234","EC_0250.jpg"
"12035",7.619047619,3.3164,"P0234","EC_0213.jpg"
"12036",8.822751323,3.1834,"P0234","EC_0172.jpg"
"12037",0.238095238,2.7777,"P0234","EC_0108.jpg"
"12038",1.706349206,3.8833,"P0234","EC_0012.jpg"
"12039",9.034391534,4.6331,"P0234","EC_0233.jpg"
"12040",4.828043135,5.855,"P0234","EC_0065.jpg"
"12041",5.661375661,3.5882,"P0234","EC_0003.jpg"
"12042",8.108465608,3.1999,"P0234","EC_0197.jpg"
"12043",5.396825397,3.0659,"P0234","EC_0099.jpg"
"12044",8.161375661,4.0498,"P0234","EC_0209.jpg"
"12045",6.957671958,6.5335,"P0234","EC_0005.jpg"
"12046",8.425925926,3.2121,"P0234","EC_0071.jpg"
"12047",9.034391534,4.0337,"P0234","EC_0018.jpg"
"12048",6.904761905,4.1665,"P0234","EC_0206.png"
"12049",5.357143664,3.9698,"P0234","EC_0027.jpg"
"12050",8.399470899,3.2166,"P0234","EC_0057.jpeg"
"12051",6.481481481,3.8831,"P0234","EC_0245.jpg"
"12052",6.574074074,3.0349,"P0234","EC_0236.jpg"
"12053",8.425925926,4.4933,"P0234","EC_0123.jpeg"
"12054",6.137566138,5.1335,"P0234","EC_0101.jpg"
"12055",8.624338624,3.6995,"P0234","EC_0074.jpg"
"12056",7.53968254,4.2364,"P0234","EC_0037.jpg"
"12057",6.296296296,3.683,"P0234","EC_0156.jpg"
"12058",6.124338624,7.4661,"P0234","EC_0036.jpeg"
"12059",2.711641019,10.5535,"P0234","EC_0128.jpeg"
"12060",7.156084656,3.8302,"P0234","EC_0159.jpg"
"12061",8.174603175,5.8407,"P0234","EC_0009.jpg"
"12062",6.865079365,3.3156,"P0234","EC_0196.jpg"
"12063",5.198412698,4.0708,"P0234","EC_0042.jpg"
"12064",6.296296296,3.2394,"P0234","EC_0073.jpg"
"12065",7.328042328,8.5993,"P0234","EC_0188.jpg"
"12066",0,2.9372,"P0234","EC_0088.jpg"
"12067",0,8.3045,"P0234","EC_0001.jpg"
"12068",9.193121693,2.3697,"P0234","EC_0070.jpg"
"12069",6.970899471,3.2267,"P0234","EC_0171.jpg"
"12070",5.978835979,3.4818,"P0234","EC_0133.jpg"
"12071",10,3.3949,"P0234","EC_0138.png"
"12072",9.047619048,2.8596,"P0234","EC_0094.jpg"
"12073",0,3.076,"P0234","EC_0010.jpg"
"12074",3.227513228,3.3493,"P0234","EC_0055.jpg"
"12075",7.235449735,2.6325,"P0234","EC_0207.jpg"
"12076",8.425925926,3.6725,"P0234","EC_0248.jpg"
"12077",9.722222222,3.183,"P0234","EC_0199.jpg"
"12078",8.994708995,2.833,"P0234","EC_0140.jpg"
"12079",3.994708995,2.9927,"P0234","EC_0243.jpg"
"12080",5.515873016,3.0662,"P0234","EC_0038.jpg"
"12081",6.23015873,4.9262,"P0234","EC_0024.jpg"
"12082",8.915343915,2.6993,"P0234","EC_0180.jpg"
"12083",2.103174603,4.4331,"P0234","EC_0111.jpg"
"12084",9.007936508,7.4163,"P0234","EC_0161.jpg"
"12085",7.301587302,3.535,"P0234","EC_0060.jpg"
"12086",6.468253968,4.5999,"P0234","EC_0095.jpg"
"12087",8.161375661,5.2744,"P0234","EC_0200.png"
"12088",9.113756614,3.1835,"P0234","EC_0166.jpg"
"12089",9.880953996,3.3828,"P0234","EC_0050.jpg"
"12090",0,3.4664,"P0234","EC_0040.jpg"
"12091",9.272486772,4.3568,"P0234","EC_0125.jpeg"
"12092",7.142857143,3.383,"P0234","EC_0047.jpg"
"12093",6.283068783,7.393,"P0234","EC_0204.jpg"
"12094",9.338624339,3.8846,"P0234","EC_0151.jpg"
"12095",9.034391534,4.3666,"P0234","EC_0157.jpg"
"12096",9.166666667,2.5593,"P0234","EC_0119.jpg"
"12097",9.444444444,4.3165,"P0234","EC_0032.jpg"
"12098",8.875661376,3.3832,"P0234","EC_0102.jpg"
"12099",4.880952381,6.6879,"P0234","EC_0244.jpg"
"12100",7.804232804,4.5789,"P0234","EC_0139.png"
"12101",8.201058201,4.9995,"P0234","EC_0152.jpg"
"12102",9.113756614,4.5653,"P0234","EC_0117.jpg"
"12103",7.857142857,3.9498,"P0234","EC_0132.jpg"
"12104",8.955026455,2.5997,"P0234","EC_0098.jpg"
"12105",9.404761905,3.9667,"P0234","EC_0100.jpg"
"12106",9.748678863,4.083,"P0234","EC_0104.jpg"
"12107",1.574074074,6.1514,"P0234","EC_0134.jpg"
"12108",8.029100529,5.4664,"P0234","EC_0154.jpg"
"12109",10,3.1832,"P0234","EC_0221.jpg"
"12110",5.304232804,4.9909,"P0234","EC_0121.jpg"
"12111",8.955026455,6.9665,"P0234","EC_0247.jpg"
"12112",9.563492063,3.383,"P0234","EC_0137.jpg"
"12113",6.415343915,5.5053,"P0234","EC_0234.jpg"
"12114",4.484126984,3.1665,"P0234","EC_0081.jpg"
"12115",3.558201058,4.4414,"P0234","EC_0158.jpg"
"12116",6.375661376,2.9361,"P0234","EC_0109.jpg"
"12117",2.12962963,4.7597,"P0234","EC_0129.jpeg"
"12118",4.761905569,4.3761,"P0234","EC_0136.jpg"
"12119",5.158730966,3.6405,"P0234","EC_0184.jpg"
"12120",5.992063492,8.9999,"P0234","EC_0039.jpg"
"12121",9.298941799,3.2087,"P0234","EC_0160.jpg"
"12122",5.806878307,3.4998,"P0234","EC_0113.jpg"
"12123",5.992063492,5.3659,"P0234","EC_0090.jpg"
"12124",8.478835979,3.3732,"P0234","EC_0008.jpg"
"12125",3.267195767,3.6892,"P0234","EC_0232.jpg"
"12126",4.23280504,6.52,"P0234","EC_0083.jpg"
"12127",8.029100529,4.3496,"P0234","EC_0141.jpg"
"12128",2.910053717,9.6498,"P0234","EC_0173.jpg"
"12129",8.902116402,11.0828,"P0234","EC_0153.jpg"
"12130",7.685185185,6.2719,"P0234","EC_0028.jpg"
"12131",5.145502646,5.3667,"P0234","EC_0170.jpg"
"12132",9.669312169,11.3285,"P0234","EC_0011.jpg"
"12133",9.060846561,3.2664,"P0234","EC_0142.jpg"
"12134",9.58994709,3.0828,"P0234","EC_0051.jpg"
"12135",0.859789167,3.487,"P0234","EC_0053.jpg"
"12136",2.579365887,4.7993,"P0234","EC_0013.jpg"
"12137",8.082010582,3.5953,"P0234","EC_0030.jpg"
"12138",9.2857159,2.8498,"P0234","EC_0198.jpg"
"12139",8.822751323,3.7326,"P0234","EC_0214.jpg"
"12140",9.166666667,3.4282,"P0234","EC_0201.jpg"
"12141",10,2.6739,"P0234","EC_0068.jpg"
"12142",9.470899471,2.5663,"P0234","EC_0174.jpg"
"12143",0.238095238,3.161,"P0234","EC_0056.jpg"
"12144",8.240740741,2.4016,"P0234","EC_0006.jpg"
"12145",9.074074074,3.0498,"P0234","EC_0228.jpg"
"12146",7.804232804,2.9492,"P0234","EC_0079.jpg"
"12147",9.656084656,3.6833,"P0234","EC_0202.jpg"
"12148",2.857142857,5.6002,"P0234","EC_0054.jpg"
"12149",6.203703704,3.8165,"P0234","EC_0041.jpg"
"12150",4.761905569,3.629,"P0234","EC_0115.jpg"
"12151",8.386243386,4.7529,"P0234","EC_0226.jpg"
"12152",6.164021164,4.4861,"P0234","EC_0063.jpg"
"12153",4.629630437,5.5661,"P0234","EC_0089.jpg"
"12154",5.052910053,4.1958,"P0234","EC_0205.jpg"
"12155",4.497355305,7.4996,"P0234","EC_0185.jpg"
"12156",6.296296296,6.3544,"P0234","EC_0211.jpg"
"12157",5.105820106,4.2995,"P0234","EC_0080.jpg"
"12158",5.251322751,3.4496,"P0234","EC_0017.jpg"
"12159",8.148148148,5.9828,"P0234","EC_0237.jpg"
"12160",5.066137566,4.174,"P0234","EC_0103.jpg"
"12161",6.018518519,28.2594,"P0234","EC_0124.jpeg"
"12162",8.677248677,3.0131,"P0234","EC_0164.jpg"
"12163",6.759259259,7.9373,"P0234","EC_0105.jpg"
"12164",5.727513228,7.0909,"P0234","EC_0242.jpg"
"12165",7.208994709,4.722,"P0234","EC_0064.jpg"
"12166",8.756613757,3.132,"P0234","EC_0224.jpg"
"12167",9.272486772,3.2938,"P0234","EC_0238.jpg"
"12168",9.378306878,2.8636,"P0234","EC_0092.jpg"
"12169",8.161375661,3.2041,"P0234","EC_0182.jpg"
"12170",1.772486772,4.6872,"P0234","EC_0076.jpg"
"12171",7.724867725,6.0397,"P0234","EC_0230.jpg"
"12172",8.888888889,2.7499,"P0234","EC_0210.jpg"
"12173",8.968253968,4.3166,"P0234","EC_0072.jpg"
"12174",1.957671958,3.8232,"P0234","EC_0029.jpg"
"12175",6.084656085,7.6372,"P0234","EC_0085.jpg"
"12176",4.775132275,4.8919,"P0234","EC_0181.jpg"
"12177",2.12962963,4.7232,"P0234","EC_0019.jpg"
"12178",9.2857159,2.8832,"P0234","EC_0116.jpg"
"12179",6.071428571,4.81,"P0234","EC_0149.jpg"
"12180",10,2.9664,"P0234","EC_0193.png"
"12181",6.031282512,4.3345,"P0239","EC_0177.jpg"
"12182",6.000146953,3.1259,"P0239","EC_0198.jpg"
"12183",0.042959934,7.6101,"P0239","EC_0184.jpg"
"12184",7.007402492,3.9685,"P0239","EC_0032.jpg"
"12185",7.035091744,3.3727,"P0239","EC_0158.jpg"
"12186",7.936149383,3.1896,"P0239","EC_0159.jpg"
"12187",7.96579503,6.1321,"P0239","EC_0087.jpg"
"12188",5.038127183,3.9921,"P0239","EC_0210.jpg"
"12189",5.038127183,3.5406,"P0239","EC_0169.png"
"12190",6.945217478,3.7754,"P0239","EC_0197.jpg"
"12191",6.945217478,2.5584,"P0239","EC_0028.jpg"
"12192",7.96025064,3.1881,"P0239","EC_0157.jpg"
"12193",6.92087535,3.7743,"P0239","EC_0116.jpg"
"12194",6.92087535,2.5757,"P0239","EC_0165.jpg"
"12195",6.92087535,3.0294,"P0239","EC_0009.jpg"
"12196",7.980776981,3.0605,"P0239","EC_0205.jpg"
"12197",7.980776981,2.7606,"P0239","EC_0068.jpg"
"12198",7.980776981,3.2059,"P0239","EC_0066.jpg"
"12199",4.995489768,4.0255,"P0239","EC_0051.jpg"
"12200",2.983387398,3.5249,"P0239","EC_0005.jpg"
"12201",2.983387398,3.1808,"P0239","EC_0046.jpg"
"12202",7.928489471,3.5708,"P0239","EC_0086.jpg"
"12203",7.983867975,4.0749,"P0239","EC_0125.jpeg"
"12204",7.970023894,4.0299,"P0239","EC_0096.jpg"
"12205",7.970023894,2.8758,"P0239","EC_0214.jpg"
"12206",8.94948228,3.4589,"P0239","EC_0246.jpg"
"12207",2.988184107,5.3799,"P0239","EC_0072.jpg"
"12208",2.988184107,2.7424,"P0239","EC_0244.jpg"
"12209",7.897471623,3.2562,"P0239","EC_0224.jpg"
"12210",4.928227937,3.0147,"P0239","EC_0211.jpg"
"12211",4.928227937,2.2565,"P0239","EC_0176.jpg"
"12212",5.959258849,3.4049,"P0239","EC_0016.jpg"
"12213",4.998246159,3.9808,"P0239","EC_0041.jpg"
"12214",4.998246159,2.5928,"P0239","EC_0133.jpg"
"12215",3.88982376,3.5747,"P0239","EC_0001.jpg"
"12216",3.026553422,3.4141,"P0239","EC_0161.jpg"
"12217",3.026553422,2.2755,"P0239","EC_0222.jpg"
"12218",7.828531325,4.6585,"P0239","EC_0236.jpg"
"12219",7.980821667,3.1139,"P0239","EC_0138.png"
"12220",8.932493798,4.0652,"P0239","EC_0248.jpg"
"12221",2.988503452,3.0088,"P0239","EC_0057.jpeg"
"12222",6.070424575,5.7004,"P0239","EC_0080.jpg"
"12223",2.053211631,3.0419,"P0239","EC_0048.jpg"
"12224",2.053211631,2.4425,"P0239","EC_0027.jpg"
"12225",7.025525574,3.3809,"P0239","EC_0164.jpg"
"12226",7.025525574,2.6066,"P0239","EC_0064.jpg"
"12227",4.05284539,9.3973,"P0239","EC_0037.jpg"
"12228",4.05284539,2.742,"P0239","EC_0007.jpg"
"12229",8.949181464,3.7256,"P0239","EC_0151.jpg"
"12230",7.960238651,4.414,"P0239","EC_0102.jpg"
"12231",6.987970425,5.9601,"P0239","EC_0067.jpg"
"12232",2.90928854,3.1606,"P0239","EC_0073.jpg"
"12233",5.969279513,3.3852,"P0239","EC_0008.jpg"
"12234",2.951787536,4.2423,"P0239","EC_0024.jpg"
"12235",8.997242289,3.4425,"P0239","EC_0098.jpg"
"12236",9.937384225,4.7086,"P0239","EC_0137.jpg"
"12237",6.956117703,7.211,"P0239","EC_0010.jpg"
"12238",3.962963494,3.3764,"P0239","EC_0174.jpg"
"12239",7.902382773,3.374,"P0239","EC_0168.jpeg"
"12240",7.902382773,2.2244,"P0239","EC_0154.jpg"
"12241",8.003354539,3.7763,"P0239","EC_0195.jpg"
"12242",2.003176972,3.2726,"P0239","EC_0053.jpg"
"12243",6.969275139,5.6688,"P0239","EC_0223.jpg"
"12244",2.046990405,3.7643,"P0239","EC_0242.jpg"
"12245",2.005456526,2.5592,"P0239","EC_0204.jpg"
"12246",9.926397897,4.7075,"P0239","EC_0006.jpg"
"12247",9.926397897,2.7892,"P0239","EC_0183.jpg"
"12248",2.020173628,4.6531,"P0239","EC_0090.jpg"
"12249",5.027769735,3.8401,"P0239","EC_0199.jpg"
"12250",2.053921164,5.2068,"P0239","EC_0095.jpg"
"12251",8.922237712,3.3249,"P0239","EC_0070.jpg"
"12252",8.936081794,3.0282,"P0239","EC_0015.jpg"
"12253",8.936081794,2.3409,"P0239","EC_0148.jpg"
"12254",4.955931358,3.7741,"P0239","EC_0097.jpg"
"12255",9.754883661,3.2312,"P0239","EC_0180.jpg"
"12256",9.754883661,2.674,"P0239","EC_0079.jpg"
"12257",2.977854997,3.6012,"P0239","EC_0055.jpg"
"12258",5.053233384,3.8128,"P0239","EC_0232.jpg"
"12259",5.053233384,2.9567,"P0239","EC_0231.jpg"
"12260",6.891796459,3.2213,"P0239","EC_0200.png"
"12261",6.988709386,2.9545,"P0239","EC_0120.jpg"
"12262",6.084832141,4.1577,"P0239","EC_0104.jpg"
"12263",8.894360995,3.8079,"P0239","EC_0101.jpg"
"12264",8.894360995,2.1445,"P0239","EC_0141.jpg"
"12265",5.001477752,3.9079,"P0239","EC_0140.jpg"
"12266",2.986596103,4.7564,"P0239","EC_0036.jpeg"
"12267",5.964583076,4.3654,"P0239","EC_0017.jpg"
"12268",8.111465237,3.2756,"P0239","EC_0245.jpg"
"12269",8.111465237,2.2152,"P0239","EC_0250.jpg"
"12270",4.988178628,3.7012,"P0239","EC_0002.jpg"
"12271",8.04365409,2.8897,"P0239","EC_0153.jpg"
"12272",9.885329957,3.6128,"P0239","EC_0123.jpeg"
"12273",4.928975617,3.3575,"P0239","EC_0069.jpg"
"12274",4.928975617,3.0898,"P0239","EC_0089.jpg"
"12275",7.892244398,3.2803,"P0239","EC_0094.jpg"
"12276",4.915786574,3.8433,"P0239","EC_0239.jpg"
"12277",9.921336339,3.6425,"P0239","EC_0093.jpg"
"12278",7.981729565,4.8065,"P0239","EC_0221.jpg"
"12279",3.966712797,4.275,"P0239","EC_0077.jpg"
"12280",8.858309927,3.5143,"P0239","EC_0182.jpg"
"12281",5.977369941,2.963,"P0239","EC_0018.jpg"
"12282",9.06727795,4.8439,"P0239","EC_0050.jpg"
"12283",9.06727795,3.0211,"P0239","EC_0241.jpg"
"12284",9.06727795,2.9254,"P0239","EC_0229.jpg"
"12285",9.651904275,3.4418,"P0239","EC_0207.jpg"
"12286",4.002794383,3.5974,"P0239","EC_0039.jpg"
"12287",9.999531092,3.7591,"P0239","EC_0117.jpg"
"12288",3.093275746,4.2063,"P0239","EC_0065.jpg"
"12289",6.023075463,4.189,"P0239","EC_0209.jpg"
"12290",7.054257873,4.2367,"P0239","EC_0234.jpg"
"12291",3.074091089,4.1093,"P0239","EC_0085.jpg"
"12292",7.980221125,5.4654,"P0239","EC_0247.jpg"
"12293",8.977001506,3.1743,"P0239","EC_0167.jpg"
"12294",8.977001506,2.3919,"P0239","EC_0119.jpg"
"12295",6.058992472,3.0711,"P0239","EC_0100.jpg"
"12296",6.932172304,3.2742,"P0239","EC_0105.jpg"
"12297",4.909995864,3.3063,"P0239","EC_0237.jpg"
"12298",2.865730147,3.1287,"P0239","EC_0056.jpg"
"12299",3.95457225,4.6747,"P0239","EC_0139.png"
"12300",7.955223959,4.1246,"P0239","EC_0092.jpg"
"12301",4.101431553,3.3092,"P0239","EC_0235.jpg"
"12302",1.943756524,3.3726,"P0239","EC_0054.jpg"
"12303",1.943756524,1.9453,"P0239","EC_0187.jpeg"
"12304",4.97341902,4.1089,"P0239","EC_0059.jpg"
"12305",6.998775827,3.7803,"P0239","EC_0196.jpg"
"12306",6.004243938,3.2134,"P0239","EC_0034.jpg"
"12307",8.827919869,4.8354,"P0239","EC_0083.jpg"
"12308",7.080481192,6.5897,"P0239","EC_0243.jpg"
"12309",6.97051328,5.3754,"P0239","EC_0019.jpg"
"12310",6.015977947,3.3131,"P0239","EC_0230.jpg"
"12311",6.837333482,3.8748,"P0239","EC_0240.jpg"
"12312",8.542706948,3.8574,"P0239","EC_0103.jpg"
"12313",7.981708857,3.1629,"P0239","EC_0171.jpg"
"12314",4.893812828,3.5413,"P0239","EC_0076.jpg"
"12315",7.948959136,4.269,"P0239","EC_0106.jpg"
"12316",4.969815766,3.2733,"P0239","EC_0118.jpg"
"12317",7.024777893,3.6387,"P0239","EC_0075.jpg"
"12318",2.05738382,4.0886,"P0239","EC_0206.png"
"12319",9.762603518,4.0514,"P0239","EC_0031.jpg"
"12320",4.888216123,3.7923,"P0239","EC_0160.jpg"
"12321",4.888216123,2.9269,"P0239","EC_0129.jpeg"
"12322",6.105710524,2.9105,"P0239","EC_0238.jpg"
"12323",3.20887415,3.5807,"P0239","EC_0150.jpg"
"12324",8.01065151,3.0436,"P0239","EC_0022.jpg"
"12325",8.954575446,3.3078,"P0239","EC_0213.jpg"
"12326",8.954575446,2.3472,"P0239","EC_0108.jpg"
"12327",7.004447737,3.8583,"P0239","EC_0152.jpg"
"12328",6.017210639,3.311,"P0239","EC_0020.jpg"
"12329",6.061874204,3.9636,"P0239","EC_0136.jpg"
"12330",3.068715635,4.3994,"P0239","EC_0088.jpg"
"12331",4.8872461,4.2422,"P0239","EC_0173.jpg"
"12332",3.923046503,3.1237,"P0239","EC_0162.jpg"
"12333",6.067164644,3.2037,"P0239","EC_0128.jpeg"
"12334",5.04119638,4.0794,"P0239","EC_0030.jpg"
"12335",3.001154078,3.0748,"P0239","EC_0113.jpg"
"12336",7.962033739,4.2083,"P0239","EC_0014.jpg"
"12337",6.928290032,3.8746,"P0239","EC_0147.png"
"12338",6.928290032,2.6732,"P0239","EC_0062.jpg"
"12339",5.004564387,4.8503,"P0239","EC_0029.jpg"
"12340",7.935610966,7.73,"P0239","EC_0013.jpg"
"12341",4.984611341,4.1419,"P0239","EC_0226.jpg"
"12342",3.018046647,5.0289,"P0239","EC_0185.jpg"
"12343",6.903932645,3.5911,"P0239","EC_0109.jpg"
"12344",4.982682194,4.0575,"P0239","EC_0111.jpg"
"12345",7.934879634,4.2124,"P0239","EC_0135.jpg"
"12346",8.991115885,3.3247,"P0239","EC_0202.jpg"
"12347",8.991115885,5.8954,"P0239","EC_0099.jpg"
"12348",7.005706587,6.808,"P0239","EC_0156.jpg"
"12349",7.88176488,4.2289,"P0239","EC_0166.jpg"
"12350",7.88176488,10.9511,"P0239","EC_0249.jpg"
"12351",6.089826125,3.4095,"P0239","EC_0040.jpg"
"12352",4.022079312,4.0886,"P0239","EC_0060.jpg"
"12353",6.912197459,4.2918,"P0239","EC_0121.jpg"
"12354",6.912197459,2.8435,"P0239","EC_0131.jpg"
"12355",7.889678742,3.2815,"P0239","EC_0163.jpg"
"12356",2.121020598,3.5775,"P0239","EC_0074.jpg"
"12357",9.158908067,3.4506,"P0239","EC_0063.jpg"
"12358",3.946985363,3.7967,"P0239","EC_0194.jpg"
"12359",3.946985363,2.309,"P0239","EC_0203.jpg"
"12360",8.13323299,4.1262,"P0239","EC_0181.jpg"
"12361",4.022515277,4.4047,"P0239","EC_0071.jpg"
"12362",4.022515277,3.7076,"P0239","EC_0227.jpg"
"12363",2.977464808,4.1367,"P0239","EC_0049.jpg"
"12364",5.980876193,3.6551,"P0239","EC_0201.jpg"
"12365",6.9556534,3.5259,"P0239","EC_0142.jpg"
"12366",2.943348336,3.2225,"P0239","EC_0003.jpg"
"12367",2.056642678,3.4634,"P0239","EC_0233.jpg"
"12368",8.908570197,6.3437,"P0239","EC_0149.jpg"
"12369",8.004915295,3.3134,"P0239","EC_0193.png"
"12370",8.946881746,3.6386,"P0239","EC_0011.jpg"
"12371",6.982463092,3.6071,"P0239","EC_0124.jpeg"
"12372",7.841859877,3.056,"P0239","EC_0132.jpg"
"12373",3.049956044,3.2252,"P0239","EC_0081.jpg"
"12374",3.049956044,2.0425,"P0239","EC_0047.jpg"
"12375",1.009763334,4.698,"P0239","EC_0033.jpeg"
"12376",7.007127834,4.7738,"P0239","EC_0172.jpg"
"12377",2.086372794,3.8296,"P0239","EC_0228.jpg"
"12378",7.865230892,3.8404,"P0239","EC_0084.jpg"
"12379",4.08383381,3.3777,"P0239","EC_0042.jpg"
"12380",7.031217102,4.4303,"P0239","EC_0082.jpg"
"12381",2.090009835,2.9619,"P0239","EC_0058.jpg"
"12382",3.109281125,3.7229,"P0239","EC_0115.jpg"
"12383",2.014702807,3.4908,"P0239","EC_0134.jpg"
"12384",6.969331814,4.0318,"P0239","EC_0188.jpg"
"12385",7.929329794,3.1228,"P0239","EC_0061.jpg"
"12386",8.95377,4.058,"P0239","EC_0038.jpg"
"12387",8.95377,2.8457,"P0239","EC_0219.jpg"
"12388",8.95377,2.5887,"P0239","EC_0170.jpg"
"12389",8.95377,7.3625,"P0239","EC_0044.jpg"
"12390",5.988441282,5.8592,"P0239","EC_0012.jpg"
"12391",6.838116737,3.1362,"P0241","EC_0103.jpg"
"12392",5.042996883,2.7075,"P0241","EC_0062.jpg"
"12393",6.859615178,2.489,"P0241","EC_0131.jpg"
"12394",6.451144792,2.8152,"P0241","EC_0232.jpg"
"12395",8.63323659,2.2322,"P0241","EC_0081.jpg"
"12396",8.300010749,3.5349,"P0241","EC_0086.jpg"
"12397",9.589917231,2.7448,"P0241","EC_0132.jpg"
"12398",8.762227239,1.9045,"P0241","EC_0095.jpg"
"12399",7.870041922,1.9235,"P0241","EC_0102.jpg"
"12400",5.354724282,2.356,"P0241","EC_0205.jpg"
"12401",6.666129206,2.4755,"P0241","EC_0234.jpg"
"12402",7.913038805,2.3086,"P0241","EC_0061.jpg"
"12403",7.762549715,1.8934,"P0241","EC_0075.jpg"
"12404",8.289261529,2.787,"P0241","EC_0051.jpg"
"12405",9.170697624,2.2599,"P0241","EC_0058.jpg"
"12406",9.09545308,1.9203,"P0241","EC_0174.jpg"
"12407",4.408792863,2.4225,"P0241","EC_0222.jpg"
"12408",7.429323874,2.33,"P0241","EC_0113.jpg"
"12409",7.784048157,2.4897,"P0241","EC_0124.jpeg"
"12410",5.78469311,2.6281,"P0241","EC_0165.jpg"
"12411",7.794797377,2.0005,"P0241","EC_0059.jpg"
"12412",8.14952166,2.0648,"P0241","EC_0088.jpg"
"12413",8.31075997,2.0945,"P0241","EC_0202.jpg"
"12414",8.676233473,1.972,"P0241","EC_0011.jpg"
"12415",9.041706976,2.3005,"P0241","EC_0022.jpg"
"12416",7.794797377,1.9364,"P0241","EC_0228.jpg"
"12417",8.386004515,1.8939,"P0241","EC_0031.jpg"
"12418",8.106524777,1.4615,"P0241","EC_0230.jpg"
"12419",8.47199828,1.6474,"P0241","EC_0170.jpg"
"12420",6.515640116,1.5713,"P0241","EC_0100.jpg"
"12421",8.923465549,1.3228,"P0241","EC_0242.jpg"
"12422",7.354079329,1.6204,"P0241","EC_0184.jpg"
"12423",8.375255294,1.3888,"P0241","EC_0156.jpg"
"12424",9.847898527,2.9493,"P0241","EC_0243.jpg"
"12425",8.998710094,1.9069,"P0241","EC_0054.jpg"
"12426",3.097387939,2.7519,"P0241","EC_0194.jpg"
"12427",8.590239708,1.5521,"P0241","EC_0133.jpg"
"12428",9.933892293,2.6186,"P0241","EC_0073.jpg"
"12429",9.697409438,2.4179,"P0241","EC_0074.jpg"
"12430",5.494464151,2.5254,"P0241","EC_0123.jpeg"
"12431",5.505213372,2.0892,"P0241","EC_0239.jpg"
"12432",7.096098033,2.4133,"P0241","EC_0066.jpg"
"12433",7.741051274,1.8011,"P0241","EC_0151.jpg"
"12434",9.138449962,1.8506,"P0241","EC_0041.jpg"
"12435",7.773298936,3.1172,"P0241","EC_0199.jpg"
"12436",10,2.1952,"P0241","EC_0207.jpg"
"12437",4.656024938,3.5341,"P0241","EC_0067.jpg"
"12438",2.291196388,3.0842,"P0241","EC_0235.jpg"
"12439",7.235837902,2.0376,"P0241","EC_0036.jpeg"
"12440",10,2.1326,"P0241","EC_0050.jpg"
"12441",8.751478018,3.4968,"P0241","EC_0080.jpg"
"12442",5.94593142,2.4959,"P0241","EC_0177.jpg"
"12443",3.817585725,2.4901,"P0241","EC_0171.jpg"
"12444",7.010104267,1.892,"P0241","EC_0068.jpg"
"12445",6.214661937,2.0534,"P0241","EC_0019.jpg"
"12446",7.085348812,2.1117,"P0241","EC_0231.jpg"
"12447",7.128345695,1.6142,"P0241","EC_0223.jpg"
"12448",8.740728797,2.1987,"P0241","EC_0209.jpg"
"12449",6.150166613,2.3058,"P0241","EC_0142.jpg"
"12450",9.353434376,2.5432,"P0241","EC_0108.jpg"
"12451",3.849833387,2.6055,"P0241","EC_0111.jpg"
"12452",7.063850371,1.7213,"P0241","EC_0072.jpg"
"12453",8.203267763,1.6703,"P0241","EC_0079.jpg"
"12454",3.935827153,2.2937,"P0241","EC_0162.jpg"
"12455",8.074277115,1.585,"P0241","EC_0135.jpg"
"12456",8.708481135,1.4054,"P0241","EC_0180.jpg"
"12457",2.398688595,2.4749,"P0241","EC_0204.jpg"
"12458",8.407502956,1.3183,"P0241","EC_0024.jpg"
"12459",8.611738149,1.2945,"P0241","EC_0157.jpg"
"12460",9.396431259,1.5875,"P0241","EC_0163.jpg"
"12461",7.773298936,1.2034,"P0241","EC_0044.jpg"
"12462",9.202945286,1.3317,"P0241","EC_0181.jpg"
"12463",8.214016984,1.3849,"P0241","EC_0183.jpg"
"12464",7.300333226,1.8538,"P0241","EC_0128.jpeg"
"12465",6.085671289,1.3647,"P0241","EC_0032.jpg"
"12466",8.557992046,1.0797,"P0241","EC_0224.jpg"
"12467",7.665806729,1.1659,"P0241","EC_0197.jpg"
"12468",9.686660217,1.6125,"P0241","EC_0219.jpg"
"12469",8.14952166,1.4191,"P0241","EC_0134.jpg"
"12470",8.772976459,1.2703,"P0241","EC_0166.jpg"
"12471",7.913038805,1.7102,"P0241","EC_0250.jpg"
"12472",7.698054391,1.5129,"P0241","EC_0206.png"
"12473",5.462216489,1.4552,"P0241","EC_0076.jpg"
"12474",10,1.309,"P0241","EC_0176.jpg"
"12475",5.171987531,1.4531,"P0241","EC_0105.jpg"
"12476",8.514995163,1.2678,"P0241","EC_0249.jpg"
"12477",9.697409438,1.3155,"P0241","EC_0169.png"
"12478",5.94593142,1.5864,"P0241","EC_0096.jpg"
"12479",7.450822315,1.3914,"P0241","EC_0007.jpg"
"12480",6.332903365,1.4497,"P0241","EC_0185.jpg"
"12481",6.537138557,1.3359,"P0241","EC_0241.jpg"
"12482",9.041706976,1.194,"P0241","EC_0092.jpg"
"12483",7.52606686,1.4292,"P0241","EC_0237.jpg"
"12484",9.589917231,2.732,"P0241","EC_0125.jpeg"
"12485",7.321831667,1.3175,"P0241","EC_0046.jpg"
"12486",8.686982694,1.3018,"P0241","EC_0136.jpg"
"12487",6.182414275,1.344,"P0241","EC_0115.jpg"
"12488",8.794474901,1.3435,"P0241","EC_0159.jpg"
"12489",8.14952166,1.6311,"P0241","EC_0161.jpg"
"12490",9.138449962,1.4336,"P0241","EC_0141.jpg"
"12491",6.472643233,4.9004,"P0241","EC_0221.jpg"
"12492",7.289584005,2.2598,"P0241","EC_0227.jpg"
"12493",7.870041922,1.6942,"P0241","EC_0214.jpg"
"12494",9.116951521,1.4425,"P0241","EC_0137.jpg"
"12495",8.794474901,1.3929,"P0241","EC_0238.jpg"
"12496",8.429001397,1.3297,"P0241","EC_0120.jpg"
"12497",7.074599592,1.3655,"P0241","EC_0121.jpg"
"12498",8.461249059,1.3435,"P0241","EC_0084.jpg"
"12499",9.514672686,1.3849,"P0241","EC_0008.jpg"
"12500",8.224766204,1.6613,"P0241","EC_0172.jpg"
"12501",10,1.4207,"P0241","EC_0056.jpg"
"12502",8.600988928,1.4046,"P0241","EC_0013.jpg"
"12503",7.827045039,1.3481,"P0241","EC_0064.jpg"
"12504",8.557992046,1.4726,"P0241","EC_0149.jpg"
"12505",7.805546598,3.5373,"P0241","EC_0210.jpg"
"12506",7.010104267,1.3924,"P0241","EC_0094.jpg"
"12507",9.224443728,1.6201,"P0241","EC_0109.jpg"
"12508",6.623132323,1.3558,"P0241","EC_0154.jpg"
"12509",9.181446845,2.4394,"P0241","EC_0098.jpg"
"12510",6.160915834,1.759,"P0241","EC_0020.jpg"
"12511",9.127700742,1.348,"P0241","EC_0119.jpg"
"12512",9.460926583,1.416,"P0241","EC_0087.jpg"
"12513",8.138772439,1.3971,"P0241","EC_0038.jpg"
"12514",7.558314522,1.3759,"P0241","EC_0160.jpg"
"12515",7.794797377,2.2043,"P0241","EC_0030.jpg"
"12516",9.009459314,1.6572,"P0241","EC_0188.jpg"
"12517",2.065462754,2.2588,"P0241","EC_0129.jpeg"
"12518",7.182091798,1.5104,"P0241","EC_0040.jpg"
"12519",8.192518542,1.5315,"P0241","EC_0055.jpg"
"12520",8.525744384,1.408,"P0241","EC_0065.jpg"
"12521",10,2.1012,"P0241","EC_0057.jpeg"
"12522",6.139417392,2.1918,"P0241","EC_0090.jpg"
"12523",8.729979576,1.4124,"P0241","EC_0150.jpg"
"12524",8.203267763,1.429,"P0241","EC_0106.jpg"
"12525",7.751800494,1.4888,"P0241","EC_0168.jpeg"
"12526",9.374932817,1.4774,"P0241","EC_0089.jpg"
"12527",9.052456197,1.4416,"P0241","EC_0147.png"
"12528",9.589917231,1.5964,"P0241","EC_0182.jpg"
"12529",7.848543481,1.4117,"P0241","EC_0167.jpg"
"12530",10,1.4541,"P0241","EC_0014.jpg"
"12531",10,1.3534,"P0241","EC_0117.jpg"
"12532",8.074277115,1.6039,"P0241","EC_0005.jpg"
"12533",9.020208535,1.4134,"P0241","EC_0006.jpg"
"12534",8.837471783,1.4061,"P0241","EC_0097.jpg"
"12535",9.686660217,1.5796,"P0241","EC_0060.jpg"
"12536",8.47199828,1.4033,"P0241","EC_0116.jpg"
"12537",7.354079329,1.3898,"P0241","EC_0010.jpg"
"12538",9.063205418,1.5892,"P0241","EC_0164.jpg"
"12539",9.56841879,1.6007,"P0241","EC_0187.jpeg"
"12540",7.945286467,1.3733,"P0241","EC_0002.jpg"
"12541",8.439750618,1.9663,"P0241","EC_0001.jpg"
"12542",8.987960873,1.3838,"P0241","EC_0015.jpg"
"12543",8.63323659,1.385,"P0241","EC_0195.jpg"
"12544",8.235515425,1.3258,"P0241","EC_0240.jpg"
"12545",9.159948404,1.9893,"P0241","EC_0037.jpg"
"12546",9.073954638,1.4251,"P0241","EC_0200.png"
"12547",8.074277115,1.8285,"P0241","EC_0173.jpg"
"12548",7.536816081,1.5207,"P0241","EC_0039.jpg"
"12549",8.762227239,1.4483,"P0241","EC_0099.jpg"
"12550",8.364506073,1.4525,"P0241","EC_0048.jpg"
"12551",8.052778674,1.435,"P0241","EC_0063.jpg"
"12552",9.331935935,1.4338,"P0241","EC_0027.jpg"
"12553",7.21433946,1.5127,"P0241","EC_0139.png"
"12554",7.966784908,1.512,"P0241","EC_0198.jpg"
"12555",8.16027088,1.4206,"P0241","EC_0193.png"
"12556",8.740728797,1.4388,"P0241","EC_0033.jpeg"
"12557",8.590239708,1.823,"P0241","EC_0201.jpg"
"12558",7.418574653,1.4151,"P0241","EC_0003.jpg"
"12559",8.192518542,1.4826,"P0241","EC_0148.jpg"
"12560",8.579490487,1.4491,"P0241","EC_0247.jpg"
"12561",7.515317639,1.3909,"P0241","EC_0053.jpg"
"12562",8.547242825,1.721,"P0241","EC_0211.jpg"
"12563",8.815973342,1.3993,"P0241","EC_0016.jpg"
"12564",9.063205418,1.777,"P0241","EC_0213.jpg"
"12565",8.246264646,1.4994,"P0241","EC_0245.jpg"
"12566",7.569063743,1.465,"P0241","EC_0246.jpg"
"12567",9.278189831,1.7378,"P0241","EC_0203.jpg"
"12568",9.138449962,1.59,"P0241","EC_0071.jpg"
"12569",9.138449962,1.5303,"P0241","EC_0229.jpg"
"12570",8.697731914,1.5707,"P0241","EC_0069.jpg"
"12571",8.63323659,1.5353,"P0241","EC_0138.png"
"12572",8.278512308,1.4481,"P0241","EC_0070.jpg"
"12573",7.311082447,1.4697,"P0241","EC_0018.jpg"
"12574",8.138772439,1.5306,"P0241","EC_0082.jpg"
"12575",8.901967107,1.4886,"P0241","EC_0042.jpg"
"12576",9.557669569,1.4524,"P0241","EC_0196.jpg"
"12577",9.450177362,1.4552,"P0241","EC_0233.jpg"
"12578",7.128345695,1.7737,"P0241","EC_0140.jpg"
"12579",8.203267763,1.4249,"P0241","EC_0236.jpg"
"12580",7.440073095,1.3396,"P0241","EC_0077.jpg"
"12581",6.354401806,1.455,"P0241","EC_0153.jpg"
"12582",6.795119854,1.4218,"P0241","EC_0093.jpg"
"12583",7.762549715,1.4918,"P0241","EC_0101.jpg"
"12584",8.224766204,1.4974,"P0241","EC_0104.jpg"
"12585",10,3.2864,"P0241","EC_0085.jpg"
"12586",10,2.1239,"P0241","EC_0083.jpg"
"12587",7.278834784,1.5786,"P0241","EC_0152.jpg"
"12588",7.816295819,1.4819,"P0241","EC_0009.jpg"
"12589",7.665806729,1.3579,"P0241","EC_0118.jpg"
"12590",7.117596474,1.4395,"P0241","EC_0017.jpg"
"12591",6.461894013,1.5648,"P0241","EC_0248.jpg"
"12592",5.94593142,1.4221,"P0241","EC_0244.jpg"
"12593",6.311404923,1.3359,"P0241","EC_0012.jpg"
"12594",5.913683758,1.8395,"P0241","EC_0049.jpg"
"12595",5.397721165,1.3441,"P0241","EC_0029.jpg"
"12596",4.494786628,1.5977,"P0241","EC_0226.jpg"
"12597",7.311082447,1.4763,"P0241","EC_0034.jpg"
"12598",5.849188434,1.4056,"P0241","EC_0028.jpg"
"12599",7.096098033,1.5073,"P0241","EC_0047.jpg"
"12600",7.644308288,1.592,"P0241","EC_0158.jpg"
"12601",5.97826087,2.687,"P0243","EC_0139.png"
"12602",9.02173913,2.806,"P0243","EC_0006.jpg"
"12603",3.059006211,2.727,"P0243","EC_0164.jpg"
"12604",7.919254658,2.879,"P0243","EC_0121.jpg"
"12605",9.937888199,2.972,"P0243","EC_0050.jpg"
"12606",0.01552795,2.564,"P0243","EC_0235.jpg"
"12607",9.968944099,2.455,"P0243","EC_0221.jpg"
"12608",9.937888199,2.138,"P0243","EC_0064.jpg"
"12609",8.897515528,2.663,"P0243","EC_0095.jpg"
"12610",3.928571429,2.421,"P0243","EC_0017.jpg"
"12611",7.01863354,2.544,"P0243","EC_0239.jpg"
"12612",4.98447205,2.237,"P0243","EC_0046.jpg"
"12613",8.695652174,3.622,"P0243","EC_0087.jpg"
"12614",6.956521739,4.205,"P0243","EC_0090.jpg"
"12615",1.98757764,3.442,"P0243","EC_0063.jpg"
"12616",9.02173913,3.572,"P0243","EC_0232.jpg"
"12617",7.98136646,4.329,"P0243","EC_0106.jpg"
"12618",2.01863354,2.779,"P0243","EC_0201.jpg"
"12619",0.077639752,5.805,"P0243","EC_0242.jpg"
"12620",9.02173913,2.97,"P0243","EC_0096.jpg"
"12621",1.956521739,2.972,"P0243","EC_0007.jpg"
"12622",5.97826087,2.625,"P0243","EC_0176.jpg"
"12623",9.037267081,3.843,"P0243","EC_0152.jpg"
"12624",9.98447205,2.376,"P0243","EC_0205.jpg"
"12625",7.034161491,2.64,"P0243","EC_0038.jpg"
"12626",5.093167702,2.528,"P0243","EC_0177.jpg"
"12627",6.956521739,2.722,"P0243","EC_0173.jpg"
"12628",3.01242236,3.79,"P0243","EC_0230.jpg"
"12629",0.046583851,3.564,"P0243","EC_0072.jpg"
"12630",7.98136646,2.589,"P0243","EC_0065.jpg"
"12631",7.01863354,3.172,"P0243","EC_0092.jpg"
"12632",0,5.939,"P0243","EC_0219.jpg"
"12633",2.919254658,2.64,"P0243","EC_0153.jpg"
"12634",6.040372671,2.559,"P0243","EC_0060.jpg"
"12635",2.919254658,2.439,"P0243","EC_0237.jpg"
"12636",2.01863354,2.905,"P0243","EC_0180.jpg"
"12637",2.034161491,1.942,"P0243","EC_0062.jpg"
"12638",4.98447205,2.472,"P0243","EC_0085.jpg"
"12639",9.98447205,3.422,"P0243","EC_0083.jpg"
"12640",6.055900621,2.522,"P0243","EC_0057.jpeg"
"12641",3.959627329,2.806,"P0243","EC_0118.jpg"
"12642",0.077639752,2.539,"P0243","EC_0209.jpg"
"12643",7.080745342,2.907,"P0243","EC_0036.jpeg"
"12644",5.900621118,2.593,"P0243","EC_0200.png"
"12645",2.950310559,2.706,"P0243","EC_0188.jpg"
"12646",4.875776398,3.078,"P0243","EC_0103.jpg"
"12647",2.127329193,2.621,"P0243","EC_0125.jpeg"
"12648",1.02484472,2.673,"P0243","EC_0249.jpg"
"12649",5.077639752,2.74,"P0243","EC_0194.jpg"
"12650",6.956521739,2.344,"P0243","EC_0003.jpg"
"12651",7.810559006,2.737,"P0243","EC_0104.jpg"
"12652",7.096273292,2.487,"P0243","EC_0086.jpg"
"12653",3.913043478,2.322,"P0243","EC_0113.jpg"
"12654",5.124223602,2.305,"P0243","EC_0061.jpg"
"12655",6.180124224,2.422,"P0243","EC_0080.jpg"
"12656",2.779503106,2.292,"P0243","EC_0181.jpg"
"12657",0.031055901,4.105,"P0243","EC_0131.jpg"
"12658",6.180124224,4.038,"P0243","EC_0076.jpg"
"12659",0.01552795,3.278,"P0243","EC_0226.jpg"
"12660",7.670807453,3.654,"P0243","EC_0073.jpg"
"12661",2.98136646,3.155,"P0243","EC_0129.jpeg"
"12662",5.621118012,2.639,"P0243","EC_0098.jpg"
"12663",3.043478261,2.322,"P0243","EC_0015.jpg"
"12664",4.347826087,2.887,"P0243","EC_0039.jpg"
"12665",0.170807453,2.411,"P0243","EC_0088.jpg"
"12666",0.170807453,1.992,"P0243","EC_0071.jpg"
"12667",0.170807453,1.928,"P0243","EC_0142.jpg"
"12668",9.968944099,3.226,"P0243","EC_0079.jpg"
"12669",9.751552795,2.191,"P0243","EC_0041.jpg"
"12670",8.291925466,2.821,"P0243","EC_0081.jpg"
"12671",8.913043478,2.479,"P0243","EC_0016.jpg"
"12672",0.155279503,2.996,"P0243","EC_0204.jpg"
"12673",2.51552795,2.672,"P0243","EC_0093.jpg"
"12674",5.139751553,2.389,"P0243","EC_0168.jpeg"
"12675",6.164596273,2.321,"P0243","EC_0111.jpg"
"12676",3.835403727,2.559,"P0243","EC_0169.png"
"12677",6.086956522,2.438,"P0243","EC_0002.jpg"
"12678",7.686335404,2.089,"P0243","EC_0108.jpg"
"12679",8.711180124,2.343,"P0243","EC_0241.jpg"
"12680",0.279503106,3.188,"P0243","EC_0228.jpg"
"12681",2.826086957,2.722,"P0243","EC_0165.jpg"
"12682",5.947204969,3.078,"P0243","EC_0117.jpg"
"12683",5.947204969,2.039,"P0243","EC_0170.jpg"
"12684",0,2.739,"P0243","EC_0187.jpeg"
"12685",3.555900621,2.288,"P0243","EC_0027.jpg"
"12686",6.242236025,2.222,"P0243","EC_0158.jpg"
"12687",3.431677019,2.49,"P0243","EC_0028.jpg"
"12688",5.543478261,2.905,"P0243","EC_0245.jpg"
"12689",5.947204969,3.127,"P0243","EC_0094.jpg"
"12690",6.568322981,2.672,"P0243","EC_0133.jpg"
"12691",0.139751553,3.143,"P0243","EC_0244.jpg"
"12692",6.940993789,3.471,"P0243","EC_0157.jpg"
"12693",6.98757764,2.027,"P0243","EC_0034.jpg"
"12694",6.98757764,1.844,"P0243","EC_0047.jpg"
"12695",4.114906832,2.604,"P0243","EC_0185.jpg"
"12696",6.149068323,2.296,"P0243","EC_0001.jpg"
"12697",2.826086957,2.273,"P0243","EC_0051.jpg"
"12698",5.838509317,2.042,"P0243","EC_0231.jpg"
"12699",1.273291925,2.761,"P0243","EC_0203.jpg"
"12700",3.105590062,3.655,"P0243","EC_0018.jpg"
"12701",0.093167702,2.605,"P0243","EC_0161.jpg"
"12702",5.791925466,2.172,"P0243","EC_0233.jpg"
"12703",6.055900621,2.005,"P0243","EC_0135.jpg"
"12704",8.385093168,2.411,"P0243","EC_0022.jpg"
"12705",6.878881988,2.997,"P0243","EC_0195.jpg"
"12706",1.909937888,3.254,"P0243","EC_0044.jpg"
"12707",1.956521739,2.372,"P0243","EC_0070.jpg"
"12708",0,3.172,"P0243","EC_0040.jpg"
"12709",7.577639752,2.556,"P0243","EC_0124.jpeg"
"12710",6.118012422,2.688,"P0243","EC_0011.jpg"
"12711",9.829192547,3.56,"P0243","EC_0067.jpg"
"12712",1.102484472,3.039,"P0243","EC_0005.jpg"
"12713",7.158385093,2.444,"P0243","EC_0105.jpg"
"12714",8.291925466,2.122,"P0243","EC_0119.jpg"
"12715",3.804347826,3.538,"P0243","EC_0048.jpg"
"12716",7.903726708,1.976,"P0243","EC_0223.jpg"
"12717",9.782608696,2.289,"P0243","EC_0032.jpg"
"12718",9.658385093,2.641,"P0243","EC_0156.jpg"
"12719",7.080745342,2.471,"P0243","EC_0247.jpg"
"12720",5.605590062,2.138,"P0243","EC_0250.jpg"
"12721",0.605590062,2.339,"P0243","EC_0183.jpg"
"12722",0.186335404,1.943,"P0243","EC_0174.jpg"
"12723",0.139751553,2.772,"P0243","EC_0053.jpg"
"12724",0.139751553,1.788,"P0243","EC_0055.jpg"
"12725",3.49378882,2.442,"P0243","EC_0213.jpg"
"12726",6.972049689,2.178,"P0243","EC_0010.jpg"
"12727",7.934782609,2.176,"P0243","EC_0149.jpg"
"12728",1.583850932,2.644,"P0243","EC_0222.jpg"
"12729",9.937888199,3.905,"P0243","EC_0008.jpg"
"12730",6.381987578,2.346,"P0243","EC_0172.jpg"
"12731",5.636645963,2.689,"P0243","EC_0147.png"
"12732",7.344720497,2.373,"P0243","EC_0196.jpg"
"12733",5.48136646,2.305,"P0243","EC_0193.png"
"12734",6.645962733,2.071,"P0243","EC_0211.jpg"
"12735",3.959627329,2.489,"P0243","EC_0234.jpg"
"12736",6.940993789,2.023,"P0243","EC_0029.jpg"
"12737",8.447204969,1.872,"P0243","EC_0109.jpg"
"12738",6.195652174,2.611,"P0243","EC_0068.jpg"
"12739",5.99378882,2.627,"P0243","EC_0100.jpg"
"12740",8.47826087,2.172,"P0243","EC_0236.jpg"
"12741",9.316770186,2.439,"P0243","EC_0031.jpg"
"12742",2.732919255,2.99,"P0243","EC_0206.png"
"12743",8.291925466,3.175,"P0243","EC_0207.jpg"
"12744",9.549689441,2.022,"P0243","EC_0132.jpg"
"12745",5.791925466,3.408,"P0243","EC_0140.jpg"
"12746",6.133540373,2.129,"P0243","EC_0210.jpg"
"12747",5.51242236,2.624,"P0243","EC_0077.jpg"
"12748",7.98136646,2.023,"P0243","EC_0082.jpg"
"12749",0.295031056,2.423,"P0243","EC_0162.jpg"
"12750",0.295031056,1.797,"P0243","EC_0198.jpg"
"12751",5.434782609,3.14,"P0243","EC_0182.jpg"
"12752",5.403726708,2.126,"P0243","EC_0224.jpg"
"12753",2.577639752,2.322,"P0243","EC_0159.jpg"
"12754",0.621118012,2.589,"P0243","EC_0033.jpeg"
"12755",4.456521739,2.578,"P0243","EC_0099.jpg"
"12756",9.906832298,3.105,"P0243","EC_0042.jpg"
"12757",3.50931677,2.511,"P0243","EC_0075.jpg"
"12758",0.248447205,2.42,"P0243","EC_0134.jpg"
"12759",0.248447205,1.791,"P0243","EC_0012.jpg"
"12760",6.614906832,2.422,"P0243","EC_0138.png"
"12761",5.683229814,2.245,"P0243","EC_0102.jpg"
"12762",3.214285714,2.671,"P0243","EC_0128.jpeg"
"12763",6.754658385,2.422,"P0243","EC_0229.jpg"
"12764",6.863354037,1.972,"P0243","EC_0058.jpg"
"12765",6.785714286,2.089,"P0243","EC_0069.jpg"
"12766",8.913043478,2.175,"P0243","EC_0014.jpg"
"12767",8.338509317,2.53,"P0243","EC_0024.jpg"
"12768",6.055900621,2.523,"P0243","EC_0074.jpg"
"12769",4.254658385,3.156,"P0243","EC_0136.jpg"
"12770",0.232919255,3.207,"P0243","EC_0184.jpg"
"12771",6.118012422,2.261,"P0243","EC_0160.jpg"
"12772",7.422360248,3.456,"P0243","EC_0167.jpg"
"12773",7.204968944,2.572,"P0243","EC_0148.jpg"
"12774",7.763975155,3.354,"P0243","EC_0123.jpeg"
"12775",2.034161491,2.655,"P0243","EC_0097.jpg"
"12776",7.531055901,2.441,"P0243","EC_0151.jpg"
"12777",7.577639752,1.761,"P0243","EC_0115.jpg"
"12778",6.692546584,2.122,"P0243","EC_0009.jpg"
"12779",0.170807453,2.447,"P0243","EC_0054.jpg"
"12780",6.149068323,2.13,"P0243","EC_0238.jpg"
"12781",5.434782609,3.26,"P0243","EC_0154.jpg"
"12782",6.00931677,2.472,"P0243","EC_0049.jpg"
"12783",3.944099379,2.197,"P0243","EC_0214.jpg"
"12784",5.698757764,2.405,"P0243","EC_0166.jpg"
"12785",5.885093168,2.004,"P0243","EC_0171.jpg"
"12786",8.385093168,3.638,"P0243","EC_0120.jpg"
"12787",7.127329193,2.341,"P0243","EC_0066.jpg"
"12788",4.98447205,2.888,"P0243","EC_0150.jpg"
"12789",3.52484472,1.956,"P0243","EC_0248.jpg"
"12790",5.636645963,2.822,"P0243","EC_0089.jpg"
"12791",3.307453416,2.912,"P0243","EC_0202.jpg"
"12792",5.108695652,2.439,"P0243","EC_0197.jpg"
"12793",5.931677019,2.243,"P0243","EC_0019.jpg"
"12794",7.437888199,2.106,"P0243","EC_0020.jpg"
"12795",0.124223602,2.526,"P0243","EC_0056.jpg"
"12796",7.810559006,2.971,"P0243","EC_0116.jpg"
"12797",8.742236025,2.325,"P0243","EC_0137.jpg"
"12798",8.105590062,3.389,"P0243","EC_0013.jpg"
"12799",6.940993789,2.675,"P0243","EC_0240.jpg"
"12800",5.838509317,2.729,"P0243","EC_0199.jpg"
"12801",0,2.755,"P0243","EC_0059.jpg"
"12802",5.590062112,2.708,"P0243","EC_0030.jpg"
"12803",3.136645963,2.208,"P0243","EC_0084.jpg"
"12804",0.186335404,2.376,"P0243","EC_0163.jpg"
"12805",6.816770186,2.346,"P0243","EC_0227.jpg"
"12806",7.686335404,1.928,"P0243","EC_0141.jpg"
"12807",5.357142857,2.514,"P0243","EC_0246.jpg"
"12808",6.754658385,2.804,"P0243","EC_0243.jpg"
"12809",5.962732919,2.358,"P0243","EC_0101.jpg"
"12810",5.838509317,2.041,"P0243","EC_0037.jpg"
"12811",7.05026455,2.65,"P0249","EC_0069.jpg"
"12812",4.867724868,3.458,"P0249","EC_0036.jpeg"
"12813",2.94973545,2.859,"P0249","EC_0177.jpg"
"12814",6.944444444,3.463,"P0249","EC_0241.jpg"
"12815",8.068783069,2.376,"P0249","EC_0085.jpg"
"12816",0.013227513,4.49,"P0249","EC_0247.jpg"
"12817",1.970899471,2.957,"P0249","EC_0123.jpeg"
"12818",6.005291005,3.073,"P0249","EC_0240.jpg"
"12819",8.015873016,2.879,"P0249","EC_0105.jpg"
"12820",5.939153439,2.74,"P0249","EC_0213.jpg"
"12821",1.970899471,2.823,"P0249","EC_0015.jpg"
"12822",0.952380952,2.949,"P0249","EC_0090.jpg"
"12823",3.941798942,3.174,"P0249","EC_0202.jpg"
"12824",8.941798942,2.84,"P0249","EC_0074.jpg"
"12825",3.968253968,2.779,"P0249","EC_0013.jpg"
"12826",2.936507937,2.794,"P0249","EC_0154.jpg"
"12827",6.044973545,2.907,"P0249","EC_0244.jpg"
"12828",4.947089947,2.625,"P0249","EC_0224.jpg"
"12829",4.947089947,2.689,"P0249","EC_0214.jpg"
"12830",6.984126984,2.423,"P0249","EC_0031.jpg"
"12831",6.044973545,3.09,"P0249","EC_0230.jpg"
"12832",2.037037037,3.525,"P0249","EC_0198.jpg"
"12833",3.915343915,3.679,"P0249","EC_0235.jpg"
"12834",0.052910053,2.894,"P0249","EC_0226.jpg"
"12835",6.084656085,3.058,"P0249","EC_0152.jpg"
"12836",3.915343915,3.723,"P0249","EC_0219.jpg"
"12837",2.87037037,2.645,"P0249","EC_0108.jpg"
"12838",1.984126984,2.863,"P0249","EC_0099.jpg"
"12839",0.013227513,2.596,"P0249","EC_0140.jpg"
"12840",7.87037037,2.877,"P0249","EC_0133.jpg"
"12841",7.91005291,2.556,"P0249","EC_0073.jpg"
"12842",5.952380952,3.412,"P0249","EC_0185.jpg"
"12843",6.031746032,2.925,"P0249","EC_0095.jpg"
"12844",2.989417989,2.641,"P0249","EC_0020.jpg"
"12845",7.91005291,2.625,"P0249","EC_0016.jpg"
"12846",1.997354497,3.83,"P0249","EC_0022.jpg"
"12847",7.023809524,3.055,"P0249","EC_0008.jpg"
"12848",2.989417989,2.81,"P0249","EC_0094.jpg"
"12849",4.880952381,2.63,"P0249","EC_0089.jpg"
"12850",8.968253968,2.58,"P0249","EC_0067.jpg"
"12851",0.912698413,3.273,"P0249","EC_0206.png"
"12852",3.002645503,3.152,"P0249","EC_0064.jpg"
"12853",7.857142857,3.124,"P0249","EC_0157.jpg"
"12854",5,2.794,"P0249","EC_0040.jpg"
"12855",3.968253968,2.628,"P0249","EC_0120.jpg"
"12856",3.955026455,3.296,"P0249","EC_0136.jpg"
"12857",2.010582011,2.957,"P0249","EC_0234.jpg"
"12858",4.007936508,4.108,"P0249","EC_0032.jpg"
"12859",0.886243386,2.773,"P0249","EC_0148.jpg"
"12860",5.992063492,3.562,"P0249","EC_0248.jpg"
"12861",8.015873016,3.707,"P0249","EC_0116.jpg"
"12862",0,7.714,"P0249","EC_0129.jpeg"
"12863",5.965608466,2.975,"P0249","EC_0044.jpg"
"12864",7.91005291,3.426,"P0249","EC_0151.jpg"
"12865",3.002645503,2.727,"P0249","EC_0196.jpg"
"12866",5.079365079,3.009,"P0249","EC_0197.jpg"
"12867",3.928571429,3.593,"P0249","EC_0180.jpg"
"12868",4.920634921,3.314,"P0249","EC_0062.jpg"
"12869",3.015873016,2.426,"P0249","EC_0071.jpg"
"12870",1.944444444,2.976,"P0249","EC_0006.jpg"
"12871",1.044973545,3.757,"P0249","EC_0128.jpeg"
"12872",1.865079365,2.798,"P0249","EC_0200.png"
"12873",6.005291005,2.825,"P0249","EC_0093.jpg"
"12874",6.838624339,2.956,"P0249","EC_0080.jpg"
"12875",5,2.839,"P0249","EC_0007.jpg"
"12876",0.03968254,3.34,"P0249","EC_0199.jpg"
"12877",1.031746032,2.923,"P0249","EC_0048.jpg"
"12878",4.007936508,2.625,"P0249","EC_0041.jpg"
"12879",1.970899471,2.722,"P0249","EC_0011.jpg"
"12880",2.896825397,3.797,"P0249","EC_0182.jpg"
"12881",4.907407407,4.007,"P0249","EC_0172.jpg"
"12882",3.015873016,2.691,"P0249","EC_0056.jpg"
"12883",3.994708995,3.199,"P0249","EC_0010.jpg"
"12884",2.989417989,3.142,"P0249","EC_0165.jpg"
"12885",7.962962963,3.174,"P0249","EC_0027.jpg"
"12886",2.962962963,4.195,"P0249","EC_0183.jpg"
"12887",5.965608466,3.199,"P0249","EC_0054.jpg"
"12888",8.015873016,3.489,"P0249","EC_0117.jpg"
"12889",0.952380952,2.69,"P0249","EC_0049.jpg"
"12890",2.989417989,2.444,"P0249","EC_0134.jpg"
"12891",1.997354497,4.326,"P0249","EC_0084.jpg"
"12892",6.031746032,2.826,"P0249","EC_0221.jpg"
"12893",4.047619048,3.376,"P0249","EC_0103.jpg"
"12894",5.965608466,2.442,"P0249","EC_0070.jpg"
"12895",3.968253968,4.511,"P0249","EC_0174.jpg"
"12896",1.018518519,2.856,"P0249","EC_0232.jpg"
"12897",1.904761905,3.056,"P0249","EC_0024.jpg"
"12898",7.962962963,2.923,"P0249","EC_0059.jpg"
"12899",0.092592593,3.308,"P0249","EC_0033.jpeg"
"12900",1.891534392,3.075,"P0249","EC_0121.jpg"
"12901",4.007936508,2.956,"P0249","EC_0167.jpg"
"12902",2.962962963,3.341,"P0249","EC_0131.jpg"
"12903",5.886243386,3.162,"P0249","EC_0249.jpg"
"12904",3.915343915,4.013,"P0249","EC_0237.jpg"
"12905",0.925925926,3.107,"P0249","EC_0243.jpg"
"12906",6.984126984,2.891,"P0249","EC_0101.jpg"
"12907",6.997354497,3.329,"P0249","EC_0029.jpg"
"12908",3.055555556,3.007,"P0249","EC_0187.jpeg"
"12909",4.933862434,3.207,"P0249","EC_0058.jpg"
"12910",2.076719577,3.44,"P0249","EC_0222.jpg"
"12911",6.865079365,2.526,"P0249","EC_0119.jpg"
"12912",8.015873016,2.84,"P0249","EC_0194.jpg"
"12913",0.952380952,2.641,"P0249","EC_0005.jpg"
"12914",0.066137566,4.389,"P0249","EC_0047.jpg"
"12915",5.899470899,3.565,"P0249","EC_0115.jpg"
"12916",1.904761905,3.173,"P0249","EC_0163.jpg"
"12917",4.920634921,2.581,"P0249","EC_0169.png"
"12918",9.007936508,3.445,"P0249","EC_0205.jpg"
"12919",6.970899471,2.589,"P0249","EC_0039.jpg"
"12920",3.994708995,3.806,"P0249","EC_0209.jpg"
"12921",5.965608466,2.849,"P0249","EC_0046.jpg"
"12922",2.962962963,2.611,"P0249","EC_0106.jpg"
"12923",6.150793651,3.54,"P0249","EC_0250.jpg"
"12924",2.989417989,2.697,"P0249","EC_0060.jpg"
"12925",8.902116402,2.673,"P0249","EC_0159.jpg"
"12926",9.96031746,3.473,"P0249","EC_0037.jpg"
"12927",6.997354497,2.595,"P0249","EC_0160.jpg"
"12928",7.91005291,2.407,"P0249","EC_0104.jpg"
"12929",1.917989418,2.663,"P0249","EC_0201.jpg"
"12930",3.915343915,2.828,"P0249","EC_0153.jpg"
"12931",5.992063492,4.724,"P0249","EC_0028.jpg"
"12932",3.981481481,2.675,"P0249","EC_0170.jpg"
"12933",1.904761905,3.442,"P0249","EC_0088.jpg"
"12934",3.968253968,2.59,"P0249","EC_0210.jpg"
"12935",2.883597884,2.727,"P0249","EC_0017.jpg"
"12936",5.939153439,2.63,"P0249","EC_0068.jpg"
"12937",6.984126984,2.554,"P0249","EC_0223.jpg"
"12938",4.96031746,3.014,"P0249","EC_0019.jpg"
"12939",6.097883598,2.596,"P0249","EC_0137.jpg"
"12940",3.981481481,4.521,"P0249","EC_0065.jpg"
"12941",0.013227513,3.523,"P0249","EC_0227.jpg"
"12942",8.015873016,2.388,"P0249","EC_0057.jpeg"
"12943",3.029100529,2.823,"P0249","EC_0051.jpg"
"12944",6.984126984,3.273,"P0249","EC_0098.jpg"
"12945",6.031746032,3.895,"P0249","EC_0030.jpg"
"12946",3.968253968,3.241,"P0249","EC_0079.jpg"
"12947",3.002645503,2.665,"P0249","EC_0082.jpg"
"12948",7.923280423,3.039,"P0249","EC_0207.jpg"
"12949",0.013227513,2.858,"P0249","EC_0124.jpeg"
"12950",1.997354497,6.398,"P0249","EC_0135.jpg"
"12951",7.976190476,3.459,"P0249","EC_0072.jpg"
"12952",6.891534392,2.627,"P0249","EC_0236.jpg"
"12953",1.997354497,2.782,"P0249","EC_0063.jpg"
"12954",6.904761905,2.424,"P0249","EC_0132.jpg"
"12955",7.791005291,3.222,"P0249","EC_0003.jpg"
"12956",1.997354497,3,"P0249","EC_0195.jpg"
"12957",5.925925926,4.073,"P0249","EC_0166.jpg"
"12958",5.925925926,2.79,"P0249","EC_0164.jpg"
"12959",5,2.611,"P0249","EC_0211.jpg"
"12960",7.91005291,4.006,"P0249","EC_0077.jpg"
"12961",7.023809524,2.85,"P0249","EC_0075.jpg"
"12962",4.034391534,2.96,"P0249","EC_0147.png"
"12963",7.037037037,2.707,"P0249","EC_0050.jpg"
"12964",7.936507937,2.933,"P0249","EC_0018.jpg"
"12965",0.066137566,2.64,"P0249","EC_0161.jpg"
"12966",3.928571429,3.276,"P0249","EC_0118.jpg"
"12967",3.968253968,4.842,"P0249","EC_0066.jpg"
"12968",6.944444444,2.667,"P0249","EC_0246.jpg"
"12969",3.968253968,3.525,"P0249","EC_0083.jpg"
"12970",7.010582011,3.708,"P0249","EC_0034.jpg"
"12971",4.933862434,2.892,"P0249","EC_0102.jpg"
"12972",3.902116402,2.724,"P0249","EC_0245.jpg"
"12973",1.944444444,3.658,"P0249","EC_0087.jpg"
"12974",1.044973545,3.347,"P0249","EC_0142.jpg"
"12975",2.896825397,2.533,"P0249","EC_0012.jpg"
"12976",5.026455026,3.588,"P0249","EC_0092.jpg"
"12977",6.018518519,2.714,"P0249","EC_0138.png"
"12978",6.997354497,3.444,"P0249","EC_0158.jpg"
"12979",3.928571429,3.743,"P0249","EC_0109.jpg"
"12980",8.915343915,3.197,"P0249","EC_0193.png"
"12981",8.029100529,2.607,"P0249","EC_0168.jpeg"
"12982",3.121693122,3.074,"P0249","EC_0097.jpg"
"12983",7.08994709,2.872,"P0249","EC_0076.jpg"
"12984",0.145502646,3.466,"P0249","EC_0204.jpg"
"12985",5.978835979,2.877,"P0249","EC_0173.jpg"
"12986",5.026455026,3.608,"P0249","EC_0086.jpg"
"12987",8.042328042,2.624,"P0249","EC_0242.jpg"
"12988",5.952380952,3.505,"P0249","EC_0038.jpg"
"12989",3.082010582,2.817,"P0249","EC_0233.jpg"
"12990",8.888888889,2.489,"P0249","EC_0113.jpg"
"12991",6.970899471,2.356,"P0249","EC_0014.jpg"
"12992",6.970899471,2.347,"P0249","EC_0009.jpg"
"12993",3.042328042,2.806,"P0249","EC_0176.jpg"
"12994",8.915343915,5.975,"P0249","EC_0184.jpg"
"12995",5.03968254,11.475,"P0249","EC_0181.jpg"
"12996",1.917989418,3.708,"P0249","EC_0156.jpg"
"12997",0.03968254,2.942,"P0249","EC_0002.jpg"
"12998",9.087301587,3.092,"P0249","EC_0149.jpg"
"12999",2.896825397,3.389,"P0249","EC_0061.jpg"
"13000",3.968253968,2.977,"P0249","EC_0053.jpg"
"13001",6.865079365,2.607,"P0249","EC_0188.jpg"
"13002",4.047619048,3.283,"P0249","EC_0239.jpg"
"13003",5,3.188,"P0249","EC_0081.jpg"
"13004",2.063492063,2.708,"P0249","EC_0141.jpg"
"13005",8.029100529,2.665,"P0249","EC_0139.png"
"13006",3.002645503,2.678,"P0249","EC_0238.jpg"
"13007",5.952380952,2.965,"P0249","EC_0042.jpg"
"13008",6.984126984,6.639,"P0249","EC_0096.jpg"
"13009",6.931216931,4.555,"P0249","EC_0125.jpeg"
"13010",7.923280423,3.189,"P0249","EC_0100.jpg"
"13011",0.026455026,3.19,"P0249","EC_0162.jpg"
"13012",2.023809524,2.641,"P0249","EC_0150.jpg"
"13013",6.944444444,2.857,"P0249","EC_0229.jpg"
"13014",4.907407407,3.424,"P0249","EC_0055.jpg"
"13015",1.865079365,3.23,"P0249","EC_0228.jpg"
"13016",7.976190476,3.257,"P0249","EC_0171.jpg"
"13017",5.965608466,3,"P0249","EC_0231.jpg"
"13018",4.986772487,3.24,"P0249","EC_0111.jpg"
"13019",6.944444444,2.727,"P0249","EC_0001.jpg"
"13020",6.018518519,3.132,"P0249","EC_0203.jpg"
"13021",9.973544974,4.9831,"P0253","EC_0121.jpg"
"13022",7.976190476,4.0357,"P0253","EC_0064.jpg"
"13023",9.920634921,6.2605,"P0253","EC_0125.jpeg"
"13024",0.03968254,3.2501,"P0253","EC_0141.jpg"
"13025",6.970899471,4.9521,"P0253","EC_0202.jpg"
"13026",4.973544974,4.4805,"P0253","EC_0119.jpg"
"13027",8.002645503,4.3596,"P0253","EC_0169.png"
"13028",7.936507937,3.3401,"P0253","EC_0070.jpg"
"13029",9.947089947,3.6767,"P0253","EC_0073.jpg"
"13030",4.933862434,5.6804,"P0253","EC_0195.jpg"
"13031",9.920634921,5.8921,"P0253","EC_0011.jpg"
"13032",7.962962963,4.9947,"P0253","EC_0241.jpg"
"13033",9.986772487,3.2779,"P0253","EC_0117.jpg"
"13034",4.973544974,4.0121,"P0253","EC_0222.jpg"
"13035",9.034391534,6.0621,"P0253","EC_0131.jpg"
"13036",3.941798942,5.2621,"P0253","EC_0016.jpg"
"13037",6.071428571,5.0293,"P0253","EC_0058.jpg"
"13038",4.894179894,4.0792,"P0253","EC_0246.jpg"
"13039",6.984126984,4.0092,"P0253","EC_0248.jpg"
"13040",9.947089947,3.5441,"P0253","EC_0003.jpg"
"13041",9.947089947,3.2527,"P0253","EC_0245.jpg"
"13042",1.944444444,5.0948,"P0253","EC_0148.jpg"
"13043",9.947089947,3.2825,"P0253","EC_0209.jpg"
"13044",5.013227513,5.1493,"P0253","EC_0205.jpg"
"13045",7.923280423,5.4334,"P0253","EC_0133.jpg"
"13046",0.132275132,6.41,"P0253","EC_0198.jpg"
"13047",9.973544974,2.9054,"P0253","EC_0096.jpg"
"13048",4.947089947,3.3945,"P0253","EC_0228.jpg"
"13049",6.970899471,4.1657,"P0253","EC_0044.jpg"
"13050",8.941798942,3.911,"P0253","EC_0154.jpg"
"13051",9.96031746,3.9114,"P0253","EC_0071.jpg"
"13052",0.013227513,3.7455,"P0253","EC_0199.jpg"
"13053",0.052910053,4.9578,"P0253","EC_0182.jpg"
"13054",0.026455026,3.4785,"P0253","EC_0069.jpg"
"13055",0.013227513,3.8312,"P0253","EC_0049.jpg"
"13056",0,4.7568,"P0253","EC_0247.jpg"
"13057",9.973544974,3.7924,"P0253","EC_0116.jpg"
"13058",0.03968254,4.6825,"P0253","EC_0094.jpg"
"13059",9.920634921,3.3575,"P0253","EC_0085.jpg"
"13060",8.002645503,4.1263,"P0253","EC_0238.jpg"
"13061",9.947089947,3.8616,"P0253","EC_0230.jpg"
"13062",0,3.9773,"P0253","EC_0082.jpg"
"13063",9.947089947,3.9973,"P0253","EC_0072.jpg"
"13064",0.052910053,6.1286,"P0253","EC_0128.jpeg"
"13065",9.973544974,2.8288,"P0253","EC_0118.jpg"
"13066",9.96031746,3.4322,"P0253","EC_0066.jpg"
"13067",9.96031746,2.3318,"P0253","EC_0237.jpg"
"13068",0,3.343,"P0253","EC_0081.jpg"
"13069",9.828042328,3.9923,"P0253","EC_0037.jpg"
"13070",0,2.9536,"P0253","EC_0054.jpg"
"13071",10,5.0801,"P0253","EC_0102.jpg"
"13072",9.96031746,3.0432,"P0253","EC_0018.jpg"
"13073",0,6.6384,"P0253","EC_0243.jpg"
"13074",4.947089947,3.0259,"P0253","EC_0197.jpg"
"13075",6.984126984,4.5026,"P0253","EC_0172.jpg"
"13076",0.013227513,4.494,"P0253","EC_0152.jpg"
"13077",9.907407407,4.061,"P0253","EC_0056.jpg"
"13078",9.986772487,4.0745,"P0253","EC_0080.jpg"
"13079",0.052910053,6.0005,"P0253","EC_0033.jpeg"
"13080",0,3.6828,"P0253","EC_0160.jpg"
"13081",0.013227513,2.2772,"P0253","EC_0211.jpg"
"13082",9.973544974,4.8516,"P0253","EC_0138.png"
"13083",9.986772487,3.0649,"P0253","EC_0063.jpg"
"13084",9.920634921,2.7118,"P0253","EC_0093.jpg"
"13085",0.052910053,3.1884,"P0253","EC_0234.jpg"
"13086",9.96031746,3.5866,"P0253","EC_0034.jpg"
"13087",5.013227513,3.3767,"P0253","EC_0051.jpg"
"13088",9.907407407,3.7513,"P0253","EC_0067.jpg"
"13089",9.96031746,3.0921,"P0253","EC_0086.jpg"
"13090",0.092592593,3.3103,"P0253","EC_0047.jpg"
"13091",9.986772487,3.0742,"P0253","EC_0149.jpg"
"13092",5.052910053,3.8281,"P0253","EC_0200.png"
"13093",0.03968254,3.3668,"P0253","EC_0164.jpg"
"13094",0.03968254,3.3458,"P0253","EC_0159.jpg"
"13095",0.013227513,3.5431,"P0253","EC_0214.jpg"
"13096",9.96031746,3.4706,"P0253","EC_0042.jpg"
"13097",8.029100529,3.9112,"P0253","EC_0176.jpg"
"13098",9.986772487,3.0436,"P0253","EC_0046.jpg"
"13099",9.986772487,2.266,"P0253","EC_0224.jpg"
"13100",9.986772487,2.4337,"P0253","EC_0109.jpg"
"13101",0,3.4988,"P0253","EC_0139.png"
"13102",0,3.3985,"P0253","EC_0136.jpg"
"13103",9.96031746,3.4825,"P0253","EC_0231.jpg"
"13104",7.05026455,3.3181,"P0253","EC_0250.jpg"
"13105",9.060846561,3.6774,"P0253","EC_0031.jpg"
"13106",0.026455026,3.2586,"P0253","EC_0048.jpg"
"13107",9.920634921,2.6245,"P0253","EC_0092.jpg"
"13108",0.052910053,3.9756,"P0253","EC_0207.jpg"
"13109",0.092592593,3.848,"P0253","EC_0103.jpg"
"13110",0.026455026,4.4351,"P0253","EC_0028.jpg"
"13111",9.947089947,3.0302,"P0253","EC_0010.jpg"
"13112",9.973544974,3.6431,"P0253","EC_0083.jpg"
"13113",0,4.8186,"P0253","EC_0219.jpg"
"13114",0,3.3428,"P0253","EC_0177.jpg"
"13115",5.013227513,4.8191,"P0253","EC_0111.jpg"
"13116",0,4.8938,"P0253","EC_0129.jpeg"
"13117",8.015873016,4.2896,"P0253","EC_0232.jpg"
"13118",9.947089947,2.9918,"P0253","EC_0015.jpg"
"13119",9.96031746,3.2142,"P0253","EC_0029.jpg"
"13120",9.96031746,3.4137,"P0253","EC_0137.jpg"
"13121",9.96031746,3.478,"P0253","EC_0038.jpg"
"13122",9.96031746,7.0336,"P0253","EC_0134.jpg"
"13123",4.933862434,3.5791,"P0253","EC_0162.jpg"
"13124",0.026455026,3.6097,"P0253","EC_0019.jpg"
"13125",0.066137566,3.069,"P0253","EC_0041.jpg"
"13126",9.907407407,3.8944,"P0253","EC_0167.jpg"
"13127",9.933862434,3.9949,"P0253","EC_0113.jpg"
"13128",9.973544974,2.7733,"P0253","EC_0168.jpeg"
"13129",5,3.0104,"P0253","EC_0017.jpg"
"13130",0.119047619,3.3402,"P0253","EC_0088.jpg"
"13131",9.947089947,5.0791,"P0253","EC_0027.jpg"
"13132",0.092592593,3.5761,"P0253","EC_0108.jpg"
"13133",0.132275132,3.3789,"P0253","EC_0201.jpg"
"13134",9.947089947,2.7446,"P0253","EC_0242.jpg"
"13135",0.105820106,6.5254,"P0253","EC_0106.jpg"
"13136",0.185185185,3.6275,"P0253","EC_0040.jpg"
"13137",9.867724868,2.9491,"P0253","EC_0098.jpg"
"13138",7.976190476,3.3504,"P0253","EC_0158.jpg"
"13139",7.976190476,4.7274,"P0253","EC_0226.jpg"
"13140",0.013227513,3.6936,"P0253","EC_0240.jpg"
"13141",9.986772487,3.548,"P0253","EC_0187.jpeg"
"13142",0.03968254,2.9292,"P0253","EC_0173.jpg"
"13143",9.933862434,2.7104,"P0253","EC_0059.jpg"
"13144",9.947089947,2.6772,"P0253","EC_0079.jpg"
"13145",0.03968254,3.9902,"P0253","EC_0120.jpg"
"13146",0.03968254,3.5642,"P0253","EC_0229.jpg"
"13147",7.023809524,4.1307,"P0253","EC_0221.jpg"
"13148",9.96031746,4.0092,"P0253","EC_0057.jpeg"
"13149",7.103174603,3.2999,"P0253","EC_0153.jpg"
"13150",9.96031746,2.8989,"P0253","EC_0188.jpg"
"13151",9.96031746,3.1837,"P0253","EC_0170.jpg"
"13152",5.952380952,6.1674,"P0253","EC_0012.jpg"
"13153",0.066137566,3.1966,"P0253","EC_0142.jpg"
"13154",0.105820106,3.8862,"P0253","EC_0206.png"
"13155",6.005291005,2.7275,"P0253","EC_0161.jpg"
"13156",0.052910053,2.9638,"P0253","EC_0196.jpg"
"13157",0.03968254,3.843,"P0253","EC_0097.jpg"
"13158",9.880952381,3.4172,"P0253","EC_0009.jpg"
"13159",0.092592593,3.0997,"P0253","EC_0124.jpeg"
"13160",9.907407407,3.7837,"P0253","EC_0065.jpg"
"13161",9.947089947,4.3642,"P0253","EC_0060.jpg"
"13162",0.03968254,2.9593,"P0253","EC_0105.jpg"
"13163",0,4.6825,"P0253","EC_0185.jpg"
"13164",9.947089947,3.6511,"P0253","EC_0074.jpg"
"13165",9.947089947,2.712,"P0253","EC_0156.jpg"
"13166",9.96031746,3.3575,"P0253","EC_0007.jpg"
"13167",8.055555556,4.043,"P0253","EC_0236.jpg"
"13168",0.052910053,3.6269,"P0253","EC_0055.jpg"
"13169",0.026455026,4.9394,"P0253","EC_0123.jpeg"
"13170",4.933862434,3.1274,"P0253","EC_0084.jpg"
"13171",0.03968254,4.0313,"P0253","EC_0181.jpg"
"13172",0.119047619,3.4603,"P0253","EC_0090.jpg"
"13173",0.026455026,3.2131,"P0253","EC_0039.jpg"
"13174",7.962962963,3.7928,"P0253","EC_0213.jpg"
"13175",9.920634921,2.7553,"P0253","EC_0087.jpg"
"13176",5.992063492,3.0111,"P0253","EC_0135.jpg"
"13177",9.973544974,4.6599,"P0253","EC_0239.jpg"
"13178",5.026455026,3.8472,"P0253","EC_0151.jpg"
"13179",6.970899471,4.1239,"P0253","EC_0174.jpg"
"13180",0.092592593,3.0823,"P0253","EC_0053.jpg"
"13181",0.066137566,3.767,"P0253","EC_0022.jpg"
"13182",9.986772487,3.9363,"P0253","EC_0194.jpg"
"13183",9.828042328,3.1103,"P0253","EC_0157.jpg"
"13184",0.079365079,2.9853,"P0253","EC_0089.jpg"
"13185",9.907407407,2.9927,"P0253","EC_0068.jpg"
"13186",9.973544974,5.4687,"P0253","EC_0020.jpg"
"13187",0.013227513,4.449,"P0253","EC_0183.jpg"
"13188",9.933862434,2.9272,"P0253","EC_0099.jpg"
"13189",0,3.7016,"P0253","EC_0227.jpg"
"13190",9.947089947,3.7659,"P0253","EC_0210.jpg"
"13191",9.894179894,3.3644,"P0253","EC_0184.jpg"
"13192",9.761904762,2.5759,"P0253","EC_0006.jpg"
"13193",8.042328042,4.8539,"P0253","EC_0163.jpg"
"13194",0.119047619,3.5294,"P0253","EC_0204.jpg"
"13195",0.03968254,4.183,"P0253","EC_0193.png"
"13196",0.026455026,3.6094,"P0253","EC_0244.jpg"
"13197",0.03968254,2.7007,"P0253","EC_0140.jpg"
"13198",0.03968254,3.5107,"P0253","EC_0032.jpg"
"13199",7.896825397,3.2873,"P0253","EC_0050.jpg"
"13200",0.066137566,3.6998,"P0253","EC_0075.jpg"
"13201",0.052910053,2.8288,"P0253","EC_0115.jpg"
"13202",0.079365079,4.4947,"P0253","EC_0249.jpg"
"13203",0.066137566,2.6091,"P0253","EC_0024.jpg"
"13204",0.066137566,3.185,"P0253","EC_0233.jpg"
"13205",9.021164021,3.4927,"P0253","EC_0001.jpg"
"13206",5.952380952,2.7364,"P0253","EC_0061.jpg"
"13207",0.03968254,3.9122,"P0253","EC_0147.png"
"13208",9.947089947,2.6651,"P0253","EC_0008.jpg"
"13209",0.052910053,6.7082,"P0253","EC_0013.jpg"
"13210",10,3.395,"P0253","EC_0203.jpg"
"13211",0.092592593,3.0603,"P0253","EC_0150.jpg"
"13212",6.018518519,4.0491,"P0253","EC_0095.jpg"
"13213",0.132275132,3.0283,"P0253","EC_0002.jpg"
"13214",8.029100529,3.5961,"P0253","EC_0101.jpg"
"13215",6.970899471,2.8313,"P0253","EC_0166.jpg"
"13216",9.920634921,2.7294,"P0253","EC_0030.jpg"
"13217",9.973544974,4.5282,"P0253","EC_0076.jpg"
"13218",0.052910053,2.9462,"P0253","EC_0005.jpg"
"13219",9.96031746,4.0445,"P0253","EC_0036.jpeg"
"13220",8.002645503,3.0315,"P0253","EC_0180.jpg"
"13221",7.923280423,2.9072,"P0253","EC_0171.jpg"
"13222",9.96031746,2.9624,"P0253","EC_0077.jpg"
"13223",9.907407407,2.709,"P0253","EC_0104.jpg"
"13224",0.052910053,3.1091,"P0253","EC_0165.jpg"
"13225",6.018518519,3.4008,"P0253","EC_0062.jpg"
"13226",0.079365079,4.5063,"P0253","EC_0014.jpg"
"13227",9.894179894,3.1927,"P0253","EC_0132.jpg"
"13228",7.936507937,4.1304,"P0253","EC_0235.jpg"
"13229",0.079365079,2.7284,"P0253","EC_0100.jpg"
"13230",0.052910053,3.7576,"P0253","EC_0223.jpg"
"13231",7.894695666,3.3096,"P0254","EC_0196.jpg"
"13232",5.95446722,3.6795,"P0254","EC_0240.jpg"
"13233",7.034110468,3.4094,"P0254","EC_0018.jpg"
"13234",8.285870756,2.5907,"P0254","EC_0205.jpg"
"13235",2.027069316,2.4972,"P0254","EC_0184.jpg"
"13236",7.127992489,3.6572,"P0254","EC_0250.jpg"
"13237",5.923173212,2.5038,"P0254","EC_0198.jpg"
"13238",4.953058989,2.1698,"P0254","EC_0162.jpg"
"13239",8.019871695,2.1464,"P0254","EC_0132.jpg"
"13240",3.951650759,5.5061,"P0254","EC_0073.jpg"
"13241",7.002816461,2.6619,"P0254","EC_0085.jpg"
"13242",5.125176029,2.1807,"P0254","EC_0246.jpg"
"13243",9.91315913,5.0854,"P0254","EC_0207.jpg"
"13244",7.002816461,3.9555,"P0254","EC_0248.jpg"
"13245",7.002816461,2.0879,"P0254","EC_0174.jpg"
"13246",0.008605852,2.7088,"P0254","EC_0033.jpeg"
"13247",0.665780003,2.0759,"P0254","EC_0048.jpg"
"13248",5.891879205,2.2406,"P0254","EC_0153.jpg"
"13249",5.970114223,1.9967,"P0254","EC_0069.jpg"
"13250",5.970114223,2.0075,"P0254","EC_0050.jpg"
"13251",3.591769676,2.2273,"P0254","EC_0222.jpg"
"13252",6.267407292,3.0581,"P0254","EC_0100.jpg"
"13253",7.221874511,2.5411,"P0254","EC_0234.jpg"
"13254",6.861993428,2.0218,"P0254","EC_0096.jpg"
"13255",8.004224691,2.3661,"P0254","EC_0233.jpg"
"13256",7.034110468,10.2562,"P0254","EC_0173.jpg"
"13257",10,4.0999,"P0254","EC_0011.jpg"
"13258",7.972930684,2.64,"P0254","EC_0164.jpg"
"13259",6.079643248,3.4967,"P0254","EC_0230.jpg"
"13260",6.971522453,5.3598,"P0254","EC_0135.jpg"
"13261",7.049757471,2.9069,"P0254","EC_0001.jpg"
"13262",7.049757471,1.7398,"P0254","EC_0197.jpg"
"13263",7.034110468,1.917,"P0254","EC_0089.jpg"
"13264",5.938820216,2.2328,"P0254","EC_0103.jpg"
"13265",7.049757471,2.7485,"P0254","EC_0200.png"
"13266",4.108120795,3.1744,"P0254","EC_0195.jpg"
"13267",8.880456893,2.9269,"P0254","EC_0229.jpg"
"13268",8.849162885,2.9427,"P0254","EC_0168.jpeg"
"13269",6.267407292,3.1685,"P0254","EC_0067.jpg"
"13270",4.953058989,3.4112,"P0254","EC_0214.jpg"
"13271",6.627288374,2.581,"P0254","EC_0046.jpg"
"13272",7.894695666,4.1668,"P0254","EC_0238.jpg"
"13273",7.894695666,1.878,"P0254","EC_0106.jpg"
"13274",7.894695666,2.2897,"P0254","EC_0152.jpg"
"13275",3.012830543,3.6825,"P0254","EC_0183.jpg"
"13276",10,3.6671,"P0254","EC_0034.jpg"
"13277",6.861993428,2.4462,"P0254","EC_0047.jpg"
"13278",8.176341731,2.6736,"P0254","EC_0137.jpg"
"13279",5.093882022,3.3427,"P0254","EC_0077.jpg"
"13280",8.9117509,2.866,"P0254","EC_0040.jpg"
"13281",5.17211704,4.1074,"P0254","EC_0228.jpg"
"13282",0.024252856,4.9958,"P0254","EC_0227.jpg"
"13283",7.081051479,2.4959,"P0254","EC_0041.jpg"
"13284",6.063996245,38.414,"P0254","EC_0182.jpg"
"13285",9.036926928,2.6363,"P0254","EC_0188.jpg"
"13286",8.051165702,2.7903,"P0254","EC_0049.jpg"
"13287",8.051165702,1.8712,"P0254","EC_0116.jpg"
"13288",5.046941011,2.4043,"P0254","EC_0027.jpg"
"13289",7.002816461,2.1349,"P0254","EC_0223.jpg"
"13290",6.846346425,2.2019,"P0254","EC_0051.jpg"
"13291",6.189172274,2.2834,"P0254","EC_0171.jpg"
"13292",7.972930684,3.6019,"P0254","EC_0247.jpg"
"13293",7.972930684,2.0854,"P0254","EC_0105.jpg"
"13294",7.925989673,5.3816,"P0254","EC_0083.jpg"
"13295",9.068220936,4.4973,"P0254","EC_0065.jpg"
"13296",6.126584259,2.2369,"P0254","EC_0221.jpg"
"13297",8.207635738,3.1346,"P0254","EC_0194.jpg"
"13298",8.004224691,3.6543,"P0254","EC_0141.jpg"
"13299",6.908934439,7.335,"P0254","EC_0109.jpg"
"13300",10,4.3863,"P0254","EC_0081.jpg"
"13301",6.924581443,4.1469,"P0254","EC_0201.jpg"
"13302",8.035518698,1.9128,"P0254","EC_0003.jpg"
"13303",7.879048662,1.8769,"P0254","EC_0097.jpg"
"13304",7.879048662,1.3245,"P0254","EC_0157.jpg"
"13305",2.778125489,2.3051,"P0254","EC_0058.jpg"
"13306",6.705523392,2.6854,"P0254","EC_0101.jpg"
"13307",6.736817399,3.3563,"P0254","EC_0094.jpg"
"13308",7.73822563,2.3008,"P0254","EC_0080.jpg"
"13309",4.248943827,2.2807,"P0254","EC_0039.jpg"
"13310",5.062588014,2.2011,"P0254","EC_0075.jpg"
"13311",6.595994367,2.5019,"P0254","EC_0022.jpg"
"13312",4.483648881,2.702,"P0254","EC_0249.jpg"
"13313",10,2.5689,"P0254","EC_0123.jpeg"
"13314",8.160694727,2.2089,"P0254","EC_0167.jpg"
"13315",3.857768737,2.7692,"P0254","EC_0180.jpg"
"13316",7.879048662,3.7175,"P0254","EC_0133.jpg"
"13317",6.032702238,2.1183,"P0254","EC_0071.jpg"
"13318",6.830699421,1.9034,"P0254","EC_0224.jpg"
"13319",7.95728368,2.7006,"P0254","EC_0060.jpg"
"13320",7.753872633,1.9053,"P0254","EC_0149.jpg"
"13321",8.927397903,2.7563,"P0254","EC_0090.jpg"
"13322",8.927397903,1.9567,"P0254","EC_0169.png"
"13323",8.927397903,1.8155,"P0254","EC_0142.jpg"
"13324",8.066812705,1.9325,"P0254","EC_0007.jpg"
"13325",8.52057581,1.9223,"P0254","EC_0008.jpg"
"13326",4.014238773,2.6513,"P0254","EC_0226.jpg"
"13327",6.095290252,3.7073,"P0254","EC_0129.jpeg"
"13328",4.561883899,2.2918,"P0254","EC_0095.jpg"
"13329",8.927397903,3.6584,"P0254","EC_0244.jpg"
"13330",8.864809889,1.8942,"P0254","EC_0061.jpg"
"13331",8.098106713,3.4106,"P0254","EC_0199.jpg"
"13332",6.861993428,2.5865,"P0254","EC_0099.jpg"
"13333",9.068220936,2.6692,"P0254","EC_0063.jpg"
"13334",9.099514943,1.8343,"P0254","EC_0098.jpg"
"13335",8.004224691,2.2541,"P0254","EC_0147.png"
"13336",6.940228446,4.0029,"P0254","EC_0108.jpg"
"13337",9.91315913,2.6301,"P0254","EC_0117.jpg"
"13338",9.866218119,2.3036,"P0254","EC_0242.jpg"
"13339",9.69410108,1.7913,"P0254","EC_0030.jpg"
"13340",8.73963386,2.6694,"P0254","EC_0118.jpg"
"13341",9.005632921,9.611,"P0254","EC_0079.jpg"
"13342",2.027069316,4.1133,"P0254","EC_0059.jpg"
"13343",8.285870756,4.0705,"P0254","EC_0119.jpg"
"13344",6.861993428,5.3276,"P0254","EC_0128.jpeg"
"13345",6.157878266,2.5496,"P0254","EC_0136.jpg"
"13346",4.202002816,2.2695,"P0254","EC_0036.jpeg"
"13347",6.815052417,2.2513,"P0254","EC_0087.jpg"
"13348",7.941636677,2.3211,"P0254","EC_0140.jpg"
"13349",6.877640432,2.5316,"P0254","EC_0202.jpg"
"13350",6.877640432,1.8235,"P0254","EC_0160.jpg"
"13351",6.063996245,1.8222,"P0254","EC_0113.jpg"
"13352",6.768111407,2.0399,"P0254","EC_0193.png"
"13353",8.191988734,2.2094,"P0254","EC_0177.jpg"
"13354",8.191988734,1.7665,"P0254","EC_0150.jpg"
"13355",8.191988734,1.8149,"P0254","EC_0015.jpg"
"13356",4.937411986,3.8583,"P0254","EC_0206.png"
"13357",6.189172274,2.098,"P0254","EC_0053.jpg"
"13358",8.755280864,2.8222,"P0254","EC_0012.jpg"
"13359",8.896103896,1.8066,"P0254","EC_0066.jpg"
"13360",8.223282741,2.2729,"P0254","EC_0232.jpg"
"13361",8.12940072,2.0834,"P0254","EC_0209.jpg"
"13362",8.12940072,1.3828,"P0254","EC_0070.jpg"
"13363",7.1749335,2.1896,"P0254","EC_0172.jpg"
"13364",6.032702238,2.2565,"P0254","EC_0029.jpg"
"13365",9.91315913,2.3243,"P0254","EC_0006.jpg"
"13366",7.268815522,2.7768,"P0254","EC_0243.jpg"
"13367",9.991394148,2.6921,"P0254","EC_0044.jpg"
"13368",8.833515882,2.2215,"P0254","EC_0082.jpg"
"13369",8.864809889,2.4744,"P0254","EC_0055.jpg"
"13370",6.861993428,2.5893,"P0254","EC_0121.jpg"
"13371",7.143639493,2.0627,"P0254","EC_0002.jpg"
"13372",6.799405414,3.891,"P0254","EC_0158.jpg"
"13373",1.933187295,9.4231,"P0254","EC_0204.jpg"
"13374",5.829291191,2.6352,"P0254","EC_0042.jpg"
"13375",8.802221875,2.5628,"P0254","EC_0245.jpg"
"13376",8.004224691,2.6696,"P0254","EC_0104.jpg"
"13377",9.819277108,2.9856,"P0254","EC_0013.jpg"
"13378",7.95728368,3.3588,"P0254","EC_0163.jpg"
"13379",9.756689094,2.2727,"P0254","EC_0014.jpg"
"13380",6.846346425,2.3585,"P0254","EC_0102.jpg"
"13381",9.975747144,6.2523,"P0254","EC_0076.jpg"
"13382",7.018463464,2.4419,"P0254","EC_0176.jpg"
"13383",7.910342669,2.9518,"P0254","EC_0139.png"
"13384",7.34705054,4.7705,"P0254","EC_0231.jpg"
"13385",8.708339853,9.6267,"P0254","EC_0211.jpg"
"13386",4.655765921,2.3713,"P0254","EC_0156.jpg"
"13387",7.221874511,2.8188,"P0254","EC_0235.jpg"
"13388",9.021279925,5.7869,"P0254","EC_0138.png"
"13389",9.083867939,3.3373,"P0254","EC_0151.jpg"
"13390",6.079643248,2.8082,"P0254","EC_0131.jpg"
"13391",7.847754655,2.2632,"P0254","EC_0088.jpg"
"13392",5.797997184,2.0427,"P0254","EC_0084.jpg"
"13393",3.310123611,3.3041,"P0254","EC_0009.jpg"
"13394",5.015647004,2.0331,"P0254","EC_0038.jpg"
"13395",8.066812705,2.8528,"P0254","EC_0072.jpg"
"13396",6.580347363,1.8854,"P0254","EC_0237.jpg"
"13397",7.096698482,1.9064,"P0254","EC_0092.jpg"
"13398",7.096698482,1.7212,"P0254","EC_0159.jpg"
"13399",7.315756533,1.9161,"P0254","EC_0210.jpg"
"13400",7.910342669,2.2382,"P0254","EC_0019.jpg"
"13401",7.73822563,2.0346,"P0254","EC_0086.jpg"
"13402",8.035518698,1.9172,"P0254","EC_0213.jpg"
"13403",6.486465342,1.9034,"P0254","EC_0020.jpg"
"13404",8.708339853,2.975,"P0254","EC_0219.jpg"
"13405",8.880456893,2.3513,"P0254","EC_0111.jpg"
"13406",8.145047723,1.9698,"P0254","EC_0031.jpg"
"13407",6.799405414,2.2351,"P0254","EC_0236.jpg"
"13408",6.799405414,2.3205,"P0254","EC_0068.jpg"
"13409",7.440932561,3.1171,"P0254","EC_0016.jpg"
"13410",8.004224691,2.3354,"P0254","EC_0032.jpg"
"13411",6.533406353,3.0284,"P0254","EC_0056.jpg"
"13412",7.706931623,3.5154,"P0254","EC_0185.jpg"
"13413",9.099514943,2.9007,"P0254","EC_0124.jpeg"
"13414",7.56610859,2.7449,"P0254","EC_0057.jpeg"
"13415",7.832107651,2.05,"P0254","EC_0170.jpg"
"13416",4.687059928,2.2737,"P0254","EC_0028.jpg"
"13417",6.408230324,1.9981,"P0254","EC_0120.jpg"
"13418",5.797997184,2.1232,"P0254","EC_0154.jpg"
"13419",8.73963386,3.2148,"P0254","EC_0037.jpg"
"13420",7.409638554,2.4229,"P0254","EC_0165.jpg"
"13421",6.361289313,2.8398,"P0254","EC_0017.jpg"
"13422",7.425285558,2.2141,"P0254","EC_0187.jpeg"
"13423",4.530589892,3.0268,"P0254","EC_0024.jpg"
"13424",5.125176029,3.4904,"P0254","EC_0054.jpg"
"13425",6.298701299,4.2907,"P0254","EC_0010.jpg"
"13426",9.631513065,2.5058,"P0254","EC_0134.jpg"
"13427",5.485057112,17.0838,"P0254","EC_0115.jpg"
"13428",6.267407292,8.0359,"P0254","EC_0125.jpeg"
"13429",8.098106713,3.0085,"P0254","EC_0074.jpg"
"13430",8.411046785,3.9131,"P0254","EC_0062.jpg"
"13431",7.832107651,2.7507,"P0254","EC_0064.jpg"
"13432",3.889062744,2.9678,"P0254","EC_0161.jpg"
"13433",6.00140823,2.2685,"P0254","EC_0093.jpg"
"13434",5.328587076,2.552,"P0254","EC_0005.jpg"
"13435",6.768111407,2.0723,"P0254","EC_0166.jpg"
"13436",7.769519637,2.3867,"P0254","EC_0241.jpg"
"13437",6.283054295,2.3854,"P0254","EC_0181.jpg"
"13438",6.298701299,1.854,"P0254","EC_0148.jpg"
"13439",6.627288374,2.0348,"P0254","EC_0203.jpg"
"13440",7.065404475,2.6861,"P0254","EC_0239.jpg"
"13441",5.978835979,3.5532,"P0255","EC_0083.jpg"
"13442",2.962962963,3.8301,"P0255","EC_0209.jpg"
"13443",1.507936508,4.5662,"P0255","EC_0044.jpg"
"13444",2.53968254,3.8364,"P0255","EC_0233.jpg"
"13445",2.883597884,2.0444,"P0255","EC_0012.jpg"
"13446",0.965608466,2.7474,"P0255","EC_0033.jpeg"
"13447",5.41005291,2.2404,"P0255","EC_0203.jpg"
"13448",0.793650794,4.0665,"P0255","EC_0150.jpg"
"13449",3.756613757,3.9866,"P0255","EC_0051.jpg"
"13450",3.650793651,2.1799,"P0255","EC_0013.jpg"
"13451",5.978835979,3.1576,"P0255","EC_0028.jpg"
"13452",8.068783069,2.6483,"P0255","EC_0116.jpg"
"13453",5.687830688,2.696,"P0255","EC_0118.jpg"
"13454",4.841269841,2.6857,"P0255","EC_0248.jpg"
"13455",4.682539683,2.6693,"P0255","EC_0240.jpg"
"13456",7.208994709,2.6464,"P0255","EC_0065.jpg"
"13457",3.664021164,3.4632,"P0255","EC_0125.jpeg"
"13458",1.706349206,26.5171,"P0255","EC_0154.jpg"
"13459",4.775132275,3.2153,"P0255","EC_0048.jpg"
"13460",4.722222222,5.2574,"P0255","EC_0094.jpg"
"13461",7.645502646,24.0797,"P0255","EC_0119.jpg"
"13462",4.55026455,2.6594,"P0255","EC_0090.jpg"
"13463",1.984126984,2.6325,"P0255","EC_0201.jpg"
"13464",4.947089947,3.2853,"P0255","EC_0242.jpg"
"13465",7.142857143,3.5533,"P0255","EC_0017.jpg"
"13466",6.203703704,4.1723,"P0255","EC_0029.jpg"
"13467",1.362433862,12.8447,"P0255","EC_0226.jpg"
"13468",5.476190476,3.3836,"P0255","EC_0067.jpg"
"13469",5.899470899,4.192,"P0255","EC_0141.jpg"
"13470",1.097883598,3.5103,"P0255","EC_0129.jpeg"
"13471",5.978835979,2.0241,"P0255","EC_0038.jpg"
"13472",3.875661376,2.3215,"P0255","EC_0250.jpg"
"13473",2.817460317,3.1952,"P0255","EC_0238.jpg"
"13474",2.671957672,2.5455,"P0255","EC_0075.jpg"
"13475",6.494708995,2.5017,"P0255","EC_0001.jpg"
"13476",2.87037037,29.4226,"P0255","EC_0123.jpeg"
"13477",6.785714286,29.3394,"P0255","EC_0063.jpg"
"13478",3.267195767,2.0299,"P0255","EC_0027.jpg"
"13479",5.185185185,4.2835,"P0255","EC_0056.jpg"
"13480",3.783068783,6.5963,"P0255","EC_0095.jpg"
"13481",5.85978836,18.7254,"P0255","EC_0177.jpg"
"13482",7.91005291,25.9002,"P0255","EC_0160.jpg"
"13483",5.013227513,81.6761,"P0255","EC_0237.jpg"
"13484",4.166666667,19.5896,"P0255","EC_0228.jpg"
"13485",5.952380952,1.8463,"P0255","EC_0096.jpg"
"13486",6.150793651,1.7205,"P0255","EC_0103.jpg"
"13487",7.394179894,2.4614,"P0255","EC_0185.jpg"
"13488",3.174603175,2.6328,"P0255","EC_0024.jpg"
"13489",5.965608466,2.2043,"P0255","EC_0117.jpg"
"13490",2.724867725,2.3242,"P0255","EC_0222.jpg"
"13491",8.174603175,2.3001,"P0255","EC_0073.jpg"
"13492",8.32010582,3.051,"P0255","EC_0059.jpg"
"13493",4.947089947,2.99,"P0255","EC_0018.jpg"
"13494",5.85978836,5.0431,"P0255","EC_0101.jpg"
"13495",7.142857143,3.2255,"P0255","EC_0082.jpg"
"13496",7.248677249,1.9976,"P0255","EC_0168.jpeg"
"13497",3.862433862,2.9718,"P0255","EC_0210.jpg"
"13498",5.687830688,2.5556,"P0255","EC_0165.jpg"
"13499",1.825396825,3.5258,"P0255","EC_0206.png"
"13500",4.060846561,3.3897,"P0255","EC_0108.jpg"
"13501",2.724867725,2.7927,"P0255","EC_0196.jpg"
"13502",5.648148148,2.6722,"P0255","EC_0198.jpg"
"13503",9.100529101,2.6625,"P0255","EC_0031.jpg"
"13504",4.62962963,2.6785,"P0255","EC_0053.jpg"
"13505",7.288359788,11.4625,"P0255","EC_0139.png"
"13506",3.941798942,5.1201,"P0255","EC_0202.jpg"
"13507",1.838624339,2.8429,"P0255","EC_0124.jpeg"
"13508",2.433862434,4.4421,"P0255","EC_0064.jpg"
"13509",5.119047619,2.1974,"P0255","EC_0224.jpg"
"13510",5.158730159,1.7123,"P0255","EC_0040.jpg"
"13511",2.380952381,1.9266,"P0255","EC_0161.jpg"
"13512",7.288359788,1.9757,"P0255","EC_0077.jpg"
"13513",7.248677249,2.4243,"P0255","EC_0007.jpg"
"13514",7.010582011,2.7921,"P0255","EC_0231.jpg"
"13515",5.608465608,2.6013,"P0255","EC_0061.jpg"
"13516",6.441798942,2.3593,"P0255","EC_0011.jpg"
"13517",3.505291005,3.4471,"P0255","EC_0199.jpg"
"13518",6.957671958,2.696,"P0255","EC_0098.jpg"
"13519",3.994708995,3.2464,"P0255","EC_0036.jpeg"
"13520",2.473544974,4.5632,"P0255","EC_0162.jpg"
"13521",1.362433862,4.7303,"P0255","EC_0213.jpg"
"13522",3.095238095,2.2681,"P0255","EC_0106.jpg"
"13523",4.894179894,3.14,"P0255","EC_0120.jpg"
"13524",2.817460317,2.5397,"P0255","EC_0148.jpg"
"13525",2.619047619,4.2902,"P0255","EC_0016.jpg"
"13526",3.597883598,6.2568,"P0255","EC_0006.jpg"
"13527",4.814814815,2.2174,"P0255","EC_0166.jpg"
"13528",5.82010582,2.4541,"P0255","EC_0041.jpg"
"13529",3.716931217,2.9204,"P0255","EC_0047.jpg"
"13530",3.055555556,2.7342,"P0255","EC_0099.jpg"
"13531",3.835978836,2.6466,"P0255","EC_0042.jpg"
"13532",3.597883598,0.0318,"P0255","EC_0039.jpg"
"13533",1.904761905,3.729,"P0255","EC_0019.jpg"
"13534",4.060846561,3.9267,"P0255","EC_0204.jpg"
"13535",5.608465608,45.538,"P0255","EC_0149.jpg"
"13536",5.753968254,36.6058,"P0255","EC_0066.jpg"
"13537",5.529100529,4.4356,"P0255","EC_0181.jpg"
"13538",3.981481481,4.5397,"P0255","EC_0227.jpg"
"13539",5.185185185,2.7972,"P0255","EC_0170.jpg"
"13540",6.521164021,3.0899,"P0255","EC_0138.png"
"13541",5.992063492,13.5016,"P0255","EC_0060.jpg"
"13542",4.854497354,2.4568,"P0255","EC_0230.jpg"
"13543",8.187830688,21.8607,"P0255","EC_0221.jpg"
"13544",8.452380952,2.5696,"P0255","EC_0157.jpg"
"13545",3.941798942,6.16,"P0255","EC_0171.jpg"
"13546",2.486772487,3.306,"P0255","EC_0136.jpg"
"13547",6.26984127,3.4697,"P0255","EC_0243.jpg"
"13548",7.367724868,47.7188,"P0255","EC_0207.jpg"
"13549",4.563492063,2.0666,"P0255","EC_0022.jpg"
"13550",5.899470899,3.0046,"P0255","EC_0236.jpg"
"13551",6.878306878,4.2788,"P0255","EC_0002.jpg"
"13552",4.510582011,2.3171,"P0255","EC_0005.jpg"
"13553",6.560846561,28.949,"P0255","EC_0167.jpg"
"13554",4.206349206,2.5119,"P0255","EC_0147.png"
"13555",7.037037037,7.4804,"P0255","EC_0050.jpg"
"13556",6.838624339,2.0459,"P0255","EC_0180.jpg"
"13557",6.494708995,2.188,"P0255","EC_0034.jpg"
"13558",3.121693122,2.3543,"P0255","EC_0205.jpg"
"13559",6.666666667,24.4423,"P0255","EC_0156.jpg"
"13560",4.510582011,3.4713,"P0255","EC_0232.jpg"
"13561",8.531746032,2.7313,"P0255","EC_0080.jpg"
"13562",5.727513228,2.3571,"P0255","EC_0088.jpg"
"13563",4.074074074,2.4755,"P0255","EC_0133.jpg"
"13564",4.761904762,3.6972,"P0255","EC_0069.jpg"
"13565",5.753968254,2.2119,"P0255","EC_0109.jpg"
"13566",7.235449735,4.4712,"P0255","EC_0223.jpg"
"13567",7.023809524,40.9027,"P0255","EC_0072.jpg"
"13568",6.547619048,2.1169,"P0255","EC_0102.jpg"
"13569",6.997354497,1.5799,"P0255","EC_0030.jpg"
"13570",5.462962963,1.9197,"P0255","EC_0020.jpg"
"13571",5.462962963,5.031,"P0255","EC_0100.jpg"
"13572",6.084656085,3.8277,"P0255","EC_0084.jpg"
"13573",2.751322751,3.4225,"P0255","EC_0003.jpg"
"13574",8.584656085,3.8855,"P0255","EC_0058.jpg"
"13575",7.261904762,2.1993,"P0255","EC_0087.jpg"
"13576",3.822751323,3.3288,"P0255","EC_0247.jpg"
"13577",8.981481481,13.7288,"P0255","EC_0014.jpg"
"13578",5.37037037,19.2386,"P0255","EC_0092.jpg"
"13579",4.232804233,8.2717,"P0255","EC_0071.jpg"
"13580",2.53968254,4.9575,"P0255","EC_0153.jpg"
"13581",5.44973545,3.2399,"P0255","EC_0184.jpg"
"13582",3.531746032,3.7995,"P0255","EC_0115.jpg"
"13583",8.082010582,26.237,"P0255","EC_0037.jpg"
"13584",8.201058201,11.2024,"P0255","EC_0132.jpg"
"13585",6.997354497,90.2215,"P0255","EC_0235.jpg"
"13586",7.698412698,60.3138,"P0255","EC_0081.jpg"
"13587",7.791005291,3.6964,"P0255","EC_0249.jpg"
"13588",7.275132275,3.8023,"P0255","EC_0164.jpg"
"13589",6.415343915,4.47,"P0255","EC_0219.jpg"
"13590",7.791005291,4.9639,"P0255","EC_0104.jpg"
"13591",7.989417989,1.7441,"P0255","EC_0068.jpg"
"13592",5,1.8994,"P0255","EC_0015.jpg"
"13593",7.671957672,2.7389,"P0255","EC_0163.jpg"
"13594",3.373015873,106.7389,"P0255","EC_0128.jpeg"
"13595",4.907407407,41.8487,"P0255","EC_0239.jpg"
"13596",7.830687831,2.4756,"P0255","EC_0074.jpg"
"13597",5.529100529,13.4549,"P0255","EC_0182.jpg"
"13598",6.19047619,3.1631,"P0255","EC_0032.jpg"
"13599",6.177248677,2.3426,"P0255","EC_0009.jpg"
"13600",7.685185185,2.6562,"P0255","EC_0194.jpg"
"13601",5.595238095,1.8376,"P0255","EC_0135.jpg"
"13602",4.656084656,2.878,"P0255","EC_0195.jpg"
"13603",6.044973545,2.8447,"P0255","EC_0134.jpg"
"13604",6.283068783,3.873,"P0255","EC_0008.jpg"
"13605",5.727513228,2.1341,"P0255","EC_0151.jpg"
"13606",4.047619048,2.3541,"P0255","EC_0140.jpg"
"13607",9.603174603,2.8772,"P0255","EC_0172.jpg"
"13608",7.883597884,2.6117,"P0255","EC_0245.jpg"
"13609",4.259259259,2.6639,"P0255","EC_0049.jpg"
"13610",7.12962963,2.0714,"P0255","EC_0062.jpg"
"13611",3.69047619,1.8518,"P0255","EC_0176.jpg"
"13612",6.865079365,1.8523,"P0255","EC_0174.jpg"
"13613",7.671957672,2.1382,"P0255","EC_0152.jpg"
"13614",4.933862434,1.9883,"P0255","EC_0183.jpg"
"13615",6.825396825,4.1938,"P0255","EC_0188.jpg"
"13616",5.648148148,3.56,"P0255","EC_0169.png"
"13617",5.489417989,2.4494,"P0255","EC_0241.jpg"
"13618",7.843915344,2.5805,"P0255","EC_0079.jpg"
"13619",9.126984127,2.4142,"P0255","EC_0057.jpeg"
"13620",7.116402116,4.7382,"P0255","EC_0089.jpg"
"13621",8.28042328,2.8223,"P0255","EC_0085.jpg"
"13622",4.642857143,4.6365,"P0255","EC_0211.jpg"
"13623",4.973544974,2.2319,"P0255","EC_0054.jpg"
"13624",6.26984127,1.898,"P0255","EC_0076.jpg"
"13625",6.044973545,2.692,"P0255","EC_0070.jpg"
"13626",4.351851852,2.1696,"P0255","EC_0105.jpg"
"13627",2.433862434,2.3229,"P0255","EC_0121.jpg"
"13628",5.03968254,2.0594,"P0255","EC_0246.jpg"
"13629",5.264550265,2.2258,"P0255","EC_0187.jpeg"
"13630",7.116402116,2.4456,"P0255","EC_0010.jpg"
"13631",4.96031746,2.7405,"P0255","EC_0055.jpg"
"13632",3.783068783,2.4121,"P0255","EC_0159.jpg"
"13633",3.505291005,2.7473,"P0255","EC_0097.jpg"
"13634",2.94973545,3.0532,"P0255","EC_0200.png"
"13635",6.111111111,5.801,"P0255","EC_0173.jpg"
"13636",6.984126984,4.3929,"P0255","EC_0131.jpg"
"13637",3.756613757,2.7107,"P0255","EC_0197.jpg"
"13638",6.521164021,2.837,"P0255","EC_0111.jpg"
"13639",1.891534392,2.8327,"P0255","EC_0113.jpg"
"13640",7.433862434,2.977,"P0255","EC_0046.jpg"
"13641",6.018518519,2.1709,"P0255","EC_0158.jpg"
"13642",8.849206349,2.8452,"P0255","EC_0137.jpg"
"13643",4.484126984,4.4826,"P0255","EC_0229.jpg"
"13644",3.518518519,2.8179,"P0255","EC_0142.jpg"
"13645",8.002645503,4.9953,"P0255","EC_0244.jpg"
"13646",4.351851852,5.7116,"P0255","EC_0234.jpg"
"13647",2.804232804,2.9717,"P0255","EC_0193.png"
"13648",5.343915344,2.2606,"P0255","EC_0093.jpg"
"13649",3.849206349,2.5039,"P0255","EC_0214.jpg"
"13650",6.878306878,2.4841,"P0255","EC_0086.jpg"
"13651",2.073412698,5.3277,"P0257","EC_0171.jpg"
"13652",1.93452381,3.9738,"P0257","EC_0060.jpg"
"13653",5.922619048,3.8884,"P0257","EC_0053.jpg"
"13654",7.916666667,3.4136,"P0257","EC_0152.jpg"
"13655",8.928571429,3.6998,"P0257","EC_0006.jpg"
"13656",0.486111111,4.1249,"P0257","EC_0196.jpg"
"13657",8.482142857,3.0461,"P0257","EC_0233.jpg"
"13658",6.031746032,5.3393,"P0257","EC_0031.jpg"
"13659",1.170634921,3.5485,"P0257","EC_0059.jpg"
"13660",5.942460317,2.7737,"P0257","EC_0236.jpg"
"13661",9.94047619,4.392,"P0257","EC_0161.jpg"
"13662",0.218253968,3.6944,"P0257","EC_0020.jpg"
"13663",7.033730159,2.8946,"P0257","EC_0017.jpg"
"13664",6.081349206,3.5833,"P0257","EC_0139.png"
"13665",2.728174603,4.015,"P0257","EC_0014.jpg"
"13666",0.674603175,4.2188,"P0257","EC_0084.jpg"
"13667",5.05952381,4.164,"P0257","EC_0104.jpg"
"13668",5.962301587,2.9809,"P0257","EC_0081.jpg"
"13669",7.55952381,2.3738,"P0257","EC_0203.jpg"
"13670",7.678571429,2.3236,"P0257","EC_0202.jpg"
"13671",7.916666667,3.3054,"P0257","EC_0159.jpg"
"13672",2.678571429,4.5765,"P0257","EC_0121.jpg"
"13673",7.232142857,3.657,"P0257","EC_0224.jpg"
"13674",9.027777778,3.3624,"P0257","EC_0038.jpg"
"13675",8.125,3.2178,"P0257","EC_0029.jpg"
"13676",3.303571429,3.7425,"P0257","EC_0086.jpg"
"13677",9.107142857,3.4351,"P0257","EC_0200.png"
"13678",10,2.7862,"P0257","EC_0073.jpg"
"13679",9.007936508,3.465,"P0257","EC_0163.jpg"
"13680",3.501984127,4.8313,"P0257","EC_0069.jpg"
"13681",6.517857143,2.616,"P0257","EC_0176.jpg"
"13682",4.484126984,5.4591,"P0257","EC_0123.jpeg"
"13683",6.507936508,2.4724,"P0257","EC_0062.jpg"
"13684",9.186507937,2.601,"P0257","EC_0167.jpg"
"13685",8.998015873,2.8622,"P0257","EC_0118.jpg"
"13686",10,2.7522,"P0257","EC_0142.jpg"
"13687",0,4.332,"P0257","EC_0085.jpg"
"13688",0.595238095,3.105,"P0257","EC_0005.jpg"
"13689",9.047619048,3.4801,"P0257","EC_0072.jpg"
"13690",7.956349206,2.8785,"P0257","EC_0201.jpg"
"13691",0,4.2657,"P0257","EC_0019.jpg"
"13692",0.962301587,4.7494,"P0257","EC_0206.png"
"13693",7.103174603,2.6518,"P0257","EC_0198.jpg"
"13694",6.081349206,3.3587,"P0257","EC_0051.jpg"
"13695",6.93452381,2.8168,"P0257","EC_0047.jpg"
"13696",1.081349206,4.511,"P0257","EC_0214.jpg"
"13697",8.998015873,3.2399,"P0257","EC_0008.jpg"
"13698",9.007936508,4.1026,"P0257","EC_0092.jpg"
"13699",9.017857143,4.7965,"P0257","EC_0071.jpg"
"13700",8.968253968,4.1228,"P0257","EC_0016.jpg"
"13701",9.027777778,3.0007,"P0257","EC_0002.jpg"
"13702",10,2.4977,"P0257","EC_0211.jpg"
"13703",6.031746032,3.9349,"P0257","EC_0065.jpg"
"13704",0,3.7179,"P0257","EC_0106.jpg"
"13705",9.057539683,2.9804,"P0257","EC_0170.jpg"
"13706",10,2.7563,"P0257","EC_0207.jpg"
"13707",1.061507937,3.8978,"P0257","EC_0209.jpg"
"13708",7.926587302,4.7986,"P0257","EC_0168.jpeg"
"13709",5.079365079,4.1727,"P0257","EC_0018.jpg"
"13710",1.964285714,3.8639,"P0257","EC_0138.png"
"13711",7.986111111,3.7598,"P0257","EC_0013.jpg"
"13712",7.986111111,2.3599,"P0257","EC_0240.jpg"
"13713",3.015873016,4.4192,"P0257","EC_0011.jpg"
"13714",5.009920635,3.6036,"P0257","EC_0007.jpg"
"13715",8.938492063,2.9573,"P0257","EC_0119.jpg"
"13716",8.998015873,2.4387,"P0257","EC_0050.jpg"
"13717",7.896825397,3.5471,"P0257","EC_0028.jpg"
"13718",10,2.4169,"P0257","EC_0135.jpg"
"13719",8.988095238,5.0682,"P0257","EC_0067.jpg"
"13720",8.918650794,3.8596,"P0257","EC_0248.jpg"
"13721",1.398809524,3.5222,"P0257","EC_0044.jpg"
"13722",8.18452381,3.925,"P0257","EC_0113.jpg"
"13723",8.621031746,6.0308,"P0257","EC_0037.jpg"
"13724",8.621031746,2.9376,"P0257","EC_0101.jpg"
"13725",9.136904762,2.4485,"P0257","EC_0173.jpg"
"13726",10,2.791,"P0257","EC_0057.jpeg"
"13727",9.017857143,2.8875,"P0257","EC_0003.jpg"
"13728",10,3.3723,"P0257","EC_0169.png"
"13729",10,3.7078,"P0257","EC_0058.jpg"
"13730",4.990079365,6.328,"P0257","EC_0172.jpg"
"13731",8.938492063,3.5481,"P0257","EC_0180.jpg"
"13732",10,3.3445,"P0257","EC_0116.jpg"
"13733",7.936507937,3.7958,"P0257","EC_0120.jpg"
"13734",0.972222222,3.7809,"P0257","EC_0041.jpg"
"13735",8.015873016,4.4027,"P0257","EC_0165.jpg"
"13736",8.998015873,3.0761,"P0257","EC_0183.jpg"
"13737",6.954365079,3.9504,"P0257","EC_0022.jpg"
"13738",1.001984127,4.0213,"P0257","EC_0083.jpg"
"13739",6.954365079,5.7016,"P0257","EC_0096.jpg"
"13740",7.023809524,4.6747,"P0257","EC_0115.jpg"
"13741",9.007936508,3.8732,"P0257","EC_0156.jpg"
"13742",1.001984127,3.4038,"P0257","EC_0001.jpg"
"13743",5.01984127,4.456,"P0257","EC_0066.jpg"
"13744",0,3.1068,"P0257","EC_0195.jpg"
"13745",8.928571429,4.0989,"P0257","EC_0030.jpg"
"13746",9.067460317,3.0069,"P0257","EC_0132.jpg"
"13747",1.071428571,4.4168,"P0257","EC_0012.jpg"
"13748",8.015873016,4.8363,"P0257","EC_0247.jpg"
"13749",7.013888889,5.0883,"P0257","EC_0033.jpeg"
"13750",5.029761905,5.1124,"P0257","EC_0097.jpg"
"13751",8.06547619,4.9681,"P0257","EC_0032.jpg"
"13752",9.097222222,2.8997,"P0257","EC_0223.jpg"
"13753",9.027777778,3.0079,"P0257","EC_0227.jpg"
"13754",0,4.3794,"P0257","EC_0131.jpg"
"13755",7.073412698,3.4271,"P0257","EC_0219.jpg"
"13756",6.954365079,2.6541,"P0257","EC_0153.jpg"
"13757",10,2.7717,"P0257","EC_0061.jpg"
"13758",2.003968254,4.271,"P0257","EC_0080.jpg"
"13759",2.043650794,4.7389,"P0257","EC_0134.jpg"
"13760",5.972222222,3.6372,"P0257","EC_0151.jpg"
"13761",10,2.9357,"P0257","EC_0246.jpg"
"13762",2.966269841,3.251,"P0257","EC_0010.jpg"
"13763",8.978174603,3.4705,"P0257","EC_0166.jpg"
"13764",8.025793651,3.5653,"P0257","EC_0095.jpg"
"13765",5.972222222,4.7497,"P0257","EC_0158.jpg"
"13766",1.081349206,5.0432,"P0257","EC_0111.jpg"
"13767",1.001984127,2.8137,"P0257","EC_0244.jpg"
"13768",0,2.9056,"P0257","EC_0042.jpg"
"13769",6.984126984,4.4161,"P0257","EC_0234.jpg"
"13770",1.884920635,4.3574,"P0257","EC_0064.jpg"
"13771",8.025793651,4.1297,"P0257","EC_0054.jpg"
"13772",8.134920635,3.4445,"P0257","EC_0160.jpg"
"13773",6.974206349,3.2345,"P0257","EC_0048.jpg"
"13774",9.027777778,3.2964,"P0257","EC_0109.jpg"
"13775",10,3.7899,"P0257","EC_0034.jpg"
"13776",10,2.9412,"P0257","EC_0226.jpg"
"13777",0,2.9581,"P0257","EC_0184.jpg"
"13778",6.954365079,3.356,"P0257","EC_0194.jpg"
"13779",9.047619048,3.9943,"P0257","EC_0157.jpg"
"13780",7.996031746,3.6673,"P0257","EC_0102.jpg"
"13781",8.958333333,5.8946,"P0257","EC_0199.jpg"
"13782",10,2.9997,"P0257","EC_0077.jpg"
"13783",1.071428571,3.7165,"P0257","EC_0063.jpg"
"13784",4.950396825,6.1248,"P0257","EC_0129.jpeg"
"13785",9.047619048,3.7043,"P0257","EC_0099.jpg"
"13786",7.876984127,3.5097,"P0257","EC_0049.jpg"
"13787",8.888888889,3.1066,"P0257","EC_0210.jpg"
"13788",10,4.0893,"P0257","EC_0079.jpg"
"13789",4.117063492,3.3352,"P0257","EC_0213.jpg"
"13790",1.051587302,4.207,"P0257","EC_0125.jpeg"
"13791",8.045634921,5.0103,"P0257","EC_0239.jpg"
"13792",1.031746032,5.0185,"P0257","EC_0124.jpeg"
"13793",4.087301587,5.1195,"P0257","EC_0222.jpg"
"13794",8.005952381,2.7572,"P0257","EC_0174.jpg"
"13795",9.077380952,3.1703,"P0257","EC_0147.png"
"13796",2.053571429,4.8294,"P0257","EC_0088.jpg"
"13797",10,2.7047,"P0257","EC_0164.jpg"
"13798",1.944444444,3.9938,"P0257","EC_0149.jpg"
"13799",2.073412698,7.3867,"P0257","EC_0087.jpg"
"13800",10,3.3057,"P0257","EC_0040.jpg"
"13801",9.007936508,3.1237,"P0257","EC_0046.jpg"
"13802",9.037698413,3.1524,"P0257","EC_0133.jpg"
"13803",6.954365079,4.438,"P0257","EC_0231.jpg"
"13804",3.908730159,5.6729,"P0257","EC_0089.jpg"
"13805",0,3.5345,"P0257","EC_0229.jpg"
"13806",6.924603175,3.5981,"P0257","EC_0082.jpg"
"13807",9.057539683,5.2488,"P0257","EC_0148.jpg"
"13808",10,2.4913,"P0257","EC_0238.jpg"
"13809",9.077380952,2.6864,"P0257","EC_0249.jpg"
"13810",2.023809524,3.7641,"P0257","EC_0103.jpg"
"13811",10,2.7732,"P0257","EC_0242.jpg"
"13812",0.942460317,3.6053,"P0257","EC_0241.jpg"
"13813",8.075396825,4.7813,"P0257","EC_0185.jpg"
"13814",10,2.4241,"P0257","EC_0162.jpg"
"13815",0,3.4084,"P0257","EC_0136.jpg"
"13816",8.005952381,3.7249,"P0257","EC_0108.jpg"
"13817",6.93452381,2.7238,"P0257","EC_0188.jpg"
"13818",8.948412698,2.8268,"P0257","EC_0098.jpg"
"13819",2.876984127,3.5948,"P0257","EC_0090.jpg"
"13820",1.954365079,2.5821,"P0257","EC_0243.jpg"
"13821",8.888888889,6.3186,"P0257","EC_0221.jpg"
"13822",9.037698413,3.3429,"P0257","EC_0117.jpg"
"13823",10,3.8948,"P0257","EC_0128.jpeg"
"13824",7.013888889,3.15,"P0257","EC_0154.jpg"
"13825",8.968253968,3.2228,"P0257","EC_0015.jpg"
"13826",0.932539683,3.6899,"P0257","EC_0075.jpg"
"13827",3.938492063,3.4832,"P0257","EC_0193.png"
"13828",2.123015873,3.1486,"P0257","EC_0056.jpg"
"13829",10,3.2328,"P0257","EC_0182.jpg"
"13830",10,2.3682,"P0257","EC_0237.jpg"
"13831",1.071428571,4.0859,"P0257","EC_0187.jpeg"
"13832",10,3.3303,"P0257","EC_0036.jpeg"
"13833",9.027777778,2.9591,"P0257","EC_0068.jpg"
"13834",7.976190476,3.7402,"P0257","EC_0181.jpg"
"13835",6.091269841,7.3488,"P0257","EC_0230.jpg"
"13836",8.115079365,3.5721,"P0257","EC_0024.jpg"
"13837",10,2.595,"P0257","EC_0205.jpg"
"13838",0,2.7465,"P0257","EC_0204.jpg"
"13839",9.067460317,3.2518,"P0257","EC_0070.jpg"
"13840",10,2.8305,"P0257","EC_0250.jpg"
"13841",2.123015873,3.8504,"P0257","EC_0105.jpg"
"13842",7.996031746,2.9128,"P0257","EC_0245.jpg"
"13843",8.928571429,2.7678,"P0257","EC_0039.jpg"
"13844",0,3.297,"P0257","EC_0232.jpg"
"13845",10,2.8248,"P0257","EC_0093.jpg"
"13846",8.938492063,4.1025,"P0257","EC_0141.jpg"
"13847",10,3.3315,"P0257","EC_0177.jpg"
"13848",10,2.4563,"P0257","EC_0074.jpg"
"13849",0.982142857,3.536,"P0257","EC_0150.jpg"
"13850",9.017857143,3.05,"P0257","EC_0027.jpg"
"13851",7.966269841,5.2841,"P0257","EC_0140.jpg"
"13852",8.988095238,2.8411,"P0257","EC_0055.jpg"
"13853",10,3.0809,"P0257","EC_0076.jpg"
"13854",0,2.6989,"P0257","EC_0235.jpg"
"13855",10,2.6706,"P0257","EC_0137.jpg"
"13856",1.021825397,2.8618,"P0257","EC_0009.jpg"
"13857",8.878968254,3.0951,"P0257","EC_0197.jpg"
"13858",3.928571429,5.1717,"P0257","EC_0094.jpg"
"13859",6.974206349,3.1658,"P0257","EC_0100.jpg"
"13860",9.037698413,2.7641,"P0257","EC_0228.jpg"
"13861",6.931216931,2.3662,"P0277","EC_0202.jpg"
"13862",8.068783069,2.862,"P0277","EC_0020.jpg"
"13863",6.005291005,2.579,"P0277","EC_0135.jpg"
"13864",8.055555556,2.162,"P0277","EC_0149.jpg"
"13865",7.08994709,2.2761,"P0277","EC_0219.jpg"
"13866",8.888888889,2.2093,"P0277","EC_0181.jpg"
"13867",3.029100529,2.5966,"P0277","EC_0027.jpg"
"13868",9.841269841,2.5591,"P0277","EC_0048.jpg"
"13869",6.865079365,2.2759,"P0277","EC_0235.jpg"
"13870",6.031746032,2.0767,"P0277","EC_0213.jpg"
"13871",9.034391534,2.4263,"P0277","EC_0050.jpg"
"13872",5.105820106,2.4258,"P0277","EC_0105.jpg"
"13873",6.851851852,4.9934,"P0277","EC_0013.jpg"
"13874",6.984126984,2.657,"P0277","EC_0103.jpg"
"13875",8.161375661,2.1657,"P0277","EC_0147.png"
"13876",8.015873016,1.5831,"P0277","EC_0117.jpg"
"13877",8.835978836,2.8998,"P0277","EC_0087.jpg"
"13878",5.952380952,2.4564,"P0277","EC_0204.jpg"
"13879",5.066137566,2.7659,"P0277","EC_0197.jpg"
"13880",7.87037037,2.3832,"P0277","EC_0067.jpg"
"13881",5.687830688,2.5326,"P0277","EC_0152.jpg"
"13882",6.071428571,2.1496,"P0277","EC_0061.jpg"
"13883",4.854497354,2.0996,"P0277","EC_0200.png"
"13884",8.082010582,2.099,"P0277","EC_0173.jpg"
"13885",9.484126984,3.3001,"P0277","EC_0030.jpg"
"13886",6.362433862,1.8492,"P0277","EC_0007.jpg"
"13887",8.227513228,2.2482,"P0277","EC_0083.jpg"
"13888",9.21957672,2.7918,"P0277","EC_0010.jpg"
"13889",2.896825397,2.8565,"P0277","EC_0097.jpg"
"13890",9.312169312,2.3869,"P0277","EC_0108.jpg"
"13891",5.899470899,1.8917,"P0277","EC_0210.jpg"
"13892",5.595238095,4.2734,"P0277","EC_0121.jpg"
"13893",7.923280423,2.9159,"P0277","EC_0086.jpg"
"13894",8.624338624,2.2498,"P0277","EC_0094.jpg"
"13895",5.396825397,2.0659,"P0277","EC_0113.jpg"
"13896",8.201058201,2.0867,"P0277","EC_0170.jpg"
"13897",4.933862434,1.974,"P0277","EC_0037.jpg"
"13898",9.060846561,2.259,"P0277","EC_0211.jpg"
"13899",9.907407407,2.2069,"P0277","EC_0041.jpg"
"13900",7.248677249,2.402,"P0277","EC_0154.jpg"
"13901",6.71957672,2.0276,"P0277","EC_0142.jpg"
"13902",5.052910053,2.3948,"P0277","EC_0065.jpg"
"13903",2.962962963,2.2097,"P0277","EC_0029.jpg"
"13904",8.412698413,2.173,"P0277","EC_0081.jpg"
"13905",8.253968254,2.783,"P0277","EC_0120.jpg"
"13906",5.013227513,3.7036,"P0277","EC_0129.jpeg"
"13907",8.505291005,4.459,"P0277","EC_0102.jpg"
"13908",8.76984127,2.1594,"P0277","EC_0042.jpg"
"13909",7.195767196,2.1946,"P0277","EC_0128.jpeg"
"13910",8.32010582,2.0093,"P0277","EC_0156.jpg"
"13911",6.402116402,2.0585,"P0277","EC_0109.jpg"
"13912",7.936507937,1.8425,"P0277","EC_0169.png"
"13913",9.021164021,2.1265,"P0277","EC_0193.png"
"13914",9.907407407,3.0603,"P0277","EC_0138.png"
"13915",5.317460317,1.8588,"P0277","EC_0249.jpg"
"13916",5.753968254,2.1556,"P0277","EC_0049.jpg"
"13917",7.208994709,2.714,"P0277","EC_0133.jpg"
"13918",7.764550265,2.0877,"P0277","EC_0172.jpg"
"13919",3.267195767,3.0342,"P0277","EC_0198.jpg"
"13920",5.119047619,2.2167,"P0277","EC_0195.jpg"
"13921",6.441798942,2.9496,"P0277","EC_0227.jpg"
"13922",8.346560847,2.8664,"P0277","EC_0250.jpg"
"13923",7.658730159,2.2339,"P0277","EC_0166.jpg"
"13924",8.664021164,2.2819,"P0277","EC_0098.jpg"
"13925",8.187830688,2.0188,"P0277","EC_0177.jpg"
"13926",7.116402116,2.5403,"P0277","EC_0059.jpg"
"13927",4.259259259,2.5666,"P0277","EC_0077.jpg"
"13928",5.925925926,1.982,"P0277","EC_0009.jpg"
"13929",7.222222222,2.2754,"P0277","EC_0001.jpg"
"13930",2.724867725,2.4831,"P0277","EC_0182.jpg"
"13931",1.970899471,2.4166,"P0277","EC_0019.jpg"
"13932",8.082010582,2.2579,"P0277","EC_0070.jpg"
"13933",7.169312169,1.8494,"P0277","EC_0234.jpg"
"13934",8.756613757,2.1831,"P0277","EC_0051.jpg"
"13935",9.021164021,2.7005,"P0277","EC_0092.jpg"
"13936",6.653439153,2.2521,"P0277","EC_0165.jpg"
"13937",9.616402116,2.4083,"P0277","EC_0079.jpg"
"13938",7.354497354,1.9597,"P0277","EC_0245.jpg"
"13939",9.378306878,2.4097,"P0277","EC_0116.jpg"
"13940",6.706349206,2.5086,"P0277","EC_0164.jpg"
"13941",9.298941799,2.4373,"P0277","EC_0185.jpg"
"13942",7.566137566,2.2974,"P0277","EC_0057.jpeg"
"13943",8.664021164,2.8329,"P0277","EC_0044.jpg"
"13944",9.695767196,2.3501,"P0277","EC_0011.jpg"
"13945",1.944444444,2.4015,"P0277","EC_0024.jpg"
"13946",7.46031746,2.4059,"P0277","EC_0053.jpg"
"13947",8.981481481,2.002,"P0277","EC_0106.jpg"
"13948",9.510582011,2.4898,"P0277","EC_0071.jpg"
"13949",6.931216931,2.2897,"P0277","EC_0090.jpg"
"13950",8.399470899,1.8903,"P0277","EC_0140.jpg"
"13951",9.17989418,2.0995,"P0277","EC_0125.jpeg"
"13952",6.798941799,3.0334,"P0277","EC_0118.jpg"
"13953",9.378306878,2.5336,"P0277","EC_0183.jpg"
"13954",9.933862434,3.0331,"P0277","EC_0243.jpg"
"13955",6.150793651,1.8331,"P0277","EC_0055.jpg"
"13956",2.936507937,2.1823,"P0277","EC_0115.jpg"
"13957",9.193121693,2.6184,"P0277","EC_0012.jpg"
"13958",9.854497354,4.2657,"P0277","EC_0241.jpg"
"13959",6.216931217,10.8629,"P0277","EC_0237.jpg"
"13960",9.113756614,2.3095,"P0277","EC_0167.jpg"
"13961",7.447089947,2.1313,"P0277","EC_0032.jpg"
"13962",8.915343915,2.0915,"P0277","EC_0209.jpg"
"13963",6.957671958,2.4927,"P0277","EC_0008.jpg"
"13964",8.161375661,1.8764,"P0277","EC_0139.png"
"13965",8.80952381,2.4112,"P0277","EC_0084.jpg"
"13966",7.08994709,1.8817,"P0277","EC_0033.jpeg"
"13967",8.029100529,5.3647,"P0277","EC_0101.jpg"
"13968",8.981481481,2.6585,"P0277","EC_0068.jpg"
"13969",5.727513228,2.0582,"P0277","EC_0224.jpg"
"13970",7.433862434,2.5759,"P0277","EC_0062.jpg"
"13971",3.32010582,3.0413,"P0277","EC_0176.jpg"
"13972",8.042328042,2.3424,"P0277","EC_0047.jpg"
"13973",6.64021164,1.8423,"P0277","EC_0093.jpg"
"13974",4.828042328,2.5925,"P0277","EC_0017.jpg"
"13975",2.328042328,2.5592,"P0277","EC_0232.jpg"
"13976",7.023809524,1.8131,"P0277","EC_0171.jpg"
"13977",9.351851852,2.5103,"P0277","EC_0063.jpg"
"13978",9.404761905,2.4794,"P0277","EC_0244.jpg"
"13979",7.486772487,2.3758,"P0277","EC_0074.jpg"
"13980",4.788359788,4.9822,"P0277","EC_0180.jpg"
"13981",8.306878307,4.0746,"P0277","EC_0006.jpg"
"13982",6.26984127,3.3079,"P0277","EC_0100.jpg"
"13983",3.835978836,2.2247,"P0277","EC_0162.jpg"
"13984",8.306878307,2.1287,"P0277","EC_0196.jpg"
"13985",9.153439153,2.2894,"P0277","EC_0226.jpg"
"13986",9.933862434,3.5828,"P0277","EC_0104.jpg"
"13987",5.343915344,2.216,"P0277","EC_0229.jpg"
"13988",8.333333333,2.509,"P0277","EC_0233.jpg"
"13989",9.365079365,2.3082,"P0277","EC_0242.jpg"
"13990",1.507936508,2.547,"P0277","EC_0005.jpg"
"13991",5.052910053,1.9251,"P0277","EC_0238.jpg"
"13992",7.87037037,2.3563,"P0277","EC_0018.jpg"
"13993",8.968253968,2.2003,"P0277","EC_0131.jpg"
"13994",9.986772487,2.65,"P0277","EC_0157.jpg"
"13995",9.854497354,2.5498,"P0277","EC_0207.jpg"
"13996",7.341269841,2.0866,"P0277","EC_0014.jpg"
"13997",4.58994709,2.1683,"P0277","EC_0187.jpeg"
"13998",6.653439153,1.8586,"P0277","EC_0075.jpg"
"13999",8.571428571,2.4605,"P0277","EC_0150.jpg"
"14000",7.235449735,2.1742,"P0277","EC_0111.jpg"
"14001",8.373015873,2.0388,"P0277","EC_0022.jpg"
"14002",5.476190476,1.9929,"P0277","EC_0039.jpg"
"14003",8.108465608,2.1736,"P0277","EC_0046.jpg"
"14004",8.76984127,1.9004,"P0277","EC_0082.jpg"
"14005",9.470899471,2.0185,"P0277","EC_0137.jpg"
"14006",4.074074074,2.9576,"P0277","EC_0003.jpg"
"14007",7.063492063,7.5682,"P0277","EC_0015.jpg"
"14008",7.923280423,3.0587,"P0277","EC_0230.jpg"
"14009",4.920634921,2.0263,"P0277","EC_0056.jpg"
"14010",8.134920635,2.2757,"P0277","EC_0184.jpg"
"14011",1.349206349,2.3238,"P0277","EC_0124.jpeg"
"14012",1.917989418,2.6498,"P0277","EC_0228.jpg"
"14013",5.277777778,2.0164,"P0277","EC_0160.jpg"
"14014",2.182539683,2.4855,"P0277","EC_0002.jpg"
"14015",8.015873016,2.2398,"P0277","EC_0132.jpg"
"14016",4.616402116,2.0826,"P0277","EC_0073.jpg"
"14017",5.621693122,2.0328,"P0277","EC_0066.jpg"
"14018",6.706349206,2.1336,"P0277","EC_0214.jpg"
"14019",5.119047619,2.1494,"P0277","EC_0028.jpg"
"14020",6.944444444,2.1172,"P0277","EC_0060.jpg"
"14021",7.830687831,2.1157,"P0277","EC_0203.jpg"
"14022",8.452380952,2.3831,"P0277","EC_0123.jpeg"
"14023",6.071428571,2.2488,"P0277","EC_0206.png"
"14024",6.653439153,6.9256,"P0277","EC_0096.jpg"
"14025",7.619047619,2.4581,"P0277","EC_0188.jpg"
"14026",8.941798942,2.4261,"P0277","EC_0099.jpg"
"14027",8.373015873,3.2423,"P0277","EC_0085.jpg"
"14028",6.216931217,1.8583,"P0277","EC_0153.jpg"
"14029",7.883597884,2.0081,"P0277","EC_0088.jpg"
"14030",8.015873016,2.3417,"P0277","EC_0240.jpg"
"14031",8.35978836,2.1583,"P0277","EC_0058.jpg"
"14032",5.185185185,2.0745,"P0277","EC_0205.jpg"
"14033",9.907407407,2.4747,"P0277","EC_0159.jpg"
"14034",6.058201058,1.9899,"P0277","EC_0038.jpg"
"14035",8.76984127,5.834,"P0277","EC_0134.jpg"
"14036",6.375661376,1.8822,"P0277","EC_0231.jpg"
"14037",7.91005291,2.4856,"P0277","EC_0036.jpeg"
"14038",8.981481481,2.0624,"P0277","EC_0239.jpg"
"14039",4.947089947,1.9728,"P0277","EC_0095.jpg"
"14040",3.492063492,2.2993,"P0277","EC_0223.jpg"
"14041",4.298941799,2.7667,"P0277","EC_0247.jpg"
"14042",6.097883598,2.0332,"P0277","EC_0236.jpg"
"14043",6.984126984,2.2499,"P0277","EC_0148.jpg"
"14044",1.957671958,2.15,"P0277","EC_0163.jpg"
"14045",7.010582011,1.982,"P0277","EC_0141.jpg"
"14046",3.888888889,2.2162,"P0277","EC_0072.jpg"
"14047",8.584656085,2.0835,"P0277","EC_0016.jpg"
"14048",8.293650794,2.8996,"P0277","EC_0080.jpg"
"14049",6.653439153,3.3498,"P0277","EC_0069.jpg"
"14050",7.962962963,2.6345,"P0277","EC_0040.jpg"
"14051",9.153439153,2.4065,"P0277","EC_0194.jpg"
"14052",9.365079365,2.2998,"P0277","EC_0248.jpg"
"14053",4.775132275,1.8191,"P0277","EC_0031.jpg"
"14054",7.566137566,1.9915,"P0277","EC_0054.jpg"
"14055",6.058201058,2.1922,"P0277","EC_0168.jpeg"
"14056",7.288359788,2.1759,"P0277","EC_0089.jpg"
"14057",8.478835979,1.9067,"P0277","EC_0119.jpg"
"14058",8.015873016,2.8499,"P0277","EC_0199.jpg"
"14059",4.695767196,2.0982,"P0277","EC_0221.jpg"
"14060",6.984126984,1.7401,"P0277","EC_0034.jpg"
"14061",7.923280423,1.706,"P0277","EC_0222.jpg"
"14062",6.507936508,1.3999,"P0277","EC_0151.jpg"
"14063",9.232804233,1.4,"P0277","EC_0246.jpg"
"14064",6.626984127,2.0493,"P0277","EC_0136.jpg"
"14065",7.579365079,1.8302,"P0277","EC_0076.jpg"
"14066",4.193121693,1.8666,"P0277","EC_0064.jpg"
"14067",7.579365079,2.1154,"P0277","EC_0201.jpg"
"14068",8.756613757,1.9714,"P0277","EC_0174.jpg"
"14069",5.912698413,1.5412,"P0277","EC_0161.jpg"
"14070",7.380952381,1.9393,"P0277","EC_0158.jpg"
"14071",7.922363281,2.9838,"P0279","EC_0082.jpg"
"14072",6.994349888,3.457,"P0279","EC_0238.jpg"
"14073",7.960658482,2.6026,"P0279","EC_0099.jpg"
"14074",7.960658482,2.5393,"P0279","EC_0135.jpg"
"14075",9.909319196,4.5528,"P0279","EC_0067.jpg"
"14076",2.910714286,4.5344,"P0279","EC_0042.jpg"
"14077",2.813476563,3.654,"P0279","EC_0240.jpg"
"14078",8.252092634,27.2816,"P0279","EC_0055.jpg"
"14079",3.11328125,4.3508,"P0279","EC_0134.jpg"
"14080",0.872628348,3.1373,"P0279","EC_0204.jpg"
"14081",8.048758371,2.8678,"P0279","EC_0160.jpg"
"14082",6.603445871,5.6644,"P0279","EC_0131.jpg"
"14083",4.188895089,9.7223,"P0279","EC_0227.jpg"
"14084",6.416085379,4.1801,"P0279","EC_0200.png"
"14085",8.969168527,2.906,"P0279","EC_0196.jpg"
"14086",8.969168527,11.9341,"P0279","EC_0081.jpg"
"14087",2.087332589,3.3216,"P0279","EC_0027.jpg"
"14088",9.969517299,3.0063,"P0279","EC_0159.jpg"
"14089",9.969517299,2.5202,"P0279","EC_0101.jpg"
"14090",6.627162388,2.7204,"P0279","EC_0164.jpg"
"14091",7.876674107,9.4407,"P0279","EC_0039.jpg"
"14092",7.994698661,3.4379,"P0279","EC_0193.png"
"14093",9.112374442,24.1868,"P0279","EC_0037.jpg"
"14094",9.112374442,13.5465,"P0279","EC_0177.jpg"
"14095",5.172851563,2.8248,"P0279","EC_0150.jpg"
"14096",5.370256696,3.1382,"P0279","EC_0226.jpg"
"14097",6.853306362,3.0032,"P0279","EC_0138.png"
"14098",8.263044085,4.3169,"P0279","EC_0013.jpg"
"14099",6.477050781,3.354,"P0279","EC_0058.jpg"
"14100",6.477050781,16.2729,"P0279","EC_0165.jpg"
"14101",7.012137277,7.7399,"P0279","EC_0232.jpg"
"14102",8.25453404,8.4412,"P0279","EC_0120.jpg"
"14103",8.548618862,2.4045,"P0279","EC_0072.jpg"
"14104",5.080426897,21.5775,"P0279","EC_0062.jpg"
"14105",8.693568638,2.5718,"P0279","EC_0001.jpg"
"14106",2.794642857,10.7562,"P0279","EC_0219.jpg"
"14107",7.782993862,6.3507,"P0279","EC_0019.jpg"
"14108",9.034667969,18.6425,"P0279","EC_0065.jpg"
"14109",4.389718192,12.7961,"P0279","EC_0049.jpg"
"14110",9.926757813,2.8039,"P0279","EC_0060.jpg"
"14111",8.564034598,4.1347,"P0279","EC_0152.jpg"
"14112",8.550851004,8.9067,"P0279","EC_0211.jpg"
"14113",9.982282366,3.1037,"P0279","EC_0207.jpg"
"14114",6.339425223,7.3736,"P0279","EC_0059.jpg"
"14115",9.980817522,3.4027,"P0279","EC_0149.jpg"
"14116",9.87890625,4.2967,"P0279","EC_0167.jpg"
"14117",6.562918527,3.2347,"P0279","EC_0092.jpg"
"14118",7.921177455,6.3477,"P0279","EC_0098.jpg"
"14119",3.518763951,5.2982,"P0279","EC_0124.jpeg"
"14120",8.109584263,3.5344,"P0279","EC_0141.jpg"
"14121",9.981375558,2.8713,"P0279","EC_0036.jpeg"
"14122",8.200613839,27.7834,"P0279","EC_0070.jpg"
"14123",7.80594308,7.6423,"P0279","EC_0248.jpg"
"14124",0.50125558,18.1684,"P0279","EC_0235.jpg"
"14125",8.833914621,2.5764,"P0279","EC_0197.jpg"
"14126",8.813825335,3.2891,"P0279","EC_0109.jpg"
"14127",5.656668527,9.4395,"P0279","EC_0209.jpg"
"14128",9.381487165,2.4881,"P0279","EC_0166.jpg"
"14129",5.734305246,7.1616,"P0279","EC_0243.jpg"
"14130",9.048409598,2.9069,"P0279","EC_0210.jpg"
"14131",8.987723214,2.7702,"P0279","EC_0077.jpg"
"14132",7.663643973,2.7723,"P0279","EC_0161.jpg"
"14133",9.803292411,2.4426,"P0279","EC_0011.jpg"
"14134",9.579729353,2.5546,"P0279","EC_0034.jpg"
"14135",6.684779576,2.6081,"P0279","EC_0071.jpg"
"14136",8.447544643,2.6882,"P0279","EC_0121.jpg"
"14137",9.145996094,3.0873,"P0279","EC_0199.jpg"
"14138",9.145996094,3.1057,"P0279","EC_0185.jpg"
"14139",9.321986607,2.9205,"P0279","EC_0247.jpg"
"14140",9.540736607,2.5887,"P0279","EC_0074.jpg"
"14141",5.735909598,2.8553,"P0279","EC_0140.jpg"
"14142",0.758091518,2.9211,"P0279","EC_0184.jpg"
"14143",8.29750279,2.5548,"P0279","EC_0173.jpg"
"14144",9.847865513,3.387,"P0279","EC_0031.jpg"
"14145",6.605887277,14.1599,"P0279","EC_0201.jpg"
"14146",7.962472098,2.6734,"P0279","EC_0003.jpg"
"14147",9.443638393,2.9241,"P0279","EC_0083.jpg"
"14148",9.668805804,2.587,"P0279","EC_0118.jpg"
"14149",8.498256138,2.7731,"P0279","EC_0241.jpg"
"14150",9.496512277,3.4529,"P0279","EC_0085.jpg"
"14151",2.322405134,2.7053,"P0279","EC_0195.jpg"
"14152",7.695731027,2.8706,"P0279","EC_0172.jpg"
"14153",7.695731027,2.537,"P0279","EC_0018.jpg"
"14154",4.907366071,2.9883,"P0279","EC_0233.jpg"
"14155",2.255719866,3.0354,"P0279","EC_0056.jpg"
"14156",6.829520089,18.6512,"P0279","EC_0239.jpg"
"14157",4.219587054,4.7542,"P0279","EC_0176.jpg"
"14158",9.991768973,3.3669,"P0279","EC_0022.jpg"
"14159",4.892647879,2.8344,"P0279","EC_0053.jpg"
"14160",9.996233259,5.1812,"P0279","EC_0038.jpg"
"14161",9.996233259,2.3894,"P0279","EC_0228.jpg"
"14162",9.996233259,2.5718,"P0279","EC_0076.jpg"
"14163",8.427664621,5.897,"P0279","EC_0125.jpeg"
"14164",7.461635045,7.8464,"P0279","EC_0245.jpg"
"14165",3.942382813,3.9012,"P0279","EC_0147.png"
"14166",9.180594308,6.9793,"P0279","EC_0032.jpg"
"14167",8.802525112,2.2393,"P0279","EC_0104.jpg"
"14168",4.063964844,2.4233,"P0279","EC_0148.jpg"
"14169",1.335867746,9.3228,"P0279","EC_0048.jpg"
"14170",9.627162388,2.9697,"P0279","EC_0041.jpg"
"14171",9.265764509,4.2038,"P0279","EC_0103.jpg"
"14172",9.943987165,2.9732,"P0279","EC_0090.jpg"
"14173",9.943987165,2.2563,"P0279","EC_0229.jpg"
"14174",6.660714286,9.1376,"P0279","EC_0089.jpg"
"14175",8.406389509,3.4205,"P0279","EC_0157.jpg"
"14176",0.105259487,4.0848,"P0279","EC_0111.jpg"
"14177",9.99093192,4.3007,"P0279","EC_0156.jpg"
"14178",9.548828125,2.3055,"P0279","EC_0009.jpg"
"14179",9.548828125,2.093,"P0279","EC_0188.jpg"
"14180",9.548828125,8.3243,"P0279","EC_0080.jpg"
"14181",9.337820871,4.6541,"P0279","EC_0100.jpg"
"14182",9.895647321,2.6546,"P0279","EC_0133.jpg"
"14183",5.112095424,5.9162,"P0279","EC_0244.jpg"
"14184",8.981933594,5.8471,"P0279","EC_0170.jpg"
"14185",8.981933594,5.6972,"P0279","EC_0151.jpg"
"14186",7.209193638,3.151,"P0279","EC_0123.jpeg"
"14187",9.916294643,2.605,"P0279","EC_0057.jpeg"
"14188",9.916294643,6.1153,"P0279","EC_0028.jpg"
"14189",9.916294643,2.4062,"P0279","EC_0163.jpg"
"14190",7.323451451,3.3539,"P0279","EC_0015.jpg"
"14191",5.442592076,3.4864,"P0279","EC_0129.jpeg"
"14192",7.191476004,6.0788,"P0279","EC_0137.jpg"
"14193",9.944405692,3.0046,"P0279","EC_0063.jpg"
"14194",9.978794643,6.561,"P0279","EC_0084.jpg"
"14195",8.459123884,2.64,"P0279","EC_0086.jpg"
"14196",8.889787946,7.4253,"P0279","EC_0223.jpg"
"14197",9.922084263,2.7382,"P0279","EC_0194.jpg"
"14198",9.922084263,2.0904,"P0279","EC_0093.jpg"
"14199",9.922084263,2.057,"P0279","EC_0136.jpg"
"14200",9.913574219,5.8148,"P0279","EC_0020.jpg"
"14201",5.559012277,3.3217,"P0279","EC_0094.jpg"
"14202",0.575892857,4.716,"P0279","EC_0033.jpeg"
"14203",0.337332589,3.4355,"P0279","EC_0168.jpeg"
"14204",9.972726004,2.7536,"P0279","EC_0106.jpg"
"14205",6.552734375,3.2868,"P0279","EC_0132.jpg"
"14206",9.971679688,2.5861,"P0279","EC_0051.jpg"
"14207",9.971679688,2.1725,"P0279","EC_0236.jpg"
"14208",5.096051897,2.3057,"P0279","EC_0142.jpg"
"14209",8.003627232,2.5874,"P0279","EC_0017.jpg"
"14210",8.824986049,2.2706,"P0279","EC_0234.jpg"
"14211",9.906319754,2.5716,"P0279","EC_0075.jpg"
"14212",9.906319754,2.1897,"P0279","EC_0073.jpg"
"14213",5.835239955,8.7256,"P0279","EC_0182.jpg"
"14214",7.096609933,2.7592,"P0279","EC_0181.jpg"
"14215",8.762904576,2.9875,"P0279","EC_0115.jpg"
"14216",4.966727121,4.5334,"P0279","EC_0088.jpg"
"14217",7.13218471,3.6359,"P0279","EC_0183.jpg"
"14218",9.687918527,3.1201,"P0279","EC_0061.jpg"
"14219",9.687918527,2.3555,"P0279","EC_0250.jpg"
"14220",9.872279576,2.7725,"P0279","EC_0006.jpg"
"14221",1.1953125,2.9275,"P0279","EC_0113.jpg"
"14222",5.619977679,3.5881,"P0279","EC_0231.jpg"
"14223",8.113978795,2.4223,"P0279","EC_0119.jpg"
"14224",5.359375,2.9713,"P0279","EC_0128.jpeg"
"14225",7.547991071,10.8475,"P0279","EC_0249.jpg"
"14226",9.436941964,11.0992,"P0279","EC_0064.jpg"
"14227",9.157226563,2.5585,"P0279","EC_0198.jpg"
"14228",0.091866629,4.5808,"P0279","EC_0242.jpg"
"14229",9.014718192,2.8204,"P0279","EC_0221.jpg"
"14230",9.971819196,3.1057,"P0279","EC_0069.jpg"
"14231",9.831612723,5.8612,"P0279","EC_0206.png"
"14232",9.837402344,2.8233,"P0279","EC_0066.jpg"
"14233",4.321079799,3.0544,"P0279","EC_0007.jpg"
"14234",9.353794643,11.2693,"P0279","EC_0105.jpg"
"14235",7.420479911,5.4641,"P0279","EC_0012.jpg"
"14236",9.232142857,4.8333,"P0279","EC_0002.jpg"
"14237",9.980678013,4.4014,"P0279","EC_0068.jpg"
"14238",9.980678013,2.7701,"P0279","EC_0044.jpg"
"14239",0.066057478,7.9097,"P0279","EC_0047.jpg"
"14240",7.436314174,11.0527,"P0279","EC_0087.jpg"
"14241",9.861258371,35.447,"P0279","EC_0102.jpg"
"14242",9.838797433,2.5383,"P0279","EC_0169.png"
"14243",2.498604911,32.318,"P0279","EC_0180.jpg"
"14244",7.017647879,15.2752,"P0279","EC_0040.jpg"
"14245",9.346819196,14.6247,"P0279","EC_0079.jpg"
"14246",3.537527902,30.9239,"P0279","EC_0139.png"
"14247",7.215750558,6.049,"P0279","EC_0116.jpg"
"14248",9.348702567,6.2983,"P0279","EC_0237.jpg"
"14249",8.486397879,3.4843,"P0279","EC_0174.jpg"
"14250",9.919991629,5.8503,"P0279","EC_0010.jpg"
"14251",8.483607701,3.5706,"P0279","EC_0162.jpg"
"14252",8.105329241,5.2979,"P0279","EC_0187.jpeg"
"14253",8.492396763,5.4644,"P0279","EC_0214.jpg"
"14254",9.970563616,13.9281,"P0279","EC_0008.jpg"
"14255",9.970563616,6.6492,"P0279","EC_0030.jpg"
"14256",6.49874442,10.4465,"P0279","EC_0046.jpg"
"14257",9.713518415,12.6468,"P0279","EC_0213.jpg"
"14258",5.939801897,2.8212,"P0279","EC_0153.jpg"
"14259",9.691476004,2.7252,"P0279","EC_0096.jpg"
"14260",9.691476004,2.1567,"P0279","EC_0095.jpg"
"14261",9.697265625,2.0551,"P0279","EC_0202.jpg"
"14262",3.008649554,3.2545,"P0279","EC_0016.jpg"
"14263",9.44594029,2.8364,"P0279","EC_0224.jpg"
"14264",8.443847656,12.8696,"P0279","EC_0230.jpg"
"14265",6.874023438,3.5022,"P0279","EC_0246.jpg"
"14266",9.741908482,3.0209,"P0279","EC_0029.jpg"
"14267",9.753487723,3.0844,"P0279","EC_0014.jpg"
"14268",9.383858817,2.7896,"P0279","EC_0117.jpg"
"14269",9.820591518,2.6062,"P0279","EC_0024.jpg"
"14270",2.263950893,20.3472,"P0279","EC_0205.jpg"
"14271",4.589285714,7.3208,"P0279","EC_0005.jpg"
"14272",8.262765067,2.6711,"P0279","EC_0222.jpg"
"14273",7.523856027,6.4273,"P0279","EC_0158.jpg"
"14274",7.101981027,12.5679,"P0279","EC_0097.jpg"
"14275",7.988211496,11.1681,"P0279","EC_0054.jpg"
"14276",8.546665737,10.321,"P0279","EC_0050.jpg"
"14277",9.142578125,11.051,"P0279","EC_0171.jpg"
"14278",8.33140346,9.3724,"P0279","EC_0154.jpg"
"14279",9.690848214,34.1156,"P0279","EC_0108.jpg"
"14280",8.032296317,2.3382,"P0279","EC_0203.jpg"
"14281",2.253968254,2.964,"P0280","EC_0214.jpg"
"14282",6.365079365,3.328,"P0280","EC_0128.jpeg"
"14283",7.746031746,2.147,"P0280","EC_0213.jpg"
"14284",5.968253968,2.111,"P0280","EC_0087.jpg"
"14285",1.555555556,2.177,"P0280","EC_0162.jpg"
"14286",1.031746032,1.942,"P0280","EC_0204.jpg"
"14287",4.444444444,2.693,"P0280","EC_0070.jpg"
"14288",6.476190476,2.208,"P0280","EC_0138.png"
"14289",1.619047619,2.11,"P0280","EC_0203.jpg"
"14290",9.015873016,2.327,"P0280","EC_0108.jpg"
"14291",5.666666667,2.525,"P0280","EC_0123.jpeg"
"14292",1.920634921,2.127,"P0280","EC_0048.jpg"
"14293",3.349206349,1.86,"P0280","EC_0245.jpg"
"14294",5.253968254,2.692,"P0280","EC_0015.jpg"
"14295",7.53968254,2.025,"P0280","EC_0092.jpg"
"14296",8.238095238,2.158,"P0280","EC_0119.jpg"
"14297",8.238095238,1.792,"P0280","EC_0038.jpg"
"14298",9.603174603,2.358,"P0280","EC_0207.jpg"
"14299",8.857142857,2.325,"P0280","EC_0121.jpg"
"14300",6.857142857,2.125,"P0280","EC_0006.jpg"
"14301",7.73015873,1.874,"P0280","EC_0093.jpg"
"14302",7.73015873,2.541,"P0280","EC_0171.jpg"
"14303",9.444444444,2.607,"P0280","EC_0227.jpg"
"14304",6.492063492,2.007,"P0280","EC_0197.jpg"
"14305",6.126984127,2.125,"P0280","EC_0229.jpg"
"14306",7.761904762,2.107,"P0280","EC_0102.jpg"
"14307",8.904761905,1.941,"P0280","EC_0132.jpg"
"14308",6.873015873,2.258,"P0280","EC_0236.jpg"
"14309",6.873015873,1.908,"P0280","EC_0055.jpg"
"14310",8.015873016,1.957,"P0280","EC_0193.png"
"14311",4.142857143,2.192,"P0280","EC_0177.jpg"
"14312",1.603174603,2.075,"P0280","EC_0059.jpg"
"14313",8.793650794,2.36,"P0280","EC_0104.jpg"
"14314",7.650793651,2.007,"P0280","EC_0076.jpg"
"14315",7.650793651,1.942,"P0280","EC_0063.jpg"
"14316",4.650793651,3.109,"P0280","EC_0024.jpg"
"14317",3.238095238,2.275,"P0280","EC_0051.jpg"
"14318",7.222222222,2.057,"P0280","EC_0242.jpg"
"14319",7.222222222,1.845,"P0280","EC_0030.jpg"
"14320",8.301587302,1.596,"P0280","EC_0057.jpeg"
"14321",9.079365079,1.857,"P0280","EC_0238.jpg"
"14322",8.047619048,2.558,"P0280","EC_0147.png"
"14323",4.53968254,2.325,"P0280","EC_0100.jpg"
"14324",0.19047619,2.964,"P0280","EC_0184.jpg"
"14325",3.253968254,2.225,"P0280","EC_0173.jpg"
"14326",3.984126984,2.145,"P0280","EC_0237.jpg"
"14327",4.031746032,1.992,"P0280","EC_0232.jpg"
"14328",2.126984127,2.429,"P0280","EC_0142.jpg"
"14329",9.253968254,2.611,"P0280","EC_0003.jpg"
"14330",5.507936508,3.03,"P0280","EC_0125.jpeg"
"14331",5.682539683,1.995,"P0280","EC_0182.jpg"
"14332",2.349206349,2.808,"P0280","EC_0206.png"
"14333",2.873015873,2.529,"P0280","EC_0049.jpg"
"14334",5.825396825,2.797,"P0280","EC_0079.jpg"
"14335",6.857142857,2.013,"P0280","EC_0234.jpg"
"14336",4.984126984,2.163,"P0280","EC_0169.png"
"14337",4.984126984,1.88,"P0280","EC_0011.jpg"
"14338",2.968253968,2.311,"P0280","EC_0140.jpg"
"14339",8.222222222,2.413,"P0280","EC_0096.jpg"
"14340",8.222222222,1.845,"P0280","EC_0174.jpg"
"14341",4.095238095,2.829,"P0280","EC_0195.jpg"
"14342",3.746031746,2.53,"P0280","EC_0010.jpg"
"14343",7.698412698,2.262,"P0280","EC_0194.jpg"
"14344",0.857142857,2.697,"P0280","EC_0247.jpg"
"14345",1.841269841,2.325,"P0280","EC_0047.jpg"
"14346",4.746031746,2.525,"P0280","EC_0084.jpg"
"14347",8.19047619,2.059,"P0280","EC_0134.jpg"
"14348",9.126984127,2.692,"P0280","EC_0069.jpg"
"14349",9.126984127,1.93,"P0280","EC_0168.jpeg"
"14350",7.73015873,2.242,"P0280","EC_0137.jpg"
"14351",7.984126984,2.262,"P0280","EC_0031.jpg"
"14352",6.492063492,2.591,"P0280","EC_0163.jpg"
"14353",6.492063492,2.181,"P0280","EC_0120.jpg"
"14354",9.714285714,2.404,"P0280","EC_0157.jpg"
"14355",9.936507937,2.859,"P0280","EC_0081.jpg"
"14356",5.158730159,2.259,"P0280","EC_0085.jpg"
"14357",7.80952381,2.477,"P0280","EC_0228.jpg"
"14358",6.365079365,2.191,"P0280","EC_0095.jpg"
"14359",1.238095238,2.492,"P0280","EC_0183.jpg"
"14360",5.666666667,3.092,"P0280","EC_0012.jpg"
"14361",7.952380952,2.374,"P0280","EC_0241.jpg"
"14362",8.714285714,1.892,"P0280","EC_0077.jpg"
"14363",9.396825397,2.774,"P0280","EC_0068.jpg"
"14364",5.079365079,2.295,"P0280","EC_0233.jpg"
"14365",6.095238095,2.057,"P0280","EC_0159.jpg"
"14366",8.142857143,1.909,"P0280","EC_0167.jpg"
"14367",8.142857143,1.542,"P0280","EC_0098.jpg"
"14368",9.952380952,2.208,"P0280","EC_0041.jpg"
"14369",9.952380952,1.642,"P0280","EC_0044.jpg"
"14370",0.111111111,2.809,"P0280","EC_0185.jpg"
"14371",2.555555556,2.275,"P0280","EC_0056.jpg"
"14372",3.555555556,2.292,"P0280","EC_0139.png"
"14373",6.841269841,2.209,"P0280","EC_0034.jpg"
"14374",7.333333333,2.029,"P0280","EC_0221.jpg"
"14375",8.222222222,2.076,"P0280","EC_0200.png"
"14376",6.666666667,2.741,"P0280","EC_0054.jpg"
"14377",8.841269841,3.041,"P0280","EC_0196.jpg"
"14378",8.26984127,2.229,"P0280","EC_0060.jpg"
"14379",8.873015873,2.24,"P0280","EC_0099.jpg"
"14380",1.53968254,2.509,"P0280","EC_0124.jpeg"
"14381",3.365079365,2.907,"P0280","EC_0230.jpg"
"14382",4.857142857,1.993,"P0280","EC_0086.jpg"
"14383",6.603174603,1.829,"P0280","EC_0032.jpg"
"14384",1.396825397,2.408,"P0280","EC_0243.jpg"
"14385",6.888888889,2.475,"P0280","EC_0019.jpg"
"14386",6.888888889,1.674,"P0280","EC_0172.jpg"
"14387",5.555555556,2.381,"P0280","EC_0075.jpg"
"14388",1.793650794,2.242,"P0280","EC_0136.jpg"
"14389",6.19047619,2.358,"P0280","EC_0153.jpg"
"14390",2.53968254,2.313,"P0280","EC_0154.jpg"
"14391",8.73015873,2.596,"P0280","EC_0002.jpg"
"14392",5.031746032,2.558,"P0280","EC_0129.jpeg"
"14393",1.777777778,2.262,"P0280","EC_0165.jpg"
"14394",6.333333333,2.198,"P0280","EC_0113.jpg"
"14395",8.174603175,2.147,"P0280","EC_0131.jpg"
"14396",7.174603175,2.729,"P0280","EC_0067.jpg"
"14397",7.380952381,2.181,"P0280","EC_0181.jpg"
"14398",8.936507937,2.23,"P0280","EC_0083.jpg"
"14399",2.365079365,2.446,"P0280","EC_0199.jpg"
"14400",1.111111111,2.314,"P0280","EC_0111.jpg"
"14401",5.380952381,2.63,"P0280","EC_0239.jpg"
"14402",6.396825397,1.912,"P0280","EC_0116.jpg"
"14403",7.253968254,2.046,"P0280","EC_0152.jpg"
"14404",8.047619048,1.963,"P0280","EC_0037.jpg"
"14405",0.523809524,2.615,"P0280","EC_0235.jpg"
"14406",1.698412698,2.242,"P0280","EC_0061.jpg"
"14407",0.714285714,2.326,"P0280","EC_0161.jpg"
"14408",0.80952381,1.946,"P0280","EC_0017.jpg"
"14409",1.73015873,2.043,"P0280","EC_0009.jpg"
"14410",2.53968254,2.726,"P0280","EC_0066.jpg"
"14411",3,2.527,"P0280","EC_0148.jpg"
"14412",6.222222222,2.892,"P0280","EC_0158.jpg"
"14413",2.888888889,2.277,"P0280","EC_0176.jpg"
"14414",8.777777778,2.477,"P0280","EC_0149.jpg"
"14415",5.555555556,2.141,"P0280","EC_0202.jpg"
"14416",7.841269841,3.825,"P0280","EC_0033.jpeg"
"14417",5.888888889,2.127,"P0280","EC_0166.jpg"
"14418",9.222222222,2.294,"P0280","EC_0001.jpg"
"14419",7.825396825,2.276,"P0280","EC_0080.jpg"
"14420",4.158730159,2.191,"P0280","EC_0224.jpg"
"14421",4.873015873,1.878,"P0280","EC_0039.jpg"
"14422",8.714285714,2.092,"P0280","EC_0013.jpg"
"14423",7.428571429,1.576,"P0280","EC_0029.jpg"
"14424",9.507936508,2.141,"P0280","EC_0180.jpg"
"14425",6.111111111,2.358,"P0280","EC_0094.jpg"
"14426",0.396825397,3.509,"P0280","EC_0071.jpg"
"14427",9.793650794,2.658,"P0280","EC_0205.jpg"
"14428",7.063492063,2.608,"P0280","EC_0027.jpg"
"14429",8.746031746,2.341,"P0280","EC_0106.jpg"
"14430",5.031746032,2.225,"P0280","EC_0250.jpg"
"14431",8.603174603,2.958,"P0280","EC_0160.jpg"
"14432",9.26984127,2.092,"P0280","EC_0064.jpg"
"14433",9.476190476,1.974,"P0280","EC_0097.jpg"
"14434",7.333333333,2.141,"P0280","EC_0210.jpg"
"14435",3.301587302,2.291,"P0280","EC_0198.jpg"
"14436",6.285714286,1.996,"P0280","EC_0040.jpg"
"14437",5.126984127,2.479,"P0280","EC_0103.jpg"
"14438",9.904761905,4.094,"P0280","EC_0050.jpg"
"14439",7.777777778,2.192,"P0280","EC_0150.jpg"
"14440",7.761904762,1.731,"P0280","EC_0211.jpg"
"14441",9,2.412,"P0280","EC_0109.jpg"
"14442",9.476190476,2.391,"P0280","EC_0248.jpg"
"14443",5.666666667,2.257,"P0280","EC_0042.jpg"
"14444",2.015873016,2.408,"P0280","EC_0209.jpg"
"14445",0.619047619,2.025,"P0280","EC_0246.jpg"
"14446",8.793650794,2.509,"P0280","EC_0022.jpg"
"14447",3.619047619,2.128,"P0280","EC_0062.jpg"
"14448",9.492063492,2.308,"P0280","EC_0020.jpg"
"14449",8.206349206,2.212,"P0280","EC_0223.jpg"
"14450",4.777777778,2.029,"P0280","EC_0101.jpg"
"14451",3.349206349,2.063,"P0280","EC_0231.jpg"
"14452",4.26984127,2.611,"P0280","EC_0249.jpg"
"14453",8.777777778,2.298,"P0280","EC_0058.jpg"
"14454",6.984126984,2.058,"P0280","EC_0088.jpg"
"14455",1.349206349,2.611,"P0280","EC_0244.jpg"
"14456",2.015873016,1.664,"P0280","EC_0201.jpg"
"14457",0.253968254,3.678,"P0280","EC_0053.jpg"
"14458",6.793650794,2.247,"P0280","EC_0014.jpg"
"14459",5.095238095,2.129,"P0280","EC_0164.jpg"
"14460",9.126984127,2.163,"P0280","EC_0240.jpg"
"14461",9.126984127,1.68,"P0280","EC_0016.jpg"
"14462",2.492063492,2.331,"P0280","EC_0005.jpg"
"14463",7.126984127,2.214,"P0280","EC_0089.jpg"
"14464",6.904761905,1.946,"P0280","EC_0036.jpeg"
"14465",8.968253968,1.93,"P0280","EC_0105.jpg"
"14466",1.253968254,2.163,"P0280","EC_0222.jpg"
"14467",5.015873016,3.286,"P0280","EC_0226.jpg"
"14468",5.603174603,2.492,"P0280","EC_0141.jpg"
"14469",7.476190476,2.12,"P0280","EC_0074.jpg"
"14470",8.587301587,1.658,"P0280","EC_0073.jpg"
"14471",8.587301587,1.763,"P0280","EC_0072.jpg"
"14472",9.19047619,2.694,"P0280","EC_0219.jpg"
"14473",6.412698413,2.258,"P0280","EC_0090.jpg"
"14474",7.761904762,2.775,"P0280","EC_0018.jpg"
"14475",7.904761905,1.876,"P0280","EC_0007.jpg"
"14476",8.428571429,2.377,"P0280","EC_0082.jpg"
"14477",6.825396825,2.726,"P0280","EC_0028.jpg"
"14478",2.476190476,2.492,"P0280","EC_0187.jpeg"
"14479",4.761904762,2.009,"P0280","EC_0117.jpg"
"14480",8.920634921,2.276,"P0280","EC_0008.jpg"
"14481",6.317460317,3.125,"P0280","EC_0151.jpg"
"14482",6.317460317,1.642,"P0280","EC_0188.jpg"
"14483",2.603174603,2.476,"P0280","EC_0135.jpg"
"14484",7.428571429,2.259,"P0280","EC_0118.jpg"
"14485",5.079365079,2.391,"P0280","EC_0115.jpg"
"14486",6.825396825,2.043,"P0280","EC_0065.jpg"
"14487",4.968253968,2.493,"P0280","EC_0133.jpg"
"14488",7.920634921,3.086,"P0280","EC_0046.jpg"
"14489",9.111111111,2.908,"P0280","EC_0156.jpg"
"14490",5.857142857,2.241,"P0280","EC_0170.jpg"
"14491",6.018519326,4.1228,"P0289","EC_0245.jpg"
"14492",7.698412698,5.3875,"P0289","EC_0101.jpg"
"14493",8.293650794,5.2868,"P0289","EC_0075.jpg"
"14494",8.981481885,3.1739,"P0289","EC_0068.jpg"
"14495",4.31217012,3.3214,"P0289","EC_0069.jpg"
"14496",8.452380952,4.8911,"P0289","EC_0117.jpg"
"14497",7.605820913,4.1793,"P0289","EC_0030.jpg"
"14498",3.875662183,3.5053,"P0289","EC_0082.jpg"
"14499",3.478836786,2.8551,"P0289","EC_0181.jpg"
"14500",5.066138373,3.4897,"P0289","EC_0057.jpeg"
"14501",5.793650794,7.1964,"P0289","EC_0168.jpeg"
"14502",6.097884405,2.4522,"P0289","EC_0079.jpg"
"14503",5.46296377,3.1036,"P0289","EC_0213.jpg"
"14504",6.177249485,5.1077,"P0289","EC_0054.jpg"
"14505",4.510582818,5.6634,"P0289","EC_0176.jpg"
"14506",4.854497758,4.3118,"P0289","EC_0133.jpg"
"14507",2.552910457,2.6704,"P0289","EC_0232.jpg"
"14508",6.931217739,2.7206,"P0289","EC_0236.jpg"
"14509",7.07671998,3.7567,"P0289","EC_0239.jpg"
"14510",5.727513631,3.2212,"P0289","EC_0073.jpg"
"14511",7.314815218,2.6508,"P0289","EC_0238.jpg"
"14512",3.095238095,4.3709,"P0289","EC_0113.jpg"
"14513",4.61640252,3.9307,"P0289","EC_0059.jpg"
"14514",1.957672361,4.6063,"P0289","EC_0071.jpg"
"14515",1.891534593,4.4882,"P0289","EC_0066.jpg"
"14516",5.251323155,3.4281,"P0289","EC_0123.jpeg"
"14517",4.775132679,3.9895,"P0289","EC_0235.jpg"
"14518",5.436507937,3.4311,"P0289","EC_0088.jpg"
"14519",5.92592633,3.1988,"P0289","EC_0037.jpg"
"14520",6.825396825,2.689,"P0289","EC_0223.jpg"
"14521",6.970900278,3.1695,"P0289","EC_0064.jpg"
"14522",2.142857143,4.8636,"P0289","EC_0185.jpg"
"14523",7.07671998,4.0202,"P0289","EC_0226.jpg"
"14524",1.0978838,3.3316,"P0289","EC_0159.jpg"
"14525",7.592592996,3.487,"P0289","EC_0211.jpg"
"14526",8.80952381,3.081,"P0289","EC_0020.jpg"
"14527",6.560846965,3.1145,"P0289","EC_0040.jpg"
"14528",5.965608869,4.1385,"P0289","EC_0094.jpg"
"14529",6.494709802,5.6643,"P0289","EC_0244.jpg"
"14530",8.253968254,3.5477,"P0289","EC_0104.jpg"
"14531",9.431217739,3.0909,"P0289","EC_0018.jpg"
"14532",8.306878711,3.4223,"P0289","EC_0125.jpeg"
"14533",8.637566945,2.6637,"P0289","EC_0077.jpg"
"14534",1.574074276,4.6528,"P0289","EC_0219.jpg"
"14535",9.814815218,4.9806,"P0289","EC_0044.jpg"
"14536",9.65608506,3.3695,"P0289","EC_0229.jpg"
"14537",7.804233612,3.1625,"P0289","EC_0108.jpg"
"14538",8.849206349,2.6397,"P0289","EC_0160.jpg"
"14539",8.029100933,4.3366,"P0289","EC_0157.jpg"
"14540",5.701059008,2.931,"P0289","EC_0019.jpg"
"14541",4.814815218,4.4997,"P0289","EC_0038.jpg"
"14542",2.777777778,3.7385,"P0289","EC_0174.jpg"
"14543",5.661376469,2.8719,"P0289","EC_0202.jpg"
"14544",2.566138373,2.9,"P0289","EC_0173.jpg"
"14545",0.84656125,5.8971,"P0289","EC_0184.jpg"
"14546",7.632275536,3.2553,"P0289","EC_0193.png"
"14547",6.891535199,4.2137,"P0289","EC_0151.jpg"
"14548",7.724868532,3.0802,"P0289","EC_0205.jpg"
"14549",5.84656125,5.4576,"P0289","EC_0070.jpg"
"14550",9.219577123,4.0126,"P0289","EC_0164.jpg"
"14551",2.275132679,3.0292,"P0289","EC_0204.jpg"
"14552",7.949735853,2.6645,"P0289","EC_0058.jpg"
"14553",8.373015873,3.2115,"P0289","EC_0089.jpg"
"14554",3.280424088,8.5136,"P0289","EC_0048.jpg"
"14555",5.992063492,7.8415,"P0289","EC_0142.jpg"
"14556",4.933862838,2.6067,"P0289","EC_0162.jpg"
"14557",7.407408215,3.215,"P0289","EC_0016.jpg"
"14558",4.933862838,4.8197,"P0289","EC_0161.jpg"
"14559",5.449735853,4.3885,"P0289","EC_0158.jpg"
"14560",5.833333333,3.3273,"P0289","EC_0222.jpg"
"14561",9.140212044,2.6487,"P0289","EC_0167.jpg"
"14562",8.174603175,3.062,"P0289","EC_0163.jpg"
"14563",8.902116806,3.8165,"P0289","EC_0120.jpg"
"14564",6.415344723,5.1729,"P0289","EC_0231.jpg"
"14565",4.788360596,3.26,"P0289","EC_0201.jpg"
"14566",6.468253968,5.4541,"P0289","EC_0111.jpg"
"14567",7.222222222,5.9916,"P0289","EC_0248.jpg"
"14568",5.88624379,15.3187,"P0289","EC_0013.jpg"
"14569",5.105820913,3.4424,"P0289","EC_0090.jpg"
"14570",8.015873016,2.9061,"P0289","EC_0115.jpg"
"14571",6.441799345,3.6882,"P0289","EC_0087.jpg"
"14572",7.552910457,2.7679,"P0289","EC_0092.jpg"
"14573",7.883598691,3.7331,"P0289","EC_0011.jpg"
"14574",5.701059008,2.7429,"P0289","EC_0153.jpg"
"14575",9.060846965,2.8314,"P0289","EC_0234.jpg"
"14576",4.417989822,2.9276,"P0289","EC_0228.jpg"
"14577",9.113757421,2.8586,"P0289","EC_0039.jpg"
"14578",2.592592996,3.5716,"P0289","EC_0010.jpg"
"14579",4.087301587,3.5971,"P0289","EC_0129.jpeg"
"14580",8.267196171,5.2944,"P0289","EC_0135.jpg"
"14581",3.875662183,2.9538,"P0289","EC_0140.jpg"
"14582",2.817460317,3.2036,"P0289","EC_0224.jpg"
"14583",5.198412698,2.7163,"P0289","EC_0007.jpg"
"14584",6.296297104,2.545,"P0289","EC_0195.jpg"
"14585",7.592592996,3.2438,"P0289","EC_0177.jpg"
"14586",7.804233612,3.4139,"P0289","EC_0012.jpg"
"14587",9.735450139,3.1303,"P0289","EC_0041.jpg"
"14588",6.984126984,2.5703,"P0289","EC_0237.jpg"
"14589",6.917989822,2.7374,"P0289","EC_0036.jpeg"
"14590",3.664021568,13.3129,"P0289","EC_0198.jpg"
"14591",8.73015873,4.9152,"P0289","EC_0081.jpg"
"14592",9.021164425,2.6871,"P0289","EC_0243.jpg"
"14593",2.566138373,3.3996,"P0289","EC_0227.jpg"
"14594",6.73280504,6.5383,"P0289","EC_0165.jpg"
"14595",7.976190476,5.3965,"P0289","EC_0093.jpg"
"14596",5.449735853,5.3864,"P0289","EC_0024.jpg"
"14597",3.637566945,2.5147,"P0289","EC_0049.jpg"
"14598",7.830688234,2.8644,"P0289","EC_0214.jpg"
"14599",2.063492063,3.7648,"P0289","EC_0242.jpg"
"14600",5.304233612,4.1203,"P0289","EC_0148.jpg"
"14601",6.296297104,6.4399,"P0289","EC_0246.jpg"
"14602",8.148148552,3.9055,"P0289","EC_0097.jpg"
"14603",7.037037441,4.1913,"P0289","EC_0015.jpg"
"14604",5.343916151,3.6871,"P0289","EC_0138.png"
"14605",3.04232885,2.8277,"P0289","EC_0085.jpg"
"14606",2.050264752,2.5753,"P0289","EC_0005.jpg"
"14607",8.134920635,2.9818,"P0289","EC_0156.jpg"
"14608",8.465608869,3.8159,"P0289","EC_0180.jpg"
"14609",7.579365079,3.3576,"P0289","EC_0001.jpg"
"14610",9.338624742,2.4229,"P0289","EC_0083.jpg"
"14611",3.015873016,2.6861,"P0289","EC_0095.jpg"
"14612",6.388888889,3.7877,"P0289","EC_0247.jpg"
"14613",5.529100933,2.6824,"P0289","EC_0154.jpg"
"14614",6.878307282,3.2532,"P0289","EC_0109.jpg"
"14615",6.878307282,5.2909,"P0289","EC_0067.jpg"
"14616",4.907408215,3.7419,"P0289","EC_0240.jpg"
"14617",6.150793651,4.566,"P0289","EC_0128.jpeg"
"14618",3.835979643,3.0568,"P0289","EC_0124.jpeg"
"14619",7.288360596,5.2706,"P0289","EC_0046.jpg"
"14620",6.124339028,6.9221,"P0289","EC_0188.jpg"
"14621",7.208995516,4.8287,"P0289","EC_0074.jpg"
"14622",6.706349206,4.6218,"P0289","EC_0053.jpg"
"14623",3.134920635,4.6889,"P0289","EC_0183.jpg"
"14624",2.526455834,4.6886,"P0289","EC_0169.png"
"14625",8.108466012,3.4541,"P0289","EC_0063.jpg"
"14626",4.947090754,7.2565,"P0289","EC_0084.jpg"
"14627",7.738095238,3.2779,"P0289","EC_0099.jpg"
"14628",7.804233612,2.5981,"P0289","EC_0062.jpg"
"14629",6.362434266,5.6705,"P0289","EC_0194.jpg"
"14630",8.756614564,2.3949,"P0289","EC_0065.jpg"
"14631",8.38624379,2.9369,"P0289","EC_0060.jpg"
"14632",9.761904762,2.7313,"P0289","EC_0196.jpg"
"14633",9.933862838,2.6637,"P0289","EC_0149.jpg"
"14634",8.531746032,2.8647,"P0289","EC_0147.png"
"14635",6.335979643,2.4208,"P0289","EC_0171.jpg"
"14636",6.706349206,3.0305,"P0289","EC_0210.jpg"
"14637",7.46031746,2.7687,"P0289","EC_0055.jpg"
"14638",7.923281231,2.4379,"P0289","EC_0207.jpg"
"14639",6.917989822,4.4214,"P0289","EC_0072.jpg"
"14640",8.835979643,2.7381,"P0289","EC_0006.jpg"
"14641",5.992063492,4.7084,"P0289","EC_0009.jpg"
"14642",9.589947897,2.6126,"P0289","EC_0008.jpg"
"14643",9.378307282,3.4975,"P0289","EC_0029.jpg"
"14644",3.320106627,6.9568,"P0289","EC_0150.jpg"
"14645",7.367725675,2.8714,"P0289","EC_0121.jpg"
"14646",4.563492063,5.5245,"P0289","EC_0249.jpg"
"14647",6.957672361,3.3537,"P0289","EC_0031.jpg"
"14648",9.510582818,3.6605,"P0289","EC_0131.jpg"
"14649",7.830688234,3.2711,"P0289","EC_0182.jpg"
"14650",7.248678056,2.8733,"P0289","EC_0100.jpg"
"14651",4.907408215,4.0312,"P0289","EC_0034.jpg"
"14652",7.513227917,4.8282,"P0289","EC_0199.jpg"
"14653",9.034392342,2.9769,"P0289","EC_0061.jpg"
"14654",8.134920635,3.6875,"P0289","EC_0230.jpg"
"14655",4.497354901,4.533,"P0289","EC_0051.jpg"
"14656",5.701059008,8.6006,"P0289","EC_0134.jpg"
"14657",7.817460317,2.0726,"P0289","EC_0098.jpg"
"14658",5.092592996,3.2403,"P0289","EC_0209.jpg"
"14659",5.396825397,10.6864,"P0289","EC_0233.jpg"
"14660",3.637566945,3.098,"P0289","EC_0047.jpg"
"14661",9.695767599,2.7478,"P0289","EC_0221.jpg"
"14662",4.867725675,6.6534,"P0289","EC_0022.jpg"
"14663",5.820106627,3.0211,"P0289","EC_0119.jpg"
"14664",9.920634921,2.9307,"P0289","EC_0002.jpg"
"14665",6.150793651,4.3446,"P0289","EC_0028.jpg"
"14666",9.298942203,2.9248,"P0289","EC_0050.jpg"
"14667",6.851852659,3.1479,"P0289","EC_0172.jpg"
"14668",8.055555556,3.5472,"P0289","EC_0103.jpg"
"14669",8.677249485,2.4762,"P0289","EC_0250.jpg"
"14670",5.515873016,3.6056,"P0289","EC_0106.jpg"
"14671",5.595238095,5.7615,"P0289","EC_0241.jpg"
"14672",7.566138373,3.0209,"P0289","EC_0118.jpg"
"14673",2.063492063,3.1536,"P0289","EC_0076.jpg"
"14674",5.343916151,3.5138,"P0289","EC_0102.jpg"
"14675",7.777777778,2.4686,"P0289","EC_0003.jpg"
"14676",7.420634921,2.8526,"P0289","EC_0105.jpg"
"14677",3.095238095,2.5371,"P0289","EC_0203.jpg"
"14678",6.587301587,5.3212,"P0289","EC_0032.jpg"
"14679",8.928571429,2.148,"P0289","EC_0141.jpg"
"14680",3.359789167,6.2624,"P0289","EC_0137.jpg"
"14681",8.055555556,3.3297,"P0289","EC_0200.png"
"14682",7.923281231,9.935,"P0289","EC_0017.jpg"
"14683",5.727513631,2.9466,"P0289","EC_0014.jpg"
"14684",5.912698413,10.355,"P0289","EC_0187.jpeg"
"14685",6.150793651,5.6735,"P0289","EC_0139.png"
"14686",7.433862838,2.8201,"P0289","EC_0116.jpg"
"14687",8.558201866,3.2401,"P0289","EC_0086.jpg"
"14688",8.716932024,2.3254,"P0289","EC_0166.jpg"
"14689",6.851852659,9.3486,"P0289","EC_0056.jpg"
"14690",3.161376469,3.7118,"P0289","EC_0033.jpeg"
"14691",2.089947292,11.7318,"P0289","EC_0027.jpg"
"14692",7.566138373,3.9483,"P0289","EC_0096.jpg"
"14693",9.153439961,2.5394,"P0289","EC_0170.jpg"
"14694",8.161376469,2.7204,"P0289","EC_0136.jpg"
"14695",8.492063492,4.9012,"P0289","EC_0197.jpg"
"14696",8.306878711,2.7976,"P0289","EC_0132.jpg"
"14697",7.010582818,2.9374,"P0289","EC_0042.jpg"
"14698",8.055555556,4.9623,"P0289","EC_0206.png"
"14699",3.333333333,5.4368,"P0289","EC_0152.jpg"
"14700",4.96031746,3.5441,"P0289","EC_0080.jpg"
"14701",5.952380952,3.3254,"P0296","EC_0046.jpg"
"14702",3.703703704,2.4666,"P0296","EC_0211.jpg"
"14703",6.917989418,3.6831,"P0296","EC_0063.jpg"
"14704",4.312169312,2.7175,"P0296","EC_0109.jpg"
"14705",1.177248677,3.4673,"P0296","EC_0073.jpg"
"14706",7.976190476,2.656,"P0296","EC_0003.jpg"
"14707",1.904761905,2.5824,"P0296","EC_0027.jpg"
"14708",4.246031746,2.5231,"P0296","EC_0011.jpg"
"14709",1.177248677,3.8834,"P0296","EC_0103.jpg"
"14710",3.875661376,2.9441,"P0296","EC_0125.jpeg"
"14711",3.425925926,2.6445,"P0296","EC_0131.jpg"
"14712",2.777777778,2.3433,"P0296","EC_0020.jpg"
"14713",6.521164021,3.1993,"P0296","EC_0008.jpg"
"14714",4.973544974,2.4827,"P0296","EC_0014.jpg"
"14715",9.232804233,2.6508,"P0296","EC_0041.jpg"
"14716",5.423280423,2.6939,"P0296","EC_0009.jpg"
"14717",0.555555556,2.9159,"P0296","EC_0213.jpg"
"14718",6.296296296,2.5619,"P0296","EC_0197.jpg"
"14719",0.171957672,3.2504,"P0296","EC_0121.jpg"
"14720",6.812169312,3.0659,"P0296","EC_0057.jpeg"
"14721",2.883597884,2.8336,"P0296","EC_0230.jpg"
"14722",2.142857143,2.7666,"P0296","EC_0210.jpg"
"14723",4.285714286,3.2668,"P0296","EC_0232.jpg"
"14724",5.462962963,2.3908,"P0296","EC_0032.jpg"
"14725",5.462962963,2.7192,"P0296","EC_0065.jpg"
"14726",4.113756614,2.5326,"P0296","EC_0150.jpg"
"14727",4.113756614,2.4208,"P0296","EC_0233.jpg"
"14728",5.145502646,2.4755,"P0296","EC_0120.jpg"
"14729",5.145502646,2.3917,"P0296","EC_0154.jpg"
"14730",8.677248677,3.2777,"P0296","EC_0249.jpg"
"14731",0.753968254,2.8247,"P0296","EC_0194.jpg"
"14732",6.23015873,2.6265,"P0296","EC_0053.jpg"
"14733",6.825396825,2.8674,"P0296","EC_0028.jpg"
"14734",5.357142857,2.2661,"P0296","EC_0159.jpg"
"14735",3.253968254,2.766,"P0296","EC_0111.jpg"
"14736",4.616402116,2.6151,"P0296","EC_0062.jpg"
"14737",2.513227513,3.0545,"P0296","EC_0058.jpg"
"14738",2.513227513,2.1197,"P0296","EC_0214.jpg"
"14739",3.664021164,2.5704,"P0296","EC_0140.jpg"
"14740",3.306878307,2.6678,"P0296","EC_0076.jpg"
"14741",4.828042328,2.6832,"P0296","EC_0092.jpg"
"14742",6.851851852,2.8841,"P0296","EC_0172.jpg"
"14743",2.592592593,2.3009,"P0296","EC_0246.jpg"
"14744",4.523809524,2.9009,"P0296","EC_0083.jpg"
"14745",7.261904762,2.9339,"P0296","EC_0079.jpg"
"14746",4.841269841,2.4609,"P0296","EC_0158.jpg"
"14747",5.224867725,2.5061,"P0296","EC_0247.jpg"
"14748",6.097883598,2.484,"P0296","EC_0180.jpg"
"14749",5.198412698,2.3842,"P0296","EC_0136.jpg"
"14750",5.78042328,2.4246,"P0296","EC_0205.jpg"
"14751",4.576719577,5.1225,"P0296","EC_0181.jpg"
"14752",6.031746032,2.7363,"P0296","EC_0081.jpg"
"14753",4.907407407,2.2492,"P0296","EC_0176.jpg"
"14754",5.343915344,2.7001,"P0296","EC_0040.jpg"
"14755",5.912698413,2.3108,"P0296","EC_0085.jpg"
"14756",0.132275132,3.0487,"P0296","EC_0184.jpg"
"14757",3.73015873,2.3721,"P0296","EC_0167.jpg"
"14758",2.843915344,3.4199,"P0296","EC_0090.jpg"
"14759",2.896825397,2.2697,"P0296","EC_0100.jpg"
"14760",5.44973545,3.2772,"P0296","EC_0116.jpg"
"14761",1.19047619,3.534,"P0296","EC_0182.jpg"
"14762",5.026455026,2.4666,"P0296","EC_0173.jpg"
"14763",5.476190476,2.3066,"P0296","EC_0088.jpg"
"14764",5.952380952,2.1936,"P0296","EC_0101.jpg"
"14765",7.248677249,2.9754,"P0296","EC_0098.jpg"
"14766",4.431216931,3.0676,"P0296","EC_0080.jpg"
"14767",5.211640212,2.8576,"P0296","EC_0066.jpg"
"14768",4.047619048,4.068,"P0296","EC_0134.jpg"
"14769",5.476190476,2.6963,"P0296","EC_0203.jpg"
"14770",3.134920635,2.9909,"P0296","EC_0201.jpg"
"14771",5.595238095,2.4183,"P0296","EC_0248.jpg"
"14772",4.854497354,21.0355,"P0296","EC_0147.png"
"14773",6.362433862,2.416,"P0296","EC_0243.jpg"
"14774",1.706349206,2.5327,"P0296","EC_0242.jpg"
"14775",2.764550265,2.1606,"P0296","EC_0007.jpg"
"14776",2.08994709,3.6964,"P0296","EC_0060.jpg"
"14777",2.87037037,2.6487,"P0296","EC_0231.jpg"
"14778",5.846560847,2.6712,"P0296","EC_0156.jpg"
"14779",6.30952381,2.5012,"P0296","EC_0010.jpg"
"14780",3.108465608,2.3668,"P0296","EC_0236.jpg"
"14781",6.203703704,3.0196,"P0296","EC_0153.jpg"
"14782",2.777777778,2.8174,"P0296","EC_0108.jpg"
"14783",3.227513228,2.042,"P0296","EC_0183.jpg"
"14784",4.034391534,3.2025,"P0296","EC_0034.jpg"
"14785",2.235449735,2.4866,"P0296","EC_0128.jpeg"
"14786",3.095238095,2.4553,"P0296","EC_0224.jpg"
"14787",6.587301587,2.4913,"P0296","EC_0132.jpg"
"14788",6.587301587,2.058,"P0296","EC_0039.jpg"
"14789",4.933862434,2.1703,"P0296","EC_0118.jpg"
"14790",3.399470899,2.4368,"P0296","EC_0250.jpg"
"14791",5.515873016,2.6402,"P0296","EC_0117.jpg"
"14792",5.291005291,2.9609,"P0296","EC_0226.jpg"
"14793",4.497354497,2.742,"P0296","EC_0241.jpg"
"14794",5.806878307,2.6894,"P0296","EC_0030.jpg"
"14795",4.047619048,2.6665,"P0296","EC_0193.png"
"14796",3.386243386,2.3086,"P0296","EC_0059.jpg"
"14797",4.457671958,2.9837,"P0296","EC_0123.jpeg"
"14798",4.867724868,2.2557,"P0296","EC_0151.jpg"
"14799",5.582010582,2.7705,"P0296","EC_0037.jpg"
"14800",4.338624339,2.577,"P0296","EC_0196.jpg"
"14801",4.338624339,366.2528,"P0296","EC_0070.jpg"
"14802",7.857142857,2.3941,"P0296","EC_0228.jpg"
"14803",4.365079365,2.3211,"P0296","EC_0169.png"
"14804",5.079365079,2.4388,"P0296","EC_0093.jpg"
"14805",3.452380952,2.6056,"P0296","EC_0106.jpg"
"14806",4.113756614,2.2731,"P0296","EC_0238.jpg"
"14807",2.116402116,2.2824,"P0296","EC_0204.jpg"
"14808",2.142857143,2.4676,"P0296","EC_0185.jpg"
"14809",6.283068783,2.9886,"P0296","EC_0219.jpg"
"14810",5.119047619,2.2167,"P0296","EC_0056.jpg"
"14811",5.833333333,2.5938,"P0296","EC_0084.jpg"
"14812",5.171957672,2.2924,"P0296","EC_0054.jpg"
"14813",7.301587302,2.4491,"P0296","EC_0048.jpg"
"14814",7.12962963,2.5335,"P0296","EC_0245.jpg"
"14815",6.044973545,2.2162,"P0296","EC_0137.jpg"
"14816",2.222222222,2.998,"P0296","EC_0129.jpeg"
"14817",7.433862434,2.9579,"P0296","EC_0002.jpg"
"14818",3.664021164,2.5103,"P0296","EC_0075.jpg"
"14819",2.830687831,2.2583,"P0296","EC_0133.jpg"
"14820",3.015873016,2.8777,"P0296","EC_0042.jpg"
"14821",3.76984127,2.4704,"P0296","EC_0099.jpg"
"14822",4.232804233,2.3209,"P0296","EC_0160.jpg"
"14823",3.611111111,2.1282,"P0296","EC_0198.jpg"
"14824",4.21957672,2.2562,"P0296","EC_0012.jpg"
"14825",3.399470899,3.0909,"P0296","EC_0229.jpg"
"14826",4.484126984,2.9916,"P0296","EC_0097.jpg"
"14827",4.193121693,2.2914,"P0296","EC_0142.jpg"
"14828",5.132275132,2.116,"P0296","EC_0139.png"
"14829",5.37037037,2.1418,"P0296","EC_0237.jpg"
"14830",6.362433862,2.5654,"P0296","EC_0177.jpg"
"14831",7.103174603,2.1716,"P0296","EC_0235.jpg"
"14832",6.587301587,2.1211,"P0296","EC_0161.jpg"
"14833",6.785714286,2.5537,"P0296","EC_0141.jpg"
"14834",7.12962963,2.3948,"P0296","EC_0017.jpg"
"14835",7.592592593,2.3527,"P0296","EC_0174.jpg"
"14836",1.507936508,2.6594,"P0296","EC_0124.jpeg"
"14837",2.698412698,2.1313,"P0296","EC_0044.jpg"
"14838",4.232804233,2.3053,"P0296","EC_0069.jpg"
"14839",3.835978836,2.1354,"P0296","EC_0195.jpg"
"14840",4.523809524,2.1458,"P0296","EC_0077.jpg"
"14841",3.941798942,2.5036,"P0296","EC_0234.jpg"
"14842",5.026455026,3.3111,"P0296","EC_0239.jpg"
"14843",4.563492063,2.3271,"P0296","EC_0094.jpg"
"14844",6.375661376,2.1737,"P0296","EC_0047.jpg"
"14845",7.076719577,2.1541,"P0296","EC_0221.jpg"
"14846",6.957671958,3.4366,"P0296","EC_0163.jpg"
"14847",8.716931217,2.3717,"P0296","EC_0157.jpg"
"14848",7.976190476,2.3426,"P0296","EC_0138.png"
"14849",5.383597884,2.5862,"P0296","EC_0068.jpg"
"14850",3.240740741,2.4301,"P0296","EC_0227.jpg"
"14851",4.828042328,3.4983,"P0296","EC_0055.jpg"
"14852",7.288359788,2.6784,"P0296","EC_0038.jpg"
"14853",4.867724868,2.2442,"P0296","EC_0209.jpg"
"14854",3.955026455,2.4927,"P0296","EC_0149.jpg"
"14855",4.470899471,2.5607,"P0296","EC_0064.jpg"
"14856",7.08994709,3.3021,"P0296","EC_0072.jpg"
"14857",6.296296296,2.1913,"P0296","EC_0165.jpg"
"14858",5.211640212,2.4438,"P0296","EC_0164.jpg"
"14859",5.211640212,2.4033,"P0296","EC_0086.jpg"
"14860",5.582010582,2.7966,"P0296","EC_0152.jpg"
"14861",8.187830688,2.8239,"P0296","EC_0102.jpg"
"14862",5.251322751,2.3426,"P0296","EC_0061.jpg"
"14863",6.746031746,2.4704,"P0296","EC_0199.jpg"
"14864",2.037037037,2.3611,"P0296","EC_0036.jpeg"
"14865",3.492063492,2.3825,"P0296","EC_0202.jpg"
"14866",3.716931217,2.8078,"P0296","EC_0016.jpg"
"14867",3.849206349,2.2283,"P0296","EC_0171.jpg"
"14868",2.791005291,2.4804,"P0296","EC_0240.jpg"
"14869",3.412698413,2.0411,"P0296","EC_0115.jpg"
"14870",4.735449735,2.2297,"P0296","EC_0168.jpeg"
"14871",4.735449735,2.3106,"P0296","EC_0001.jpg"
"14872",5.648148148,2.1389,"P0296","EC_0244.jpg"
"14873",6.031746032,2.239,"P0296","EC_0135.jpg"
"14874",6.494708995,2.497,"P0296","EC_0200.png"
"14875",6.626984127,2.5644,"P0296","EC_0170.jpg"
"14876",1.997354497,2.4689,"P0296","EC_0019.jpg"
"14877",5.41005291,2.0742,"P0296","EC_0049.jpg"
"14878",5.85978836,2.4022,"P0296","EC_0104.jpg"
"14879",3.134920635,2.2601,"P0296","EC_0222.jpg"
"14880",6.997354497,2.5629,"P0296","EC_0207.jpg"
"14881",7.5,2.2147,"P0296","EC_0082.jpg"
"14882",1.005291005,2.5327,"P0296","EC_0206.png"
"14883",1.428571429,2.1523,"P0296","EC_0148.jpg"
"14884",6.283068783,2.6695,"P0296","EC_0119.jpg"
"14885",5.568783069,2.2695,"P0296","EC_0223.jpg"
"14886",7.08994709,2.1819,"P0296","EC_0006.jpg"
"14887",6.812169312,2.5906,"P0296","EC_0024.jpg"
"14888",6.626984127,2.7625,"P0296","EC_0005.jpg"
"14889",6.177248677,2.1117,"P0296","EC_0071.jpg"
"14890",1.759259259,2.8603,"P0296","EC_0033.jpeg"
"14891",4.96031746,2.2444,"P0296","EC_0050.jpg"
"14892",4.021164021,2.3521,"P0296","EC_0013.jpg"
"14893",3.994708995,4.7251,"P0296","EC_0074.jpg"
"14894",3.121693122,2.7744,"P0296","EC_0067.jpg"
"14895",3.822751323,2.2256,"P0296","EC_0166.jpg"
"14896",3.492063492,2.1723,"P0296","EC_0187.jpeg"
"14897",5.277777778,2.6148,"P0296","EC_0188.jpg"
"14898",4.722222222,2.4729,"P0296","EC_0096.jpg"
"14899",3.915343915,2.2026,"P0296","EC_0022.jpg"
"14900",5.079365079,2.6155,"P0296","EC_0015.jpg"
"14901",2.857142857,17.802,"P0296","EC_0162.jpg"
"14902",5.529100529,2.0986,"P0296","EC_0029.jpg"
"14903",5.171957672,2.2101,"P0296","EC_0018.jpg"
"14904",3.134920635,2.0934,"P0296","EC_0113.jpg"
"14905",1.084656085,2.5906,"P0296","EC_0105.jpg"
"14906",5.714285714,2.5193,"P0296","EC_0087.jpg"
"14907",2.301587302,2.1752,"P0296","EC_0089.jpg"
"14908",4.391534392,2.1398,"P0296","EC_0031.jpg"
"14909",5.357142857,1.9878,"P0296","EC_0095.jpg"
"14910",6.560846561,2.4599,"P0296","EC_0051.jpg"
"14911",1.124338624,8.285,"P0304","EC_0113.jpg"
"14912",6.693121693,4.0856,"P0304","EC_0205.jpg"
"14913",0.714285714,3.2692,"P0304","EC_0036.jpeg"
"14914",6.177248677,3.2125,"P0304","EC_0042.jpg"
"14915",0.701058201,2.6106,"P0304","EC_0109.jpg"
"14916",0.171957672,7.802,"P0304","EC_0214.jpg"
"14917",0.03968254,4.1448,"P0304","EC_0164.jpg"
"14918",2.394179894,7.4964,"P0304","EC_0050.jpg"
"14919",2.671957672,4.3947,"P0304","EC_0054.jpg"
"14920",8.888888889,3.2683,"P0304","EC_0125.jpeg"
"14921",0.052910053,2.5995,"P0304","EC_0147.png"
"14922",0.238095238,2.5791,"P0304","EC_0187.jpeg"
"14923",0,3.1038,"P0304","EC_0182.jpg"
"14924",9.298941799,3.051,"P0304","EC_0209.jpg"
"14925",2.91005291,4.5193,"P0304","EC_0084.jpg"
"14926",5.105820106,5.2129,"P0304","EC_0198.jpg"
"14927",4.444444444,2.4949,"P0304","EC_0079.jpg"
"14928",2.367724868,2.7781,"P0304","EC_0048.jpg"
"14929",4.814814815,3.0837,"P0304","EC_0044.jpg"
"14930",9.378306878,2.6687,"P0304","EC_0083.jpg"
"14931",9.378306878,2.5592,"P0304","EC_0133.jpg"
"14932",0.582010582,2.6516,"P0304","EC_0019.jpg"
"14933",0.965608466,2.5094,"P0304","EC_0239.jpg"
"14934",3.108465608,2.398,"P0304","EC_0018.jpg"
"14935",3.108465608,2.3583,"P0304","EC_0115.jpg"
"14936",0.767195767,2.4289,"P0304","EC_0027.jpg"
"14937",1.26984127,3.9849,"P0304","EC_0204.jpg"
"14938",0.78042328,2.2128,"P0304","EC_0237.jpg"
"14939",0.41005291,3.4354,"P0304","EC_0090.jpg"
"14940",1.111111111,3.1941,"P0304","EC_0152.jpg"
"14941",7.605820106,2.829,"P0304","EC_0076.jpg"
"14942",1.428571429,2.6113,"P0304","EC_0154.jpg"
"14943",0.608465608,3.7156,"P0304","EC_0238.jpg"
"14944",0.542328042,2.4003,"P0304","EC_0011.jpg"
"14945",0.198412698,2.4343,"P0304","EC_0071.jpg"
"14946",4.669312169,2.859,"P0304","EC_0059.jpg"
"14947",5.066137566,2.2463,"P0304","EC_0080.jpg"
"14948",4.656084656,2.3921,"P0304","EC_0153.jpg"
"14949",5.105820106,2.1674,"P0304","EC_0221.jpg"
"14950",9.563492063,2.6517,"P0304","EC_0244.jpg"
"14951",0.595238095,2.8204,"P0304","EC_0040.jpg"
"14952",5.158730159,2.4141,"P0304","EC_0193.png"
"14953",7.962962963,2.8359,"P0304","EC_0086.jpg"
"14954",6.67989418,2.675,"P0304","EC_0103.jpg"
"14955",7.473544974,3.5733,"P0304","EC_0104.jpg"
"14956",0.119047619,3.301,"P0304","EC_0088.jpg"
"14957",1.362433862,2.9506,"P0304","EC_0233.jpg"
"14958",0.343915344,4.3426,"P0304","EC_0194.jpg"
"14959",4.880952381,2.453,"P0304","EC_0159.jpg"
"14960",9.669312169,4.9296,"P0304","EC_0173.jpg"
"14961",5.648148148,2.2208,"P0304","EC_0240.jpg"
"14962",9.325396825,3.0626,"P0304","EC_0008.jpg"
"14963",4.537037037,2.3434,"P0304","EC_0184.jpg"
"14964",9.55026455,2.6509,"P0304","EC_0131.jpg"
"14965",4.682539683,3.1481,"P0304","EC_0234.jpg"
"14966",6.931216931,4.369,"P0304","EC_0100.jpg"
"14967",1.058201058,2.5786,"P0304","EC_0163.jpg"
"14968",1.071428571,2.6255,"P0304","EC_0200.png"
"14969",9.894179894,3.982,"P0304","EC_0031.jpg"
"14970",9.642857143,2.66,"P0304","EC_0057.jpeg"
"14971",9.775132275,2.3822,"P0304","EC_0030.jpg"
"14972",9.325396825,3.0787,"P0304","EC_0102.jpg"
"14973",4.867724868,2.6779,"P0304","EC_0140.jpg"
"14974",4.973544974,2.2603,"P0304","EC_0199.jpg"
"14975",4.126984127,2.4589,"P0304","EC_0195.jpg"
"14976",2.380952381,2.9681,"P0304","EC_0063.jpg"
"14977",9.417989418,2.8356,"P0304","EC_0138.png"
"14978",4.828042328,3.4448,"P0304","EC_0167.jpg"
"14979",9.828042328,3.4958,"P0304","EC_0085.jpg"
"14980",4.656084656,6.1809,"P0304","EC_0168.jpeg"
"14981",9.828042328,2.4289,"P0304","EC_0123.jpeg"
"14982",9.761904762,6.1236,"P0304","EC_0124.jpeg"
"14983",0.052910053,4.2275,"P0304","EC_0180.jpg"
"14984",9.880952381,2.7169,"P0304","EC_0077.jpg"
"14985",5.555555556,2.8002,"P0304","EC_0181.jpg"
"14986",0.158730159,2.6498,"P0304","EC_0162.jpg"
"14987",9.788359788,3.8175,"P0304","EC_0188.jpg"
"14988",9.695767196,12.6945,"P0304","EC_0014.jpg"
"14989",9.867724868,29.4714,"P0304","EC_0009.jpg"
"14990",0.238095238,8.464,"P0304","EC_0166.jpg"
"14991",0,2.9955,"P0304","EC_0056.jpg"
"14992",5.357142857,2.6629,"P0304","EC_0137.jpg"
"14993",0.171957672,8.3635,"P0304","EC_0012.jpg"
"14994",4.58994709,2.9495,"P0304","EC_0038.jpg"
"14995",9.801587302,11.2994,"P0304","EC_0007.jpg"
"14996",5.119047619,2.3278,"P0304","EC_0029.jpg"
"14997",0.145502646,2.5931,"P0304","EC_0248.jpg"
"14998",4.510582011,3.1493,"P0304","EC_0060.jpg"
"14999",1.349206349,14.9231,"P0304","EC_0020.jpg"
"15000",1.256613757,22.0368,"P0304","EC_0170.jpg"
"15001",4.986772487,4.5961,"P0304","EC_0241.jpg"
"15002",4.722222222,2.545,"P0304","EC_0135.jpg"
"15003",9.828042328,3.0445,"P0304","EC_0157.jpg"
"15004",6.005291005,2.7334,"P0304","EC_0230.jpg"
"15005",9.484126984,2.5652,"P0304","EC_0093.jpg"
"15006",4.841269841,2.5622,"P0304","EC_0211.jpg"
"15007",4.14021164,2.5625,"P0304","EC_0072.jpg"
"15008",5.079365079,2.5286,"P0304","EC_0177.jpg"
"15009",5.82010582,4.7454,"P0304","EC_0148.jpg"
"15010",4.272486772,3.1123,"P0304","EC_0039.jpg"
"15011",1.058201058,3.4176,"P0304","EC_0249.jpg"
"15012",9.880952381,2.6226,"P0304","EC_0066.jpg"
"15013",6.746031746,6.229,"P0304","EC_0046.jpg"
"15014",0.462962963,2.4435,"P0304","EC_0095.jpg"
"15015",0.674603175,2.352,"P0304","EC_0134.jpg"
"15016",0.145502646,2.4797,"P0304","EC_0058.jpg"
"15017",0.965608466,2.5488,"P0304","EC_0089.jpg"
"15018",0.105820106,3.2445,"P0304","EC_0087.jpg"
"15019",0.740740741,2.0284,"P0304","EC_0096.jpg"
"15020",0.37037037,2.3777,"P0304","EC_0213.jpg"
"15021",0.132275132,2.1281,"P0304","EC_0105.jpg"
"15022",0.211640212,2.8123,"P0304","EC_0223.jpg"
"15023",0.489417989,2.8129,"P0304","EC_0169.png"
"15024",0.44973545,9.4078,"P0304","EC_0006.jpg"
"15025",0.066137566,2.0508,"P0304","EC_0106.jpg"
"15026",2.87037037,2.152,"P0304","EC_0051.jpg"
"15027",0.158730159,2.4781,"P0304","EC_0055.jpg"
"15028",0.436507937,2.2268,"P0304","EC_0226.jpg"
"15029",0.925925926,2.1517,"P0304","EC_0119.jpg"
"15030",0.952380952,2.0446,"P0304","EC_0047.jpg"
"15031",6.732804233,2.5102,"P0304","EC_0073.jpg"
"15032",0.343915344,2.1941,"P0304","EC_0120.jpg"
"15033",0.555555556,1.9278,"P0304","EC_0197.jpg"
"15034",6.904761905,2.379,"P0304","EC_0156.jpg"
"15035",1.058201058,2.2676,"P0304","EC_0015.jpg"
"15036",0.264550265,3.1356,"P0304","EC_0064.jpg"
"15037",8.214285714,4.696,"P0304","EC_0207.jpg"
"15038",0.026455026,2.6931,"P0304","EC_0227.jpg"
"15039",2.142857143,2.7122,"P0304","EC_0231.jpg"
"15040",9.880952381,5.4533,"P0304","EC_0074.jpg"
"15041",6.693121693,2.9443,"P0304","EC_0028.jpg"
"15042",4.576719577,2.1485,"P0304","EC_0118.jpg"
"15043",0.82010582,2.1437,"P0304","EC_0092.jpg"
"15044",9.457671958,2.4766,"P0304","EC_0037.jpg"
"15045",9.193121693,2.4358,"P0304","EC_0235.jpg"
"15046",4.920634921,2.3997,"P0304","EC_0070.jpg"
"15047",0.44973545,5.6679,"P0304","EC_0111.jpg"
"15048",1.67989418,2.5595,"P0304","EC_0142.jpg"
"15049",8.637566138,2.75,"P0304","EC_0246.jpg"
"15050",2.288359788,7.7365,"P0304","EC_0024.jpg"
"15051",8.584656085,2.3101,"P0304","EC_0065.jpg"
"15052",9.986772487,4.3688,"P0304","EC_0185.jpg"
"15053",0.158730159,2.2433,"P0304","EC_0053.jpg"
"15054",0.119047619,3.2615,"P0304","EC_0001.jpg"
"15055",7.354497354,3.4621,"P0304","EC_0196.jpg"
"15056",0.489417989,2.028,"P0304","EC_0161.jpg"
"15057",3.941798942,2.7446,"P0304","EC_0067.jpg"
"15058",0.171957672,4.3351,"P0304","EC_0176.jpg"
"15059",0.357142857,1.9669,"P0304","EC_0032.jpg"
"15060",4.920634921,2.6757,"P0304","EC_0075.jpg"
"15061",4.351851852,2.6332,"P0304","EC_0160.jpg"
"15062",3.492063492,2.6676,"P0304","EC_0151.jpg"
"15063",8.73015873,6.6529,"P0304","EC_0174.jpg"
"15064",0.555555556,2.0439,"P0304","EC_0069.jpg"
"15065",1.283068783,1.9726,"P0304","EC_0224.jpg"
"15066",4.801587302,2.4441,"P0304","EC_0229.jpg"
"15067",8.148148148,2.1617,"P0304","EC_0243.jpg"
"15068",5.251322751,1.9944,"P0304","EC_0228.jpg"
"15069",3.677248677,2.0275,"P0304","EC_0068.jpg"
"15070",0.621693122,2.084,"P0304","EC_0236.jpg"
"15071",0.251322751,2.3773,"P0304","EC_0232.jpg"
"15072",0.158730159,1.9166,"P0304","EC_0022.jpg"
"15073",9.801587302,2.662,"P0304","EC_0116.jpg"
"15074",9.854497354,2.4099,"P0304","EC_0219.jpg"
"15075",9.96031746,2.6002,"P0304","EC_0203.jpg"
"15076",2.314814815,2.6004,"P0304","EC_0141.jpg"
"15077",0.224867725,2.1507,"P0304","EC_0245.jpg"
"15078",0.092592593,2.1159,"P0304","EC_0005.jpg"
"15079",0.767195767,3.7853,"P0304","EC_0150.jpg"
"15080",4.457671958,2.0446,"P0304","EC_0210.jpg"
"15081",0.714285714,2.0943,"P0304","EC_0099.jpg"
"15082",0.621693122,2.3433,"P0304","EC_0158.jpg"
"15083",0.436507937,3.395,"P0304","EC_0129.jpeg"
"15084",9.973544974,3.88,"P0304","EC_0136.jpg"
"15085",0.41005291,2.8124,"P0304","EC_0121.jpg"
"15086",0.873015873,2.7758,"P0304","EC_0139.png"
"15087",0.82010582,2.5336,"P0304","EC_0165.jpg"
"15088",3.968253968,2.7659,"P0304","EC_0082.jpg"
"15089",0.317460317,2.8279,"P0304","EC_0202.jpg"
"15090",8.888888889,2.892,"P0304","EC_0222.jpg"
"15091",3.875661376,3.7104,"P0304","EC_0061.jpg"
"15092",9.338624339,2.7838,"P0304","EC_0049.jpg"
"15093",0.78042328,2.5838,"P0304","EC_0098.jpg"
"15094",1.878306878,2.6241,"P0304","EC_0094.jpg"
"15095",6.30952381,2.2191,"P0304","EC_0034.jpg"
"15096",3.293650794,3.7604,"P0304","EC_0017.jpg"
"15097",0.132275132,2.743,"P0304","EC_0081.jpg"
"15098",9.748677249,3.034,"P0304","EC_0172.jpg"
"15099",0.264550265,3.1683,"P0304","EC_0033.jpeg"
"15100",1.203703704,3.6767,"P0304","EC_0097.jpg"
"15101",0.383597884,3.6167,"P0304","EC_0201.jpg"
"15102",0.264550265,2.7169,"P0304","EC_0062.jpg"
"15103",0.529100529,5.2692,"P0304","EC_0171.jpg"
"15104",4.894179894,4.7125,"P0304","EC_0117.jpg"
"15105",1.878306878,16.9667,"P0304","EC_0183.jpg"
"15106",0.171957672,3.0599,"P0304","EC_0101.jpg"
"15107",2.698412698,3.6345,"P0304","EC_0003.jpg"
"15108",0.793650794,5.2708,"P0304","EC_0242.jpg"
"15109",5.330687831,3.1772,"P0304","EC_0247.jpg"
"15110",0.238095238,2.634,"P0304","EC_0108.jpg"
"15111",0.224867725,2.2222,"P0304","EC_0250.jpg"
"15112",5.542328042,2.8894,"P0304","EC_0010.jpg"
"15113",3.955026455,2.0361,"P0304","EC_0013.jpg"
"15114",0.211640212,3.1545,"P0304","EC_0041.jpg"
"15115",0.476190476,2.4107,"P0304","EC_0206.png"
"15116",2.724867725,2.9773,"P0304","EC_0002.jpg"
"15117",4.338624339,2.7687,"P0304","EC_0149.jpg"
"15118",9.457671958,3.5277,"P0304","EC_0016.jpg"
"15119",0.277777778,10.1142,"P0304","EC_0128.jpeg"
"15120",2.883597884,3.2259,"P0304","EC_0132.jpg"
"15121",8.017664578,5.2714,"P0309","EC_0142.jpg"
"15122",8.017664578,2.5543,"P0309","EC_0008.jpg"
"15123",8.017664578,2.0094,"P0309","EC_0084.jpg"
"15124",8.017664578,2.2756,"P0309","EC_0210.jpg"
"15125",9.059511817,5.6157,"P0309","EC_0077.jpg"
"15126",5.915366143,3.8955,"P0309","EC_0030.jpg"
"15127",4.017716363,3.0146,"P0309","EC_0147.png"
"15128",6.957213381,2.8268,"P0309","EC_0150.jpg"
"15129",2.864242306,4.558,"P0309","EC_0056.jpg"
"15130",8.706028425,2.5604,"P0309","EC_0166.jpg"
"15131",5.264211236,3.3251,"P0309","EC_0005.jpg"
"15132",8.761841323,2.6636,"P0309","EC_0028.jpg"
"15133",9.078116797,2.7603,"P0309","EC_0012.jpg"
"15134",5.933970102,3.4463,"P0309","EC_0176.jpg"
"15135",5.933970102,2.1808,"P0309","EC_0162.jpg"
"15136",7.366510693,2.5639,"P0309","EC_0003.jpg"
"15137",5.822344305,2.7628,"P0309","EC_0095.jpg"
"15138",7.831620903,4.0548,"P0309","EC_0118.jpg"
"15139",9.747875663,3.6084,"P0309","EC_0182.jpg"
"15140",4.985145723,3.7211,"P0309","EC_0133.jpg"
"15141",8.761841323,3.4735,"P0309","EC_0141.jpg"
"15142",4.947936783,3.9792,"P0309","EC_0151.jpg"
"15143",8.910677081,3.2706,"P0309","EC_0135.jpg"
"15144",8.910677081,2.473,"P0309","EC_0157.jpg"
"15145",7.329301754,3.4659,"P0309","EC_0200.png"
"15146",8.110687438,2.2032,"P0309","EC_0246.jpg"
"15147",8.110687438,2.2462,"P0309","EC_0242.jpg"
"15148",8.110687438,1.8495,"P0309","EC_0032.jpg"
"15149",8.110687438,2.4243,"P0309","EC_0064.jpg"
"15150",8.110687438,2.8505,"P0309","EC_0245.jpg"
"15151",4.985145723,3.9988,"P0309","EC_0009.jpg"
"15152",7.180465996,3.2936,"P0309","EC_0173.jpg"
"15153",6.157223738,3.2142,"P0309","EC_0223.jpg"
"15154",5.022354662,5.0851,"P0309","EC_0119.jpg"
"15155",5.022354662,2.4219,"P0309","EC_0183.jpg"
"15156",6.603728968,2.9174,"P0309","EC_0024.jpg"
"15157",5.133980459,3.273,"P0309","EC_0232.jpg"
"15158",3.496792233,2.8243,"P0309","EC_0229.jpg"
"15159",7.013026279,2.8153,"P0309","EC_0140.jpg"
"15160",7.013026279,3.0056,"P0309","EC_0134.jpg"
"15161",4.910727844,3.7133,"P0309","EC_0233.jpg"
"15162",9.133929696,2.7096,"P0309","EC_0231.jpg"
"15163",9.133929696,2.357,"P0309","EC_0184.jpg"
"15164",3.031682023,3.124,"P0309","EC_0103.jpg"
"15165",9.785083581,2.856,"P0309","EC_0079.jpg"
"15166",5.227002296,2.6582,"P0309","EC_0165.jpg"
"15167",5.227002296,2.1963,"P0309","EC_0102.jpg"
"15168",7.03163126,2.4524,"P0309","EC_0085.jpg"
"15169",9.301369412,3.1124,"P0309","EC_0044.jpg"
"15170",4.929331803,3.2244,"P0309","EC_0234.jpg"
"15171",4.966540742,5.5425,"P0309","EC_0011.jpg"
"15172",9.933919339,4.6274,"P0309","EC_0185.jpg"
"15173",9.896711421,2.2748,"P0309","EC_0022.jpg"
"15174",9.115325737,2.79,"P0309","EC_0027.jpg"
"15175",9.115325737,2.1386,"P0309","EC_0094.jpg"
"15176",9.133929696,1.887,"P0309","EC_0195.jpg"
"15177",9.133929696,2.3936,"P0309","EC_0219.jpg"
"15178",9.133929696,2.3089,"P0309","EC_0206.png"
"15179",9.133929696,2.1763,"P0309","EC_0149.jpg"
"15180",3.366561456,2.7706,"P0309","EC_0187.jpeg"
"15181",8.631610546,2.8321,"P0309","EC_0120.jpg"
"15182",4.910727844,3.1005,"P0309","EC_0058.jpg"
"15183",9.91531538,2.5063,"P0309","EC_0156.jpg"
"15184",9.91531538,2.8619,"P0309","EC_0034.jpg"
"15185",6.120014799,2.5594,"P0309","EC_0013.jpg"
"15186",6.064201901,2.0458,"P0309","EC_0250.jpg"
"15187",8.780446304,2.545,"P0309","EC_0070.jpg"
"15188",8.780446304,1.8853,"P0309","EC_0198.jpg"
"15189",8.780446304,1.7655,"P0309","EC_0177.jpg"
"15190",9.9711293,3.0553,"P0309","EC_0139.png"
"15191",6.920004442,3.2986,"P0309","EC_0060.jpg"
"15192",0.036371085,6.5446,"P0309","EC_0199.jpg"
"15193",9.078116797,3.0645,"P0309","EC_0115.jpg"
"15194",5.096771519,3.4281,"P0309","EC_0081.jpg"
"15195",5.07816756,2.4187,"P0309","EC_0247.jpg"
"15196",4.873518904,2.6291,"P0309","EC_0019.jpg"
"15197",9.952523297,3.6342,"P0309","EC_0051.jpg"
"15198",6.882795502,3.3233,"P0309","EC_0042.jpg"
"15199",8.557192667,2.9223,"P0309","EC_0239.jpg"
"15200",6.56652105,2.3279,"P0309","EC_0244.jpg"
"15201",7.050235219,2.352,"P0309","EC_0048.jpg"
"15202",7.050235219,2.0185,"P0309","EC_0213.jpg"
"15203",9.933919339,2.8066,"P0309","EC_0174.jpg"
"15204",9.85950146,2.2054,"P0309","EC_0068.jpg"
"15205",9.85950146,4.031,"P0309","EC_0180.jpg"
"15206",9.85950146,1.7332,"P0309","EC_0160.jpg"
"15207",9.524622027,3.252,"P0309","EC_0099.jpg"
"15208",9.9711293,4.5429,"P0309","EC_0038.jpg"
"15209",9.9711293,2.6159,"P0309","EC_0209.jpg"
"15210",4.929331803,3.0304,"P0309","EC_0016.jpg"
"15211",9.617643864,2.391,"P0309","EC_0197.jpg"
"15212",9.617643864,1.7181,"P0309","EC_0152.jpg"
"15213",5.933970102,2.9931,"P0309","EC_0001.jpg"
"15214",9.599039906,2.5293,"P0309","EC_0194.jpg"
"15215",9.896711421,2.4972,"P0309","EC_0188.jpg"
"15216",5.003749681,3.6779,"P0309","EC_0169.png"
"15217",5.003749681,2.2955,"P0309","EC_0065.jpg"
"15218",5.003749681,4.3198,"P0309","EC_0124.jpeg"
"15219",9.059511817,3.8135,"P0309","EC_0113.jpg"
"15220",8.966489979,2.8645,"P0309","EC_0063.jpg"
"15221",8.94788602,2.254,"P0309","EC_0202.jpg"
"15222",8.94788602,2.2803,"P0309","EC_0050.jpg"
"15223",9.989733259,2.3256,"P0309","EC_0211.jpg"
"15224",6.864191544,2.9958,"P0309","EC_0158.jpg"
"15225",9.85950146,2.8269,"P0309","EC_0170.jpg"
"15226",4.910727844,4.0622,"P0309","EC_0204.jpg"
"15227",8.985093938,2.9057,"P0309","EC_0221.jpg"
"15228",8.985093938,1.8951,"P0309","EC_0015.jpg"
"15229",8.985093938,1.8865,"P0309","EC_0132.jpg"
"15230",8.985093938,1.7626,"P0309","EC_0061.jpg"
"15231",10,2.8771,"P0309","EC_0098.jpg"
"15232",8.501379769,2.6532,"P0309","EC_0018.jpg"
"15233",8.408357931,1.8764,"P0309","EC_0020.jpg"
"15234",9.580435947,3.6851,"P0309","EC_0033.jpeg"
"15235",9.580435947,2.0635,"P0309","EC_0154.jpg"
"15236",9.543225985,1.8613,"P0309","EC_0041.jpg"
"15237",9.543225985,1.7946,"P0309","EC_0109.jpg"
"15238",9.822293542,3.485,"P0309","EC_0123.jpeg"
"15239",9.35718231,3.0329,"P0309","EC_0249.jpg"
"15240",5.747926426,3.1745,"P0309","EC_0128.jpeg"
"15241",9.85950146,2.5544,"P0309","EC_0087.jpg"
"15242",9.85950146,1.9024,"P0309","EC_0236.jpg"
"15243",9.85950146,1.6368,"P0309","EC_0203.jpg"
"15244",7.552554368,2.3988,"P0309","EC_0046.jpg"
"15245",9.39439125,2.6031,"P0309","EC_0171.jpg"
"15246",9.39439125,1.7794,"P0309","EC_0161.jpg"
"15247",5.264211236,3.6805,"P0309","EC_0129.jpeg"
"15248",8.110687438,3.2683,"P0309","EC_0072.jpg"
"15249",9.710665702,2.3295,"P0309","EC_0137.jpg"
"15250",5.003749681,3.0851,"P0309","EC_0054.jpg"
"15251",8.985093938,2.6614,"P0309","EC_0224.jpg"
"15252",8.985093938,1.9709,"P0309","EC_0238.jpg"
"15253",8.985093938,1.8046,"P0309","EC_0093.jpg"
"15254",8.985093938,1.8267,"P0309","EC_0226.jpg"
"15255",8.985093938,1.8246,"P0309","EC_0047.jpg"
"15256",10,2.9252,"P0309","EC_0082.jpg"
"15257",8.854863161,2.9261,"P0309","EC_0248.jpg"
"15258",5.096771519,3.4758,"P0309","EC_0076.jpg"
"15259",5.096771519,2.5067,"P0309","EC_0053.jpg"
"15260",7.478136489,2.4785,"P0309","EC_0108.jpg"
"15261",4.966540742,2.3072,"P0309","EC_0055.jpg"
"15262",4.985145723,2.3898,"P0309","EC_0105.jpg"
"15263",7.868829843,2.8828,"P0309","EC_0106.jpg"
"15264",7.868829843,2.0789,"P0309","EC_0096.jpg"
"15265",5.040958621,2.9356,"P0309","EC_0040.jpg"
"15266",9.375787291,2.4737,"P0309","EC_0017.jpg"
"15267",9.375787291,1.8548,"P0309","EC_0092.jpg"
"15268",7.013026279,3.123,"P0309","EC_0138.png"
"15269",2.045647683,2.773,"P0309","EC_0163.jpg"
"15270",3.887484564,3.0453,"P0309","EC_0067.jpg"
"15271",5.096771519,3.1284,"P0309","EC_0148.jpg"
"15272",9.133929696,2.4156,"P0309","EC_0074.jpg"
"15273",4.873518904,2.4297,"P0309","EC_0075.jpg"
"15274",8.352544011,2.4269,"P0309","EC_0086.jpg"
"15275",8.352544011,2.1092,"P0309","EC_0006.jpg"
"15276",9.319973371,3.2212,"P0309","EC_0039.jpg"
"15277",9.431600189,3.4238,"P0309","EC_0071.jpg"
"15278",9.35718231,2.0555,"P0309","EC_0222.jpg"
"15279",9.35718231,1.8429,"P0309","EC_0193.png"
"15280",3.217725698,2.5841,"P0309","EC_0089.jpg"
"15281",9.840897501,2.6446,"P0309","EC_0037.jpg"
"15282",3.999111383,3.7445,"P0309","EC_0007.jpg"
"15283",4.985145723,3.6568,"P0309","EC_0121.jpg"
"15284",9.710665702,2.8667,"P0309","EC_0073.jpg"
"15285",5.07816756,3.355,"P0309","EC_0101.jpg"
"15286",8.8920721,2.5689,"P0309","EC_0205.jpg"
"15287",10,3.0974,"P0309","EC_0104.jpg"
"15288",4.873518904,3.0123,"P0309","EC_0227.jpg"
"15289",6.733960767,3.672,"P0309","EC_0031.jpg"
"15290",5.692113528,2.729,"P0309","EC_0240.jpg"
"15291",6.250245576,3.2736,"P0309","EC_0181.jpg"
"15292",3.552605131,2.6698,"P0309","EC_0116.jpg"
"15293",4.929331803,2.8555,"P0309","EC_0230.jpg"
"15294",9.710665702,7.5687,"P0309","EC_0125.jpeg"
"15295",6.194432678,2.5214,"P0309","EC_0237.jpg"
"15296",3.645627991,2.8782,"P0309","EC_0100.jpg"
"15297",9.39439125,2.4248,"P0309","EC_0010.jpg"
"15298",2.157274501,2.9967,"P0309","EC_0111.jpg"
"15299",10,3.2529,"P0309","EC_0059.jpg"
"15300",4.947936783,2.9611,"P0309","EC_0083.jpg"
"15301",4.947936783,2.5779,"P0309","EC_0066.jpg"
"15302",7.217674935,2.4112,"P0309","EC_0014.jpg"
"15303",2.789824428,3.79,"P0309","EC_0228.jpg"
"15304",5.096771519,2.8777,"P0309","EC_0062.jpg"
"15305",5.022354662,3.521,"P0309","EC_0117.jpg"
"15306",7.143257056,2.8944,"P0309","EC_0153.jpg"
"15307",4.947936783,2.9949,"P0309","EC_0069.jpg"
"15308",7.757203024,2.4449,"P0309","EC_0164.jpg"
"15309",8.42696189,2.5687,"P0309","EC_0243.jpg"
"15310",4.761892086,2.6299,"P0309","EC_0088.jpg"
"15311",7.44092755,3.292,"P0309","EC_0049.jpg"
"15312",7.775806983,2.3616,"P0309","EC_0196.jpg"
"15313",5.357234095,2.4085,"P0309","EC_0214.jpg"
"15314",6.00838798,3.2237,"P0309","EC_0036.jpeg"
"15315",4.780497067,2.4515,"P0309","EC_0131.jpg"
"15316",9.933919339,3.0094,"P0309","EC_0057.jpeg"
"15317",8.724632384,2.3597,"P0309","EC_0168.jpeg"
"15318",9.785083581,7.2772,"P0309","EC_0002.jpg"
"15319",10,3.1434,"P0309","EC_0136.jpg"
"15320",6.00838798,3.292,"P0309","EC_0201.jpg"
"15321",8.650214505,3.0737,"P0309","EC_0207.jpg"
"15322",9.989733259,2.7504,"P0309","EC_0235.jpg"
"15323",4.873518904,3.5982,"P0309","EC_0241.jpg"
"15324",7.53395041,2.5566,"P0309","EC_0159.jpg"
"15325",7.422323591,2.0153,"P0309","EC_0167.jpg"
"15326",7.422323591,2.8241,"P0309","EC_0097.jpg"
"15327",2.045647683,3.4382,"P0309","EC_0090.jpg"
"15328",9.933919339,4.1564,"P0309","EC_0029.jpg"
"15329",8.501379769,2.3983,"P0309","EC_0172.jpg"
"15330",9.878105418,2.7576,"P0309","EC_0080.jpg"
"15331",0.091765873,3.3109,"P0310","EC_0184.jpg"
"15332",0.070942874,3.3208,"P0310","EC_0232.jpg"
"15333",1.989862351,3.3202,"P0310","EC_0161.jpg"
"15334",4.951275215,3.0533,"P0310","EC_0077.jpg"
"15335",4.951275215,2.0729,"P0310","EC_0174.jpg"
"15336",5.809513476,2.4624,"P0310","EC_0173.jpg"
"15337",6.955191799,2.6275,"P0310","EC_0224.jpg"
"15338",2.108238261,3.6961,"P0310","EC_0056.jpg"
"15339",4.130394345,3.441,"P0310","EC_0152.jpg"
"15340",3.849826389,3.1466,"P0310","EC_0164.jpg"
"15341",1.965112434,2.9206,"P0310","EC_0113.jpg"
"15342",5.622313161,2.7722,"P0310","EC_0171.jpg"
"15343",5.635540675,2.8816,"P0310","EC_0129.jpeg"
"15344",6.205150463,3.0364,"P0310","EC_0123.jpeg"
"15345",2.643539187,3.0937,"P0310","EC_0185.jpg"
"15346",5.852502894,2.3552,"P0310","EC_0238.jpg"
"15347",2.803664435,3.412,"P0310","EC_0165.jpg"
"15348",8.343925678,2.4005,"P0310","EC_0205.jpg"
"15349",8.278924851,2.5023,"P0310","EC_0018.jpg"
"15350",2.81162161,3.6367,"P0310","EC_0229.jpg"
"15351",9.736121445,2.6707,"P0310","EC_0072.jpg"
"15352",0.042472718,2.7713,"P0310","EC_0219.jpg"
"15353",8.579799107,3.0696,"P0310","EC_0206.png"
"15354",9.98129547,2.5385,"P0310","EC_0151.jpg"
"15355",1.813667741,3.5871,"P0310","EC_0201.jpg"
"15356",4.239728009,3.2224,"P0310","EC_0075.jpg"
"15357",7.098369296,2.4034,"P0310","EC_0210.jpg"
"15358",7.376818783,2.312,"P0310","EC_0169.png"
"15359",1.672505374,2.8888,"P0310","EC_0028.jpg"
"15360",7.115885417,4.6956,"P0310","EC_0012.jpg"
"15361",3.287088707,5.1753,"P0310","EC_0031.jpg"
"15362",0.128089864,2.5106,"P0310","EC_0085.jpg"
"15363",3.529679233,3.8112,"P0310","EC_0150.jpg"
"15364",8.361131779,2.7986,"P0310","EC_0066.jpg"
"15365",4.795335235,3.3199,"P0310","EC_0248.jpg"
"15366",3.048580109,3.0932,"P0310","EC_0102.jpg"
"15367",7.337342923,2.3875,"P0310","EC_0074.jpg"
"15368",0.046399636,3.1713,"P0310","EC_0204.jpg"
"15369",3.462973297,3.4425,"P0310","EC_0213.jpg"
"15370",8.348110946,2.7508,"P0310","EC_0090.jpg"
"15371",0.74223917,2.9202,"P0310","EC_0059.jpg"
"15372",8.834842097,3.0224,"P0310","EC_0061.jpg"
"15373",9.777199074,2.5647,"P0310","EC_0138.png"
"15374",2.345765129,3.1133,"P0310","EC_0055.jpg"
"15375",3.69094122,3.1805,"P0310","EC_0108.jpg"
"15376",2.689990493,3.2314,"P0310","EC_0019.jpg"
"15377",6.803902116,3.8209,"P0310","EC_0007.jpg"
"15378",9.670603919,3.4203,"P0310","EC_0057.jpeg"
"15379",1.655919312,2.9063,"P0310","EC_0017.jpg"
"15380",5.542483052,2.5955,"P0310","EC_0120.jpg"
"15381",9.970289765,2.8607,"P0310","EC_0009.jpg"
"15382",1.392144097,2.4199,"P0310","EC_0211.jpg"
"15383",2.780619626,4.7147,"P0310","EC_0065.jpg"
"15384",4.620690724,3.3631,"P0310","EC_0106.jpg"
"15385",1.934575479,2.5407,"P0310","EC_0105.jpg"
"15386",4.893404845,2.7297,"P0310","EC_0209.jpg"
"15387",2.116505456,3.2783,"P0310","EC_0005.jpg"
"15388",2.1098917,1.8223,"P0310","EC_0172.jpg"
"15389",7.547846396,2.6558,"P0310","EC_0197.jpg"
"15390",1.409711888,3.0391,"P0310","EC_0244.jpg"
"15391",3.606667493,4.3368,"P0310","EC_0154.jpg"
"15392",1.630187665,3.8267,"P0310","EC_0033.jpeg"
"15393",5.989428323,2.4704,"P0310","EC_0236.jpg"
"15394",4.465629134,2.2467,"P0310","EC_0168.jpeg"
"15395",6.827773644,2.3208,"P0310","EC_0092.jpg"
"15396",5.842013889,3.0656,"P0310","EC_0233.jpg"
"15397",6.819971478,2.1889,"P0310","EC_0137.jpg"
"15398",5.607070519,2.7941,"P0310","EC_0198.jpg"
"15399",4.597335896,2.5368,"P0310","EC_0140.jpg"
"15400",8.723338294,3.4542,"P0310","EC_0067.jpg"
"15401",8.419622189,2.89,"P0310","EC_0128.jpeg"
"15402",8.419622189,2.4871,"P0310","EC_0034.jpg"
"15403",1.891586062,2.9545,"P0310","EC_0124.jpeg"
"15404",4.72640749,2.5726,"P0310","EC_0163.jpg"
"15405",5.74198082,2.4714,"P0310","EC_0158.jpg"
"15406",5.74198082,2.0153,"P0310","EC_0180.jpg"
"15407",7.506458747,2.0286,"P0310","EC_0098.jpg"
"15408",1.594432044,3.0215,"P0310","EC_0080.jpg"
"15409",1.594432044,2.0052,"P0310","EC_0089.jpg"
"15410",6.440042163,3.7471,"P0310","EC_0132.jpg"
"15411",3.387535136,4.048,"P0310","EC_0073.jpg"
"15412",3.382729828,3.787,"P0310","EC_0136.jpg"
"15413",7.354652364,2.3863,"P0310","EC_0109.jpg"
"15414",2.662605407,2.6572,"P0310","EC_0101.jpg"
"15415",9.636760086,2.7245,"P0310","EC_0041.jpg"
"15416",4.193793403,2.2147,"P0310","EC_0182.jpg"
"15417",8.621341766,2.3941,"P0310","EC_0051.jpg"
"15418",2.965959821,3.3356,"P0310","EC_0082.jpg"
"15419",5.365616733,2.5631,"P0310","EC_0193.png"
"15420",6.909670552,3.1126,"P0310","EC_0076.jpg"
"15421",4.169250165,2.3996,"P0310","EC_0183.jpg"
"15422",5.129381614,2.754,"P0310","EC_0001.jpg"
"15423",8.434038112,3.3469,"P0310","EC_0111.jpg"
"15424",6.333240327,3.4324,"P0310","EC_0118.jpg"
"15425",7.202690972,2.4557,"P0310","EC_0064.jpg"
"15426",7.859416336,2.2302,"P0310","EC_0223.jpg"
"15427",2.208839699,2.8847,"P0310","EC_0060.jpg"
"15428",2.208839699,1.9347,"P0310","EC_0095.jpg"
"15429",9.025452629,3.1212,"P0310","EC_0014.jpg"
"15430",2.307581019,2.2635,"P0310","EC_0249.jpg"
"15431",8.6135396,2.6084,"P0310","EC_0029.jpg"
"15432",0.082051918,5.1808,"P0310","EC_0194.jpg"
"15433",9.666056961,3.4213,"P0310","EC_0125.jpeg"
"15434",1.419787533,2.6953,"P0310","EC_0027.jpg"
"15435",0.141730737,2.9221,"P0310","EC_0010.jpg"
"15436",9.135561343,2.6566,"P0310","EC_0157.jpg"
"15437",9.571862599,2.0726,"P0310","EC_0117.jpg"
"15438",9.571862599,1.9745,"P0310","EC_0008.jpg"
"15439",5.139922288,2.6032,"P0310","EC_0250.jpg"
"15440",6.771866733,2.7696,"P0310","EC_0097.jpg"
"15441",7.563864087,2.1471,"P0310","EC_0104.jpg"
"15442",3.911985367,3.036,"P0310","EC_0103.jpg"
"15443",2.746362434,2.5148,"P0310","EC_0133.jpg"
"15444",4.818225033,3.5885,"P0310","EC_0241.jpg"
"15445",6.511915096,2.2784,"P0310","EC_0142.jpg"
"15446",0.230913112,2.8087,"P0310","EC_0134.jpg"
"15447",2.977120536,3.5797,"P0310","EC_0044.jpg"
"15448",8.865689071,3.2446,"P0310","EC_0081.jpg"
"15449",6.664703208,2.9357,"P0310","EC_0046.jpg"
"15450",1.813771081,4.2144,"P0310","EC_0062.jpg"
"15451",0.079261739,2.6985,"P0310","EC_0235.jpg"
"15452",4.380942047,3.0713,"P0310","EC_0221.jpg"
"15453",2.59812128,4.2483,"P0310","EC_0038.jpg"
"15454",2.594452712,2.9386,"P0310","EC_0063.jpg"
"15455",6.819299769,2.7888,"P0310","EC_0011.jpg"
"15456",5.187510334,3.5094,"P0310","EC_0230.jpg"
"15457",5.193452381,3.2801,"P0310","EC_0187.jpeg"
"15458",1.990430721,2.439,"P0310","EC_0040.jpg"
"15459",3.319279101,2.5747,"P0310","EC_0202.jpg"
"15460",8.215680804,2.4601,"P0310","EC_0167.jpg"
"15461",8.342272239,2.1551,"P0310","EC_0047.jpg"
"15462",0.282996445,2.8282,"P0310","EC_0188.jpg"
"15463",8.263372189,2.8059,"P0310","EC_0159.jpg"
"15464",2.702701306,2.7036,"P0310","EC_0141.jpg"
"15465",3.424375827,2.2273,"P0310","EC_0153.jpg"
"15466",0.062417328,3.4316,"P0310","EC_0162.jpg"
"15467",3.406498016,2.6967,"P0310","EC_0227.jpg"
"15468",2.348968667,2.5383,"P0310","EC_0016.jpg"
"15469",6.512741815,2.5821,"P0310","EC_0231.jpg"
"15470",2.749979332,2.5048,"P0310","EC_0013.jpg"
"15471",6.515687004,3.1782,"P0310","EC_0237.jpg"
"15472",6.943256035,2.6297,"P0310","EC_0239.jpg"
"15473",7.654338211,2.2291,"P0310","EC_0243.jpg"
"15474",1.225663442,2.4706,"P0310","EC_0203.jpg"
"15475",1.375661376,1.9713,"P0310","EC_0022.jpg"
"15476",0.13687376,4.9825,"P0310","EC_0071.jpg"
"15477",0.150101273,4.887,"P0310","EC_0119.jpg"
"15478",6.213779349,2.6959,"P0310","EC_0037.jpg"
"15479",6.831390542,2.1197,"P0310","EC_0006.jpg"
"15480",9.995866402,2.6112,"P0310","EC_0083.jpg"
"15481",1.995611671,6.9676,"P0310","EC_0079.jpg"
"15482",0.266313509,2.3252,"P0310","EC_0088.jpg"
"15483",6.160113984,2.5176,"P0310","EC_0032.jpg"
"15484",6.160113984,1.92,"P0310","EC_0177.jpg"
"15485",7.911709072,2.3224,"P0310","EC_0036.jpeg"
"15486",3.099064509,2.3122,"P0310","EC_0195.jpg"
"15487",5.661187771,2.7376,"P0310","EC_0156.jpg"
"15488",6.942706151,3.7097,"P0310","EC_0096.jpg"
"15489",3.789122504,2.5964,"P0310","EC_0200.png"
"15490",3.011472734,2.5123,"P0310","EC_0053.jpg"
"15491",3.057402947,2.0964,"P0310","EC_0115.jpg"
"15492",1.93189455,2.6448,"P0310","EC_0222.jpg"
"15493",0.664177053,2.069,"P0310","EC_0196.jpg"
"15494",5.838580942,2.6015,"P0310","EC_0116.jpg"
"15495",8.502424155,2.381,"P0310","EC_0058.jpg"
"15496",7.813470971,2.6646,"P0310","EC_0100.jpg"
"15497",3.031983138,2.3798,"P0310","EC_0234.jpg"
"15498",6.864373865,4.1549,"P0310","EC_0015.jpg"
"15499",7.26149019,2.3256,"P0310","EC_0030.jpg"
"15500",9.137210236,4.2867,"P0310","EC_0084.jpg"
"15501",2.121070294,2.7498,"P0310","EC_0199.jpg"
"15502",0.515640274,2.3775,"P0310","EC_0242.jpg"
"15503",6.848336475,2.8049,"P0310","EC_0003.jpg"
"15504",8.002646715,2.2051,"P0310","EC_0099.jpg"
"15505",8.136782572,2.1238,"P0310","EC_0245.jpg"
"15506",3.676424382,2.8787,"P0310","EC_0042.jpg"
"15507",2.912630045,2.1881,"P0310","EC_0048.jpg"
"15508",6.596320346,3.369,"P0310","EC_0247.jpg"
"15509",9.216797148,2.0474,"P0310","EC_0160.jpg"
"15510",9.100716991,2.1883,"P0310","EC_0240.jpg"
"15511",1.730008902,2.4558,"P0310","EC_0246.jpg"
"15512",7.478758641,5.6644,"P0310","EC_0135.jpg"
"15513",1.88743716,3.0951,"P0310","EC_0070.jpg"
"15514",6.126162984,2.5201,"P0310","EC_0207.jpg"
"15515",7.988463989,2.4308,"P0310","EC_0139.png"
"15516",9.978518625,3.0105,"P0310","EC_0002.jpg"
"15517",2.508040515,2.9884,"P0310","EC_0049.jpg"
"15518",3.411861996,3.5059,"P0310","EC_0166.jpg"
"15519",2.376141164,3.6121,"P0310","EC_0170.jpg"
"15520",6.109143712,2.6545,"P0310","EC_0050.jpg"
"15521",0.126324448,3.1767,"P0310","EC_0147.png"
"15522",2.023591328,2.5208,"P0310","EC_0087.jpg"
"15523",0.057320032,2.5626,"P0310","EC_0131.jpg"
"15524",0.06206579,1.9526,"P0310","EC_0214.jpg"
"15525",7.420882209,3.1104,"P0310","EC_0024.jpg"
"15526",2.28117145,2.6365,"P0310","EC_0069.jpg"
"15527",0.132379381,4.6141,"P0310","EC_0121.jpg"
"15528",0.125397116,1.9814,"P0310","EC_0054.jpg"
"15529",7.682935344,3.1315,"P0310","EC_0039.jpg"
"15530",1.606782834,3.1455,"P0310","EC_0149.jpg"
"15531",0.020335847,3.3871,"P0310","EC_0148.jpg"
"15532",6.339776655,2.6611,"P0310","EC_0094.jpg"
"15533",8.251335358,2.3799,"P0310","EC_0093.jpg"
"15534",8.529807726,2.1719,"P0310","EC_0176.jpg"
"15535",3.231686828,2.3197,"P0310","EC_0181.jpg"
"15536",1.734863759,2.3479,"P0310","EC_0068.jpg"
"15537",1.670550552,2.0791,"P0310","EC_0228.jpg"
"15538",7.003855519,2.288,"P0310","EC_0086.jpg"
"15539",5.176193095,2.4472,"P0310","EC_0020.jpg"
"15540",6.030429584,2.1967,"P0310","EC_0226.jpg"
"15541",6.095189227,4.6374,"P0311","EC_0090.jpg"
"15542",9.070085634,4.62,"P0311","EC_0154.jpg"
"15543",8.884154608,6.647,"P0311","EC_0088.jpg"
"15544",8.010278789,5.2414,"P0311","EC_0128.jpeg"
"15545",9.888182146,4.458,"P0311","EC_0101.jpg"
"15546",5.927851305,5.7109,"P0311","EC_0106.jpg"
"15547",7.824347764,4.1155,"P0311","EC_0124.jpeg"
"15548",7.973092584,3.6343,"P0311","EC_0203.jpg"
"15549",4.979603075,3.8529,"P0311","EC_0131.jpg"
"15550",8.995713224,6.6005,"P0311","EC_0031.jpg"
"15551",9.962554556,6.7293,"P0311","EC_0100.jpg"
"15552",6.987658149,3.651,"P0311","EC_0172.jpg"
"15553",6.002223715,3.7822,"P0311","EC_0022.jpg"
"15554",7.935906379,3.481,"P0311","EC_0227.jpg"
"15555",7.917313276,2.9299,"P0311","EC_0183.jpg"
"15556",6.076596125,4.0843,"P0311","EC_0209.jpg"
"15557",4.830858255,3.7291,"P0311","EC_0202.jpg"
"15558",4.012761743,4.3009,"P0311","EC_0184.jpg"
"15559",8.865561506,3.6823,"P0311","EC_0248.jpg"
"15560",7.898720174,2.8279,"P0311","EC_0015.jpg"
"15561",9.869589043,4.2354,"P0311","EC_0236.jpg"
"15562",6.095189227,2.6946,"P0311","EC_0182.jpg"
"15563",7.024844354,2.2261,"P0311","EC_0105.jpg"
"15564",8.084651199,2.5107,"P0311","EC_0087.jpg"
"15565",9.032899429,2.1244,"P0311","EC_0013.jpg"
"15566",5.8906651,2.5148,"P0311","EC_0224.jpg"
"15567",7.006251252,2.5662,"P0311","EC_0119.jpg"
"15568",9.869589043,4.7051,"P0311","EC_0153.jpg"
"15569",3.975575538,6.7822,"P0311","EC_0229.jpg"
"15570",6.374085766,4.6366,"P0311","EC_0117.jpg"
"15571",4.254472076,4.6858,"P0311","EC_0136.jpg"
"15572",7.787161559,3.4812,"P0311","EC_0029.jpg"
"15573",7.805754661,2.7587,"P0311","EC_0211.jpg"
"15574",2.859989386,5.422,"P0311","EC_0156.jpg"
"15575",8.884154608,4.0342,"P0311","EC_0123.jpeg"
"15576",7.080623662,4.7718,"P0311","EC_0085.jpg"
"15577",8.791189096,5.4055,"P0311","EC_0170.jpg"
"15578",5.946444407,3.6974,"P0311","EC_0103.jpg"
"15579",6.783134021,4.8068,"P0311","EC_0176.jpg"
"15580",4.775078947,4.216,"P0311","EC_0001.jpg"
"15581",4.94241687,3.6324,"P0311","EC_0149.jpg"
"15582",4.031354846,5.4627,"P0311","EC_0032.jpg"
"15583",5.723327177,3.2477,"P0311","EC_0028.jpg"
"15584",5.053975485,4.0171,"P0311","EC_0070.jpg"
"15585",2.079079079,3.5818,"P0311","EC_0228.jpg"
"15586",7.694196046,3.7319,"P0311","EC_0097.jpg"
"15587",6.931878842,3.1786,"P0311","EC_0049.jpg"
"15588",6.894692637,2.3417,"P0311","EC_0157.jpg"
"15589",7.898720174,4.2479,"P0311","EC_0048.jpg"
"15590",7.898720174,3.0282,"P0311","EC_0086.jpg"
"15591",6.727354714,82.293,"P0311","EC_0151.jpg"
"15592",7.099216765,5.8449,"P0311","EC_0150.jpg"
"15593",9.014306326,4.8858,"P0311","EC_0118.jpg"
"15594",8.028871892,2.421,"P0311","EC_0094.jpg"
"15595",6.727354714,2.111,"P0311","EC_0221.jpg"
"15596",9.460540787,2.9438,"P0311","EC_0177.jpg"
"15597",4.905230665,2.2129,"P0311","EC_0234.jpg"
"15598",7.935906379,2.9278,"P0311","EC_0036.jpeg"
"15599",6.597202996,2.4396,"P0311","EC_0160.jpg"
"15600",3.120292821,3.3979,"P0311","EC_0142.jpg"
"15601",1.112237747,4.218,"P0311","EC_0198.jpg"
"15602",1.019272234,5.1372,"P0311","EC_0140.jpg"
"15603",8.679630481,4.1681,"P0311","EC_0024.jpg"
"15604",7.024844354,2.6257,"P0311","EC_0193.png"
"15605",6.764540919,2.2584,"P0311","EC_0158.jpg"
"15606",8.400733942,2.2553,"P0311","EC_0148.jpg"
"15607",5.630361664,2.423,"P0311","EC_0139.png"
"15608",8.53088566,2.3071,"P0311","EC_0226.jpg"
"15609",7.582637431,2.2932,"P0311","EC_0244.jpg"
"15610",6.950471944,2.0061,"P0311","EC_0204.jpg"
"15611",9.423354582,2.0725,"P0311","EC_0046.jpg"
"15612",2.618279053,2.4739,"P0311","EC_0185.jpg"
"15613",4.700706537,2.2238,"P0311","EC_0076.jpg"
"15614",6.876099534,2.3395,"P0311","EC_0241.jpg"
"15615",8.586664968,2.0883,"P0311","EC_0231.jpg"
"15616",9.850995941,2.2199,"P0311","EC_0194.jpg"
"15617",8.623851173,2.0876,"P0311","EC_0003.jpg"
"15618",6.652982304,2.2085,"P0311","EC_0009.jpg"
"15619",7.731382251,2.1058,"P0311","EC_0075.jpg"
"15620",8.400733942,2.3894,"P0311","EC_0164.jpg"
"15621",8.400733942,2.4592,"P0311","EC_0111.jpg"
"15622",5.927851305,2.2855,"P0311","EC_0223.jpg"
"15623",4.180099666,2.0218,"P0311","EC_0030.jpg"
"15624",5.611768561,2.0718,"P0311","EC_0014.jpg"
"15625",7.024844354,2.0216,"P0311","EC_0132.jpg"
"15626",8.38214084,1.9749,"P0311","EC_0062.jpg"
"15627",8.902747711,1.9885,"P0311","EC_0020.jpg"
"15628",8.902747711,1.9032,"P0311","EC_0051.jpg"
"15629",8.902747711,1.9395,"P0311","EC_0099.jpg"
"15630",7.954499481,1.9401,"P0311","EC_0121.jpg"
"15631",3.975575538,3.5316,"P0311","EC_0059.jpg"
"15632",6.355492663,2.558,"P0311","EC_0108.jpg"
"15633",7.731382251,3.128,"P0311","EC_0079.jpg"
"15634",8.38214084,2.1556,"P0311","EC_0210.jpg"
"15635",9.497726992,2.1899,"P0311","EC_0173.jpg"
"15636",8.344954635,2.0213,"P0311","EC_0082.jpg"
"15637",7.471078815,1.9558,"P0311","EC_0102.jpg"
"15638",7.024844354,1.9572,"P0311","EC_0249.jpg"
"15639",8.623851173,1.9405,"P0311","EC_0008.jpg"
"15640",9.386168377,1.8895,"P0311","EC_0077.jpg"
"15641",3.101699719,3.1828,"P0311","EC_0187.jpeg"
"15642",4.830858255,3.6135,"P0311","EC_0200.png"
"15643",8.344954635,3.7835,"P0311","EC_0095.jpg"
"15644",6.020816817,25.1741,"P0311","EC_0141.jpg"
"15645",9.163051147,2.8427,"P0311","EC_0235.jpg"
"15646",7.675602943,2.3903,"P0311","EC_0237.jpg"
"15647",8.53088566,2.2887,"P0311","EC_0162.jpg"
"15648",6.18815474,2.2527,"P0311","EC_0181.jpg"
"15649",8.493699455,2.322,"P0311","EC_0072.jpg"
"15650",7.192182277,3.8492,"P0311","EC_0044.jpg"
"15651",4.86804446,2.8456,"P0311","EC_0005.jpg"
"15652",4.347437589,2.8761,"P0311","EC_0080.jpg"
"15653",5.872071997,3.4308,"P0311","EC_0039.jpg"
"15654",5.351465126,2.3399,"P0311","EC_0067.jpg"
"15655",4.328844486,2.1565,"P0311","EC_0093.jpg"
"15656",5.797699587,2.2718,"P0311","EC_0017.jpg"
"15657",6.764540919,2.2762,"P0311","EC_0113.jpg"
"15658",7.173589175,3.1807,"P0311","EC_0120.jpg"
"15659",5.221313408,2.9094,"P0311","EC_0055.jpg"
"15660",4.328844486,2.288,"P0311","EC_0050.jpg"
"15661",4.849451357,2.9589,"P0311","EC_0053.jpg"
"15662",6.448458176,2.7787,"P0311","EC_0205.jpg"
"15663",6.969065047,3.1955,"P0311","EC_0246.jpg"
"15664",3.027327308,4.3047,"P0311","EC_0240.jpg"
"15665",5.723327177,3.3822,"P0311","EC_0232.jpg"
"15666",8.103244302,4.1669,"P0311","EC_0061.jpg"
"15667",5.872071997,4.3496,"P0311","EC_0071.jpg"
"15668",6.671575406,3.2267,"P0311","EC_0247.jpg"
"15669",6.132375433,3.9131,"P0311","EC_0096.jpg"
"15670",5.779106484,2.2224,"P0311","EC_0168.jpeg"
"15671",7.898720174,4.4198,"P0311","EC_0083.jpg"
"15672",6.708761611,2.0881,"P0311","EC_0016.jpg"
"15673",9.460540787,4.1348,"P0311","EC_0019.jpg"
"15674",7.21077538,2.3387,"P0311","EC_0174.jpg"
"15675",7.731382251,2.4266,"P0311","EC_0007.jpg"
"15676",7.247961585,2.4593,"P0311","EC_0230.jpg"
"15677",5.909258202,2.036,"P0311","EC_0196.jpg"
"15678",7.880127071,2.2876,"P0311","EC_0054.jpg"
"15679",7.303740893,2.1586,"P0311","EC_0116.jpg"
"15680",8.475106353,2.0901,"P0311","EC_0245.jpg"
"15681",6.225340945,2.0219,"P0311","EC_0250.jpg"
"15682",3.938389333,2.0217,"P0311","EC_0066.jpg"
"15683",3.045920411,2.0384,"P0311","EC_0073.jpg"
"15684",4.644927229,2.1886,"P0311","EC_0064.jpg"
"15685",2.246417002,2.9578,"P0311","EC_0161.jpg"
"15686",4.961009973,2.9705,"P0311","EC_0058.jpg"
"15687",5.555989254,2.2738,"P0311","EC_0167.jpg"
"15688",5.295685818,2.0054,"P0311","EC_0207.jpg"
"15689",6.690168509,1.9847,"P0311","EC_0069.jpg"
"15690",3.064513513,1.9732,"P0311","EC_0147.png"
"15691",0.926306721,26.5859,"P0311","EC_0006.jpg"
"15692",2.060485976,3.1282,"P0311","EC_0206.png"
"15693",3.083106616,3.2312,"P0311","EC_0222.jpg"
"15694",1.911741156,2.3757,"P0311","EC_0166.jpg"
"15695",4.514775512,2.0687,"P0311","EC_0041.jpg"
"15696",7.638416738,2.5421,"P0311","EC_0104.jpg"
"15697",6.299713355,2.3065,"P0311","EC_0152.jpg"
"15698",4.663520332,1.9735,"P0311","EC_0171.jpg"
"15699",3.454968667,2.0559,"P0311","EC_0033.jpeg"
"15700",7.099216765,2.0077,"P0311","EC_0239.jpg"
"15701",8.214802917,1.905,"P0311","EC_0163.jpg"
"15702",3.510747974,2.2548,"P0311","EC_0038.jpg"
"15703",2.543906642,2.0039,"P0311","EC_0012.jpg"
"15704",3.91979623,1.8691,"P0311","EC_0098.jpg"
"15705",7.954499481,3.7171,"P0311","EC_0135.jpg"
"15706",6.058003022,3.2126,"P0311","EC_0201.jpg"
"15707",5.053975485,1.9535,"P0311","EC_0243.jpg"
"15708",7.935906379,1.7378,"P0311","EC_0242.jpg"
"15709",8.977120121,1.8352,"P0311","EC_0002.jpg"
"15710",4.737892742,1.9719,"P0311","EC_0018.jpg"
"15711",7.917313276,1.7535,"P0311","EC_0195.jpg"
"15712",6.020816817,1.9897,"P0311","EC_0068.jpg"
"15713",6.820320227,3.4963,"P0311","EC_0040.jpg"
"15714",3.678085897,2.9117,"P0311","EC_0199.jpg"
"15715",3.901203128,2.2718,"P0311","EC_0089.jpg"
"15716",6.169561638,1.6998,"P0311","EC_0065.jpg"
"15717",1.725810131,2.1393,"P0311","EC_0188.jpg"
"15718",7.675602943,2.0382,"P0311","EC_0134.jpg"
"15719",5.277092716,1.8722,"P0311","EC_0180.jpg"
"15720",8.995713224,2.8767,"P0311","EC_0138.png"
"15721",7.861533969,2.1037,"P0311","EC_0084.jpg"
"15722",8.45651325,1.9362,"P0311","EC_0057.jpeg"
"15723",8.53088566,1.986,"P0311","EC_0115.jpg"
"15724",5.239906511,1.8563,"P0311","EC_0159.jpg"
"15725",2.711244565,3.0287,"P0311","EC_0125.jpeg"
"15726",8.493699455,3.6014,"P0311","EC_0133.jpg"
"15727",7.229368482,2.1247,"P0311","EC_0233.jpg"
"15728",7.898720174,2.0178,"P0311","EC_0109.jpg"
"15729",6.838913329,2.2751,"P0311","EC_0037.jpg"
"15730",8.30776843,2.2241,"P0311","EC_0074.jpg"
"15731",6.838913329,2.6421,"P0311","EC_0010.jpg"
"15732",7.229368482,2.0364,"P0311","EC_0042.jpg"
"15733",6.03940992,2.0912,"P0311","EC_0034.jpg"
"15734",8.772595993,3.0799,"P0311","EC_0060.jpg"
"15735",7.768568456,2.0066,"P0311","EC_0081.jpg"
"15736",5.388651331,1.9208,"P0311","EC_0137.jpg"
"15737",6.318306458,3.1465,"P0311","EC_0165.jpg"
"15738",6.318306458,2.0234,"P0311","EC_0063.jpg"
"15739",5.258499613,1.9234,"P0311","EC_0129.jpeg"
"15740",3.84542382,2.1562,"P0311","EC_0213.jpg"
"15741",1.688623926,18.1024,"P0311","EC_0219.jpg"
"15742",8.921340814,2.8944,"P0311","EC_0092.jpg"
"15743",8.066058097,2.9612,"P0311","EC_0197.jpg"
"15744",8.066058097,2.5422,"P0311","EC_0238.jpg"
"15745",8.977120121,1.7213,"P0311","EC_0169.png"
"15746",5.648954767,1.7521,"P0311","EC_0056.jpg"
"15747",3.54793418,1.8909,"P0311","EC_0011.jpg"
"15748",6.03940992,1.7548,"P0311","EC_0027.jpg"
"15749",8.419327045,1.5017,"P0311","EC_0047.jpg"
"15750",7.396706405,1.7177,"P0311","EC_0214.jpg"
"15751",3.011300632,7.1932,"P0319","EC_0119.jpg"
"15752",8.962519237,4.19,"P0319","EC_0108.jpg"
"15753",7.957424741,6.5087,"P0319","EC_0075.jpg"
"15754",1.940081283,5.183,"P0319","EC_0049.jpg"
"15755",4.942140345,13.0552,"P0319","EC_0239.jpg"
"15756",1.953306617,5.7832,"P0319","EC_0081.jpg"
"15757",1.966531043,5.4585,"P0319","EC_0070.jpg"
"15758",2.918726019,4.3642,"P0319","EC_0039.jpg"
"15759",7.970650075,4.3621,"P0319","EC_0202.jpg"
"15760",8.949293903,6.6175,"P0319","EC_0115.jpg"
"15761",7.944199407,5.9867,"P0319","EC_0116.jpg"
"15762",3.976720942,6.3898,"P0319","EC_0019.jpg"
"15763",6.978780005,9.4966,"P0319","EC_0243.jpg"
"15764",5.973685509,5.5595,"P0319","EC_0157.jpg"
"15765",2.998076206,6.3327,"P0319","EC_0139.png"
"15766",0.776287322,8.138,"P0319","EC_0209.jpg"
"15767",4.995039864,8.5132,"P0319","EC_0232.jpg"
"15768",7.930974073,5.7556,"P0319","EC_0231.jpg"
"15769",9.015418756,4.0853,"P0319","EC_0089.jpg"
"15770",7.957424741,10.3165,"P0319","EC_0063.jpg"
"15771",2.958401113,8.22,"P0319","EC_0065.jpg"
"15772",3.963496517,7.454,"P0319","EC_0223.jpg"
"15773",7.970650075,6.2113,"P0319","EC_0195.jpg"
"15774",5.008265198,8.5505,"P0319","EC_0249.jpg"
"15775",7.957424741,10.8803,"P0319","EC_0067.jpg"
"15776",6.965554671,8.4828,"P0319","EC_0044.jpg"
"15777",8.988969905,4.7707,"P0319","EC_0002.jpg"
"15778",8.949293903,7.9508,"P0319","EC_0100.jpg"
"15779",8.01032426,7.2432,"P0319","EC_0245.jpg"
"15780",8.023549594,5.7278,"P0319","EC_0082.jpg"
"15781",6.952330245,10.9253,"P0319","EC_0099.jpg"
"15782",0.948211213,5.0548,"P0319","EC_0059.jpg"
"15783",5.986909934,5.8073,"P0319","EC_0152.jpg"
"15784",2.006206136,7.8683,"P0319","EC_0053.jpg"
"15785",6.965554671,15.3915,"P0319","EC_0083.jpg"
"15786",0.921762361,8.0569,"P0319","EC_0080.jpg"
"15787",7.957424741,6.5863,"P0319","EC_0196.jpg"
"15788",0.97466188,3.6855,"P0319","EC_0048.jpg"
"15789",8.076449113,5.3923,"P0319","EC_0041.jpg"
"15790",7.957424741,5.9182,"P0319","EC_0168.jpeg"
"15791",5.960460175,9.668,"P0319","EC_0093.jpg"
"15792",9.954388399,5.2713,"P0319","EC_0124.jpeg"
"15793",7.930974073,5.1534,"P0319","EC_0062.jpg"
"15794",7.983875409,8.138,"P0319","EC_0071.jpg"
"15795",6.965554671,8.7886,"P0319","EC_0173.jpg"
"15796",5.074390051,5.6283,"P0319","EC_0161.jpg"
"15797",8.988969905,7.0162,"P0319","EC_0105.jpg"
"15798",8.975744571,4.4698,"P0319","EC_0046.jpg"
"15799",3.950271183,7.7514,"P0319","EC_0141.jpg"
"15800",5.973685509,4.3333,"P0319","EC_0164.jpg"
"15801",7.970650075,5.4852,"P0319","EC_0006.jpg"
"15802",2.971626447,6.9351,"P0319","EC_0201.jpg"
"15803",5.960460175,10.6369,"P0319","EC_0084.jpg"
"15804",0.564688337,3.678,"P0319","EC_0204.jpg"
"15805",6.000135268,5.4979,"P0319","EC_0174.jpg"
"15806",7.957424741,7.7089,"P0319","EC_0050.jpg"
"15807",7.071354617,5.8042,"P0319","EC_0172.jpg"
"15808",9.002193422,12.1268,"P0319","EC_0037.jpg"
"15809",3.950271183,5.6616,"P0319","EC_0198.jpg"
"15810",8.949293903,5.9448,"P0319","EC_0246.jpg"
"15811",7.997098926,6.9225,"P0319","EC_0079.jpg"
"15812",8.01032426,10.5754,"P0319","EC_0210.jpg"
"15813",4.968590105,10.2999,"P0319","EC_0199.jpg"
"15814",4.915690585,9.7309,"P0319","EC_0194.jpg"
"15815",0.948211213,5.5592,"P0319","EC_0056.jpg"
"15816",8.922845052,4.7089,"P0319","EC_0136.jpg"
"15817",9.927939547,7.785,"P0319","EC_0074.jpg"
"15818",6.000135268,10.5106,"P0319","EC_0248.jpg"
"15819",2.019430562,4.0741,"P0319","EC_0244.jpg"
"15820",5.973685509,5.9643,"P0319","EC_0147.png"
"15821",2.905502502,5.7243,"P0319","EC_0228.jpg"
"15822",2.971626447,17.823,"P0319","EC_0169.png"
"15823",8.049998445,10.9165,"P0319","EC_0149.jpg"
"15824",6.925880485,10.8531,"P0319","EC_0129.jpeg"
"15825",7.957424741,4.6522,"P0319","EC_0098.jpg"
"15826",6.939104911,5.9838,"P0319","EC_0207.jpg"
"15827",1.00111164,4.8233,"P0319","EC_0001.jpg"
"15828",0.934986787,4.0467,"P0319","EC_0151.jpg"
"15829",2.958401113,4.9191,"P0319","EC_0233.jpg"
"15830",3.976720942,6.407,"P0319","EC_0176.jpg"
"15831",6.952330245,5.6465,"P0319","EC_0166.jpg"
"15832",4.968590105,7.3335,"P0319","EC_0036.jpeg"
"15833",9.967613733,4.1626,"P0319","EC_0029.jpg"
"15834",8.988969905,9.0159,"P0319","EC_0031.jpg"
"15835",6.99200443,10.6192,"P0319","EC_0077.jpg"
"15836",5.947234841,8.9161,"P0319","EC_0097.jpg"
"15837",0.987887214,8.3123,"P0319","EC_0095.jpg"
"15838",5.973685509,4.066,"P0319","EC_0153.jpg"
"15839",5.960460175,4.9949,"P0319","EC_0240.jpg"
"15840",4.928915919,9.9854,"P0319","EC_0033.jpeg"
"15841",6.99200443,6.5398,"P0319","EC_0086.jpg"
"15842",6.939104911,5.1025,"P0319","EC_0028.jpg"
"15843",6.939104911,10.0746,"P0319","EC_0237.jpg"
"15844",0.326639593,3.6132,"P0319","EC_0012.jpg"
"15845",3.011300632,7.2834,"P0319","EC_0042.jpg"
"15846",8.988969905,7.5474,"P0319","EC_0221.jpg"
"15847",7.005229764,5.3928,"P0319","EC_0032.jpg"
"15848",5.973685509,5.9851,"P0319","EC_0061.jpg"
"15849",7.957424741,11.5197,"P0319","EC_0234.jpg"
"15850",1.953306617,4.7985,"P0319","EC_0101.jpg"
"15851",4.981815438,7.9461,"P0319","EC_0226.jpg"
"15852",5.934010415,4.4586,"P0319","EC_0154.jpg"
"15853",4.995039864,4.53,"P0319","EC_0219.jpg"
"15854",7.005229764,12.762,"P0319","EC_0013.jpg"
"15855",6.99200443,4.0037,"P0319","EC_0211.jpg"
"15856",7.005229764,4.801,"P0319","EC_0183.jpg"
"15857",7.957424741,3.8049,"P0319","EC_0016.jpg"
"15858",6.965554671,6.8506,"P0319","EC_0180.jpg"
"15859",5.973685509,5.055,"P0319","EC_0133.jpg"
"15860",3.989945368,4.2943,"P0319","EC_0158.jpg"
"15861",1.966531043,4.0472,"P0319","EC_0222.jpg"
"15862",5.960460175,5.3243,"P0319","EC_0064.jpg"
"15863",6.925880485,8.9476,"P0319","EC_0185.jpg"
"15864",7.917750556,6.7509,"P0319","EC_0092.jpg"
"15865",8.023549594,6.1235,"P0319","EC_0123.jpeg"
"15866",6.99200443,4.1481,"P0319","EC_0181.jpg"
"15867",0.97466188,3.6512,"P0319","EC_0113.jpg"
"15868",9.041869424,4.8067,"P0319","EC_0167.jpg"
"15869",7.944199407,4.3605,"P0319","EC_0034.jpg"
"15870",0.511788818,4.1826,"P0319","EC_0054.jpg"
"15871",3.024525966,4.8392,"P0319","EC_0171.jpg"
"15872",3.050975725,5.4673,"P0319","EC_0227.jpg"
"15873",7.970650075,3.6075,"P0319","EC_0200.png"
"15874",7.957424741,3.7057,"P0319","EC_0010.jpg"
"15875",0.987887214,3.8986,"P0319","EC_0038.jpg"
"15876",7.983875409,3.9011,"P0319","EC_0090.jpg"
"15877",7.983875409,6.2831,"P0319","EC_0163.jpg"
"15878",6.99200443,5.7755,"P0319","EC_0230.jpg"
"15879",7.005229764,10.1685,"P0319","EC_0051.jpg"
"15880",2.984850872,5.2276,"P0319","EC_0085.jpg"
"15881",7.957424741,6.5343,"P0319","EC_0128.jpeg"
"15882",7.944199407,4.5568,"P0319","EC_0125.jpeg"
"15883",2.032655895,9.8099,"P0319","EC_0121.jpg"
"15884",0.961436547,3.7583,"P0319","EC_0027.jpg"
"15885",0.921762361,6.8849,"P0319","EC_0165.jpg"
"15886",5.960460175,15.2419,"P0319","EC_0014.jpg"
"15887",0.062141089,4.4753,"P0319","EC_0060.jpg"
"15888",0.987887214,4.3669,"P0319","EC_0131.jpg"
"15889",8.036774928,5.3982,"P0319","EC_0197.jpg"
"15890",6.925880485,10.1685,"P0319","EC_0205.jpg"
"15891",2.945175779,8.6442,"P0319","EC_0109.jpg"
"15892",8.01032426,9.0389,"P0319","EC_0017.jpg"
"15893",1.992980802,5.4386,"P0319","EC_0009.jpg"
"15894",2.032655895,6.7088,"P0319","EC_0156.jpg"
"15895",4.942140345,4.0193,"P0319","EC_0247.jpg"
"15896",2.006206136,4.1518,"P0319","EC_0018.jpg"
"15897",7.031679524,11.4653,"P0319","EC_0170.jpg"
"15898",7.983875409,5.0666,"P0319","EC_0103.jpg"
"15899",4.90246616,3.43,"P0319","EC_0162.jpg"
"15900",0.128265942,3.5184,"P0319","EC_0088.jpg"
"15901",0.23406498,4.1523,"P0319","EC_0134.jpg"
"15902",7.944199407,9.4549,"P0319","EC_0096.jpg"
"15903",6.978780005,7.032,"P0319","EC_0206.png"
"15904",8.949293903,4.5881,"P0319","EC_0057.jpeg"
"15905",1.966531043,4.6724,"P0319","EC_0142.jpg"
"15906",1.040785825,5.5136,"P0319","EC_0011.jpg"
"15907",6.899429818,18.6564,"P0319","EC_0102.jpg"
"15908",5.986909934,12.1147,"P0319","EC_0188.jpg"
"15909",8.988969905,3.972,"P0319","EC_0030.jpg"
"15910",8.975744571,3.7483,"P0319","EC_0106.jpg"
"15911",7.957424741,4.9797,"P0319","EC_0008.jpg"
"15912",2.958401113,9.8201,"P0319","EC_0068.jpg"
"15913",5.947234841,14.1133,"P0319","EC_0159.jpg"
"15914",0.948211213,4.278,"P0319","EC_0148.jpg"
"15915",0.048916663,5.0486,"P0319","EC_0184.jpg"
"15916",4.955366587,7.2986,"P0319","EC_0203.jpg"
"15917",3.937045849,6.0006,"P0319","EC_0094.jpg"
"15918",8.988969905,3.7087,"P0319","EC_0138.png"
"15919",6.978780005,6.9415,"P0319","EC_0242.jpg"
"15920",8.049998445,4.5135,"P0319","EC_0066.jpg"
"15921",9.002193422,5.3751,"P0319","EC_0229.jpg"
"15922",1.953306617,5.0403,"P0319","EC_0150.jpg"
"15923",4.968590105,5.9234,"P0319","EC_0104.jpg"
"15924",9.875041845,7.7531,"P0319","EC_0024.jpg"
"15925",0.141491276,3.9523,"P0319","EC_0055.jpg"
"15926",7.983875409,4.2189,"P0319","EC_0111.jpg"
"15927",0.961436547,4.0619,"P0319","EC_0005.jpg"
"15928",1.926856857,5.9219,"P0319","EC_0069.jpg"
"15929",7.944199407,7.7681,"P0319","EC_0177.jpg"
"15930",5.986909934,7.6405,"P0319","EC_0022.jpg"
"15931",6.939104911,4.8318,"P0319","EC_0047.jpg"
"15932",5.973685509,8.9842,"P0319","EC_0135.jpg"
"15933",8.076449113,5.8981,"P0319","EC_0118.jpg"
"15934",6.000135268,8.2307,"P0319","EC_0137.jpg"
"15935",6.952330245,4.9795,"P0319","EC_0015.jpg"
"15936",8.01032426,5.0316,"P0319","EC_0073.jpg"
"15937",6.965554671,5.6084,"P0319","EC_0182.jpg"
"15938",0.167941035,3.2454,"P0319","EC_0187.jpeg"
"15939",6.965554671,7.4682,"P0319","EC_0007.jpg"
"15940",8.962519237,5.5748,"P0319","EC_0238.jpg"
"15941",8.949293903,6.0685,"P0319","EC_0250.jpg"
"15942",7.957424741,6.2737,"P0319","EC_0236.jpg"
"15943",0.075366423,3.3096,"P0319","EC_0040.jpg"
"15944",8.975744571,4.718,"P0319","EC_0087.jpg"
"15945",8.936070385,5.7186,"P0319","EC_0020.jpg"
"15946",9.941166697,4.5264,"P0319","EC_0132.jpg"
"15947",0.987887214,4.2051,"P0319","EC_0235.jpg"
"15948",7.904525222,4.2065,"P0319","EC_0120.jpg"
"15949",9.002193422,5.256,"P0319","EC_0076.jpg"
"15950",8.922845052,6.7507,"P0319","EC_0117.jpg"
"15951",8.01032426,4.6949,"P0319","EC_0241.jpg"
"15952",6.965554671,8.4072,"P0319","EC_0160.jpg"
"15953",9.941166697,3.6193,"P0319","EC_0003.jpg"
"15954",7.058129283,4.7736,"P0319","EC_0058.jpg"
"15955",2.89227626,4.5585,"P0319","EC_0214.jpg"
"15956",9.002193422,11.2991,"P0319","EC_0072.jpg"
"15957",4.981815438,5.1929,"P0319","EC_0140.jpg"
"15958",7.071354617,5.0942,"P0319","EC_0193.png"
"15959",3.024525966,6.0246,"P0319","EC_0213.jpg"
"15960",8.949293903,3.7275,"P0319","EC_0224.jpg"
"15961",2.959333147,3.7861,"P0359","EC_0101.jpg"
"15962",1.903390067,2.9813,"P0359","EC_0071.jpg"
"15963",1.940638951,2.7095,"P0359","EC_0232.jpg"
"15964",4.076939174,3.385,"P0359","EC_0224.jpg"
"15965",6.001743862,3.5667,"P0359","EC_0160.jpg"
"15966",4.102539063,3.2996,"P0359","EC_0233.jpg"
"15967",2.126743862,3.9936,"P0359","EC_0111.jpg"
"15968",0.969447545,3.4405,"P0359","EC_0214.jpg"
"15969",1.971191406,3.187,"P0359","EC_0174.jpg"
"15970",2.952915737,4.0538,"P0359","EC_0065.jpg"
"15971",1.06515067,4.1868,"P0359","EC_0092.jpg"
"15972",9.943987165,3.428,"P0359","EC_0119.jpg"
"15973",1.964146205,4.0099,"P0359","EC_0159.jpg"
"15974",7.164271763,7.7336,"P0359","EC_0079.jpg"
"15975",4.189592634,3.0026,"P0359","EC_0070.jpg"
"15976",2.990304129,3.5617,"P0359","EC_0050.jpg"
"15977",2.018763951,3.1686,"P0359","EC_0059.jpg"
"15978",5.015206473,4.0038,"P0359","EC_0181.jpg"
"15979",0.106584821,3.1813,"P0359","EC_0194.jpg"
"15980",4.043038504,3.0347,"P0359","EC_0197.jpg"
"15981",6.619489397,3.9963,"P0359","EC_0193.png"
"15982",9.975376674,7.2522,"P0359","EC_0046.jpg"
"15983",2.578194754,6.0515,"P0359","EC_0040.jpg"
"15984",1.014439174,3.1697,"P0359","EC_0222.jpg"
"15985",3.449776786,3.6215,"P0359","EC_0210.jpg"
"15986",2.987792969,3.6309,"P0359","EC_0063.jpg"
"15987",1.239397321,3.8282,"P0359","EC_0141.jpg"
"15988",0.989327567,4.0049,"P0359","EC_0249.jpg"
"15989",0.226981027,3.3745,"P0359","EC_0243.jpg"
"15990",2.210449219,2.9932,"P0359","EC_0134.jpg"
"15991",4.011648996,2.9209,"P0359","EC_0154.jpg"
"15992",2.265206473,3.9547,"P0359","EC_0100.jpg"
"15993",0.052455357,3.7323,"P0359","EC_0105.jpg"
"15994",0.128766741,3.9176,"P0359","EC_0034.jpg"
"15995",0.082101004,3.7681,"P0359","EC_0162.jpg"
"15996",3.720772879,3.4352,"P0359","EC_0188.jpg"
"15997",9.904366629,3.5808,"P0359","EC_0108.jpg"
"15998",4.017787388,3.6185,"P0359","EC_0172.jpg"
"15999",7.957798549,4.5749,"P0359","EC_0196.jpg"
"16000",0.933035714,6.3723,"P0359","EC_0001.jpg"
"16001",0.130440848,3.8067,"P0359","EC_0147.png"
"16002",1.050920759,3.8813,"P0359","EC_0039.jpg"
"16003",2.314941406,3.7578,"P0359","EC_0055.jpg"
"16004",2.027064732,3.4011,"P0359","EC_0227.jpg"
"16005",0.059988839,2.8452,"P0359","EC_0049.jpg"
"16006",4.812360491,2.8657,"P0359","EC_0177.jpg"
"16007",1.69656808,3.8057,"P0359","EC_0080.jpg"
"16008",1.049107143,3.7748,"P0359","EC_0044.jpg"
"16009",0.199079241,4.1203,"P0359","EC_0077.jpg"
"16010",2.877859933,3.3594,"P0359","EC_0053.jpg"
"16011",0.217215402,2.9857,"P0359","EC_0246.jpg"
"16012",1.290945871,5.1645,"P0359","EC_0182.jpg"
"16013",0.522321429,3.3707,"P0359","EC_0094.jpg"
"16014",0.437081473,3.0898,"P0359","EC_0180.jpg"
"16015",4.381905692,4.84,"P0359","EC_0076.jpg"
"16016",0.126395089,3.9559,"P0359","EC_0158.jpg"
"16017",4.159040179,5.0865,"P0359","EC_0068.jpg"
"16018",1.456054688,2.8573,"P0359","EC_0231.jpg"
"16019",6.364815848,4.908,"P0359","EC_0011.jpg"
"16020",3.882254464,4.4785,"P0359","EC_0156.jpg"
"16021",2.086914063,3.5892,"P0359","EC_0228.jpg"
"16022",7.817313058,3.8171,"P0359","EC_0183.jpg"
"16023",6.935546875,4.7766,"P0359","EC_0109.jpg"
"16024",1.947544643,3.6017,"P0359","EC_0008.jpg"
"16025",6.193429129,3.096,"P0359","EC_0003.jpg"
"16026",0.535086496,3.0261,"P0359","EC_0095.jpg"
"16027",3.069963728,3.2502,"P0359","EC_0022.jpg"
"16028",3.854910714,2.7469,"P0359","EC_0169.png"
"16029",0.368024554,3.1086,"P0359","EC_0235.jpg"
"16030",1.123674665,3.2023,"P0359","EC_0037.jpg"
"16031",0.089355469,4.7207,"P0359","EC_0067.jpg"
"16032",5.192801339,3.4866,"P0359","EC_0014.jpg"
"16033",2.43094308,2.8281,"P0359","EC_0086.jpg"
"16034",0.079101563,3.0561,"P0359","EC_0038.jpg"
"16035",1.470354353,3.5671,"P0359","EC_0087.jpg"
"16036",8.850167411,3.2313,"P0359","EC_0195.jpg"
"16037",2.618931362,3.2966,"P0359","EC_0013.jpg"
"16038",0.048897879,2.9656,"P0359","EC_0074.jpg"
"16039",0.01436942,3.7709,"P0359","EC_0033.jpeg"
"16040",2.003348214,2.9734,"P0359","EC_0187.jpeg"
"16041",1.017020089,3.0214,"P0359","EC_0102.jpg"
"16042",1.970424107,5.2942,"P0359","EC_0089.jpg"
"16043",3.177246094,3.653,"P0359","EC_0185.jpg"
"16044",1.061383929,3.4046,"P0359","EC_0140.jpg"
"16045",8.132603237,3.7413,"P0359","EC_0006.jpg"
"16046",5.089634487,3.0699,"P0359","EC_0060.jpg"
"16047",3.440359933,3.2045,"P0359","EC_0090.jpg"
"16048",3.440359933,2.6817,"P0359","EC_0163.jpg"
"16049",2.342843192,3.964,"P0359","EC_0084.jpg"
"16050",0.642996652,3.0606,"P0359","EC_0152.jpg"
"16051",0.275181362,2.8508,"P0359","EC_0005.jpg"
"16052",1.880092076,2.6769,"P0359","EC_0007.jpg"
"16053",4.059151786,3.2015,"P0359","EC_0120.jpg"
"16054",0.838727679,3.1236,"P0359","EC_0184.jpg"
"16055",4.390555246,3.1477,"P0359","EC_0205.jpg"
"16056",2.073311942,3.2201,"P0359","EC_0164.jpg"
"16057",2.325125558,6.2371,"P0359","EC_0124.jpeg"
"16058",2.359863281,2.6507,"P0359","EC_0125.jpeg"
"16059",0.108258929,4.1164,"P0359","EC_0242.jpg"
"16060",1.098563058,4.2214,"P0359","EC_0236.jpg"
"16061",3.035365513,3.3184,"P0359","EC_0230.jpg"
"16062",6.205845424,3.2604,"P0359","EC_0207.jpg"
"16063",9.831961496,2.8043,"P0359","EC_0221.jpg"
"16064",5.106375558,2.8079,"P0359","EC_0198.jpg"
"16065",2.172014509,2.8288,"P0359","EC_0247.jpg"
"16066",7.697823661,3.0421,"P0359","EC_0245.jpg"
"16067",8.987444196,3.4409,"P0359","EC_0151.jpg"
"16068",1.928641183,3.9906,"P0359","EC_0206.png"
"16069",3.504185268,4.2098,"P0359","EC_0241.jpg"
"16070",1.697753906,3.406,"P0359","EC_0042.jpg"
"16071",3.038853237,4.6237,"P0359","EC_0237.jpg"
"16072",6.545479911,3.2628,"P0359","EC_0139.png"
"16073",1.492396763,3.4714,"P0359","EC_0148.jpg"
"16074",5.874651228,3.6697,"P0359","EC_0238.jpg"
"16075",8.206473214,3.3651,"P0359","EC_0032.jpg"
"16076",1.902483259,2.9408,"P0359","EC_0028.jpg"
"16077",1.676478795,4.6275,"P0359","EC_0085.jpg"
"16078",9.895368304,3.3293,"P0359","EC_0133.jpg"
"16079",9.279715402,3.0895,"P0359","EC_0211.jpg"
"16080",5.779575893,4.3936,"P0359","EC_0118.jpg"
"16081",6.906808036,2.5352,"P0359","EC_0137.jpg"
"16082",7.139229911,2.805,"P0359","EC_0002.jpg"
"16083",1.092075893,3.7561,"P0359","EC_0103.jpg"
"16084",4.871023996,3.6654,"P0359","EC_0073.jpg"
"16085",3.106654576,3.76,"P0359","EC_0170.jpg"
"16086",1.54296875,3.0924,"P0359","EC_0031.jpg"
"16087",0.149762835,2.8891,"P0359","EC_0123.jpeg"
"16088",6.751325335,3.5424,"P0359","EC_0104.jpg"
"16089",7.757603237,2.9258,"P0359","EC_0132.jpg"
"16090",2.525390625,3.8014,"P0359","EC_0239.jpg"
"16091",6.643554688,2.9311,"P0359","EC_0041.jpg"
"16092",7.353934152,3.0635,"P0359","EC_0223.jpg"
"16093",1.993791853,3.3329,"P0359","EC_0176.jpg"
"16094",1.485491071,4.741,"P0359","EC_0150.jpg"
"16095",0.185058594,3.9623,"P0359","EC_0201.jpg"
"16096",1.117047991,3.6462,"P0359","EC_0030.jpg"
"16097",3.125976563,3.4256,"P0359","EC_0166.jpg"
"16098",9.165736607,3.4632,"P0359","EC_0229.jpg"
"16099",3.307198661,4.3842,"P0359","EC_0064.jpg"
"16100",9.192592076,3.3997,"P0359","EC_0015.jpg"
"16101",9.689522879,2.8733,"P0359","EC_0157.jpg"
"16102",0.488839286,3.2393,"P0359","EC_0113.jpg"
"16103",0.070172991,3.566,"P0359","EC_0019.jpg"
"16104",3.066824777,3.599,"P0359","EC_0066.jpg"
"16105",7.909249442,5.2411,"P0359","EC_0129.jpeg"
"16106",1.140555246,3.2731,"P0359","EC_0056.jpg"
"16107",1.112304687,2.9586,"P0359","EC_0069.jpg"
"16108",3.38797433,16.2653,"P0359","EC_0097.jpg"
"16109",2.602613558,18.224,"P0359","EC_0010.jpg"
"16110",9.453527467,3.4426,"P0359","EC_0058.jpg"
"16111",0.030618437,3.3195,"P0359","EC_0161.jpg"
"16112",0.264436175,3.9801,"P0359","EC_0072.jpg"
"16113",9.863734025,3.3001,"P0359","EC_0106.jpg"
"16114",5.307732316,4.0688,"P0359","EC_0199.jpg"
"16115",1.911995988,3.085,"P0359","EC_0009.jpg"
"16116",1.612390405,4.123,"P0359","EC_0168.jpeg"
"16117",3.516368016,2.81,"P0359","EC_0093.jpg"
"16118",5.940998365,7.3772,"P0359","EC_0203.jpg"
"16119",1.989625644,10.2119,"P0359","EC_0240.jpg"
"16120",7.970127675,23.2159,"P0359","EC_0173.jpg"
"16121",1.955415965,2.6589,"P0359","EC_0142.jpg"
"16122",3.897860115,2.8098,"P0359","EC_0219.jpg"
"16123",1.963929686,3.2463,"P0359","EC_0012.jpg"
"16124",0.110802209,3.1789,"P0359","EC_0226.jpg"
"16125",2.264386641,4.2065,"P0359","EC_0248.jpg"
"16126",1.551788191,2.6782,"P0359","EC_0116.jpg"
"16127",7.882900733,3.441,"P0359","EC_0136.jpg"
"16128",4.160237517,3.0863,"P0359","EC_0061.jpg"
"16129",6.169862666,3.0345,"P0359","EC_0062.jpg"
"16130",0.078914454,3.9016,"P0359","EC_0213.jpg"
"16131",3.735944621,3.7236,"P0359","EC_0099.jpg"
"16132",9.830607911,6.3613,"P0359","EC_0244.jpg"
"16133",4.836923544,4.9678,"P0359","EC_0167.jpg"
"16134",2.048138127,4.5602,"P0359","EC_0115.jpg"
"16135",7.802562166,10.5487,"P0359","EC_0135.jpg"
"16136",5.717319695,5.1372,"P0359","EC_0234.jpg"
"16137",3.823326357,44.8419,"P0359","EC_0081.jpg"
"16138",0,4.3019,"P0359","EC_0121.jpg"
"16139",0.072258272,3.0711,"P0359","EC_0131.jpg"
"16140",0.144702298,3.1594,"P0359","EC_0128.jpeg"
"16141",1.708827645,2.5549,"P0359","EC_0047.jpg"
"16142",5.007043169,3.4996,"P0359","EC_0057.jpeg"
"16143",0.949326332,3.5423,"P0359","EC_0088.jpg"
"16144",1.97631328,3.4754,"P0359","EC_0200.png"
"16145",6.147340004,3.0212,"P0359","EC_0117.jpg"
"16146",2.676218546,3.262,"P0359","EC_0016.jpg"
"16147",8.051704602,9.7054,"P0359","EC_0096.jpg"
"16148",2.969090549,3.0832,"P0359","EC_0165.jpg"
"16149",1.841099911,3.022,"P0359","EC_0171.jpg"
"16150",3.882071032,3.0218,"P0359","EC_0082.jpg"
"16151",0.98175587,2.744,"P0359","EC_0029.jpg"
"16152",9.92921228,3.7277,"P0359","EC_0138.png"
"16153",3.846081212,2.9204,"P0359","EC_0054.jpg"
"16154",0.093155587,2.6886,"P0359","EC_0048.jpg"
"16155",9.917370468,3.3526,"P0359","EC_0020.jpg"
"16156",0.741978527,3.4797,"P0359","EC_0051.jpg"
"16157",0.103062463,2.7176,"P0359","EC_0027.jpg"
"16158",1.863545175,4.4094,"P0359","EC_0018.jpg"
"16159",1.065499926,3.4854,"P0359","EC_0036.jpeg"
"16160",3.571320215,2.6196,"P0359","EC_0250.jpg"
"16161",6.815202719,3.3842,"P0359","EC_0017.jpg"
"16162",3.378445735,2.9546,"P0359","EC_0153.jpg"
"16163",8.570112815,2.8818,"P0359","EC_0149.jpg"
"16164",9.662500619,5.0382,"P0359","EC_0024.jpg"
"16165",0.010495096,3.139,"P0359","EC_0204.jpg"
"16166",4.518278185,2.4428,"P0359","EC_0202.jpg"
"16167",7.654500817,2.8825,"P0359","EC_0209.jpg"
"16168",8.39202125,2.5806,"P0359","EC_0098.jpg"
"16169",1.813469016,2.8478,"P0359","EC_0075.jpg"
"16170",7.623077447,4.0252,"P0359","EC_0083.jpg"
"16171",2.908561862,5.1138,"P0368","EC_0182.jpg"
"16172",7.963612528,3.1442,"P0368","EC_0203.jpg"
"16173",7.933230584,2.8944,"P0368","EC_0100.jpg"
"16174",7.974463223,4.1414,"P0368","EC_0185.jpg"
"16175",7.953780471,4.3431,"P0368","EC_0064.jpg"
"16176",7.937570862,3.5255,"P0368","EC_0104.jpg"
"16177",7.937570862,2.3267,"P0368","EC_0038.jpg"
"16178",9.045581774,3.0093,"P0368","EC_0135.jpg"
"16179",9.910138535,2.8574,"P0368","EC_0188.jpg"
"16180",7.844520621,2.4942,"P0368","EC_0198.jpg"
"16181",8.027520904,2.4921,"P0368","EC_0057.jpeg"
"16182",4.947739512,3.6773,"P0368","EC_0101.jpg"
"16183",5.000974348,3.6923,"P0368","EC_0067.jpg"
"16184",9.050010629,3.3423,"P0368","EC_0157.jpg"
"16185",7.945144204,2.8744,"P0368","EC_0075.jpg"
"16186",4.971212443,4.1262,"P0368","EC_0019.jpg"
"16187",4.985827664,2.2424,"P0368","EC_0161.jpg"
"16188",8.899606718,2.9094,"P0368","EC_0016.jpg"
"16189",5.007174745,3.711,"P0368","EC_0240.jpg"
"16190",5.017449688,2.777,"P0368","EC_0171.jpg"
"16191",8.973790037,3.8245,"P0368","EC_0096.jpg"
"16192",7.906834609,4.0986,"P0368","EC_0148.jpg"
"16193",8.111934878,2.4589,"P0368","EC_0187.jpeg"
"16194",5.061383929,3.64,"P0368","EC_0059.jpg"
"16195",4.99357816,2.5932,"P0368","EC_0147.png"
"16196",8.988803855,2.8263,"P0368","EC_0168.jpeg"
"16197",6.948474702,3.0435,"P0368","EC_0159.jpg"
"16198",6.899092971,2.8425,"P0368","EC_0010.jpg"
"16199",8.910723143,3.3926,"P0368","EC_0018.jpg"
"16200",5.091810162,3.5563,"P0368","EC_0128.jpeg"
"16201",7.046086664,2.8757,"P0368","EC_0120.jpg"
"16202",8.003117914,2.6594,"P0368","EC_0234.jpg"
"16203",4.896276219,2.8921,"P0368","EC_0183.jpg"
"16204",8.801684736,4.0268,"P0368","EC_0012.jpg"
"16205",8.037397251,3.3103,"P0368","EC_0119.jpg"
"16206",5.043314201,4.3075,"P0368","EC_0236.jpg"
"16207",7.734242134,3.16,"P0368","EC_0076.jpg"
"16208",5.087957058,2.842,"P0368","EC_0152.jpg"
"16209",7.08891369,3.5907,"P0368","EC_0193.png"
"16210",9.115867701,3.9935,"P0368","EC_0047.jpg"
"16211",5.063332625,3.1424,"P0368","EC_0123.jpeg"
"16212",9.014668367,6.4595,"P0368","EC_0041.jpg"
"16213",7.876319799,4.6435,"P0368","EC_0239.jpg"
"16214",5.071526006,4.976,"P0368","EC_0235.jpg"
"16215",4.73418013,3.4763,"P0368","EC_0184.jpg"
"16216",7.979024943,2.9597,"P0368","EC_0165.jpg"
"16217",9.012675383,6.775,"P0368","EC_0077.jpg"
"16218",4.948093821,3.5429,"P0368","EC_0039.jpg"
"16219",5.105141015,3.1775,"P0368","EC_0124.jpeg"
"16220",8.829232214,3.9593,"P0368","EC_0086.jpg"
"16221",7.091305272,5.1083,"P0368","EC_0242.jpg"
"16222",8.014632937,2.4432,"P0368","EC_0244.jpg"
"16223",9.953142715,3.6782,"P0368","EC_0133.jpg"
"16224",4.872714711,2.8248,"P0368","EC_0230.jpg"
"16225",7.953249008,2.8935,"P0368","EC_0172.jpg"
"16226",6.905470522,5.9916,"P0368","EC_0088.jpg"
"16227",6.992408943,4.2544,"P0368","EC_0081.jpg"
"16228",9.040621457,3.9434,"P0368","EC_0082.jpg"
"16229",8.950449972,4.409,"P0368","EC_0106.jpg"
"16230",9.968909439,3.8271,"P0368","EC_0167.jpg"
"16231",7.760638109,2.9584,"P0368","EC_0200.png"
"16232",7.996341766,5.5089,"P0368","EC_0151.jpg"
"16233",8.983666383,3.8245,"P0368","EC_0141.jpg"
"16234",7.978582058,2.5581,"P0368","EC_0177.jpg"
"16235",8.034828515,3.0105,"P0368","EC_0089.jpg"
"16236",8.880518353,3.174,"P0368","EC_0063.jpg"
"16237",5.017803997,3.5768,"P0368","EC_0194.jpg"
"16238",5.098719175,8.4765,"P0368","EC_0201.jpg"
"16239",9.935338719,5.4241,"P0368","EC_0079.jpg"
"16240",8.01879606,3.8087,"P0368","EC_0070.jpg"
"16241",8.093998016,4.1257,"P0368","EC_0051.jpg"
"16242",8.095149518,7.6261,"P0368","EC_0209.jpg"
"16243",7.96356824,5.2225,"P0368","EC_0099.jpg"
"16244",4.944373583,3.3076,"P0368","EC_0028.jpg"
"16245",9.91120146,5.5273,"P0368","EC_0087.jpg"
"16246",7.93792517,4.0754,"P0368","EC_0093.jpg"
"16247",7.938722364,2.1939,"P0368","EC_0060.jpg"
"16248",4.951149731,2.8931,"P0368","EC_0085.jpg"
"16249",9.016351332,3.2743,"P0368","EC_0068.jpg"
"16250",5.062978316,2.7608,"P0368","EC_0024.jpg"
"16251",5.062978316,2.1428,"P0368","EC_0238.jpg"
"16252",5.062978316,2.2772,"P0368","EC_0169.png"
"16253",4.951681193,3.1439,"P0368","EC_0139.png"
"16254",5.019088365,2.9946,"P0368","EC_0181.jpg"
"16255",8.059408659,3.0273,"P0368","EC_0022.jpg"
"16256",4.875682044,3.6412,"P0368","EC_0111.jpg"
"16257",8.023402069,4.9767,"P0368","EC_0121.jpg"
"16258",9.846628756,4.3447,"P0368","EC_0229.jpg"
"16259",9.982727466,9.793,"P0368","EC_0084.jpg"
"16260",4.975464144,4.0087,"P0368","EC_0205.jpg"
"16261",7.875522605,3.1931,"P0368","EC_0173.jpg"
"16262",8.057902849,2.9927,"P0368","EC_0243.jpg"
"16263",4.965366355,3.3608,"P0368","EC_0210.jpg"
"16264",4.968289399,3.4398,"P0368","EC_0154.jpg"
"16265",4.968289399,2.2757,"P0368","EC_0211.jpg"
"16266",4.968289399,2.1768,"P0368","EC_0140.jpg"
"16267",8.011222718,5.0104,"P0368","EC_0158.jpg"
"16268",8.128188776,3.4927,"P0368","EC_0224.jpg"
"16269",4.966207837,3.8097,"P0368","EC_0213.jpg"
"16270",9.121182327,3.359,"P0368","EC_0102.jpg"
"16271",6.976686508,4.5277,"P0368","EC_0036.jpeg"
"16272",7.968262826,3.6746,"P0368","EC_0002.jpg"
"16273",7.968262826,1.8591,"P0368","EC_0108.jpg"
"16274",5.023340065,3.7424,"P0368","EC_0150.jpg"
"16275",8.013702877,7.0919,"P0368","EC_0221.jpg"
"16276",4.889854379,3.2087,"P0368","EC_0009.jpg"
"16277",7.979024943,3.376,"P0368","EC_0245.jpg"
"16278",7.961708121,2.8093,"P0368","EC_0001.jpg"
"16279",7.939873866,2.2598,"P0368","EC_0223.jpg"
"16280",4.997076956,3.1258,"P0368","EC_0044.jpg"
"16281",7.953071854,3.0775,"P0368","EC_0246.jpg"
"16282",5.097301942,3.6076,"P0368","EC_0228.jpg"
"16283",7.936862245,2.742,"P0368","EC_0117.jpg"
"16284",5.004783163,3.4108,"P0368","EC_0162.jpg"
"16285",1.881598994,4.0262,"P0368","EC_0180.jpg"
"16286",5.100977891,3.2243,"P0368","EC_0065.jpg"
"16287",7.992931548,3.0938,"P0368","EC_0061.jpg"
"16288",8.007591057,2.7927,"P0368","EC_0037.jpg"
"16289",4.969928075,2.8603,"P0368","EC_0232.jpg"
"16290",7.965605513,2.9746,"P0368","EC_0053.jpg"
"16291",8.066539116,3.6117,"P0368","EC_0249.jpg"
"16292",9.036945507,4.6596,"P0368","EC_0080.jpg"
"16293",5.013242276,3.4435,"P0368","EC_0142.jpg"
"16294",5.013242276,2.6268,"P0368","EC_0222.jpg"
"16295",7.766218467,3.5091,"P0368","EC_0164.jpg"
"16296",7.954356222,2.4403,"P0368","EC_0174.jpg"
"16297",4.885824121,4.3104,"P0368","EC_0129.jpeg"
"16298",9.017369969,5.2752,"P0368","EC_0116.jpg"
"16299",7.855725624,2.5429,"P0368","EC_0040.jpg"
"16300",5.09858631,3.2093,"P0368","EC_0049.jpg"
"16301",5.09858631,2.6082,"P0368","EC_0149.jpg"
"16302",5.09858631,2.2431,"P0368","EC_0231.jpg"
"16303",9.16932398,2.9777,"P0368","EC_0138.png"
"16304",9.1232196,3.1266,"P0368","EC_0008.jpg"
"16305",4.9377303,4.0914,"P0368","EC_0196.jpg"
"16306",7.951698909,2.9609,"P0368","EC_0050.jpg"
"16307",7.916888109,3.858,"P0368","EC_0062.jpg"
"16308",4.972629677,3.6918,"P0368","EC_0204.jpg"
"16309",7.97362174,2.6103,"P0368","EC_0098.jpg"
"16310",7.901564272,2.4917,"P0368","EC_0073.jpg"
"16311",4.935028699,3.3403,"P0368","EC_0066.jpg"
"16312",7.967111324,2.9753,"P0368","EC_0020.jpg"
"16313",4.983347506,3.1933,"P0368","EC_0136.jpg"
"16314",5.056822208,2.4432,"P0368","EC_0097.jpg"
"16315",8.097053926,3.859,"P0368","EC_0034.jpg"
"16316",7.909491922,3.1231,"P0368","EC_0156.jpg"
"16317",7.909491922,1.9433,"P0368","EC_0153.jpg"
"16318",8.031905471,2.3727,"P0368","EC_0132.jpg"
"16319",5.036183744,3.8435,"P0368","EC_0206.png"
"16320",5.036183744,2.2258,"P0368","EC_0176.jpg"
"16321",4.883653982,3.4771,"P0368","EC_0195.jpg"
"16322",7.860508787,3.2769,"P0368","EC_0170.jpg"
"16323",8.033854167,3.3266,"P0368","EC_0056.jpg"
"16324",4.886621315,3.1104,"P0368","EC_0113.jpg"
"16325",8.028362387,3.4951,"P0368","EC_0090.jpg"
"16326",4.939103245,3.1097,"P0368","EC_0214.jpg"
"16327",7.98890129,2.6764,"P0368","EC_0118.jpg"
"16328",7.937216553,3.577,"P0368","EC_0055.jpg"
"16329",7.944214144,3.0261,"P0368","EC_0137.jpg"
"16330",7.964099702,2.5416,"P0368","EC_0197.jpg"
"16331",5.027901786,3.2432,"P0368","EC_0005.jpg"
"16332",5.027901786,7.5266,"P0368","EC_0199.jpg"
"16333",8.064989016,4.1264,"P0368","EC_0134.jpg"
"16334",8.064989016,2.0931,"P0368","EC_0017.jpg"
"16335",8.064989016,2.7742,"P0368","EC_0202.jpg"
"16336",8.064989016,2.0269,"P0368","EC_0095.jpg"
"16337",8.064989016,2.3251,"P0368","EC_0094.jpg"
"16338",9.937508858,3.4751,"P0368","EC_0013.jpg"
"16339",4.962443311,3.3927,"P0368","EC_0125.jpeg"
"16340",8.043907667,3.2776,"P0368","EC_0054.jpg"
"16341",5.071127409,3.4595,"P0368","EC_0247.jpg"
"16342",1.947101757,4.8936,"P0368","EC_0033.jpeg"
"16343",7.912857851,3.0272,"P0368","EC_0241.jpg"
"16344",8.056839923,3.3634,"P0368","EC_0074.jpg"
"16345",5.007750496,10.1917,"P0368","EC_0029.jpg"
"16346",8.00874256,3.9152,"P0368","EC_0014.jpg"
"16347",8.00874256,2.0436,"P0368","EC_0003.jpg"
"16348",5.024181548,3.7094,"P0368","EC_0103.jpg"
"16349",7.979290675,2.9762,"P0368","EC_0046.jpg"
"16350",7.981593679,3.4408,"P0368","EC_0071.jpg"
"16351",5.058372307,3.159,"P0368","EC_0109.jpg"
"16352",8.031949759,3.9275,"P0368","EC_0250.jpg"
"16353",8.014942956,4.2573,"P0368","EC_0007.jpg"
"16354",4.933921485,2.8749,"P0368","EC_0058.jpg"
"16355",4.998627055,4.5596,"P0368","EC_0115.jpg"
"16356",9.010062358,3.5121,"P0368","EC_0233.jpg"
"16357",9.056919643,3.7777,"P0368","EC_0105.jpg"
"16358",8.980743339,3.4613,"P0368","EC_0011.jpg"
"16359",7.983586664,3.4773,"P0368","EC_0237.jpg"
"16360",5.027547477,2.7912,"P0368","EC_0027.jpg"
"16361",4.975641298,3.6773,"P0368","EC_0227.jpg"
"16362",8.10821464,3.1276,"P0368","EC_0160.jpg"
"16363",8.10821464,1.9777,"P0368","EC_0072.jpg"
"16364",8.031418296,8.1607,"P0368","EC_0015.jpg"
"16365",8.031418296,2.9088,"P0368","EC_0131.jpg"
"16366",9.967447917,2.8082,"P0368","EC_0048.jpg"
"16367",8.018530329,4.0924,"P0368","EC_0042.jpg"
"16368",9.930776998,5.0443,"P0368","EC_0083.jpg"
"16369",4.96368339,5.3422,"P0368","EC_0248.jpg"
"16370",8.971619898,2.6772,"P0368","EC_0207.jpg"
"16371",5.029850482,3.4598,"P0368","EC_0219.jpg"
"16372",7.880350057,3.0411,"P0368","EC_0069.jpg"
"16373",7.927827381,2.8256,"P0368","EC_0032.jpg"
"16374",9.896054776,3.1105,"P0368","EC_0006.jpg"
"16375",9.961601828,3.0771,"P0368","EC_0030.jpg"
"16376",8.151130244,2.7757,"P0368","EC_0031.jpg"
"16377",8.085804634,1.9582,"P0368","EC_0166.jpg"
"16378",8.083767361,2.7101,"P0368","EC_0226.jpg"
"16379",9.050763535,3.0591,"P0368","EC_0163.jpg"
"16380",7.944701318,2.2262,"P0368","EC_0092.jpg"
"16381",0.079365079,9.815,"P0371","EC_0115.jpg"
"16382",1.974206349,10.457,"P0371","EC_0195.jpg"
"16383",4.990079365,11.606,"P0371","EC_0128.jpeg"
"16384",0.009920635,6.431,"P0371","EC_0242.jpg"
"16385",5.982142857,11.029,"P0371","EC_0087.jpg"
"16386",7.976190476,7.223,"P0371","EC_0008.jpg"
"16387",7.023809524,7.842,"P0371","EC_0210.jpg"
"16388",5.01984127,10.998,"P0371","EC_0246.jpg"
"16389",8.045634921,6.798,"P0371","EC_0089.jpg"
"16390",8.998015873,15.276,"P0371","EC_0131.jpg"
"16391",9.990079365,3.482,"P0371","EC_0209.jpg"
"16392",3.978174603,7.111,"P0371","EC_0185.jpg"
"16393",5.962301587,6.306,"P0371","EC_0119.jpg"
"16394",9.96031746,5.598,"P0371","EC_0093.jpg"
"16395",9.94047619,4.02,"P0371","EC_0156.jpg"
"16396",1.994047619,4.874,"P0371","EC_0213.jpg"
"16397",6.011904762,6.006,"P0371","EC_0058.jpg"
"16398",0.009920635,5.897,"P0371","EC_0187.jpeg"
"16399",9.96031746,5.613,"P0371","EC_0098.jpg"
"16400",9.990079365,6.383,"P0371","EC_0006.jpg"
"16401",0.009920635,3.971,"P0371","EC_0161.jpg"
"16402",7.023809524,14.763,"P0371","EC_0083.jpg"
"16403",8.025793651,8.621,"P0371","EC_0136.jpg"
"16404",7.996031746,7.114,"P0371","EC_0248.jpg"
"16405",7.003968254,7.348,"P0371","EC_0040.jpg"
"16406",9.930555556,12.983,"P0371","EC_0121.jpg"
"16407",5.01984127,7.16,"P0371","EC_0233.jpg"
"16408",0.01984127,4.218,"P0371","EC_0049.jpg"
"16409",6.011904762,8.592,"P0371","EC_0228.jpg"
"16410",5.942460317,8.177,"P0371","EC_0243.jpg"
"16411",4.990079365,13.879,"P0371","EC_0172.jpg"
"16412",0.029761905,6.863,"P0371","EC_0232.jpg"
"16413",7.003968254,9.568,"P0371","EC_0103.jpg"
"16414",5.992063492,6.414,"P0371","EC_0158.jpg"
"16415",4.950396825,8.661,"P0371","EC_0141.jpg"
"16416",0.049603175,8.732,"P0371","EC_0002.jpg"
"16417",0,6.565,"P0371","EC_0235.jpg"
"16418",0.009920635,8.895,"P0371","EC_0123.jpeg"
"16419",6.964285714,7.627,"P0371","EC_0142.jpg"
"16420",0.01984127,5.295,"P0371","EC_0011.jpg"
"16421",0.119047619,8.573,"P0371","EC_0034.jpg"
"16422",7.033730159,21.671,"P0371","EC_0229.jpg"
"16423",7.926587302,12.268,"P0371","EC_0060.jpg"
"16424",8.055555556,19.123,"P0371","EC_0135.jpg"
"16425",8.025793651,18.598,"P0371","EC_0139.png"
"16426",7.996031746,13.214,"P0371","EC_0047.jpg"
"16427",9.930555556,10.307,"P0371","EC_0079.jpg"
"16428",9.970238095,4.449,"P0371","EC_0202.jpg"
"16429",9.930555556,5.001,"P0371","EC_0183.jpg"
"16430",8.025793651,5.911,"P0371","EC_0188.jpg"
"16431",7.986111111,10.643,"P0371","EC_0153.jpg"
"16432",8.115079365,12.976,"P0371","EC_0072.jpg"
"16433",8.015873016,8.272,"P0371","EC_0031.jpg"
"16434",9.950396825,5.121,"P0371","EC_0063.jpg"
"16435",0.009920635,3.977,"P0371","EC_0226.jpg"
"16436",1.944444444,6.217,"P0371","EC_0054.jpg"
"16437",7.986111111,4.594,"P0371","EC_0174.jpg"
"16438",7.926587302,7.545,"P0371","EC_0057.jpeg"
"16439",6.021825397,7.899,"P0371","EC_0007.jpg"
"16440",3.988095238,6.887,"P0371","EC_0214.jpg"
"16441",8.988095238,13.932,"P0371","EC_0106.jpg"
"16442",0.029761905,5.234,"P0371","EC_0133.jpg"
"16443",0,5.289,"P0371","EC_0124.jpeg"
"16444",8.015873016,7.25,"P0371","EC_0037.jpg"
"16445",0.05952381,3.817,"P0371","EC_0048.jpg"
"16446",9.96031746,3.859,"P0371","EC_0197.jpg"
"16447",9.96031746,4.173,"P0371","EC_0009.jpg"
"16448",9.96031746,7.235,"P0371","EC_0151.jpg"
"16449",9.900793651,6.148,"P0371","EC_0016.jpg"
"16450",7.876984127,4.908,"P0371","EC_0149.jpg"
"16451",9.930555556,5.371,"P0371","EC_0247.jpg"
"16452",9.970238095,3.351,"P0371","EC_0082.jpg"
"16453",9.98015873,4.806,"P0371","EC_0092.jpg"
"16454",5.932539683,34.408,"P0371","EC_0211.jpg"
"16455",0.089285714,22.023,"P0371","EC_0204.jpg"
"16456",9.920634921,10.248,"P0371","EC_0160.jpg"
"16457",9.930555556,5.524,"P0371","EC_0147.png"
"16458",9.871031746,10.612,"P0371","EC_0120.jpg"
"16459",7.003968254,5.663,"P0371","EC_0065.jpg"
"16460",6.001984127,11.842,"P0371","EC_0169.png"
"16461",8.035714286,3.87,"P0371","EC_0109.jpg"
"16462",2.053571429,12.62,"P0371","EC_0024.jpg"
"16463",0.029761905,5.88,"P0371","EC_0019.jpg"
"16464",9.990079365,5.395,"P0371","EC_0167.jpg"
"16465",6.984126984,6.723,"P0371","EC_0132.jpg"
"16466",3.968253968,7.665,"P0371","EC_0206.png"
"16467",2.053571429,5.458,"P0371","EC_0162.jpg"
"16468",7.946428571,6.435,"P0371","EC_0201.jpg"
"16469",8.988095238,7.18,"P0371","EC_0193.png"
"16470",9.920634921,4.495,"P0371","EC_0099.jpg"
"16471",9.920634921,4.653,"P0371","EC_0071.jpg"
"16472",9.970238095,6.312,"P0371","EC_0070.jpg"
"16473",4.990079365,4.612,"P0371","EC_0199.jpg"
"16474",1.984126984,5.758,"P0371","EC_0027.jpg"
"16475",9.007936508,4.459,"P0371","EC_0104.jpg"
"16476",7.013888889,4.958,"P0371","EC_0064.jpg"
"16477",9.990079365,13.062,"P0371","EC_0170.jpg"
"16478",9.96031746,4.465,"P0371","EC_0077.jpg"
"16479",8.978174603,5.319,"P0371","EC_0050.jpg"
"16480",9.920634921,3.228,"P0371","EC_0168.jpeg"
"16481",4.017857143,9.028,"P0371","EC_0039.jpg"
"16482",9.047619048,10.934,"P0371","EC_0239.jpg"
"16483",7.033730159,5.462,"P0371","EC_0250.jpg"
"16484",7.926587302,9.865,"P0371","EC_0067.jpg"
"16485",3.928571429,11.904,"P0371","EC_0088.jpg"
"16486",9.890873016,4.574,"P0371","EC_0015.jpg"
"16487",4.98015873,51.224,"P0371","EC_0224.jpg"
"16488",9.950396825,2.999,"P0371","EC_0100.jpg"
"16489",8.948412698,5.267,"P0371","EC_0061.jpg"
"16490",9.037698413,4.688,"P0371","EC_0017.jpg"
"16491",9.98015873,6.948,"P0371","EC_0001.jpg"
"16492",9.017857143,5.787,"P0371","EC_0102.jpg"
"16493",8.988095238,4.959,"P0371","EC_0036.jpeg"
"16494",8.968253968,10.911,"P0371","EC_0118.jpg"
"16495",0.029761905,3.985,"P0371","EC_0056.jpg"
"16496",7.946428571,4.5,"P0371","EC_0029.jpg"
"16497",8.958333333,19.677,"P0371","EC_0038.jpg"
"16498",9.930555556,4.132,"P0371","EC_0238.jpg"
"16499",9.007936508,4.649,"P0371","EC_0154.jpg"
"16500",8.958333333,19.149,"P0371","EC_0068.jpg"
"16501",5.982142857,8.715,"P0371","EC_0125.jpeg"
"16502",1.081349206,10.292,"P0371","EC_0005.jpg"
"16503",2.926587302,4.131,"P0371","EC_0097.jpg"
"16504",5.049603175,4.957,"P0371","EC_0059.jpg"
"16505",8.998015873,3.647,"P0371","EC_0234.jpg"
"16506",0.029761905,7.112,"P0371","EC_0069.jpg"
"16507",8.005952381,5.268,"P0371","EC_0003.jpg"
"16508",9.970238095,5.188,"P0371","EC_0181.jpg"
"16509",5.982142857,5.645,"P0371","EC_0095.jpg"
"16510",8.988095238,10.941,"P0371","EC_0084.jpg"
"16511",6.031746032,7.634,"P0371","EC_0221.jpg"
"16512",7.043650794,60.802,"P0371","EC_0080.jpg"
"16513",0.03968254,17.29,"P0371","EC_0033.jpeg"
"16514",7.976190476,3.069,"P0371","EC_0062.jpg"
"16515",8.005952381,4.448,"P0371","EC_0231.jpg"
"16516",8.908730159,23.331,"P0371","EC_0074.jpg"
"16517",3.015873016,4.497,"P0371","EC_0230.jpg"
"16518",8.005952381,4.793,"P0371","EC_0164.jpg"
"16519",7.966269841,3.691,"P0371","EC_0200.png"
"16520",5.069444444,5.254,"P0371","EC_0018.jpg"
"16521",1.944444444,10.856,"P0371","EC_0044.jpg"
"16522",9.027777778,14.877,"P0371","EC_0090.jpg"
"16523",7.023809524,4.135,"P0371","EC_0176.jpg"
"16524",8.948412698,4.929,"P0371","EC_0140.jpg"
"16525",2.966269841,7.16,"P0371","EC_0042.jpg"
"16526",9.970238095,5.95,"P0371","EC_0086.jpg"
"16527",2.916666667,35.638,"P0371","EC_0129.jpeg"
"16528",7.976190476,7.567,"P0371","EC_0085.jpg"
"16529",3.968253968,12.842,"P0371","EC_0150.jpg"
"16530",7.966269841,26.249,"P0371","EC_0245.jpg"
"16531",7.966269841,13.421,"P0371","EC_0171.jpg"
"16532",8.005952381,7.847,"P0371","EC_0101.jpg"
"16533",9.950396825,8.961,"P0371","EC_0096.jpg"
"16534",8.005952381,9.168,"P0371","EC_0053.jpg"
"16535",0,43.525,"P0371","EC_0194.jpg"
"16536",4.067460317,6.551,"P0371","EC_0152.jpg"
"16537",9.94047619,4.476,"P0371","EC_0157.jpg"
"16538",9.017857143,4.543,"P0371","EC_0013.jpg"
"16539",7.926587302,5.703,"P0371","EC_0249.jpg"
"16540",9.96031746,4.065,"P0371","EC_0173.jpg"
"16541",8.005952381,4.135,"P0371","EC_0240.jpg"
"16542",7.946428571,15.23,"P0371","EC_0203.jpg"
"16543",2.053571429,21.685,"P0371","EC_0010.jpg"
"16544",5.029761905,5.864,"P0371","EC_0134.jpg"
"16545",1.994047619,4.829,"P0371","EC_0113.jpg"
"16546",2.996031746,6.33,"P0371","EC_0244.jpg"
"16547",7.976190476,7.767,"P0371","EC_0116.jpg"
"16548",10,6.17,"P0371","EC_0166.jpg"
"16549",7.003968254,8.353,"P0371","EC_0014.jpg"
"16550",4.037698413,102.243,"P0371","EC_0012.jpg"
"16551",6.051587302,6.226,"P0371","EC_0237.jpg"
"16552",9.017857143,3.728,"P0371","EC_0198.jpg"
"16553",9.990079365,3.216,"P0371","EC_0138.png"
"16554",7.956349206,9.886,"P0371","EC_0073.jpg"
"16555",8.998015873,4.432,"P0371","EC_0108.jpg"
"16556",9.98015873,3.603,"P0371","EC_0041.jpg"
"16557",7.996031746,7.031,"P0371","EC_0117.jpg"
"16558",9.990079365,3.719,"P0371","EC_0030.jpg"
"16559",0,5.144,"P0371","EC_0111.jpg"
"16560",2.916666667,4.981,"P0371","EC_0055.jpg"
"16561",5.069444444,5.284,"P0371","EC_0180.jpg"
"16562",7.966269841,10.726,"P0371","EC_0241.jpg"
"16563",8.035714286,6.807,"P0371","EC_0094.jpg"
"16564",6.994047619,6.775,"P0371","EC_0046.jpg"
"16565",0.049603175,9.606,"P0371","EC_0184.jpg"
"16566",9.950396825,3.049,"P0371","EC_0205.jpg"
"16567",7.976190476,4.337,"P0371","EC_0081.jpg"
"16568",8.005952381,3.77,"P0371","EC_0219.jpg"
"16569",5.972222222,4.126,"P0371","EC_0165.jpg"
"16570",1.001984127,3.755,"P0371","EC_0222.jpg"
"16571",7.956349206,5.49,"P0371","EC_0148.jpg"
"16572",9.027777778,5.714,"P0371","EC_0022.jpg"
"16573",9.930555556,3.189,"P0371","EC_0051.jpg"
"16574",0.029761905,5.627,"P0371","EC_0236.jpg"
"16575",2.043650794,6.444,"P0371","EC_0075.jpg"
"16576",7.926587302,7.194,"P0371","EC_0207.jpg"
"16577",2.956349206,4.067,"P0371","EC_0105.jpg"
"16578",6.954365079,5.327,"P0371","EC_0159.jpg"
"16579",8.035714286,4.937,"P0371","EC_0227.jpg"
"16580",0.079365079,4.854,"P0371","EC_0076.jpg"
"16581",6.031746032,6.608,"P0371","EC_0137.jpg"
"16582",7.996031746,4.257,"P0371","EC_0223.jpg"
"16583",7.966269841,5.278,"P0371","EC_0066.jpg"
"16584",6.984126984,10.52,"P0371","EC_0196.jpg"
"16585",7.926587302,4.456,"P0371","EC_0032.jpg"
"16586",8.988095238,3.749,"P0371","EC_0177.jpg"
"16587",1.93452381,5.991,"P0371","EC_0028.jpg"
"16588",7.986111111,7.696,"P0371","EC_0163.jpg"
"16589",8.968253968,4.927,"P0371","EC_0020.jpg"
"16590",6.964285714,6.25,"P0371","EC_0182.jpg"
"16591",4.861111111,8.264,"P0372","EC_0170.jpg"
"16592",6.845238095,6.7533,"P0372","EC_0245.jpg"
"16593",2.936507937,7.8708,"P0372","EC_0161.jpg"
"16594",7.361111111,7.5015,"P0372","EC_0011.jpg"
"16595",7.658730159,8.199,"P0372","EC_0030.jpg"
"16596",3.095238095,6.3464,"P0372","EC_0063.jpg"
"16597",4.94047619,9.3339,"P0372","EC_0234.jpg"
"16598",4.007936508,15.0148,"P0372","EC_0076.jpg"
"16599",6.706349206,3.775,"P0372","EC_0163.jpg"
"16600",8.908730159,5.1051,"P0372","EC_0002.jpg"
"16601",7.023809524,3.7769,"P0372","EC_0203.jpg"
"16602",6.785714286,4.4528,"P0372","EC_0120.jpg"
"16603",7.003968254,4.9527,"P0372","EC_0152.jpg"
"16604",0.972222222,5.1166,"P0372","EC_0136.jpg"
"16605",2.103174603,2.8461,"P0372","EC_0081.jpg"
"16606",7.956349206,5.3904,"P0372","EC_0117.jpg"
"16607",2.103174603,4.0283,"P0372","EC_0183.jpg"
"16608",6.071428571,4.0473,"P0372","EC_0094.jpg"
"16609",3.968253968,7.2496,"P0372","EC_0151.jpg"
"16610",7.083333333,2.4725,"P0372","EC_0089.jpg"
"16611",5.03968254,7.0834,"P0372","EC_0128.jpeg"
"16612",7.103174603,4.7466,"P0372","EC_0147.png"
"16613",10,3.0737,"P0372","EC_0210.jpg"
"16614",7.956349206,2.9773,"P0372","EC_0246.jpg"
"16615",7.043650794,3.8756,"P0372","EC_0248.jpg"
"16616",7.956349206,4.2657,"P0372","EC_0082.jpg"
"16617",5.932539683,2.9527,"P0372","EC_0233.jpg"
"16618",5.575396825,7.4019,"P0372","EC_0039.jpg"
"16619",4.305555556,4.364,"P0372","EC_0137.jpg"
"16620",8.055555556,2.8714,"P0372","EC_0173.jpg"
"16621",8.472222222,4.2324,"P0372","EC_0097.jpg"
"16622",6.388888889,5.9293,"P0372","EC_0036.jpeg"
"16623",3.80952381,8.3733,"P0372","EC_0019.jpg"
"16624",3.492063492,3.7281,"P0372","EC_0084.jpg"
"16625",6.865079365,2.5646,"P0372","EC_0223.jpg"
"16626",8.412698413,4.5099,"P0372","EC_0109.jpg"
"16627",10,3.6827,"P0372","EC_0068.jpg"
"16628",2.380952381,7.9133,"P0372","EC_0129.jpeg"
"16629",6.170634921,6.0482,"P0372","EC_0101.jpg"
"16630",2.261904762,4.3152,"P0372","EC_0113.jpg"
"16631",5.992063492,4.1422,"P0372","EC_0153.jpg"
"16632",8.591269841,5.0738,"P0372","EC_0135.jpg"
"16633",0,5.7048,"P0372","EC_0033.jpeg"
"16634",8.888888889,8.2286,"P0372","EC_0202.jpg"
"16635",3.591269841,3.5878,"P0372","EC_0121.jpg"
"16636",5.952380952,5.2905,"P0372","EC_0015.jpg"
"16637",4.841269841,5.2326,"P0372","EC_0213.jpg"
"16638",7.063492063,4.809,"P0372","EC_0092.jpg"
"16639",7.757936508,4.5111,"P0372","EC_0205.jpg"
"16640",8.095238095,5.9416,"P0372","EC_0087.jpg"
"16641",2.103174603,10.6967,"P0372","EC_0206.png"
"16642",2.916666667,7.6203,"P0372","EC_0195.jpg"
"16643",6.567460317,7.5708,"P0372","EC_0067.jpg"
"16644",6.706349206,2.7728,"P0372","EC_0228.jpg"
"16645",6.984126984,5.1107,"P0372","EC_0165.jpg"
"16646",6.944444444,4.7708,"P0372","EC_0182.jpg"
"16647",3.373015873,8.6355,"P0372","EC_0070.jpg"
"16648",7.698412698,2.7581,"P0372","EC_0138.png"
"16649",9.087301587,5.3715,"P0372","EC_0096.jpg"
"16650",8.670634921,3.4597,"P0372","EC_0061.jpg"
"16651",2.44047619,3.8554,"P0372","EC_0201.jpg"
"16652",7.202380952,3.0564,"P0372","EC_0207.jpg"
"16653",4.047619048,2.7767,"P0372","EC_0185.jpg"
"16654",8.948412698,3.1195,"P0372","EC_0188.jpg"
"16655",8.293650794,4.9492,"P0372","EC_0053.jpg"
"16656",7.182539683,2.8906,"P0372","EC_0104.jpg"
"16657",8.849206349,2.5404,"P0372","EC_0059.jpg"
"16658",9.464285714,2.4934,"P0372","EC_0074.jpg"
"16659",7.996031746,3.8369,"P0372","EC_0141.jpg"
"16660",6.765873016,4.1796,"P0372","EC_0174.jpg"
"16661",3.353174603,4.2233,"P0372","EC_0027.jpg"
"16662",1.547619048,5.4026,"P0372","EC_0204.jpg"
"16663",8.650793651,3.1195,"P0372","EC_0118.jpg"
"16664",8.71031746,2.2481,"P0372","EC_0150.jpg"
"16665",2.202380952,6.3791,"P0372","EC_0119.jpg"
"16666",7.380952381,3.0265,"P0372","EC_0055.jpg"
"16667",6.765873016,4.9779,"P0372","EC_0198.jpg"
"16668",7.599206349,3.0027,"P0372","EC_0243.jpg"
"16669",8.432539683,3.5992,"P0372","EC_0168.jpeg"
"16670",5.03968254,4.3524,"P0372","EC_0003.jpg"
"16671",6.329365079,3.8137,"P0372","EC_0181.jpg"
"16672",3.73015873,3.6593,"P0372","EC_0060.jpg"
"16673",7.698412698,3.2106,"P0372","EC_0231.jpg"
"16674",9.563492063,8.2253,"P0372","EC_0085.jpg"
"16675",9.682539683,3.5032,"P0372","EC_0211.jpg"
"16676",7.53968254,6.6145,"P0372","EC_0247.jpg"
"16677",1.746031746,4.1164,"P0372","EC_0103.jpg"
"16678",5.714285714,3.8872,"P0372","EC_0148.jpg"
"16679",5.178571429,3.6499,"P0372","EC_0221.jpg"
"16680",3.293650794,4.1992,"P0372","EC_0196.jpg"
"16681",6.825396825,3.6129,"P0372","EC_0044.jpg"
"16682",3.73015873,3.4883,"P0372","EC_0024.jpg"
"16683",8.630952381,2.9996,"P0372","EC_0057.jpeg"
"16684",6.448412698,45.5688,"P0372","EC_0029.jpg"
"16685",4.801587302,3.184,"P0372","EC_0184.jpg"
"16686",3.968253968,0.0804,"P0372","EC_0037.jpg"
"16687",7.222222222,0.165,"P0372","EC_0238.jpg"
"16688",7.123015873,0.6826,"P0372","EC_0229.jpg"
"16689",8.650793651,0.1076,"P0372","EC_0100.jpg"
"16690",8.948412698,0.2934,"P0372","EC_0042.jpg"
"16691",7.638888889,6.4148,"P0372","EC_0058.jpg"
"16692",6.468253968,4.1251,"P0372","EC_0049.jpg"
"16693",8.353174603,5.2862,"P0372","EC_0139.png"
"16694",8.432539683,2.2535,"P0372","EC_0200.png"
"16695",7.400793651,4.7439,"P0372","EC_0180.jpg"
"16696",6.547619048,4.4268,"P0372","EC_0156.jpg"
"16697",0,3.6933,"P0372","EC_0080.jpg"
"16698",6.964285714,7.7872,"P0372","EC_0159.jpg"
"16699",1.150793651,4.8819,"P0372","EC_0022.jpg"
"16700",10,3.5956,"P0372","EC_0169.png"
"16701",5.595238095,3.3885,"P0372","EC_0226.jpg"
"16702",5.079365079,4.4551,"P0372","EC_0046.jpg"
"16703",8.154761905,5.2115,"P0372","EC_0142.jpg"
"16704",7.619047619,8.7357,"P0372","EC_0093.jpg"
"16705",7.043650794,4.4627,"P0372","EC_0132.jpg"
"16706",4.107142857,5.3364,"P0372","EC_0009.jpg"
"16707",7.876984127,7.5635,"P0372","EC_0079.jpg"
"16708",9.067460317,4.4821,"P0372","EC_0214.jpg"
"16709",5.337301587,5.4693,"P0372","EC_0013.jpg"
"16710",7.46031746,3.0477,"P0372","EC_0171.jpg"
"16711",9.107142857,3.5262,"P0372","EC_0012.jpg"
"16712",8.908730159,3.1368,"P0372","EC_0017.jpg"
"16713",3.174603175,8.7496,"P0372","EC_0197.jpg"
"16714",1.984126984,6.824,"P0372","EC_0064.jpg"
"16715",2.123015873,13.5388,"P0372","EC_0065.jpg"
"16716",6.646825397,4.1857,"P0372","EC_0031.jpg"
"16717",2.53968254,2.829,"P0372","EC_0154.jpg"
"16718",6.746031746,3.8204,"P0372","EC_0038.jpg"
"16719",7.51984127,2.9483,"P0372","EC_0219.jpg"
"16720",6.825396825,5.6018,"P0372","EC_0056.jpg"
"16721",9.861111111,7.5934,"P0372","EC_0077.jpg"
"16722",2.996031746,6.9714,"P0372","EC_0047.jpg"
"16723",7.817460317,7.1646,"P0372","EC_0157.jpg"
"16724",8.333333333,2.8575,"P0372","EC_0072.jpg"
"16725",7.222222222,2.8137,"P0372","EC_0240.jpg"
"16726",8.511904762,2.9014,"P0372","EC_0131.jpg"
"16727",8.511904762,0.3767,"P0372","EC_0102.jpg"
"16728",7.083333333,4.1018,"P0372","EC_0176.jpg"
"16729",6.21031746,7.8822,"P0372","EC_0090.jpg"
"16730",6.349206349,11.7137,"P0372","EC_0086.jpg"
"16731",9.087301587,9.1607,"P0372","EC_0199.jpg"
"16732",3.988095238,9.3793,"P0372","EC_0149.jpg"
"16733",1.646825397,7.6654,"P0372","EC_0244.jpg"
"16734",1.349206349,2.9996,"P0372","EC_0235.jpg"
"16735",1.170634921,3.5473,"P0372","EC_0230.jpg"
"16736",0.734126984,2.2177,"P0372","EC_0125.jpeg"
"16737",7.51984127,3.548,"P0372","EC_0164.jpg"
"16738",6.726190476,4.3953,"P0372","EC_0166.jpg"
"16739",0.297619048,4.2634,"P0372","EC_0083.jpg"
"16740",7.063492063,8.4711,"P0372","EC_0140.jpg"
"16741",6.507936508,5.6801,"P0372","EC_0239.jpg"
"16742",4.126984127,4.1844,"P0372","EC_0162.jpg"
"16743",0.555555556,2.6877,"P0372","EC_0124.jpeg"
"16744",7.023809524,2.5819,"P0372","EC_0115.jpg"
"16745",7.738095238,3.098,"P0372","EC_0034.jpg"
"16746",0,5.0298,"P0372","EC_0111.jpg"
"16747",4.900793651,4.3585,"P0372","EC_0051.jpg"
"16748",4.246031746,6.056,"P0372","EC_0018.jpg"
"16749",4.98015873,3.7845,"P0372","EC_0010.jpg"
"16750",3.492063492,2.2836,"P0372","EC_0116.jpg"
"16751",5.138888889,2.9103,"P0372","EC_0041.jpg"
"16752",10,2.6431,"P0372","EC_0133.jpg"
"16753",5.595238095,4.3843,"P0372","EC_0209.jpg"
"16754",8.234126984,5.7541,"P0372","EC_0014.jpg"
"16755",6.28968254,11.6182,"P0372","EC_0241.jpg"
"16756",5.357142857,4.6447,"P0372","EC_0160.jpg"
"16757",0.615079365,2.9589,"P0372","EC_0028.jpg"
"16758",8.234126984,5.1925,"P0372","EC_0193.png"
"16759",0,3.1145,"P0372","EC_0227.jpg"
"16760",2.380952381,6.1737,"P0372","EC_0066.jpg"
"16761",2.51984127,5.0069,"P0372","EC_0098.jpg"
"16762",0.337301587,4.3183,"P0372","EC_0069.jpg"
"16763",4.563492063,19.688,"P0372","EC_0105.jpg"
"16764",4.206349206,11.9963,"P0372","EC_0158.jpg"
"16765",2.023809524,6.1744,"P0372","EC_0071.jpg"
"16766",7.738095238,4.9049,"P0372","EC_0008.jpg"
"16767",0.416666667,2.5051,"P0372","EC_0048.jpg"
"16768",9.186507937,2.9278,"P0372","EC_0001.jpg"
"16769",6.488095238,4.3526,"P0372","EC_0242.jpg"
"16770",3.095238095,3.3724,"P0372","EC_0007.jpg"
"16771",8.78968254,6.4812,"P0372","EC_0236.jpg"
"16772",5.753968254,3.7178,"P0372","EC_0232.jpg"
"16773",8.115079365,4.6944,"P0372","EC_0134.jpg"
"16774",2.817460317,5.8947,"P0372","EC_0172.jpg"
"16775",5.158730159,6.9833,"P0372","EC_0250.jpg"
"16776",7.698412698,10.1678,"P0372","EC_0020.jpg"
"16777",5.496031746,4.005,"P0372","EC_0005.jpg"
"16778",3.035714286,3.9,"P0372","EC_0237.jpg"
"16779",6.765873016,7.1775,"P0372","EC_0106.jpg"
"16780",2.142857143,3.1486,"P0372","EC_0249.jpg"
"16781",7.420634921,7.7404,"P0372","EC_0088.jpg"
"16782",0.595238095,50.405,"P0372","EC_0006.jpg"
"16783",7.916666667,5.2819,"P0372","EC_0167.jpg"
"16784",6.607142857,2.8898,"P0372","EC_0040.jpg"
"16785",8.353174603,2.6681,"P0372","EC_0224.jpg"
"16786",4.226190476,4.3408,"P0372","EC_0050.jpg"
"16787",10,3.0538,"P0372","EC_0073.jpg"
"16788",10,2.4266,"P0372","EC_0187.jpeg"
"16789",6.448412698,2.8754,"P0372","EC_0108.jpg"
"16790",2.857142857,2.7699,"P0372","EC_0095.jpg"
"16791",6.607142857,6.1182,"P0372","EC_0032.jpg"
"16792",2.103174603,2.774,"P0372","EC_0123.jpeg"
"16793",7.638888889,3.015,"P0372","EC_0194.jpg"
"16794",6.984126984,3.6965,"P0372","EC_0054.jpg"
"16795",2.380952381,10.7124,"P0372","EC_0222.jpg"
"16796",9.067460317,4.1345,"P0372","EC_0016.jpg"
"16797",7.162698413,10.0073,"P0372","EC_0177.jpg"
"16798",8.948412698,5.2349,"P0372","EC_0099.jpg"
"16799",7.658730159,4.04,"P0372","EC_0062.jpg"
"16800",2.142857143,7.3869,"P0372","EC_0075.jpg"
"16801",8.928572034,3.7251,"P0374","EC_0073.jpg"
"16802",4.880952179,3.156,"P0374","EC_0154.jpg"
"16803",4.973545377,3.6927,"P0374","EC_0123.jpeg"
"16804",1.931217335,3.1761,"P0374","EC_0176.jpg"
"16805",9.021164223,4.6658,"P0374","EC_0188.jpg"
"16806",2.023809524,3.0542,"P0374","EC_0213.jpg"
"16807",1.084656286,5.2634,"P0374","EC_0156.jpg"
"16808",5.026455632,3.8689,"P0374","EC_0249.jpg"
"16809",8.9947096,4.2162,"P0374","EC_0116.jpg"
"16810",5.066137566,3.322,"P0374","EC_0118.jpg"
"16811",7.989417788,3.5177,"P0374","EC_0244.jpg"
"16812",0.992064098,2.7561,"P0374","EC_0166.jpg"
"16813",5.965608869,3.1114,"P0374","EC_0134.jpg"
"16814",7.645502646,4.0483,"P0374","EC_0044.jpg"
"16815",4.933862434,3.165,"P0374","EC_0030.jpg"
"16816",2.94973545,3.7417,"P0374","EC_0061.jpg"
"16817",5.013227311,2.7719,"P0374","EC_0205.jpg"
"16818",9.933862838,2.8221,"P0374","EC_0057.jpeg"
"16819",10,4.5595,"P0374","EC_0002.jpg"
"16820",1.772486571,3.1787,"P0374","EC_0151.jpg"
"16821",10,3.9623,"P0374","EC_0138.png"
"16822",4.986772689,4.1447,"P0374","EC_0219.jpg"
"16823",0.952381154,2.768,"P0374","EC_0197.jpg"
"16824",2.076719779,4.0014,"P0374","EC_0152.jpg"
"16825",2.103174401,2.8116,"P0374","EC_0172.jpg"
"16826",1.071428975,4.5169,"P0374","EC_0007.jpg"
"16827",8.98148128,3.2898,"P0374","EC_0136.jpg"
"16828",5.965608869,3.3272,"P0374","EC_0039.jpg"
"16829",7.010582616,2.7902,"P0374","EC_0001.jpg"
"16830",0.185185488,3.2677,"P0374","EC_0087.jpg"
"16831",7.989417788,3.1909,"P0374","EC_0222.jpg"
"16832",9.907408215,2.919,"P0374","EC_0246.jpg"
"16833",4.867724868,2.9787,"P0374","EC_0093.jpg"
"16834",1.058201664,2.8071,"P0374","EC_0005.jpg"
"16835",4.986772689,3.7666,"P0374","EC_0081.jpg"
"16836",1.058201664,7.6878,"P0374","EC_0083.jpg"
"16837",6.058201058,3.5023,"P0374","EC_0113.jpg"
"16838",6.07142837,3.0073,"P0374","EC_0198.jpg"
"16839",8.968253968,3.8989,"P0374","EC_0124.jpeg"
"16840",7.076720182,2.5106,"P0374","EC_0029.jpg"
"16841",1.044973343,3.9704,"P0374","EC_0071.jpg"
"16842",5.013227311,3.1681,"P0374","EC_0092.jpg"
"16843",0.873016277,5.2058,"P0374","EC_0105.jpg"
"16844",1.00918e-07,7.3769,"P0374","EC_0162.jpg"
"16845",2.050265156,3.382,"P0374","EC_0168.jpeg"
"16846",7.962963165,3.1795,"P0374","EC_0100.jpg"
"16847",7.103174805,3.1097,"P0374","EC_0167.jpg"
"16848",7.989417788,4.2713,"P0374","EC_0232.jpg"
"16849",7.962963165,4.6549,"P0374","EC_0206.png"
"16850",9.047618846,4.2248,"P0374","EC_0077.jpg"
"16851",8.968253968,3.6649,"P0374","EC_0169.png"
"16852",0.912698211,4.0209,"P0374","EC_0067.jpg"
"16853",3.042328648,3.7663,"P0374","EC_0104.jpg"
"16854",2.989418393,3.2684,"P0374","EC_0046.jpg"
"16855",5.925925926,3.8159,"P0374","EC_0040.jpg"
"16856",10,3.4286,"P0374","EC_0012.jpg"
"16857",6.931216729,2.967,"P0374","EC_0139.png"
"16858",8.01587342,2.6615,"P0374","EC_0098.jpg"
"16859",4.060846763,3.3483,"P0374","EC_0017.jpg"
"16860",2.050265156,3.5926,"P0374","EC_0207.jpg"
"16861",2.076719779,4.3819,"P0374","EC_0089.jpg"
"16862",0.965608466,14.5254,"P0374","EC_0015.jpg"
"16863",5.899471303,3.8912,"P0374","EC_0129.jpeg"
"16864",9.920634517,3.4457,"P0374","EC_0042.jpg"
"16865",9.867725271,5.1119,"P0374","EC_0221.jpg"
"16866",5.105820509,2.8961,"P0374","EC_0157.jpg"
"16867",2.870370572,3.2993,"P0374","EC_0031.jpg"
"16868",3.015873016,5.6316,"P0374","EC_0010.jpg"
"16869",1.097883598,3.216,"P0374","EC_0200.png"
"16870",2.037036835,3.7695,"P0374","EC_0032.jpg"
"16871",0.145502545,3.1754,"P0374","EC_0201.jpg"
"16872",5.026455632,5.2251,"P0374","EC_0080.jpg"
"16873",2.063492467,3.1047,"P0374","EC_0195.jpg"
"16874",6.94444505,2.5526,"P0374","EC_0027.jpg"
"16875",9.973545781,2.9774,"P0374","EC_0060.jpg"
"16876",7.089947494,2.9517,"P0374","EC_0014.jpg"
"16877",8.862434468,2.5179,"P0374","EC_0160.jpg"
"16878",2.936508138,3.814,"P0374","EC_0064.jpg"
"16879",1.00918e-07,3.6667,"P0374","EC_0204.jpg"
"16880",7.037037239,5.0417,"P0374","EC_0079.jpg"
"16881",10,4.9101,"P0374","EC_0230.jpg"
"16882",8.042328042,3.5505,"P0374","EC_0086.jpg"
"16883",5.013227311,2.7105,"P0374","EC_0117.jpg"
"16884",4.021163819,2.7038,"P0374","EC_0094.jpg"
"16885",1.084656286,5.8638,"P0374","EC_0121.jpg"
"16886",3.888888687,4.1129,"P0374","EC_0050.jpg"
"16887",7.91005291,3.3401,"P0374","EC_0164.jpg"
"16888",9.126984732,3.8741,"P0374","EC_0022.jpg"
"16889",2.896825195,3.8629,"P0374","EC_0148.jpg"
"16890",1.904761703,3.0435,"P0374","EC_0053.jpg"
"16891",5.013227311,3.6222,"P0374","EC_0018.jpg"
"16892",7.182539683,5.5218,"P0374","EC_0059.jpg"
"16893",4.986772689,3.6504,"P0374","EC_0054.jpg"
"16894",9.933862838,2.7809,"P0374","EC_0072.jpg"
"16895",8.055555354,3.5442,"P0374","EC_0180.jpg"
"16896",0.092592794,3.816,"P0374","EC_0011.jpg"
"16897",9.933862838,3.3455,"P0374","EC_0183.jpg"
"16898",9.96031746,3.6822,"P0374","EC_0194.jpg"
"16899",3.5978838,3.7938,"P0374","EC_0137.jpg"
"16900",6.626984531,2.5719,"P0374","EC_0055.jpg"
"16901",2.103174401,3.4571,"P0374","EC_0016.jpg"
"16902",9.933862838,2.8914,"P0374","EC_0076.jpg"
"16903",1.150793853,3.1464,"P0374","EC_0132.jpg"
"16904",9.973545781,3.6786,"P0374","EC_0074.jpg"
"16905",3.121693525,4.542,"P0374","EC_0020.jpg"
"16906",9.933862838,2.8883,"P0374","EC_0037.jpg"
"16907",8.068783674,4.6254,"P0374","EC_0193.png"
"16908",9.761904762,2.4806,"P0374","EC_0153.jpg"
"16909",10,2.9764,"P0374","EC_0058.jpg"
"16910",6.2962967,3.7854,"P0374","EC_0085.jpg"
"16911",8.095238297,2.9844,"P0374","EC_0069.jpg"
"16912",5.85978836,3.1047,"P0374","EC_0090.jpg"
"16913",2.156084656,2.8143,"P0374","EC_0101.jpg"
"16914",3.042328648,4.6223,"P0374","EC_0241.jpg"
"16915",0.119047922,3.9316,"P0374","EC_0063.jpg"
"16916",0.727513328,3.1758,"P0374","EC_0177.jpg"
"16917",0,5.264,"P0374","EC_0034.jpg"
"16918",2.169311967,2.7994,"P0374","EC_0237.jpg"
"16919",9.920634517,3.5441,"P0374","EC_0131.jpg"
"16920",8.095238297,3.5159,"P0374","EC_0128.jpeg"
"16921",0.052910356,3.2758,"P0374","EC_0041.jpg"
"16922",1.891534392,2.7798,"P0374","EC_0202.jpg"
"16923",2.989418393,3.1363,"P0374","EC_0133.jpg"
"16924",0.185185488,3.9989,"P0374","EC_0229.jpg"
"16925",9.894179894,2.7114,"P0374","EC_0234.jpg"
"16926",6.111111313,2.3448,"P0374","EC_0070.jpg"
"16927",6.798941597,3.291,"P0374","EC_0210.jpg"
"16928",2.248677854,2.6507,"P0374","EC_0119.jpg"
"16929",0,2.9235,"P0374","EC_0161.jpg"
"16930",9.788359385,3.0097,"P0374","EC_0182.jpg"
"16931",4.78835999,2.7607,"P0374","EC_0173.jpg"
"16932",0.238095238,3.1777,"P0374","EC_0062.jpg"
"16933",0.158730361,2.9702,"P0374","EC_0019.jpg"
"16934",7.936508542,4.1054,"P0374","EC_0125.jpeg"
"16935",6.031746435,3.0759,"P0374","EC_0013.jpg"
"16936",0.211640111,3.5505,"P0374","EC_0174.jpg"
"16937",9.828042328,2.7343,"P0374","EC_0159.jpg"
"16938",0.119047922,3.1471,"P0374","EC_0228.jpg"
"16939",5.052910255,6.3826,"P0374","EC_0111.jpg"
"16940",0.132275233,3.497,"P0374","EC_0150.jpg"
"16941",0.013227412,4.05,"P0374","EC_0065.jpg"
"16942",1.428571429,3.4537,"P0374","EC_0099.jpg"
"16943",2.023809524,2.3494,"P0374","EC_0095.jpg"
"16944",0.238095238,3.824,"P0374","EC_0163.jpg"
"16945",0.03968254,2.6912,"P0374","EC_0226.jpg"
"16946",9.047618846,4.2382,"P0374","EC_0185.jpg"
"16947",6.124338624,2.9029,"P0374","EC_0108.jpg"
"16948",2.499999798,3.4863,"P0374","EC_0115.jpg"
"16949",3.399471101,3.016,"P0374","EC_0141.jpg"
"16950",0.092592794,3.8109,"P0374","EC_0239.jpg"
"16951",2.63227493,3.8254,"P0374","EC_0227.jpg"
"16952",9.907408215,3.0581,"P0374","EC_0038.jpg"
"16953",0.793651399,2.6278,"P0374","EC_0238.jpg"
"16954",3.968254574,3.1092,"P0374","EC_0187.jpeg"
"16955",0.013227412,3.5308,"P0374","EC_0147.png"
"16956",2.989418393,2.9643,"P0374","EC_0165.jpg"
"16957",0.423280625,2.7168,"P0374","EC_0082.jpg"
"16958",0.820106022,2.6879,"P0374","EC_0158.jpg"
"16959",5.22486833,2.7174,"P0374","EC_0247.jpg"
"16960",7.883598287,2.299,"P0374","EC_0211.jpg"
"16961",4.828042934,3.9171,"P0374","EC_0009.jpg"
"16962",8.227513429,2.7493,"P0374","EC_0233.jpg"
"16963",7.6984129,3.1066,"P0374","EC_0181.jpg"
"16964",9.894179894,2.7383,"P0374","EC_0243.jpg"
"16965",9.96031746,3.6271,"P0374","EC_0149.jpg"
"16966",1.177248475,3.312,"P0374","EC_0084.jpg"
"16967",4.880952179,3.2472,"P0374","EC_0120.jpg"
"16968",5.158730764,3.1321,"P0374","EC_0096.jpg"
"16969",6.679894785,3.1096,"P0374","EC_0103.jpg"
"16970",7.579365079,2.8793,"P0374","EC_0109.jpg"
"16971",6.494709398,2.8297,"P0374","EC_0250.jpg"
"16972",0.026455228,3.0505,"P0374","EC_0049.jpg"
"16973",4.669312169,2.7324,"P0374","EC_0224.jpg"
"16974",0.396825498,2.4325,"P0374","EC_0142.jpg"
"16975",2.592592996,3.0255,"P0374","EC_0075.jpg"
"16976",0.119047922,2.4671,"P0374","EC_0048.jpg"
"16977",5.066137566,3.3342,"P0374","EC_0140.jpg"
"16978",7.777777778,4.7675,"P0374","EC_0231.jpg"
"16979",5.780423482,3.5579,"P0374","EC_0236.jpg"
"16980",0.052910356,3.8653,"P0374","EC_0242.jpg"
"16981",9.894179894,2.9121,"P0374","EC_0196.jpg"
"16982",1.190476796,3.2947,"P0374","EC_0003.jpg"
"16983",8.029100731,2.985,"P0374","EC_0036.jpeg"
"16984",6.2962967,2.589,"P0374","EC_0008.jpg"
"16985",3.544973545,3.3753,"P0374","EC_0223.jpg"
"16986",5.066137566,3.8612,"P0374","EC_0056.jpg"
"16987",6.812169918,2.5472,"P0374","EC_0235.jpg"
"16988",0.31746062,9.9493,"P0374","EC_0214.jpg"
"16989",2.764550063,2.7897,"P0374","EC_0102.jpg"
"16990",10,3.5664,"P0374","EC_0171.jpg"
"16991",5.714285916,3.1121,"P0374","EC_0024.jpg"
"16992",2.156084656,2.4275,"P0374","EC_0097.jpg"
"16993",0.806878711,3.112,"P0374","EC_0033.jpeg"
"16994",5.912698615,3.8922,"P0374","EC_0170.jpg"
"16995",2.764550063,2.8729,"P0374","EC_0006.jpg"
"16996",7.605820711,2.7442,"P0374","EC_0209.jpg"
"16997",0.224867927,2.2612,"P0374","EC_0047.jpg"
"16998",8.042328042,3.0796,"P0374","EC_0066.jpg"
"16999",1.679894382,2.3857,"P0374","EC_0240.jpg"
"17000",10,2.4188,"P0374","EC_0248.jpg"
"17001",8.082010986,2.8452,"P0374","EC_0068.jpg"
"17002",6.177248879,2.4723,"P0374","EC_0028.jpg"
"17003",9.298941799,2.3674,"P0374","EC_0088.jpg"
"17004",1.111110909,3.8986,"P0374","EC_0106.jpg"
"17005",3.571429177,2.5121,"P0374","EC_0135.jpg"
"17006",1.256614362,2.9891,"P0374","EC_0245.jpg"
"17007",5.886243992,3.3865,"P0374","EC_0203.jpg"
"17008",9.484128195,2.8011,"P0374","EC_0199.jpg"
"17009",3.849206753,2.7965,"P0374","EC_0051.jpg"
"17010",0.079364978,2.736,"P0374","EC_0184.jpg"
"17011",4.669312169,4.0152,"P0379","EC_0094.jpg"
"17012",5.846560847,4.3333,"P0379","EC_0172.jpg"
"17013",5.621693122,6.3911,"P0379","EC_0074.jpg"
"17014",4.708994709,3.2669,"P0379","EC_0072.jpg"
"17015",2.037037037,5.666,"P0379","EC_0183.jpg"
"17016",1.216931217,2.9244,"P0379","EC_0125.jpeg"
"17017",0.952380952,3.0567,"P0379","EC_0069.jpg"
"17018",5.185185185,3.5993,"P0379","EC_0061.jpg"
"17019",0.185185185,3.3145,"P0379","EC_0242.jpg"
"17020",9.523809524,3.3939,"P0379","EC_0104.jpg"
"17021",7.420634921,2.5565,"P0379","EC_0057.jpeg"
"17022",5.687830688,3.4975,"P0379","EC_0150.jpg"
"17023",6.984126984,3.9332,"P0379","EC_0118.jpg"
"17024",3.597883598,3.4158,"P0379","EC_0158.jpg"
"17025",4.457671958,6.3663,"P0379","EC_0148.jpg"
"17026",3.267195767,3.2288,"P0379","EC_0159.jpg"
"17027",4.828042328,4.6843,"P0379","EC_0138.png"
"17028",2.261904762,5.9563,"P0379","EC_0108.jpg"
"17029",7.169312169,3.3202,"P0379","EC_0240.jpg"
"17030",5.767195767,3.3014,"P0379","EC_0017.jpg"
"17031",4.153439153,3.5659,"P0379","EC_0234.jpg"
"17032",1.574074074,5.4498,"P0379","EC_0161.jpg"
"17033",0,2.8347,"P0379","EC_0038.jpg"
"17034",0,2.2329,"P0379","EC_0131.jpg"
"17035",8.994708995,2.5355,"P0379","EC_0030.jpg"
"17036",7.341269841,2.4609,"P0379","EC_0093.jpg"
"17037",1.137566138,2.5325,"P0379","EC_0153.jpg"
"17038",2.05026455,3.2057,"P0379","EC_0230.jpg"
"17039",4.365079365,3.3409,"P0379","EC_0053.jpg"
"17040",4.510582011,4.8682,"P0379","EC_0247.jpg"
"17041",4.510582011,2.7297,"P0379","EC_0096.jpg"
"17042",4.444444444,2.8895,"P0379","EC_0014.jpg"
"17043",3.76984127,3.0789,"P0379","EC_0056.jpg"
"17044",6.666666667,6.2742,"P0379","EC_0081.jpg"
"17045",7.433862434,2.7324,"P0379","EC_0137.jpg"
"17046",3.148148148,3.9879,"P0379","EC_0196.jpg"
"17047",7.05026455,3.6494,"P0379","EC_0207.jpg"
"17048",5.687830688,2.9889,"P0379","EC_0007.jpg"
"17049",5.595238095,9.8716,"P0379","EC_0109.jpg"
"17050",4.867724868,2.5328,"P0379","EC_0135.jpg"
"17051",4.854497354,3.3466,"P0379","EC_0064.jpg"
"17052",3.677248677,5.0824,"P0379","EC_0099.jpg"
"17053",4.325396825,3.4659,"P0379","EC_0063.jpg"
"17054",0,2.566,"P0379","EC_0040.jpg"
"17055",8.373015873,3.8327,"P0379","EC_0157.jpg"
"17056",4.060846561,3.2703,"P0379","EC_0223.jpg"
"17057",6.891534392,5.4061,"P0379","EC_0116.jpg"
"17058",7.063492063,3.2546,"P0379","EC_0163.jpg"
"17059",1.203703704,3.4494,"P0379","EC_0204.jpg"
"17060",0.542328042,3.09,"P0379","EC_0171.jpg"
"17061",8.253968254,3.4102,"P0379","EC_0073.jpg"
"17062",8.042328042,3.1324,"P0379","EC_0245.jpg"
"17063",8.227513228,4.7326,"P0379","EC_0156.jpg"
"17064",7.037037037,4.5346,"P0379","EC_0090.jpg"
"17065",6.203703704,3.1335,"P0379","EC_0222.jpg"
"17066",3.148148148,4.4501,"P0379","EC_0047.jpg"
"17067",6.243386243,3.2167,"P0379","EC_0164.jpg"
"17068",4.074074074,4.7182,"P0379","EC_0077.jpg"
"17069",5.119047619,2.6779,"P0379","EC_0199.jpg"
"17070",2.619047619,2.6024,"P0379","EC_0036.jpeg"
"17071",3.73015873,5.4539,"P0379","EC_0076.jpg"
"17072",5.145502646,4.446,"P0379","EC_0092.jpg"
"17073",0.952380952,2.562,"P0379","EC_0226.jpg"
"17074",2.208994709,2.5149,"P0379","EC_0039.jpg"
"17075",2.777777778,4.4223,"P0379","EC_0001.jpg"
"17076",5.119047619,2.8375,"P0379","EC_0219.jpg"
"17077",5.066137566,2.83,"P0379","EC_0149.jpg"
"17078",4.034391534,3.3857,"P0379","EC_0071.jpg"
"17079",5.833333333,3.3522,"P0379","EC_0050.jpg"
"17080",5.701058201,18.6423,"P0379","EC_0042.jpg"
"17081",3.822751323,6.4014,"P0379","EC_0080.jpg"
"17082",6.26984127,2.4743,"P0379","EC_0194.jpg"
"17083",3.796296296,4.6099,"P0379","EC_0103.jpg"
"17084",3.029100529,2.6719,"P0379","EC_0044.jpg"
"17085",5.026455026,2.6888,"P0379","EC_0082.jpg"
"17086",5.211640212,2.3223,"P0379","EC_0210.jpg"
"17087",4.62962963,3.0446,"P0379","EC_0241.jpg"
"17088",5.489417989,3.2968,"P0379","EC_0010.jpg"
"17089",3.134920635,10.799,"P0379","EC_0128.jpeg"
"17090",6.111111111,3.1682,"P0379","EC_0165.jpg"
"17091",6.547619048,2.6812,"P0379","EC_0140.jpg"
"17092",6.600529101,3.6199,"P0379","EC_0031.jpg"
"17093",6.600529101,2.2652,"P0379","EC_0132.jpg"
"17094",7.275132275,4.0571,"P0379","EC_0202.jpg"
"17095",7.791005291,2.4184,"P0379","EC_0168.jpeg"
"17096",0.44973545,2.9711,"P0379","EC_0048.jpg"
"17097",1.362433862,3.1143,"P0379","EC_0085.jpg"
"17098",7.791005291,4.6697,"P0379","EC_0214.jpg"
"17099",0.793650794,7.0183,"P0379","EC_0097.jpg"
"17100",1.772486772,3.4241,"P0379","EC_0124.jpeg"
"17101",3.068783069,3.6738,"P0379","EC_0102.jpg"
"17102",6.71957672,3.5625,"P0379","EC_0197.jpg"
"17103",6.71957672,2.8988,"P0379","EC_0070.jpg"
"17104",3.399470899,9.5605,"P0379","EC_0221.jpg"
"17105",5.767195767,3.5409,"P0379","EC_0182.jpg"
"17106",4.656084656,5.7863,"P0379","EC_0173.jpg"
"17107",5.767195767,5.2964,"P0379","EC_0203.jpg"
"17108",5.740740741,4.9734,"P0379","EC_0211.jpg"
"17109",2.037037037,2.987,"P0379","EC_0174.jpg"
"17110",3.822751323,2.9211,"P0379","EC_0067.jpg"
"17111",5.965608466,3.2448,"P0379","EC_0236.jpg"
"17112",5.079365079,3.8947,"P0379","EC_0185.jpg"
"17113",5.079365079,2.704,"P0379","EC_0006.jpg"
"17114",3.478835979,3.1659,"P0379","EC_0028.jpg"
"17115",6.851851852,2.6011,"P0379","EC_0101.jpg"
"17116",2.235449735,2.8709,"P0379","EC_0151.jpg"
"17117",3.002645503,4.6528,"P0379","EC_0129.jpeg"
"17118",7.037037037,2.4114,"P0379","EC_0209.jpg"
"17119",8.068783069,3.7696,"P0379","EC_0119.jpg"
"17120",0,2.6326,"P0379","EC_0184.jpg"
"17121",5.648148148,9.0576,"P0379","EC_0095.jpg"
"17122",5.092592593,2.8612,"P0379","EC_0083.jpg"
"17123",3.69047619,8.8352,"P0379","EC_0188.jpg"
"17124",5.436507937,11.7658,"P0379","EC_0089.jpg"
"17125",3.835978836,2.5878,"P0379","EC_0059.jpg"
"17126",3.293650794,6.3786,"P0379","EC_0227.jpg"
"17127",5.502645503,3.6118,"P0379","EC_0133.jpg"
"17128",7.156084656,2.2381,"P0379","EC_0142.jpg"
"17129",6.494708995,2.3788,"P0379","EC_0111.jpg"
"17130",4.814814815,3.1851,"P0379","EC_0105.jpg"
"17131",3.796296296,2.9405,"P0379","EC_0034.jpg"
"17132",5.44973545,5.3133,"P0379","EC_0244.jpg"
"17133",3.743386243,2.8181,"P0379","EC_0020.jpg"
"17134",4.100529101,3.3619,"P0379","EC_0136.jpg"
"17135",3.76984127,3.5979,"P0379","EC_0022.jpg"
"17136",5.462962963,2.1987,"P0379","EC_0005.jpg"
"17137",4.867724868,2.6595,"P0379","EC_0231.jpg"
"17138",1.415343915,2.1706,"P0379","EC_0154.jpg"
"17139",2.473544974,2.2887,"P0379","EC_0015.jpg"
"17140",8.187830688,3.135,"P0379","EC_0051.jpg"
"17141",7.261904762,2.9489,"P0379","EC_0075.jpg"
"17142",7.433862434,8.9547,"P0379","EC_0062.jpg"
"17143",7.804232804,3.453,"P0379","EC_0008.jpg"
"17144",2.632275132,2.2388,"P0379","EC_0009.jpg"
"17145",6.468253968,2.9454,"P0379","EC_0193.png"
"17146",6.468253968,2.2721,"P0379","EC_0167.jpg"
"17147",5.85978836,2.5486,"P0379","EC_0066.jpg"
"17148",4.325396825,7.6902,"P0379","EC_0201.jpg"
"17149",5.978835979,2.2959,"P0379","EC_0250.jpg"
"17150",5.978835979,2.4744,"P0379","EC_0160.jpg"
"17151",6.058201058,7.2643,"P0379","EC_0060.jpg"
"17152",0.952380952,2.343,"P0379","EC_0235.jpg"
"17153",0.304232804,3.9915,"P0379","EC_0055.jpg"
"17154",0.806878307,3.307,"P0379","EC_0162.jpg"
"17155",0,2.4529,"P0379","EC_0134.jpg"
"17156",6.097883598,4.713,"P0379","EC_0013.jpg"
"17157",7.592592593,3.6577,"P0379","EC_0239.jpg"
"17158",7.407407407,2.9332,"P0379","EC_0229.jpg"
"17159",2.156084656,2.4903,"P0379","EC_0106.jpg"
"17160",2.222222222,8.1369,"P0379","EC_0176.jpg"
"17161",7.962962963,3.6117,"P0379","EC_0224.jpg"
"17162",2.513227513,2.2437,"P0379","EC_0058.jpg"
"17163",5.357142857,2.564,"P0379","EC_0198.jpg"
"17164",3.743386243,2.7933,"P0379","EC_0041.jpg"
"17165",7.010582011,2.1926,"P0379","EC_0166.jpg"
"17166",4.775132275,2.2713,"P0379","EC_0032.jpg"
"17167",6.031746032,5.3055,"P0379","EC_0243.jpg"
"17168",1.494708995,2.4078,"P0379","EC_0012.jpg"
"17169",7.923280423,2.3891,"P0379","EC_0237.jpg"
"17170",2.367724868,4.444,"P0379","EC_0019.jpg"
"17171",3.835978836,2.5712,"P0379","EC_0024.jpg"
"17172",7.037037037,5.8208,"P0379","EC_0098.jpg"
"17173",6.706349206,5.8854,"P0379","EC_0087.jpg"
"17174",5.608465608,2.4132,"P0379","EC_0228.jpg"
"17175",4.708994709,3.6909,"P0379","EC_0248.jpg"
"17176",2.420634921,2.9927,"P0379","EC_0049.jpg"
"17177",6.878306878,3.0017,"P0379","EC_0100.jpg"
"17178",8.35978836,3.3083,"P0379","EC_0079.jpg"
"17179",7.407407407,3.8561,"P0379","EC_0141.jpg"
"17180",6.26984127,5.8388,"P0379","EC_0113.jpg"
"17181",8.505291005,2.4448,"P0379","EC_0205.jpg"
"17182",5.066137566,2.2182,"P0379","EC_0232.jpg"
"17183",6.772486772,2.5297,"P0379","EC_0170.jpg"
"17184",7.08994709,3.3347,"P0379","EC_0016.jpg"
"17185",5.44973545,2.5115,"P0379","EC_0233.jpg"
"17186",0.595238095,2.5349,"P0379","EC_0088.jpg"
"17187",0,2.9271,"P0379","EC_0054.jpg"
"17188",6.243386243,2.682,"P0379","EC_0177.jpg"
"17189",0,2.4121,"P0379","EC_0187.jpeg"
"17190",5.555555556,2.2463,"P0379","EC_0027.jpg"
"17191",6.362433862,2.1721,"P0379","EC_0147.png"
"17192",3.796296296,2.9242,"P0379","EC_0029.jpg"
"17193",2.552910053,4.7162,"P0379","EC_0065.jpg"
"17194",7.023809524,8.8269,"P0379","EC_0068.jpg"
"17195",7.751322751,4.9484,"P0379","EC_0003.jpg"
"17196",5.542328042,3.4724,"P0379","EC_0169.png"
"17197",4.007936508,3.088,"P0379","EC_0206.png"
"17198",4.96031746,3.3105,"P0379","EC_0249.jpg"
"17199",6.23015873,2.592,"P0379","EC_0018.jpg"
"17200",2.142857143,2.2365,"P0379","EC_0121.jpg"
"17201",8.042328042,2.986,"P0379","EC_0084.jpg"
"17202",8.042328042,3.5413,"P0379","EC_0200.png"
"17203",4.497354497,2.8719,"P0379","EC_0011.jpg"
"17204",6.216931217,1.9488,"P0379","EC_0046.jpg"
"17205",6.613756614,2.0751,"P0379","EC_0139.png"
"17206",6.626984127,2.4044,"P0379","EC_0115.jpg"
"17207",4.510582011,2.3545,"P0379","EC_0123.jpeg"
"17208",4.074074074,3.4713,"P0379","EC_0152.jpg"
"17209",2.619047619,2.3453,"P0379","EC_0120.jpg"
"17210",5.44973545,2.5348,"P0379","EC_0238.jpg"
"17211",6.772486772,1.9944,"P0379","EC_0246.jpg"
"17212",6.759259259,2.5218,"P0379","EC_0086.jpg"
"17213",2.314814815,2.5813,"P0379","EC_0033.jpeg"
"17214",2.12962963,2.8647,"P0379","EC_0195.jpg"
"17215",7.169312169,3.1222,"P0379","EC_0181.jpg"
"17216",4.484126984,2.4375,"P0379","EC_0037.jpg"
"17217",6.838624339,3.3978,"P0379","EC_0002.jpg"
"17218",5.833333333,5.5307,"P0379","EC_0117.jpg"
"17219",3.478835979,2.0907,"P0379","EC_0180.jpg"
"17220",2.566137566,2.9249,"P0379","EC_0213.jpg"
"17221",3.981481481,4.1557,"P0395","EC_0163.jpg"
"17222",1.997354497,8.1785,"P0395","EC_0250.jpg"
"17223",6.031746032,4.3195,"P0395","EC_0157.jpg"
"17224",7.010582011,6.0876,"P0395","EC_0118.jpg"
"17225",4.933862434,4.9277,"P0395","EC_0132.jpg"
"17226",2.05026455,3.8296,"P0395","EC_0064.jpg"
"17227",5.052910053,3.9479,"P0395","EC_0034.jpg"
"17228",5.952380952,4.1141,"P0395","EC_0125.jpeg"
"17229",2.976190476,4.1698,"P0395","EC_0013.jpg"
"17230",1.970899471,7.2346,"P0395","EC_0240.jpg"
"17231",4.034391534,8.1667,"P0395","EC_0197.jpg"
"17232",7.936507937,3.5868,"P0395","EC_0117.jpg"
"17233",6.997354497,4.5349,"P0395","EC_0119.jpg"
"17234",4.007936508,3.6082,"P0395","EC_0203.jpg"
"17235",2.91005291,4.1297,"P0395","EC_0152.jpg"
"17236",1.058201058,3.6341,"P0395","EC_0070.jpg"
"17237",6.031746032,3.8765,"P0395","EC_0209.jpg"
"17238",2.989417989,3.1351,"P0395","EC_0015.jpg"
"17239",4.087301587,4.0893,"P0395","EC_0038.jpg"
"17240",7.063492063,3.5987,"P0395","EC_0082.jpg"
"17241",1.031746032,3.4324,"P0395","EC_0054.jpg"
"17242",3.055555556,3.127,"P0395","EC_0016.jpg"
"17243",1.944444444,3.9077,"P0395","EC_0076.jpg"
"17244",3.955026455,3.6128,"P0395","EC_0160.jpg"
"17245",4.801587302,2.9072,"P0395","EC_0172.jpg"
"17246",3.134920635,3.8252,"P0395","EC_0165.jpg"
"17247",5.013227513,3.1038,"P0395","EC_0234.jpg"
"17248",3.042328042,3.1178,"P0395","EC_0001.jpg"
"17249",1.970899471,3.5999,"P0395","EC_0193.png"
"17250",1.018518519,4.1306,"P0395","EC_0019.jpg"
"17251",4.933862434,3.0946,"P0395","EC_0181.jpg"
"17252",0.079365079,6.0773,"P0395","EC_0184.jpg"
"17253",5.03968254,4.2965,"P0395","EC_0050.jpg"
"17254",2.076719577,3.6008,"P0395","EC_0120.jpg"
"17255",1.111111111,3.6229,"P0395","EC_0040.jpg"
"17256",4.973544974,3.6448,"P0395","EC_0081.jpg"
"17257",2.023809524,4.3772,"P0395","EC_0166.jpg"
"17258",2.962962963,3.5625,"P0395","EC_0164.jpg"
"17259",5,3.3303,"P0395","EC_0180.jpg"
"17260",3.994708995,10.2249,"P0395","EC_0036.jpeg"
"17261",4.947089947,3.8237,"P0395","EC_0138.png"
"17262",1.931216931,3.4946,"P0395","EC_0123.jpeg"
"17263",1.031746032,3.3326,"P0395","EC_0187.jpeg"
"17264",0.224867725,4.0883,"P0395","EC_0185.jpg"
"17265",8.068783069,3.3938,"P0395","EC_0041.jpg"
"17266",5.026455026,7.3123,"P0395","EC_0205.jpg"
"17267",1.917989418,5.0774,"P0395","EC_0237.jpg"
"17268",3.928571429,3.3766,"P0395","EC_0198.jpg"
"17269",2.91005291,4.2344,"P0395","EC_0199.jpg"
"17270",5.899470899,3.8647,"P0395","EC_0249.jpg"
"17271",2.063492063,3.6364,"P0395","EC_0201.jpg"
"17272",3.968253968,2.8416,"P0395","EC_0003.jpg"
"17273",5.03968254,3.5888,"P0395","EC_0063.jpg"
"17274",3.108465608,3.128,"P0395","EC_0109.jpg"
"17275",4.973544974,3.107,"P0395","EC_0087.jpg"
"17276",5.873015873,3.1075,"P0395","EC_0211.jpg"
"17277",7.962962963,3.5537,"P0395","EC_0104.jpg"
"17278",5.079365079,3.137,"P0395","EC_0017.jpg"
"17279",3.227513228,2.8795,"P0395","EC_0066.jpg"
"17280",1.349206349,3.0725,"P0395","EC_0194.jpg"
"17281",4.828042328,3.0784,"P0395","EC_0137.jpg"
"17282",3.69047619,3.3416,"P0395","EC_0086.jpg"
"17283",6.746031746,3.0509,"P0395","EC_0095.jpg"
"17284",3.161375661,2.902,"P0395","EC_0099.jpg"
"17285",7.94973545,3.6547,"P0395","EC_0074.jpg"
"17286",6.30952381,3.1502,"P0395","EC_0006.jpg"
"17287",3.174603175,2.8958,"P0395","EC_0213.jpg"
"17288",4.166666667,2.8578,"P0395","EC_0188.jpg"
"17289",5.396825397,3.0854,"P0395","EC_0207.jpg"
"17290",2.433862434,4.3389,"P0395","EC_0195.jpg"
"17291",6.600529101,3.0006,"P0395","EC_0072.jpg"
"17292",6.044973545,3.3028,"P0395","EC_0018.jpg"
"17293",1.851851852,3.1262,"P0395","EC_0149.jpg"
"17294",4.113756614,3.3701,"P0395","EC_0128.jpeg"
"17295",2.566137566,5.2432,"P0395","EC_0111.jpg"
"17296",0.82010582,3.8832,"P0395","EC_0067.jpg"
"17297",1.931216931,3.6187,"P0395","EC_0161.jpg"
"17298",1.283068783,3.0723,"P0395","EC_0142.jpg"
"17299",2.275132275,5.4979,"P0395","EC_0169.png"
"17300",4.616402116,3.1104,"P0395","EC_0046.jpg"
"17301",5.925925926,3.915,"P0395","EC_0229.jpg"
"17302",0.939153439,3.1496,"P0395","EC_0131.jpg"
"17303",4.246031746,3.1148,"P0395","EC_0221.jpg"
"17304",2.989417989,3.3507,"P0395","EC_0182.jpg"
"17305",2.208994709,3.1082,"P0395","EC_0053.jpg"
"17306",3.624338624,5.2889,"P0395","EC_0136.jpg"
"17307",4.523809524,3.0876,"P0395","EC_0171.jpg"
"17308",4.880952381,3.5883,"P0395","EC_0065.jpg"
"17309",0.965608466,2.825,"P0395","EC_0056.jpg"
"17310",2.156084656,3.0811,"P0395","EC_0202.jpg"
"17311",6.097883598,2.8666,"P0395","EC_0102.jpg"
"17312",2.235449735,3.5648,"P0395","EC_0002.jpg"
"17313",3.227513228,2.8694,"P0395","EC_0020.jpg"
"17314",6.164021164,2.8839,"P0395","EC_0080.jpg"
"17315",0.674603175,3.1588,"P0395","EC_0103.jpg"
"17316",3.187830688,2.9115,"P0395","EC_0094.jpg"
"17317",3.108465608,3.2513,"P0395","EC_0177.jpg"
"17318",2.182539683,4.2908,"P0395","EC_0096.jpg"
"17319",3.981481481,3.6403,"P0395","EC_0090.jpg"
"17320",5.85978836,3.8179,"P0395","EC_0031.jpg"
"17321",1.150793651,3.3757,"P0395","EC_0226.jpg"
"17322",3.822751323,4.0445,"P0395","EC_0139.png"
"17323",0.674603175,2.813,"P0395","EC_0075.jpg"
"17324",3.161375661,2.8533,"P0395","EC_0158.jpg"
"17325",1.706349206,3.2709,"P0395","EC_0245.jpg"
"17326",9.17989418,2.8436,"P0395","EC_0048.jpg"
"17327",2.394179894,3.1203,"P0395","EC_0239.jpg"
"17328",3.055555556,3.0978,"P0395","EC_0062.jpg"
"17329",3.981481481,3.1767,"P0395","EC_0247.jpg"
"17330",3.095238095,3.5544,"P0395","EC_0183.jpg"
"17331",1.891534392,3.3445,"P0395","EC_0100.jpg"
"17332",8.849206349,3.1197,"P0395","EC_0058.jpg"
"17333",5.264550265,3.5569,"P0395","EC_0148.jpg"
"17334",2.87037037,3.5866,"P0395","EC_0170.jpg"
"17335",2.12962963,3.2072,"P0395","EC_0084.jpg"
"17336",0.224867725,2.8529,"P0395","EC_0059.jpg"
"17337",5.648148148,3.1564,"P0395","EC_0044.jpg"
"17338",5.079365079,3.4189,"P0395","EC_0098.jpg"
"17339",5.701058201,3.9873,"P0395","EC_0024.jpg"
"17340",8.029100529,3.602,"P0395","EC_0219.jpg"
"17341",3.227513228,3.6911,"P0395","EC_0049.jpg"
"17342",5.304232804,2.9761,"P0395","EC_0156.jpg"
"17343",3.716931217,3.1816,"P0395","EC_0153.jpg"
"17344",3.399470899,3.5186,"P0395","EC_0093.jpg"
"17345",1.891534392,3.1254,"P0395","EC_0085.jpg"
"17346",2.91005291,3.3343,"P0395","EC_0230.jpg"
"17347",0.925925926,3.8768,"P0395","EC_0204.jpg"
"17348",0.03968254,3.8626,"P0395","EC_0121.jpg"
"17349",0.582010582,2.9263,"P0395","EC_0055.jpg"
"17350",5,2.8634,"P0395","EC_0227.jpg"
"17351",6.851851852,2.9709,"P0395","EC_0029.jpg"
"17352",5.171957672,3.1136,"P0395","EC_0115.jpg"
"17353",4.021164021,2.9413,"P0395","EC_0030.jpg"
"17354",3.214285714,3.0888,"P0395","EC_0010.jpg"
"17355",5.026455026,3.08,"P0395","EC_0248.jpg"
"17356",4.126984127,2.8526,"P0395","EC_0116.jpg"
"17357",2.976190476,2.6027,"P0395","EC_0014.jpg"
"17358",1.944444444,3.1109,"P0395","EC_0159.jpg"
"17359",7.301587302,2.7876,"P0395","EC_0057.jpeg"
"17360",1.574074074,3.2722,"P0395","EC_0150.jpg"
"17361",4.907407407,3.0172,"P0395","EC_0068.jpg"
"17362",3.267195767,3.0823,"P0395","EC_0242.jpg"
"17363",6.388888889,3.3876,"P0395","EC_0233.jpg"
"17364",2.314814815,2.9826,"P0395","EC_0097.jpg"
"17365",2.12962963,2.8453,"P0395","EC_0101.jpg"
"17366",2.208994709,5.7234,"P0395","EC_0069.jpg"
"17367",1.322751323,3.5707,"P0395","EC_0005.jpg"
"17368",2.658730159,3.3923,"P0395","EC_0042.jpg"
"17369",5.767195767,2.8568,"P0395","EC_0039.jpg"
"17370",3.968253968,3.1472,"P0395","EC_0174.jpg"
"17371",1.322751323,3.89,"P0395","EC_0009.jpg"
"17372",1.468253968,3.7756,"P0395","EC_0196.jpg"
"17373",4.246031746,3.4328,"P0395","EC_0246.jpg"
"17374",4.722222222,3.2891,"P0395","EC_0061.jpg"
"17375",3.293650794,3.1216,"P0395","EC_0200.png"
"17376",6.19047619,4.2975,"P0395","EC_0241.jpg"
"17377",2.103174603,4.6868,"P0395","EC_0140.jpg"
"17378",1.203703704,2.6363,"P0395","EC_0105.jpg"
"17379",3.042328042,3.3892,"P0395","EC_0162.jpg"
"17380",1.904761905,3.15,"P0395","EC_0032.jpg"
"17381",2.513227513,3.1236,"P0395","EC_0051.jpg"
"17382",6.759259259,2.8917,"P0395","EC_0037.jpg"
"17383",5.185185185,2.6366,"P0395","EC_0173.jpg"
"17384",5.793650794,3.3688,"P0395","EC_0106.jpg"
"17385",4.510582011,3.1616,"P0395","EC_0167.jpg"
"17386",2.314814815,2.8337,"P0395","EC_0176.jpg"
"17387",1.349206349,3.1382,"P0395","EC_0071.jpg"
"17388",1.018518519,2.8584,"P0395","EC_0222.jpg"
"17389",5.939153439,3.1387,"P0395","EC_0008.jpg"
"17390",2.989417989,3.1376,"P0395","EC_0232.jpg"
"17391",4.060846561,3.4018,"P0395","EC_0129.jpeg"
"17392",3.386243386,3.1589,"P0395","EC_0141.jpg"
"17393",2.182539683,3.1135,"P0395","EC_0214.jpg"
"17394",4.007936508,3.1161,"P0395","EC_0235.jpg"
"17395",2.711640212,2.8579,"P0395","EC_0007.jpg"
"17396",5.423280423,3.2756,"P0395","EC_0244.jpg"
"17397",4.272486772,2.8994,"P0395","EC_0092.jpg"
"17398",6.23015873,2.8451,"P0395","EC_0243.jpg"
"17399",7.711640212,2.6533,"P0395","EC_0073.jpg"
"17400",2.698412698,2.8952,"P0395","EC_0223.jpg"
"17401",1.547619048,4.4089,"P0395","EC_0033.jpeg"
"17402",5.846560847,3.106,"P0395","EC_0231.jpg"
"17403",3.783068783,2.7025,"P0395","EC_0147.png"
"17404",6.031746032,2.9427,"P0395","EC_0089.jpg"
"17405",2.222222222,2.8222,"P0395","EC_0113.jpg"
"17406",5.092592593,4.101,"P0395","EC_0011.jpg"
"17407",1.283068783,3.1013,"P0395","EC_0012.jpg"
"17408",5.119047619,2.9074,"P0395","EC_0060.jpg"
"17409",4.126984127,3.5974,"P0395","EC_0168.jpeg"
"17410",1.216931217,2.9409,"P0395","EC_0124.jpeg"
"17411",2.552910053,3.4303,"P0395","EC_0206.png"
"17412",4.113756614,2.617,"P0395","EC_0135.jpg"
"17413",6.283068783,2.6097,"P0395","EC_0077.jpg"
"17414",2.94973545,3.1534,"P0395","EC_0151.jpg"
"17415",4.920634921,2.8873,"P0395","EC_0236.jpg"
"17416",2.53968254,2.8344,"P0395","EC_0027.jpg"
"17417",8.439153439,3.0615,"P0395","EC_0047.jpg"
"17418",1.71957672,2.9415,"P0395","EC_0133.jpg"
"17419",3.994708995,2.8923,"P0395","EC_0083.jpg"
"17420",5.079365079,2.8963,"P0395","EC_0228.jpg"
"17421",4.404761905,3.9095,"P0395","EC_0028.jpg"
"17422",3.544973545,2.9253,"P0395","EC_0224.jpg"
"17423",1.944444444,2.8753,"P0395","EC_0154.jpg"
"17424",1.19047619,2.8815,"P0395","EC_0134.jpg"
"17425",6.111111111,2.6997,"P0395","EC_0108.jpg"
"17426",3.267195767,2.8937,"P0395","EC_0079.jpg"
"17427",4.894179894,2.9211,"P0395","EC_0022.jpg"
"17428",1.177248677,2.8986,"P0395","EC_0088.jpg"
"17429",2.552910053,3.5995,"P0395","EC_0238.jpg"
"17430",3.968253968,3.1381,"P0395","EC_0210.jpg"
"17431",9.445684524,3.8679,"P0401","EC_0028.jpg"
"17432",5.855654762,2.788,"P0401","EC_0039.jpg"
"17433",5.204613095,2.483,"P0401","EC_0099.jpg"
"17434",0.628720238,2.3048,"P0401","EC_0247.jpg"
"17435",3.009672619,3.2538,"P0401","EC_0207.jpg"
"17436",4.069940476,2.2327,"P0401","EC_0044.jpg"
"17437",6.116071429,2.6043,"P0401","EC_0196.jpg"
"17438",0.889136905,2.5823,"P0401","EC_0241.jpg"
"17439",0.889136905,1.9571,"P0401","EC_0224.jpg"
"17440",2.488839286,2.4381,"P0401","EC_0125.jpeg"
"17441",0.033482143,2.5891,"P0401","EC_0171.jpg"
"17442",5.818452381,2.405,"P0401","EC_0081.jpg"
"17443",0.796130952,2.1795,"P0401","EC_0165.jpg"
"17444",0.405505952,2.1813,"P0401","EC_0210.jpg"
"17445",0.944940476,2.9051,"P0401","EC_0236.jpg"
"17446",0.275297619,2.2265,"P0401","EC_0150.jpg"
"17447",3.251488095,2.1508,"P0401","EC_0060.jpg"
"17448",1.912202381,2.1384,"P0401","EC_0238.jpg"
"17449",2.693452381,2.1488,"P0401","EC_0231.jpg"
"17450",3.45610119,2.2887,"P0401","EC_0080.jpg"
"17451",0.591517857,2.24,"P0401","EC_0009.jpg"
"17452",5.260416667,3.3929,"P0401","EC_0109.jpg"
"17453",0.665922619,2.5344,"P0401","EC_0139.png"
"17454",4.255952381,2.1574,"P0401","EC_0103.jpg"
"17455",0.163690476,3.1547,"P0401","EC_0108.jpg"
"17456",6.15327381,3.4202,"P0401","EC_0167.jpg"
"17457",0.982142857,2.0825,"P0401","EC_0086.jpg"
"17458",1.130952381,1.9071,"P0401","EC_0119.jpg"
"17459",0.610119048,3.2226,"P0401","EC_0136.jpg"
"17460",0.517113095,2.0713,"P0401","EC_0246.jpg"
"17461",0.014880952,2.2171,"P0401","EC_0166.jpg"
"17462",0.014880952,1.8109,"P0401","EC_0055.jpg"
"17463",0.014880952,1.8432,"P0401","EC_0154.jpg"
"17464",2.135416667,2.9448,"P0401","EC_0036.jpeg"
"17465",3.363095238,2.4389,"P0401","EC_0073.jpg"
"17466",4.739583333,3.0275,"P0401","EC_0070.jpg"
"17467",3.102678571,2.434,"P0401","EC_0168.jpeg"
"17468",0.591517857,2.2073,"P0401","EC_0003.jpg"
"17469",0.591517857,1.891,"P0401","EC_0162.jpg"
"17470",0.591517857,1.8242,"P0401","EC_0092.jpg"
"17471",0.591517857,1.9714,"P0401","EC_0200.png"
"17472",2.023809524,2.4498,"P0401","EC_0120.jpg"
"17473",1.391369048,2.0233,"P0401","EC_0250.jpg"
"17474",2.823660714,2.2963,"P0401","EC_0237.jpg"
"17475",2.116815476,3.3394,"P0401","EC_0101.jpg"
"17476",0.033482143,4.1038,"P0401","EC_0163.jpg"
"17477",3.716517857,2.2068,"P0401","EC_0042.jpg"
"17478",2.358630952,3.2489,"P0401","EC_0041.jpg"
"17479",0.424107143,2.1162,"P0401","EC_0082.jpg"
"17480",1.46577381,2.839,"P0401","EC_0211.jpg"
"17481",0,2.3709,"P0401","EC_0206.png"
"17482",1.781994048,2.8487,"P0401","EC_0011.jpg"
"17483",1.651785714,2.5991,"P0401","EC_0245.jpg"
"17484",4.423363095,2.3088,"P0401","EC_0058.jpg"
"17485",6.078869048,2.8016,"P0401","EC_0134.jpg"
"17486",0.052083333,2.5574,"P0401","EC_0049.jpg"
"17487",4.051339286,2.5221,"P0401","EC_0093.jpg"
"17488",0.368303571,2.3063,"P0401","EC_0164.jpg"
"17489",1.335565476,2.056,"P0401","EC_0065.jpg"
"17490",2.935267857,2.618,"P0401","EC_0219.jpg"
"17491",1.46577381,2.1784,"P0401","EC_0135.jpg"
"17492",0.777529762,2.4829,"P0401","EC_0209.jpg"
"17493",6.618303571,2.2914,"P0401","EC_0124.jpeg"
"17494",3.753720238,2.8383,"P0401","EC_0187.jpeg"
"17495",0.944940476,2.6532,"P0401","EC_0226.jpg"
"17496",0.033482143,3.0718,"P0401","EC_0067.jpg"
"17497",0.554315476,2.1857,"P0401","EC_0195.jpg"
"17498",2.172619048,2.0353,"P0401","EC_0131.jpg"
"17499",0.070684524,2.9716,"P0401","EC_0022.jpg"
"17500",0.982142857,2.6712,"P0401","EC_0182.jpg"
"17501",2.228422619,2.1876,"P0401","EC_0083.jpg"
"17502",3.084077381,2.3044,"P0401","EC_0064.jpg"
"17503",0.033482143,2.4824,"P0401","EC_0153.jpg"
"17504",0.052083333,2.019,"P0401","EC_0198.jpg"
"17505",0.052083333,1.8291,"P0401","EC_0048.jpg"
"17506",0.052083333,3.1642,"P0401","EC_0005.jpg"
"17507",4.051339286,2.9515,"P0401","EC_0230.jpg"
"17508",5.613839286,2.4157,"P0401","EC_0223.jpg"
"17509",1.614583333,2.4002,"P0401","EC_0169.png"
"17510",0.72172619,2.4037,"P0401","EC_0214.jpg"
"17511",0.368303571,2.34,"P0401","EC_0141.jpg"
"17512",0.368303571,1.7452,"P0401","EC_0063.jpg"
"17513",3.325892857,3.0821,"P0401","EC_0243.jpg"
"17514",0,4.6519,"P0401","EC_0204.jpg"
"17515",0,1.79,"P0401","EC_0176.jpg"
"17516",2.935267857,3.034,"P0401","EC_0071.jpg"
"17517",0.517113095,2.7746,"P0401","EC_0129.jpeg"
"17518",5.483630952,2.4369,"P0401","EC_0152.jpg"
"17519",4.330357143,2.5069,"P0401","EC_0244.jpg"
"17520",0.368303571,2.3094,"P0401","EC_0027.jpg"
"17521",0.368303571,1.5768,"P0401","EC_0113.jpg"
"17522",0.368303571,1.9881,"P0401","EC_0100.jpg"
"17523",2.321428571,2.128,"P0401","EC_0019.jpg"
"17524",4.758184524,2.4218,"P0401","EC_0123.jpeg"
"17525",0.014880952,2.5378,"P0401","EC_0095.jpg"
"17526",0.479910714,2.5881,"P0401","EC_0249.jpg"
"17527",0.349702381,2.8544,"P0401","EC_0138.png"
"17528",8.738839286,2.8552,"P0401","EC_0037.jpg"
"17529",2.265625,2.7364,"P0401","EC_0203.jpg"
"17530",3.177083333,2.6,"P0401","EC_0117.jpg"
"17531",0.424107143,2.5045,"P0401","EC_0024.jpg"
"17532",1.651785714,2.3543,"P0401","EC_0094.jpg"
"17533",2.377232143,2.2363,"P0401","EC_0156.jpg"
"17534",3.493303571,2.8076,"P0401","EC_0068.jpg"
"17535",1.688988095,2.5155,"P0401","EC_0172.jpg"
"17536",0.033482143,2.1328,"P0401","EC_0177.jpg"
"17537",6.413690476,2.3223,"P0401","EC_0085.jpg"
"17538",1.279761905,2.6153,"P0401","EC_0181.jpg"
"17539",0.386904762,2.0153,"P0401","EC_0137.jpg"
"17540",0.386904762,2.0231,"P0401","EC_0201.jpg"
"17541",1.130952381,2.5755,"P0401","EC_0116.jpg"
"17542",0.461309524,3.0338,"P0401","EC_0014.jpg"
"17543",0.052083333,3.4847,"P0401","EC_0222.jpg"
"17544",1.037946429,3.9822,"P0401","EC_0221.jpg"
"17545",0.256696429,2.0165,"P0401","EC_0161.jpg"
"17546",8.459821429,2.5036,"P0401","EC_0077.jpg"
"17547",0,3.7043,"P0401","EC_0227.jpg"
"17548",2.358630952,2.2396,"P0401","EC_0115.jpg"
"17549",1.577380952,2.6895,"P0401","EC_0228.jpg"
"17550",2.63764881,2.5408,"P0401","EC_0133.jpg"
"17551",0.3125,2.7821,"P0401","EC_0020.jpg"
"17552",1.354166667,2.6336,"P0401","EC_0193.png"
"17553",0.070684524,4.333,"P0401","EC_0142.jpg"
"17554",3.195684524,2.5324,"P0401","EC_0029.jpg"
"17555",0.944940476,2.1197,"P0401","EC_0233.jpg"
"17556",0,2.2526,"P0401","EC_0047.jpg"
"17557",0.386904762,2.4657,"P0401","EC_0098.jpg"
"17558",1.614583333,2.4148,"P0401","EC_0002.jpg"
"17559",2.619047619,2.4045,"P0401","EC_0102.jpg"
"17560",0.126488095,2.2098,"P0401","EC_0235.jpg"
"17561",4.479166667,2.1859,"P0401","EC_0239.jpg"
"17562",4.088541667,2.2219,"P0401","EC_0229.jpg"
"17563",2.451636905,2.1888,"P0401","EC_0016.jpg"
"17564",1.614583333,2.5316,"P0401","EC_0076.jpg"
"17565",2.023809524,3.8088,"P0401","EC_0054.jpg"
"17566",3.288690476,2.3877,"P0401","EC_0084.jpg"
"17567",0.368303571,2.7163,"P0401","EC_0160.jpg"
"17568",0.070684524,2.0584,"P0401","EC_0234.jpg"
"17569",0.070684524,1.933,"P0401","EC_0053.jpg"
"17570",0.070684524,1.7083,"P0401","EC_0031.jpg"
"17571",0.070684524,1.7728,"P0401","EC_0232.jpg"
"17572",3.45610119,3.1435,"P0401","EC_0151.jpg"
"17573",0.442708333,2.2061,"P0401","EC_0018.jpg"
"17574",0.070684524,2.5443,"P0401","EC_0202.jpg"
"17575",0.070684524,1.7985,"P0401","EC_0007.jpg"
"17576",1.037946429,2.088,"P0401","EC_0030.jpg"
"17577",2.061011905,2.4695,"P0401","EC_0242.jpg"
"17578",3.4375,3.7744,"P0401","EC_0010.jpg"
"17579",1.279761905,2.9728,"P0401","EC_0069.jpg"
"17580",0.29389881,2.2472,"P0401","EC_0017.jpg"
"17581",0.29389881,1.9049,"P0401","EC_0132.jpg"
"17582",0.29389881,1.8333,"P0401","EC_0034.jpg"
"17583",0,2.4138,"P0401","EC_0248.jpg"
"17584",6.376488095,2.4181,"P0401","EC_0088.jpg"
"17585",0.033482143,2.9546,"P0401","EC_0183.jpg"
"17586",4.479166667,3.5211,"P0401","EC_0174.jpg"
"17587",2.135416667,2.6554,"P0401","EC_0173.jpg"
"17588",0.554315476,2.6373,"P0401","EC_0147.png"
"17589",0.163690476,2.2992,"P0401","EC_0199.jpg"
"17590",3.902529762,2.5823,"P0401","EC_0008.jpg"
"17591",2.749255952,2.2424,"P0401","EC_0051.jpg"
"17592",6.674107143,2.1889,"P0401","EC_0057.jpeg"
"17593",3.828125,2.8847,"P0401","EC_0118.jpg"
"17594",4.888392857,2.3885,"P0401","EC_0170.jpg"
"17595",2.991071429,2.1693,"P0401","EC_0066.jpg"
"17596",4.125744048,2.7829,"P0401","EC_0180.jpg"
"17597",2.693452381,2.0239,"P0401","EC_0188.jpg"
"17598",0.870535714,2.5574,"P0401","EC_0089.jpg"
"17599",7.157738095,2.881,"P0401","EC_0012.jpg"
"17600",1.205357143,2.2655,"P0401","EC_0046.jpg"
"17601",8.292410714,2.353,"P0401","EC_0074.jpg"
"17602",3.493303571,3.4391,"P0401","EC_0157.jpg"
"17603",0.163690476,2.3238,"P0401","EC_0158.jpg"
"17604",5.316220238,2.1465,"P0401","EC_0075.jpg"
"17605",3.642113095,2.4828,"P0401","EC_0059.jpg"
"17606",1.354166667,2.0706,"P0401","EC_0040.jpg"
"17607",0.498511905,1.9574,"P0401","EC_0061.jpg"
"17608",2.581845238,3.3728,"P0401","EC_0096.jpg"
"17609",0.219494048,2.2127,"P0401","EC_0140.jpg"
"17610",0.219494048,1.7706,"P0401","EC_0097.jpg"
"17611",0.219494048,1.9011,"P0401","EC_0194.jpg"
"17612",7.511160714,2.4551,"P0401","EC_0121.jpg"
"17613",0.3125,2.3831,"P0401","EC_0090.jpg"
"17614",3.325892857,2.4104,"P0401","EC_0104.jpg"
"17615",1.744791667,2.3003,"P0401","EC_0240.jpg"
"17616",0.424107143,2.0843,"P0401","EC_0106.jpg"
"17617",0.424107143,1.6653,"P0401","EC_0087.jpg"
"17618",0.126488095,2.9388,"P0401","EC_0079.jpg"
"17619",0.126488095,1.8378,"P0401","EC_0062.jpg"
"17620",3.567708333,2.6332,"P0401","EC_0050.jpg"
"17621",1.279761905,2.7832,"P0401","EC_0033.jpeg"
"17622",0.386904762,2.2884,"P0401","EC_0013.jpg"
"17623",3.121279762,2.6156,"P0401","EC_0111.jpg"
"17624",0.089285714,2.6584,"P0401","EC_0184.jpg"
"17625",5.223214286,3.3042,"P0401","EC_0185.jpg"
"17626",1.986607143,2.7301,"P0401","EC_0159.jpg"
"17627",4.032738095,2.1812,"P0401","EC_0205.jpg"
"17628",3.753720238,3.4705,"P0401","EC_0015.jpg"
"17629",6.990327381,2.1005,"P0401","EC_0072.jpg"
"17630",4.720982143,2.8405,"P0401","EC_0056.jpg"
"17631",0.926339286,2.5399,"P0401","EC_0006.jpg"
"17632",2.265625,2.3984,"P0401","EC_0038.jpg"
"17633",3.735119048,2.4217,"P0401","EC_0149.jpg"
"17634",2.544642857,2.7103,"P0401","EC_0197.jpg"
"17635",6.246279762,3.1029,"P0401","EC_0128.jpeg"
"17636",1.85639881,2.7135,"P0401","EC_0213.jpg"
"17637",0.572916667,2.3605,"P0401","EC_0032.jpg"
"17638",2.879464286,2.671,"P0401","EC_0105.jpg"
"17639",6.134672619,2.7253,"P0401","EC_0001.jpg"
"17640",2.340029762,3.0983,"P0401","EC_0148.jpg"
"17641",3.00264631,4.7986,"P0404","EC_0185.jpg"
"17642",8.253968254,3.877,"P0404","EC_0243.jpg"
"17643",8.214285714,3.0708,"P0404","EC_0113.jpg"
"17644",3.280424088,5.0338,"P0404","EC_0195.jpg"
"17645",8.439154246,2.840599999,"P0404","EC_0181.jpg"
"17646",8.915344723,2.56,"P0404","EC_0117.jpg"
"17647",8.902116806,148.9996,"P0404","EC_0177.jpg"
"17648",1.177248879,3.6521,"P0404","EC_0184.jpg"
"17649",8.80952381,2.6871,"P0404","EC_0248.jpg"
"17650",8.161376469,2.470200001,"P0404","EC_0050.jpg"
"17651",7.870370774,6.9542,"P0404","EC_0108.jpg"
"17652",8.015873016,3.3388,"P0404","EC_0152.jpg"
"17653",8.00264631,3.487099999,"P0404","EC_0162.jpg"
"17654",8.38624379,11.7372,"P0404","EC_0081.jpg"
"17655",8.492063492,4.9601,"P0404","EC_0158.jpg"
"17656",8.492063492,2.7267,"P0404","EC_0173.jpg"
"17657",8.743386647,3.536099999,"P0404","EC_0194.jpg"
"17658",0.88624379,9.2175,"P0404","EC_0133.jpg"
"17659",7.751323155,4.0197,"P0404","EC_0228.jpg"
"17660",8.664021568,2.3103,"P0404","EC_0047.jpg"
"17661",1.984126984,3.1461,"P0404","EC_0207.jpg"
"17662",8.029100933,4.2915,"P0404","EC_0073.jpg"
"17663",0.674603175,10.0747,"P0404","EC_0229.jpg"
"17664",8.849206349,3.9073,"P0404","EC_0008.jpg"
"17665",8.902116806,3.0953,"P0404","EC_0106.jpg"
"17666",8.611111111,2.703400001,"P0404","EC_0030.jpg"
"17667",8.597884405,2.4797,"P0404","EC_0015.jpg"
"17668",8.597884405,1.9772,"P0404","EC_0132.jpg"
"17669",8.597884405,1.9607,"P0404","EC_0044.jpg"
"17670",8.571428571,1.763700001,"P0404","EC_0039.jpg"
"17671",8.571428571,1.9074,"P0404","EC_0086.jpg"
"17672",0.740740943,512.2387,"P0404","EC_0048.jpg"
"17673",8.703704107,2.6183,"P0404","EC_0075.jpg"
"17674",8.703704107,1.7205,"P0404","EC_0165.jpg"
"17675",8.703704107,1.7643,"P0404","EC_0066.jpg"
"17676",8.703704107,1.4698,"P0404","EC_0089.jpg"
"17677",8.703704107,1.6393,"P0404","EC_0003.jpg"
"17678",8.703704107,1.4869,"P0404","EC_0157.jpg"
"17679",8.703704107,1.669400001,"P0404","EC_0227.jpg"
"17680",8.703704107,1.689099999,"P0404","EC_0150.jpg"
"17681",8.703704107,1.7713,"P0404","EC_0105.jpg"
"17682",8.703704107,1.6539,"P0404","EC_0205.jpg"
"17683",8.703704107,1.691400001,"P0404","EC_0136.jpg"
"17684",8.703704107,1.544,"P0404","EC_0240.jpg"
"17685",8.068783472,2.1295,"P0404","EC_0067.jpg"
"17686",8.04232885,1.8863,"P0404","EC_0013.jpg"
"17687",8.04232885,1.868,"P0404","EC_0088.jpg"
"17688",8.082011389,1.5375,"P0404","EC_0006.jpg"
"17689",8.082011389,1.5692,"P0404","EC_0149.jpg"
"17690",8.082011389,1.5138,"P0404","EC_0009.jpg"
"17691",8.082011389,2.064599999,"P0404","EC_0094.jpg"
"17692",8.082011389,1.5176,"P0404","EC_0125.jpeg"
"17693",8.082011389,1.6879,"P0404","EC_0060.jpg"
"17694",8.082011389,1.506099999,"P0404","EC_0083.jpg"
"17695",8.082011389,1.6814,"P0404","EC_0079.jpg"
"17696",8.082011389,1.4235,"P0404","EC_0032.jpg"
"17697",8.082011389,1.4548,"P0404","EC_0151.jpg"
"17698",8.082011389,1.4701,"P0404","EC_0137.jpg"
"17699",8.082011389,1.4247,"P0404","EC_0147.png"
"17700",8.082011389,1.4197,"P0404","EC_0087.jpg"
"17701",8.082011389,1.508,"P0404","EC_0082.jpg"
"17702",8.082011389,1.4232,"P0404","EC_0057.jpeg"
"17703",8.082011389,1.4862,"P0404","EC_0188.jpg"
"17704",8.082011389,1.7285,"P0404","EC_0027.jpg"
"17705",1.441799345,4.565400001,"P0404","EC_0024.jpg"
"17706",6.481481885,3.0334,"P0404","EC_0242.jpg"
"17707",6.481481885,1.6492,"P0404","EC_0116.jpg"
"17708",6.481481885,1.6632,"P0404","EC_0160.jpg"
"17709",2.142857143,3.1318,"P0404","EC_0221.jpg"
"17710",8.00264631,2.177700001,"P0404","EC_0134.jpg"
"17711",7.96296377,2.8035,"P0404","EC_0238.jpg"
"17712",8.015873016,2.9857,"P0404","EC_0095.jpg"
"17713",8.015873016,1.8188,"P0404","EC_0235.jpg"
"17714",8.068783472,2.6521,"P0404","EC_0074.jpg"
"17715",8.38624379,1.896599999,"P0404","EC_0018.jpg"
"17716",8.38624379,1.753599999,"P0404","EC_0170.jpg"
"17717",1.812169514,2.1645,"P0404","EC_0049.jpg"
"17718",8.227513631,2.4977,"P0404","EC_0055.jpg"
"17719",8.227513631,1.8477,"P0404","EC_0011.jpg"
"17720",8.227513631,1.7149,"P0404","EC_0174.jpg"
"17721",8.227513631,2.0007,"P0404","EC_0123.jpeg"
"17722",8.227513631,1.921099999,"P0404","EC_0168.jpeg"
"17723",8.227513631,6.2069,"P0404","EC_0198.jpg"
"17724",8.306878711,4.5528,"P0404","EC_0061.jpg"
"17725",8.306878711,1.9842,"P0404","EC_0142.jpg"
"17726",1.402116806,3.7895,"P0404","EC_0111.jpg"
"17727",8.082011389,3.424,"P0404","EC_0001.jpg"
"17728",8.082011389,1.8637,"P0404","EC_0249.jpg"
"17729",1.481481885,4.313,"P0404","EC_0139.png"
"17730",8.716932024,3.3243,"P0404","EC_0100.jpg"
"17731",0.767196171,3.2447,"P0404","EC_0246.jpg"
"17732",9.259259663,3.939,"P0404","EC_0080.jpg"
"17733",8.399471707,5.8645,"P0404","EC_0010.jpg"
"17734",8.478836786,2.4398,"P0404","EC_0041.jpg"
"17735",8.42592633,1.975700001,"P0404","EC_0065.jpg"
"17736",8.42592633,1.7925,"P0404","EC_0092.jpg"
"17737",8.42592633,1.7938,"P0404","EC_0237.jpg"
"17738",8.42592633,2.2355,"P0404","EC_0002.jpg"
"17739",8.42592633,1.8292,"P0404","EC_0053.jpg"
"17740",8.42592633,2.0982,"P0404","EC_0093.jpg"
"17741",6.746031746,2.1622,"P0404","EC_0148.jpg"
"17742",9.378307282,2.2075,"P0404","EC_0064.jpg"
"17743",9.378307282,3.0003,"P0404","EC_0233.jpg"
"17744",9.378307282,2.0872,"P0404","EC_0059.jpg"
"17745",8.756614564,2.3568,"P0404","EC_0037.jpg"
"17746",9.206349206,3.1635,"P0404","EC_0031.jpg"
"17747",8.783069187,2.3025,"P0404","EC_0084.jpg"
"17748",0.912698413,2.827,"P0404","EC_0085.jpg"
"17749",1.044973949,2.66,"P0404","EC_0209.jpg"
"17750",1.044973949,2.1873,"P0404","EC_0141.jpg"
"17751",1.044973949,1.8952,"P0404","EC_0040.jpg"
"17752",1.044973949,1.854599999,"P0404","EC_0046.jpg"
"17753",9.748678056,3.923900001,"P0404","EC_0096.jpg"
"17754",9.589947897,1.8762,"P0404","EC_0038.jpg"
"17755",1.19047619,3.7365,"P0404","EC_0230.jpg"
"17756",1.600529504,3.2677,"P0404","EC_0199.jpg"
"17757",1.600529504,2.3006,"P0404","EC_0154.jpg"
"17758",1.600529504,2.121099999,"P0404","EC_0076.jpg"
"17759",8.955027262,3.2139,"P0404","EC_0224.jpg"
"17760",8.994709802,1.8149,"P0404","EC_0193.png"
"17761",1.957672361,3.2684,"P0404","EC_0028.jpg"
"17762",8.756614564,2.5468,"P0404","EC_0054.jpg"
"17763",8.743386647,1.8645,"P0404","EC_0231.jpg"
"17764",8.69047619,2.023,"P0404","EC_0097.jpg"
"17765",8.69047619,2.1869,"P0404","EC_0202.jpg"
"17766",8.69047619,1.7194,"P0404","EC_0180.jpg"
"17767",8.69047619,1.6958,"P0404","EC_0119.jpg"
"17768",1.825396825,4.612,"P0404","EC_0169.png"
"17769",8.703704107,2.4782,"P0404","EC_0138.png"
"17770",1.785714286,2.436900001,"P0404","EC_0042.jpg"
"17771",1.772486974,2.0781,"P0404","EC_0099.jpg"
"17772",1.772486974,2.118900001,"P0404","EC_0019.jpg"
"17773",1.772486974,2.404299999,"P0404","EC_0016.jpg"
"17774",8.902116806,3.4013,"P0404","EC_0236.jpg"
"17775",8.253968254,2.4206,"P0404","EC_0171.jpg"
"17776",1.574074276,3.0697,"P0404","EC_0201.jpg"
"17777",0.595238095,4.5361,"P0404","EC_0124.jpeg"
"17778",0.687831092,2.0871,"P0404","EC_0068.jpg"
"17779",0.687831092,2.6906,"P0404","EC_0012.jpg"
"17780",0.687831092,2.0476,"P0404","EC_0223.jpg"
"17781",0.687831092,1.9818,"P0404","EC_0102.jpg"
"17782",9.325396825,4.196099999,"P0404","EC_0051.jpg"
"17783",0.965608869,2.4721,"P0404","EC_0129.jpeg"
"17784",0.965608869,1.8313,"P0404","EC_0203.jpg"
"17785",9.589947897,2.7676,"P0404","EC_0131.jpg"
"17786",9.589947897,2.302799999,"P0404","EC_0183.jpg"
"17787",9.431217739,2.9797,"P0404","EC_0120.jpg"
"17788",0.476190476,3.281299999,"P0404","EC_0029.jpg"
"17789",0.687831092,1.9638,"P0404","EC_0232.jpg"
"17790",0.714285714,1.932,"P0404","EC_0017.jpg"
"17791",1.137566339,4.5862,"P0404","EC_0161.jpg"
"17792",8.677249485,3.341400001,"P0404","EC_0104.jpg"
"17793",8.624339028,2.0036,"P0404","EC_0172.jpg"
"17794",1.177248879,3.213,"P0404","EC_0159.jpg"
"17795",1.428571429,1.766599999,"P0404","EC_0213.jpg"
"17796",1.30952381,3.056,"P0404","EC_0115.jpg"
"17797",1.468253968,2.2798,"P0404","EC_0247.jpg"
"17798",1.494709197,2.0198,"P0404","EC_0070.jpg"
"17799",1.521164425,1.8387,"P0404","EC_0197.jpg"
"17800",9.021164425,4.3832,"P0404","EC_0103.jpg"
"17801",1.150793651,3.2703,"P0404","EC_0069.jpg"
"17802",8.359789167,2.7483,"P0404","EC_0063.jpg"
"17803",8.34656125,1.7318,"P0404","EC_0182.jpg"
"17804",8.34656125,1.8379,"P0404","EC_0034.jpg"
"17805",1.19047619,2.971099999,"P0404","EC_0210.jpg"
"17806",1.362434266,2.4785,"P0404","EC_0166.jpg"
"17807",1.375661577,1.8879,"P0404","EC_0164.jpg"
"17808",1.375661577,2.1554,"P0404","EC_0121.jpg"
"17809",1.388888889,2.1953,"P0404","EC_0118.jpg"
"17810",1.388888889,1.9145,"P0404","EC_0056.jpg"
"17811",1.388888889,2.1037,"P0404","EC_0022.jpg"
"17812",1.388888889,2.120099999,"P0404","EC_0036.jpeg"
"17813",1.388888889,1.765700001,"P0404","EC_0214.jpg"
"17814",1.388888889,1.9813,"P0404","EC_0128.jpeg"
"17815",1.388888889,1.997,"P0404","EC_0005.jpg"
"17816",9.153439961,2.8799,"P0404","EC_0071.jpg"
"17817",9.074074881,4.0621,"P0404","EC_0163.jpg"
"17818",8.293650794,2.697,"P0404","EC_0098.jpg"
"17819",9.087301587,2.5975,"P0404","EC_0219.jpg"
"17820",9.060846965,1.900900001,"P0404","EC_0062.jpg"
"17821",9.060846965,2.23,"P0404","EC_0244.jpg"
"17822",9.338624742,3.174,"P0404","EC_0109.jpg"
"17823",1.521164425,3.2621,"P0404","EC_0090.jpg"
"17824",1.507936508,1.9643,"P0404","EC_0135.jpg"
"17825",1.507936508,2.3345,"P0404","EC_0196.jpg"
"17826",1.507936508,2.0073,"P0404","EC_0250.jpg"
"17827",1.507936508,1.9377,"P0404","EC_0020.jpg"
"17828",1.507936508,1.9677,"P0404","EC_0222.jpg"
"17829",0.727513631,1.9981,"P0404","EC_0176.jpg"
"17830",8.584656488,76.9354,"P0404","EC_0072.jpg"
"17831",1.005291409,3.220599999,"P0404","EC_0140.jpg"
"17832",8.928571429,2.347700001,"P0404","EC_0077.jpg"
"17833",1.0978838,2.331,"P0404","EC_0153.jpg"
"17834",1.243386647,2.3975,"P0404","EC_0239.jpg"
"17835",9.1931225,2.7125,"P0404","EC_0156.jpg"
"17836",9.100529504,2.1959,"P0404","EC_0245.jpg"
"17837",0.119047619,2.664200001,"P0404","EC_0187.jpeg"
"17838",1.177248879,2.030599999,"P0404","EC_0200.png"
"17839",1.177248879,2.669700001,"P0404","EC_0101.jpg"
"17840",1.19047619,2.1146,"P0404","EC_0033.jpeg"
"17841",1.335979038,1.9802,"P0404","EC_0206.png"
"17842",1.388888889,2.3146,"P0404","EC_0167.jpg"
"17843",1.388888889,1.7849,"P0404","EC_0058.jpg"
"17844",1.388888889,1.9255,"P0404","EC_0211.jpg"
"17845",1.388888889,2.036900001,"P0404","EC_0226.jpg"
"17846",1.388888889,2.1632,"P0404","EC_0234.jpg"
"17847",1.388888889,1.9985,"P0404","EC_0204.jpg"
"17848",9.325396825,2.6812,"P0404","EC_0007.jpg"
"17849",8.029100933,3.040799999,"P0404","EC_0014.jpg"
"17850",8.029100933,2.1164,"P0404","EC_0241.jpg"
"17851",6.968253968,6.1207,"P0405","EC_0196.jpg"
"17852",3.015873016,3.4014,"P0405","EC_0227.jpg"
"17853",3.952380952,4.8418,"P0405","EC_0142.jpg"
"17854",5.920634921,3.2432,"P0405","EC_0017.jpg"
"17855",4,5.3261,"P0405","EC_0064.jpg"
"17856",4.888888889,3.6839,"P0405","EC_0150.jpg"
"17857",4.968253968,5.8694,"P0405","EC_0005.jpg"
"17858",7.047619048,3.2389,"P0405","EC_0211.jpg"
"17859",5.984126984,3.1905,"P0405","EC_0018.jpg"
"17860",6.984126984,3.3192,"P0405","EC_0235.jpg"
"17861",5.031746032,4.3189,"P0405","EC_0238.jpg"
"17862",5.952380952,4.9121,"P0405","EC_0224.jpg"
"17863",5.031746032,3.9828,"P0405","EC_0121.jpg"
"17864",4.904761905,4.5491,"P0405","EC_0069.jpg"
"17865",7,4.6665,"P0405","EC_0185.jpg"
"17866",6.968253968,4.1063,"P0405","EC_0181.jpg"
"17867",3.031746032,4.5846,"P0405","EC_0131.jpg"
"17868",3.984126984,4.244,"P0405","EC_0015.jpg"
"17869",3.952380952,4.8715,"P0405","EC_0090.jpg"
"17870",4.015873016,4.1793,"P0405","EC_0187.jpeg"
"17871",6,5.5653,"P0405","EC_0066.jpg"
"17872",5.984126984,4.1562,"P0405","EC_0024.jpg"
"17873",5.873015873,3.9169,"P0405","EC_0059.jpg"
"17874",4.063492063,7.752,"P0405","EC_0036.jpeg"
"17875",6,4.3771,"P0405","EC_0203.jpg"
"17876",4.984126984,3.2387,"P0405","EC_0176.jpg"
"17877",5,3.2883,"P0405","EC_0240.jpg"
"17878",4.968253968,3.89,"P0405","EC_0014.jpg"
"17879",5.936507937,3.7727,"P0405","EC_0031.jpg"
"17880",5.920634921,2.6351,"P0405","EC_0056.jpg"
"17881",5.888888889,3.0226,"P0405","EC_0002.jpg"
"17882",4.063492063,3.98,"P0405","EC_0136.jpg"
"17883",4.984126984,3.9735,"P0405","EC_0118.jpg"
"17884",5.920634921,2.9704,"P0405","EC_0054.jpg"
"17885",7.031746032,3.5603,"P0405","EC_0152.jpg"
"17886",5.984126984,2.6215,"P0405","EC_0166.jpg"
"17887",6.142857143,3.4266,"P0405","EC_0101.jpg"
"17888",5.047619048,2.7127,"P0405","EC_0012.jpg"
"17889",6.952380952,3.1262,"P0405","EC_0113.jpg"
"17890",4.031746032,2.8691,"P0405","EC_0124.jpeg"
"17891",5.031746032,3.4551,"P0405","EC_0247.jpg"
"17892",7.047619048,3.3449,"P0405","EC_0027.jpg"
"17893",4.126984127,3.2202,"P0405","EC_0167.jpg"
"17894",3.936507937,3.5852,"P0405","EC_0219.jpg"
"17895",4.936507937,3.4624,"P0405","EC_0163.jpg"
"17896",4.031746032,6.2809,"P0405","EC_0099.jpg"
"17897",6.047619048,3.2054,"P0405","EC_0016.jpg"
"17898",5.904761905,2.5864,"P0405","EC_0007.jpg"
"17899",3.952380952,3.4292,"P0405","EC_0206.png"
"17900",6.031746032,3.2979,"P0405","EC_0080.jpg"
"17901",5.063492063,4.689,"P0405","EC_0169.png"
"17902",6.936507937,3.2072,"P0405","EC_0003.jpg"
"17903",6.936507937,2.7877,"P0405","EC_0072.jpg"
"17904",5.968253968,5.575,"P0405","EC_0042.jpg"
"17905",6.857142857,3.206,"P0405","EC_0096.jpg"
"17906",5.936507937,2.7206,"P0405","EC_0083.jpg"
"17907",5.936507937,2.8961,"P0405","EC_0098.jpg"
"17908",4.063492063,4.7115,"P0405","EC_0089.jpg"
"17909",7.031746032,3.0208,"P0405","EC_0160.jpg"
"17910",6.904761905,2.7548,"P0405","EC_0183.jpg"
"17911",5.952380952,3.1186,"P0405","EC_0164.jpg"
"17912",0.047619048,5.6394,"P0405","EC_0041.jpg"
"17913",5.079365079,2.9926,"P0405","EC_0049.jpg"
"17914",7.015873016,2.8843,"P0405","EC_0195.jpg"
"17915",5.952380952,3.2726,"P0405","EC_0245.jpg"
"17916",5.952380952,2.4126,"P0405","EC_0061.jpg"
"17917",5.015873016,3.0123,"P0405","EC_0048.jpg"
"17918",4.063492063,4.8132,"P0405","EC_0199.jpg"
"17919",5.904761905,2.9655,"P0405","EC_0088.jpg"
"17920",7.015873016,4.2126,"P0405","EC_0067.jpg"
"17921",4.936507937,2.9744,"P0405","EC_0105.jpg"
"17922",3,3.9906,"P0405","EC_0161.jpg"
"17923",5.936507937,3.5687,"P0405","EC_0233.jpg"
"17924",7.031746032,3.2515,"P0405","EC_0079.jpg"
"17925",3.936507937,4.9012,"P0405","EC_0204.jpg"
"17926",5.857142857,3.0612,"P0405","EC_0081.jpg"
"17927",7.158730159,2.7925,"P0405","EC_0010.jpg"
"17928",6.984126984,2.4929,"P0405","EC_0157.jpg"
"17929",5.952380952,3.3294,"P0405","EC_0039.jpg"
"17930",5.015873016,2.788,"P0405","EC_0134.jpg"
"17931",6.968253968,2.9756,"P0405","EC_0034.jpg"
"17932",4,3.6362,"P0405","EC_0106.jpg"
"17933",5.936507937,3.6927,"P0405","EC_0201.jpg"
"17934",6.888888889,2.7517,"P0405","EC_0117.jpg"
"17935",6.920634921,2.917,"P0405","EC_0132.jpg"
"17936",6.920634921,3.1237,"P0405","EC_0009.jpg"
"17937",5.920634921,2.9218,"P0405","EC_0082.jpg"
"17938",5.952380952,2.2206,"P0405","EC_0060.jpg"
"17939",5.984126984,2.0834,"P0405","EC_0073.jpg"
"17940",5.952380952,3.4983,"P0405","EC_0239.jpg"
"17941",6.825396825,2.8761,"P0405","EC_0050.jpg"
"17942",6.873015873,2.5125,"P0405","EC_0070.jpg"
"17943",6.968253968,2.3585,"P0405","EC_0177.jpg"
"17944",6.984126984,2.8336,"P0405","EC_0104.jpg"
"17945",6.936507937,2.7421,"P0405","EC_0120.jpg"
"17946",4.920634921,5.9151,"P0405","EC_0154.jpg"
"17947",4.920634921,2.1846,"P0405","EC_0171.jpg"
"17948",2.873015873,4.0974,"P0405","EC_0184.jpg"
"17949",5.142857143,2.5075,"P0405","EC_0170.jpg"
"17950",6.015873016,2.741,"P0405","EC_0159.jpg"
"17951",6.079365079,4.6557,"P0405","EC_0038.jpg"
"17952",5.920634921,2.8949,"P0405","EC_0210.jpg"
"17953",6.015873016,4.3362,"P0405","EC_0028.jpg"
"17954",5.968253968,2.2144,"P0405","EC_0057.jpeg"
"17955",5.031746032,2.8595,"P0405","EC_0020.jpg"
"17956",5.920634921,2.7593,"P0405","EC_0133.jpg"
"17957",5.904761905,2.0398,"P0405","EC_0193.png"
"17958",6.920634921,2.7713,"P0405","EC_0172.jpg"
"17959",6,2.3038,"P0405","EC_0071.jpg"
"17960",5.936507937,3.7209,"P0405","EC_0123.jpeg"
"17961",4.904761905,3.1554,"P0405","EC_0156.jpg"
"17962",5.920634921,3.0554,"P0405","EC_0241.jpg"
"17963",5.857142857,2.203,"P0405","EC_0029.jpg"
"17964",6.047619048,2.321,"P0405","EC_0188.jpg"
"17965",6.047619048,2.3844,"P0405","EC_0242.jpg"
"17966",6.984126984,2.5275,"P0405","EC_0040.jpg"
"17967",5.984126984,2.3248,"P0405","EC_0102.jpg"
"17968",6.873015873,2.6087,"P0405","EC_0119.jpg"
"17969",7.047619048,3.7563,"P0405","EC_0095.jpg"
"17970",5.984126984,2.9627,"P0405","EC_0232.jpg"
"17971",5.984126984,2.0565,"P0405","EC_0084.jpg"
"17972",5.984126984,1.8412,"P0405","EC_0174.jpg"
"17973",5.984126984,1.5979,"P0405","EC_0062.jpg"
"17974",5.984126984,2.482,"P0405","EC_0053.jpg"
"17975",4.904761905,2.646,"P0405","EC_0237.jpg"
"17976",4.841269841,3.3649,"P0405","EC_0108.jpg"
"17977",5.873015873,3.1995,"P0405","EC_0202.jpg"
"17978",3.015873016,2.9765,"P0405","EC_0226.jpg"
"17979",7.015873016,3.3293,"P0405","EC_0149.jpg"
"17980",5.888888889,3.2418,"P0405","EC_0077.jpg"
"17981",4.952380952,3.8556,"P0405","EC_0197.jpg"
"17982",6,2.5029,"P0405","EC_0094.jpg"
"17983",6,2.1058,"P0405","EC_0229.jpg"
"17984",5.952380952,2.2233,"P0405","EC_0180.jpg"
"17985",3.904761905,4.1061,"P0405","EC_0147.png"
"17986",4.984126984,2.8691,"P0405","EC_0200.png"
"17987",5.873015873,2.1751,"P0405","EC_0244.jpg"
"17988",5.936507937,2.0866,"P0405","EC_0182.jpg"
"17989",5.857142857,1.9173,"P0405","EC_0153.jpg"
"17990",5.968253968,2.8215,"P0405","EC_0140.jpg"
"17991",7.063492063,3.3081,"P0405","EC_0085.jpg"
"17992",6,2.3354,"P0405","EC_0205.jpg"
"17993",7.031746032,2.2565,"P0405","EC_0158.jpg"
"17994",6.952380952,2.5376,"P0405","EC_0135.jpg"
"17995",5.031746032,3.2571,"P0405","EC_0129.jpeg"
"17996",6.158730159,2.4185,"P0405","EC_0221.jpg"
"17997",6.873015873,4.5715,"P0405","EC_0011.jpg"
"17998",6.936507937,2.2941,"P0405","EC_0058.jpg"
"17999",6.857142857,2.1982,"P0405","EC_0115.jpg"
"18000",6.047619048,56.9916,"P0405","EC_0173.jpg"
"18001",6.841269841,7.8204,"P0405","EC_0248.jpg"
"18002",4.015873016,4.708,"P0405","EC_0228.jpg"
"18003",6.888888889,3.2872,"P0405","EC_0209.jpg"
"18004",6.079365079,3.6227,"P0405","EC_0151.jpg"
"18005",6.904761905,2.7214,"P0405","EC_0032.jpg"
"18006",5.968253968,2.5874,"P0405","EC_0230.jpg"
"18007",6.952380952,2.8221,"P0405","EC_0246.jpg"
"18008",3.857142857,2.7889,"P0405","EC_0013.jpg"
"18009",5.984126984,11.0858,"P0405","EC_0207.jpg"
"18010",6.952380952,2.671,"P0405","EC_0223.jpg"
"18011",6.015873016,2.4043,"P0405","EC_0055.jpg"
"18012",6,3.4398,"P0405","EC_0128.jpeg"
"18013",5.984126984,2.4374,"P0405","EC_0125.jpeg"
"18014",5.984126984,2.4739,"P0405","EC_0019.jpg"
"18015",5.952380952,1.9725,"P0405","EC_0243.jpg"
"18016",5.952380952,2.8548,"P0405","EC_0138.png"
"18017",4.857142857,3.3939,"P0405","EC_0103.jpg"
"18018",3.873015873,4.3842,"P0405","EC_0111.jpg"
"18019",7.063492063,3.4453,"P0405","EC_0074.jpg"
"18020",7.095238095,2.62,"P0405","EC_0037.jpg"
"18021",7.015873016,2.3585,"P0405","EC_0213.jpg"
"18022",7.031746032,2.4432,"P0405","EC_0168.jpeg"
"18023",3.984126984,4.13,"P0405","EC_0030.jpg"
"18024",7.079365079,2.5311,"P0405","EC_0100.jpg"
"18025",6.873015873,2.3739,"P0405","EC_0086.jpg"
"18026",5.031746032,2.8202,"P0405","EC_0001.jpg"
"18027",6.904761905,2.7263,"P0405","EC_0139.png"
"18028",2.968253968,3.3585,"P0405","EC_0047.jpg"
"18029",7.142857143,2.5202,"P0405","EC_0092.jpg"
"18030",4.841269841,4.4676,"P0405","EC_0006.jpg"
"18031",5.968253968,2.3533,"P0405","EC_0044.jpg"
"18032",4.031746032,3.2891,"P0405","EC_0008.jpg"
"18033",5.952380952,2.9047,"P0405","EC_0033.jpeg"
"18034",7.015873016,2.4904,"P0405","EC_0137.jpg"
"18035",5.952380952,2.4789,"P0405","EC_0109.jpg"
"18036",6.825396825,4.7112,"P0405","EC_0214.jpg"
"18037",7.904761905,3.0887,"P0405","EC_0249.jpg"
"18038",3.841269841,3.2391,"P0405","EC_0162.jpg"
"18039",7.095238095,2.3367,"P0405","EC_0076.jpg"
"18040",5.079365079,2.4539,"P0405","EC_0198.jpg"
"18041",5,2.8382,"P0405","EC_0097.jpg"
"18042",5,1.736,"P0405","EC_0022.jpg"
"18043",5,1.5359,"P0405","EC_0165.jpg"
"18044",5,1.6454,"P0405","EC_0194.jpg"
"18045",4.984126984,2.0236,"P0405","EC_0046.jpg"
"18046",4.984126984,1.6904,"P0405","EC_0093.jpg"
"18047",4.984126984,1.4778,"P0405","EC_0087.jpg"
"18048",4.984126984,1.4846,"P0405","EC_0236.jpg"
"18049",4.984126984,1.4736,"P0405","EC_0116.jpg"
"18050",4.984126984,1.4647,"P0405","EC_0051.jpg"
"18051",4.968253968,2.988,"P0405","EC_0063.jpg"
"18052",4.968253968,1.5692,"P0405","EC_0065.jpg"
"18053",4.968253968,1.4883,"P0405","EC_0141.jpg"
"18054",4.968253968,1.5099,"P0405","EC_0222.jpg"
"18055",5,1.5065,"P0405","EC_0231.jpg"
"18056",5,1.4766,"P0405","EC_0250.jpg"
"18057",4.888888889,2.9498,"P0405","EC_0148.jpg"
"18058",5.174603175,1.499,"P0405","EC_0068.jpg"
"18059",5.174603175,1.5897,"P0405","EC_0075.jpg"
"18060",5.174603175,1.578,"P0405","EC_0234.jpg"
