subject_id,experiment,item_number_left,item_number_right,item_value_left,item_value_right,choice,rt
101,2,153,33,68,51,0,3.54525500000454
101,2,103,80,100,74,0,2.1600899999903
101,2,187,168,100,99,0,2.82852000001003
101,2,16,12,43,8,0,3.43838499998674
101,2,164,61,77,72,0,1.29787499998929
101,2,60,17,89,88,0,1.33660500001861
101,2,158,115,88,39,0,1.36290499998722
101,2,188,100,100,100,0,1.05476500000805
101,2,28,5,23,10,1,1.26416000002064
101,2,118,105,100,65,0,3.29447500000242
101,2,98,8,100,38,0,1.82196499998099
101,2,96,65,64,61,0,12.8592749999953
101,2,26,160,33,100,1,0.932944999978645
101,2,77,18,84,96,0,0.810135000006994
101,2,63,55,78,97,1,1.05061500001466
101,2,142,174,100,100,1,1.57464000000618
101,2,165,150,92,92,0,2.23026499999105
101,2,106,123,100,92,1,2.91429000001517
101,2,124,1,99,26,0,0.933050000021467
101,2,114,99,87,96,1,3.29013999999734
101,2,104,173,100,100,0,1.48918999999296
101,2,154,39,89,51,0,0.713080000015907
101,2,159,176,96,94,0,0.87829499997315
101,2,170,25,77,89,0,2.45265000002109
101,2,155,93,27,68,1,1.14131999999518
101,2,13,119,11,100,1,0.733095000003232
101,2,200,131,100,63,0,1.22323500001221
101,2,51,161,63,100,1,0.779310000012629
101,2,172,102,100,100,0,4.40904500000761
101,2,70,184,74,100,1,3.45790999999736
102,2,158,115,26,27,0,4.68132500000138
102,2,77,18,87,75,0,1.27778000000035
102,2,51,161,71,81,0,2.71221999999761
102,2,63,55,15,88,1,1.54204499999832
102,2,153,33,45,4,1,0.803829999997106
102,2,106,123,84,33,1,1.74069500000041
102,2,172,102,41,69,1,1.97694499999852
102,2,170,25,100,29,1,0.956084999997984
102,2,188,100,82,72,0,1.66185500000211
102,2,26,160,53,72,0,0.966814999999769
102,2,200,131,63,69,1,2.04082500000004
102,2,70,184,81,72,0,1.14698000000135
102,2,104,173,9,57,0,2.8214799999987
102,2,28,5,35,29,0,0.902729999997973
102,2,16,12,62,22,0,3.4989999999998
102,2,124,1,33,75,1,1.35260000000198
102,2,142,174,73,79,0,2.03240500000175
102,2,155,93,51,43,0,2.18724500000098
102,2,187,168,79,80,0,2.13464499999827
102,2,165,150,39,62,0,0.758524999997462
102,2,114,99,54,84,1,1.23948000000019
102,2,164,61,27,26,1,1.60454000000027
102,2,159,176,59,3,0,1.1715949999998
102,2,13,119,57,48,0,3.71527500000229
102,2,98,8,73,70,0,0.82868999999846
102,2,96,65,64,27,0,0.930980000001
102,2,154,39,32,72,1,1.11523499999754
102,2,103,80,71,75,0,1.22127499999991
102,2,118,105,83,79,0,1.9704149999998
102,2,60,17,74,63,1,1.52311499999999
103,2,172,102,50,48,1,4.55903999996372
103,2,98,8,51,32,0,1.73543999996036
103,2,155,93,25,48,1,3.98833999992348
103,2,28,5,54,45,0,1.99670000001788
103,2,96,65,49,44,0,2.81980500021018
103,2,158,115,51,32,0,3.58456000010483
103,2,165,150,50,45,1,5.3733399999328
103,2,159,176,50,43,0,1.83293999987654
103,2,200,131,66,42,0,1.44720999989659
103,2,63,55,48,49,0,2.9940700000152
103,2,114,99,47,47,0,1.93513499991968
103,2,60,17,49,55,1,4.66668999986723
103,2,26,160,36,55,1,1.80767499981448
103,2,187,168,64,58,0,1.4716849999968
103,2,164,61,44,48,1,3.55497000017203
103,2,142,174,44,59,1,2.85502999997698
103,2,188,100,66,43,0,1.90645500016399
103,2,153,33,48,37,0,2.45461000013165
103,2,118,105,51,50,1,3.34667499992065
103,2,77,18,77,54,0,1.55342500004917
103,2,106,123,51,56,1,2.29351999983191
103,2,16,12,34,40,1,2.87955499999225
103,2,124,1,60,43,0,1.5154399999883
103,2,13,119,45,60,1,1.50392999988981
103,2,51,161,41,52,1,1.72545000002719
103,2,170,25,55,48,0,2.63904999988154
103,2,104,173,48,54,1,5.89432500000112
103,2,70,184,60,49,0,4.05480000004172
103,2,154,39,50,46,1,6.53489000000991
103,2,103,80,43,53,1,2.38328499998897
104,2,96,65,37,70,1,2.84166499995627
104,2,104,173,45,63,1,2.06884000002174
104,2,172,102,73,76,0,1.21329000004334
104,2,60,17,69,66,0,1.26196000003256
104,2,188,100,43,47,1,1.6867149999598
104,2,103,80,51,29,0,1.50300500000594
104,2,13,119,91,64,0,1.06725499994354
104,2,77,18,42,85,1,0.9758950000396
104,2,200,131,60,50,0,1.51277500001015
104,2,28,5,36,85,1,1.31891000003088
104,2,158,115,53,58,1,1.43516999995336
104,2,51,161,47,34,0,1.5876500000013
104,2,153,33,54,88,1,1.09263999998802
104,2,155,93,50,30,0,1.65015999996103
104,2,70,184,56,66,1,1.94592500000726
104,2,106,123,38,69,1,1.15703499998199
104,2,118,105,43,55,1,0.995869999984279
104,2,165,150,41,22,0,1.49134499998763
104,2,124,1,75,68,1,1.69605499994941
104,2,170,25,90,36,0,1.25059000001056
104,2,159,176,62,51,0,1.5434949999908
104,2,154,39,61,57,0,1.60745000001043
104,2,187,168,37,60,1,1.62660499999765
104,2,98,8,41,52,1,1.75713499996345
104,2,142,174,32,72,1,1.19831000000704
104,2,16,12,68,79,1,2.31857499998296
104,2,114,99,39,48,1,1.41333000001032
104,2,26,160,78,41,0,1.26737499999581
104,2,164,61,76,60,0,1.35369999997783
104,2,63,55,75,47,0,2.12789500004146
105,2,114,99,17,32,0,5.71791499999927
105,2,153,33,14,28,0,2.13048499999968
105,2,154,39,9,74,1,3.07701499999894
105,2,188,100,73,5,0,1.83959499999945
105,2,200,131,18,53,1,1.87147000000003
105,2,106,123,10,27,1,1.92963000000053
105,2,103,80,25,7,1,2.44285000000126
105,2,96,65,68,53,0,5.92466500000045
105,2,165,150,23,55,1,2.56395499999961
105,2,142,174,29,47,1,2.52498000000013
105,2,118,105,27,17,1,1.65272000000003
105,2,13,119,10,49,1,2.19639500000086
105,2,124,1,39,87,1,2.98277000000051
105,2,158,115,7,3,0,1.87302500000078
105,2,164,61,84,19,0,1.27096499999973
105,2,77,18,39,82,1,1.80671500000064
105,2,104,173,10,29,1,2.16084000000046
105,2,60,17,81,75,1,1.34062999999878
105,2,70,184,50,86,0,3.37655500000072
105,2,170,25,11,69,1,1.54782499999966
105,2,159,176,5,30,1,1.36386999999924
105,2,63,55,50,55,1,6.16912500000035
105,2,51,161,30,11,1,4.22529500000022
105,2,187,168,72,80,1,1.78878499999881
105,2,98,8,5,92,1,1.91431499999994
105,2,172,102,94,6,0,1.74432000000158
105,2,26,160,74,4,0,1.42033500000066
105,2,28,5,20,30,1,1.31773499999871
105,2,155,93,51,59,1,3.96788000000012
105,2,16,12,92,77,0,3.13773500000022
106,2,158,115,83,1,0,4.697210000013
106,2,155,93,1,26,1,7.69192000001203
106,2,170,25,8,69,1,3.16879999998491
106,2,153,33,11,60,1,3.27770500001498
106,2,77,18,14,1,1,6.48451999993995
106,2,60,17,68,62,1,2.50284500000998
106,2,124,1,65,94,1,1.57223500008695
106,2,154,39,63,63,1,1.72048500005621
106,2,28,5,1,100,1,1.62658999999985
106,2,114,99,62,1,0,1.5274849999696
106,2,98,8,1,72,1,1.74454499990679
106,2,187,168,63,82,1,2.661645000102
106,2,51,161,1,1,1,2.18237499997485
106,2,63,55,86,1,0,1.70360999996774
106,2,165,150,31,90,1,3.23330999992322
106,2,104,173,16,1,0,4.97149000002537
106,2,70,184,61,1,0,3.07019500003662
106,2,188,100,74,1,0,1.71903499995824
106,2,164,61,2,92,1,2.10949500009883
106,2,118,105,1,61,0,7.34206000005361
106,2,16,12,80,99,1,1.23364500002936
106,2,26,160,1,1,1,1.61668500001542
106,2,96,65,65,83,1,3.50760499993339
106,2,103,80,65,1,0,1.63742000004277
106,2,200,131,88,2,0,2.08332500001416
106,2,106,123,1,85,1,4.22706499998458
106,2,13,119,1,94,1,2.05077500001062
106,2,159,176,56,1,0,1.71481999999378
106,2,172,102,81,57,1,4.3117800001055
106,2,142,174,69,14,0,1.84442999993917
107,2,60,17,27,55,0,3.23032500012778
107,2,187,168,93,98,0,1.89205000014044
107,2,188,100,88,71,0,1.1428949998226
107,2,28,5,36,11,0,1.65775000001304
107,2,70,184,38,95,1,1.25334499985911
107,2,154,39,23,3,0,1.18111000000499
107,2,104,173,61,70,1,1.3814100001473
107,2,13,119,3,80,1,1.21933999983594
107,2,98,8,53,6,0,1.26152499997988
107,2,26,160,1,74,1,1.22558500012383
107,2,96,65,49,14,0,1.23646500008181
107,2,153,33,35,3,0,1.12575999996625
107,2,118,105,66,49,1,1.22983999992721
107,2,103,80,61,49,1,1.11406999989413
107,2,158,115,68,60,0,1.57355499989353
107,2,77,18,77,1,0,1.18127000005916
107,2,172,102,74,58,0,1.23562000016682
107,2,159,176,94,48,0,1.38660499989055
107,2,106,123,75,90,1,1.34416000009514
107,2,124,1,86,47,0,1.33718000003137
107,2,164,61,49,18,0,1.16139500006102
107,2,165,150,86,85,0,1.64884500019252
107,2,142,174,13,80,1,1.5131649998948
107,2,51,161,50,84,1,1.01476499997079
107,2,63,55,15,3,0,1.49747000006028
107,2,170,25,5,48,0,1.29024000000209
107,2,16,12,5,11,1,1.73080000001937
107,2,155,93,14,16,1,1.87813499988988
107,2,200,131,87,9,0,1.12965999986045
107,2,114,99,17,86,1,1.31825500004925
108,2,77,18,68,7,0,2.65203500000644
108,2,124,1,67,18,0,1.64622000002419
108,2,154,39,34,28,1,3.25745500001358
108,2,98,8,70,6,0,1.80307000002358
108,2,118,105,85,38,0,1.51175999999396
108,2,187,168,82,74,0,1.70228500000667
108,2,63,55,13,18,0,2.32097000000067
108,2,70,184,93,89,1,2.06960000001709
108,2,142,174,51,46,0,1.94458499999018
108,2,16,12,8,11,1,2.71567499998491
108,2,188,100,85,65,0,1.36261999999988
108,2,170,25,20,25,1,2.08716500000446
108,2,60,17,21,36,1,1.870974999998
108,2,200,131,18,7,0,2.19132000001264
108,2,103,80,75,84,1,1.79340499997488
108,2,153,33,24,15,0,7.90583999999217
108,2,96,65,25,31,1,1.9340750000265
108,2,106,123,27,78,1,1.6154899999965
108,2,164,61,26,33,0,1.8154649999924
108,2,172,102,36,89,0,2.06698000000324
108,2,165,150,68,68,0,1.42329999999492
108,2,114,99,39,26,0,1.28597999998601
108,2,26,160,8,90,1,12.4882900000084
108,2,159,176,68,79,1,1.60171499999706
108,2,104,173,64,51,1,1.26926999998977
108,2,13,119,11,87,1,3.44245500001125
108,2,158,115,27,24,0,2.6740099999879
108,2,28,5,9,17,1,2.63162500000908
108,2,51,161,31,27,1,2.52104999998119
108,2,155,93,23,12,0,2.03963000001386
109,2,28,5,76,100,1,4.56634499999927
109,2,159,176,51,29,0,1.67277999999715
109,2,70,184,51,50,0,2.15730999999869
109,2,98,8,76,28,0,1.606069999998
109,2,106,123,100,36,0,1.46821500000078
109,2,103,80,50,30,0,1.38153500000044
109,2,154,39,77,1,0,1.72399000000223
109,2,63,55,69,75,1,2.14341000000059
109,2,77,18,50,74,1,1.42346999999791
109,2,188,100,50,75,1,1.99573000000237
109,2,165,150,80,50,0,1.53365999999733
109,2,170,25,100,100,0,1.87281000000075
109,2,158,115,51,51,1,3.62441000000035
109,2,60,17,73,100,1,1.49946499999714
109,2,155,93,51,76,1,3.00895500000115
109,2,187,168,51,76,1,1.79366500000106
109,2,200,131,50,50,1,2.80224499999895
109,2,51,161,76,51,0,1.45465500000137
109,2,153,33,76,50,1,2.76302000000214
109,2,96,65,100,71,0,1.85307000000103
109,2,118,105,100,51,0,1.21369500000219
109,2,13,119,100,100,1,2.3143999999993
109,2,104,173,68,51,0,1.63240500000026
109,2,26,160,74,51,0,1.75303999999957
109,2,164,61,51,50,0,1.79891000000131
109,2,142,174,49,75,1,2.38034999999939
109,2,114,99,73,76,1,1.68219999999931
109,2,172,102,63,78,1,1.72249499999813
109,2,124,1,100,100,1,2.12460499999719
109,2,16,12,27,100,1,1.40250000000017
110,2,170,25,54,100,1,6.01144000000204
110,2,118,105,73,92,1,1.94620500000019
110,2,70,184,90,97,1,3.1033299999981
110,2,26,160,83,76,0,5.14939500000037
110,2,153,33,50,15,0,2.14805000000342
110,2,98,8,72,99,1,2.14120499999262
110,2,158,115,80,67,1,11.4604649999965
110,2,159,176,79,63,0,1.77099999999336
110,2,104,173,75,86,0,4.82860999999684
110,2,188,100,73,81,0,1.72807000001194
110,2,114,99,24,84,1,2.16456499999913
110,2,155,93,84,25,0,2.7529349999968
110,2,28,5,78,99,1,1.49771999999939
110,2,200,131,30,87,1,2.01948000000266
110,2,172,102,87,81,0,2.44889499999408
110,2,13,119,79,100,1,1.56413000001339
110,2,77,18,80,99,1,2.06059500000265
110,2,142,174,80,87,1,4.33987999999954
110,2,51,161,98,86,0,1.79564000001119
110,2,124,1,87,98,1,2.74861500000407
110,2,165,150,97,66,0,5.20768500000122
110,2,187,168,92,93,0,2.1426449999999
110,2,106,123,24,99,1,2.18330499999865
110,2,164,61,76,52,0,1.96983000000182
110,2,154,39,84,76,0,2.18175499999779
110,2,96,65,75,41,0,1.75317500000529
110,2,103,80,53,75,1,2.24648499999603
110,2,63,55,38,98,1,1.34038999999757
110,2,60,17,36,99,1,1.28251500001352
110,2,16,12,99,99,1,1.4394900000043
111,2,164,61,100,100,1,3.49217999982648
111,2,124,1,36,100,1,5.40639999997802
111,2,104,173,92,16,0,1.4060349999927
111,2,77,18,100,100,0,1.22545000002719
111,2,172,102,46,97,1,1.64250999991782
111,2,16,12,100,92,0,1.86794000002556
111,2,26,160,100,85,0,1.41021999996156
111,2,114,99,100,100,0,1.582320000045
111,2,155,93,61,96,1,2.44038500008173
111,2,63,55,100,88,0,2.3290350001771
111,2,96,65,100,89,1,8.10713999997824
111,2,70,184,94,13,0,1.35734500014223
111,2,188,100,82,100,1,1.18021999998018
111,2,142,174,72,71,1,2.11575999995694
111,2,106,123,100,21,0,3.01783000002615
111,2,118,105,97,98,1,1.86318499990739
111,2,165,150,48,80,1,1.26826000004075
111,2,158,115,86,100,1,2.50628499989398
111,2,60,17,72,100,0,1.92176500009373
111,2,187,168,100,31,0,1.19588500005193
111,2,103,80,88,100,1,1.39604000002146
111,2,13,119,100,15,0,2.37360500008799
111,2,153,33,82,83,0,2.43233999982476
111,2,200,131,29,84,1,1.48311999998987
111,2,154,39,69,100,1,1.74081000010483
111,2,159,176,84,75,0,1.48193500004709
111,2,28,5,100,100,0,0.903784999856725
111,2,170,25,47,91,1,1.01404000003822
111,2,51,161,88,85,0,1.55752999987453
111,2,98,8,81,100,1,0.965444999979809
112,2,187,168,9,22,0,4.79727999999886
112,2,155,93,94,58,0,2.67258499999843
112,2,16,12,92,2,0,3.17536000000109
112,2,124,1,98,2,0,3.42445500000031
112,2,188,100,23,62,1,3.36608000000159
112,2,170,25,60,2,0,2.83719000000018
112,2,28,5,2,70,1,2.46996000000037
112,2,98,8,41,65,1,4.80849999999919
112,2,114,99,1,57,1,2.66752000000089
112,2,106,123,2,2,1,2.03976999999938
112,2,103,80,64,3,0,2.86025499999966
112,2,154,39,10,3,1,2.64167500000086
112,2,200,131,2,2,0,4.33707500000135
112,2,164,61,55,7,0,2.38024000000034
112,2,51,161,99,2,0,2.01858499999985
112,2,142,174,1,2,0,2.69268999999983
112,2,158,115,85,77,0,2.72242499999993
112,2,172,102,5,55,1,2.3778100000018
112,2,77,18,2,99,1,1.7489649999988
112,2,26,160,75,3,0,2.18014500000025
112,2,13,119,70,99,1,2.08226499999908
112,2,165,150,62,7,0,2.4926850000011
112,2,159,176,80,2,0,1.89778500000096
112,2,153,33,2,14,1,2.90362999999884
112,2,63,55,32,90,1,1.69368000000028
112,2,118,105,60,60,1,1.99131499999925
112,2,104,173,76,2,0,3.19315000000095
112,2,96,65,72,30,0,2.1247899999998
112,2,70,184,3,76,1,2.25365499999863
112,2,60,17,18,2,0,2.43777500000037
113,2,98,8,67,46,0,1.37957499991171
113,2,164,61,59,26,0,1.66455500014126
113,2,200,131,61,57,1,4.47017000010237
113,2,142,174,63,82,1,1.45518000004813
113,2,51,161,65,88,1,1.22286500013433
113,2,188,100,67,69,0,1.19956499990076
113,2,63,55,34,60,1,1.24276500009
113,2,106,123,61,83,1,1.41926499991678
113,2,77,18,66,63,0,3.97017500014044
113,2,28,5,51,48,0,1.97768000001088
113,2,187,168,71,75,1,2.51845000009052
113,2,159,176,61,54,0,1.64637500001118
113,2,172,102,81,31,0,1.1457549999468
113,2,13,119,48,84,1,1.27665999997407
113,2,155,93,69,55,0,1.34719999996014
113,2,70,184,57,71,1,2.00513499998488
113,2,118,105,63,61,1,2.5019499999471
113,2,96,65,58,24,0,1.65152999991551
113,2,104,173,30,72,1,1.33594499994069
113,2,158,115,65,28,0,1.55564999999478
113,2,170,25,49,48,0,2.0146099999547
113,2,16,12,48,49,1,2.7899299999699
113,2,124,1,85,52,0,1.38395499996841
113,2,103,80,25,57,1,1.3190150000155
113,2,154,39,58,6,0,1.50297499983571
113,2,165,150,79,29,0,1.56683999998495
113,2,153,33,58,1,0,1.35360000003129
113,2,114,99,68,56,0,1.34742000000551
113,2,60,17,26,49,1,1.60865999991074
113,2,26,160,55,63,1,2.52191999997012
114,2,13,119,67,100,1,5.1874700000044
114,2,165,150,78,74,1,2.3761250001844
114,2,106,123,76,100,0,1.44029499986209
114,2,153,33,41,2,0,2.11455000005662
114,2,118,105,83,30,0,1.03711999999359
114,2,172,102,90,76,0,3.92870499985293
114,2,188,100,82,76,0,8.70494999992661
114,2,200,131,92,1,0,3.41730499989353
114,2,51,161,1,79,1,1.64064999995753
114,2,164,61,56,24,1,1.94937999988906
114,2,60,17,63,4,0,1.43998500006273
114,2,96,65,13,52,0,7.33155500004068
114,2,154,39,100,4,0,8.05746500007808
114,2,159,176,74,11,0,10.6747299998533
114,2,103,80,27,8,1,3.99191000009887
114,2,158,115,83,1,0,1.21885000006296
114,2,142,174,8,95,1,1.65022499999031
114,2,187,168,78,85,0,3.79327500006184
114,2,77,18,100,15,0,0.75757999997586
114,2,98,8,88,40,0,1.12755499989726
114,2,16,12,61,21,0,1.23245000001043
114,2,114,99,87,45,0,1.75728500005789
114,2,63,55,24,1,0,2.7802349999547
114,2,70,184,62,94,0,9.29692500014789
114,2,104,173,66,16,1,4.37195500009693
114,2,28,5,4,13,1,1.38786499993876
114,2,155,93,7,9,1,2.82172500016168
114,2,26,160,7,91,1,1.31448000017554
114,2,170,25,4,11,1,2.21623500017449
114,2,124,1,100,15,0,1.33536499994807
115,2,114,99,41,80,1,1.57624000000214
115,2,98,8,88,46,0,1.884530000003
115,2,158,115,65,6,0,1.75805499999842
115,2,28,5,16,36,1,1.59475000000384
115,2,155,93,75,61,0,2.17189999999391
115,2,60,17,66,35,0,1.48310999999376
115,2,106,123,74,51,0,2.21088500000042
115,2,159,176,71,51,0,2.11847500000295
115,2,104,173,51,50,0,5.10548999999446
115,2,187,168,56,64,1,4.59909999999945
115,2,142,174,70,61,0,2.15010500000062
115,2,70,184,66,52,0,1.87064999999711
115,2,153,33,64,24,0,1.50981999999931
115,2,124,1,67,52,0,3.91553000000567
115,2,164,61,57,53,0,1.81090499999846
115,2,165,150,72,67,1,2.02755000000616
115,2,200,131,62,47,0,1.73105500000383
115,2,172,102,65,74,1,2.12245999999868
115,2,154,39,78,20,0,1.30049999999756
115,2,51,161,51,57,1,5.63222499999392
115,2,16,12,26,55,1,2.71568000000116
115,2,103,80,65,76,1,1.82398000000103
115,2,170,25,65,31,0,1.26160000000527
115,2,13,119,43,62,1,1.88228499999968
115,2,188,100,54,79,1,1.50570500000322
115,2,77,18,71,40,0,1.62099999999919
115,2,118,105,86,69,0,2.29038500000024
115,2,63,55,62,35,0,1.64891499999794
115,2,26,160,32,52,1,1.82454500000313
115,2,96,65,47,51,0,2.79656499999692
116,2,60,17,68,63,0,4.68213000000105
116,2,114,99,72,53,0,1.49618999999802
116,2,70,184,64,79,1,2.15969000000041
116,2,124,1,64,58,0,2.77843500000017
116,2,165,150,75,71,0,1.60543499999767
116,2,188,100,76,37,0,1.4838099999979
116,2,28,5,51,71,1,2.50652000000264
116,2,170,25,76,66,0,1.26578499999596
116,2,187,168,78,68,0,1.6516100000008
116,2,200,131,70,51,1,1.85193000000436
116,2,63,55,72,51,0,17.6609150000004
116,2,13,119,69,76,1,1.97967500000232
116,2,96,65,37,69,1,1.49170500000037
116,2,104,173,61,85,1,1.56995999999344
116,2,142,174,74,69,0,2.3538600000029
116,2,164,61,67,52,0,1.26073000000179
116,2,103,80,66,52,0,1.65305999999691
116,2,77,18,64,70,0,1.7939899999983
116,2,159,176,55,78,1,2.27912500000093
116,2,172,102,76,50,0,1.52815499999997
116,2,16,12,71,64,1,2.2372899999973
116,2,98,8,70,51,0,1.22340000000258
116,2,26,160,68,66,1,1.51583499999833
116,2,155,93,71,40,0,1.45302000000083
116,2,51,161,66,71,1,6.44463000000542
116,2,158,115,50,48,0,2.17008499999793
116,2,106,123,83,75,0,5.60865499999636
116,2,118,105,72,68,0,1.40393999999651
116,2,154,39,52,49,0,1.58178000000044
116,2,153,33,67,50,0,1.4320449999941
117,2,98,8,18,36,1,4.43221999999878
117,2,155,93,13,24,1,1.30705999999918
117,2,165,150,51,2,0,1.69604500000059
117,2,172,102,13,2,0,1.62111000000004
117,2,96,65,12,13,0,2.4662700000008
117,2,104,173,1,17,1,0.999539999998888
117,2,103,80,2,1,1,2.73440499999924
117,2,16,12,25,50,1,2.73396499999944
117,2,63,55,18,19,1,2.97964000000138
117,2,158,115,1,1,0,3.56824499999854
117,2,200,131,1,2,1,1.78415000000133
117,2,60,17,14,18,0,1.56687000000058
117,2,124,1,2,1,1,2.82723000000077
117,2,13,119,2,13,1,1.37652499999967
117,2,142,174,6,1,1,2.33708000000112
117,2,159,176,2,1,0,2.27381000000061
117,2,154,39,1,46,1,1.45961499999976
117,2,51,161,1,15,1,1.09956500000044
117,2,106,123,3,16,0,1.53239500000019
117,2,26,160,1,2,0,1.27010500000141
117,2,153,33,1,14,1,1.22963499999972
117,2,70,184,49,13,0,1.47090000000026
117,2,188,100,26,15,0,1.32317499999952
117,2,114,99,2,2,1,0.985749999999825
117,2,164,61,2,1,1,1.63943500000099
117,2,118,105,1,11,1,1.86259499999869
117,2,77,18,32,49,1,3.49882500000059
117,2,187,168,11,50,1,1.06420000000077
117,2,28,5,17,49,0,6.65490499999945
117,2,170,25,2,16,1,1.43652499999915
118,2,188,100,62,61,0,10.978890000144
118,2,28,5,33,19,0,8.22711500013247
118,2,159,176,35,56,1,12.9592699999921
118,2,124,1,58,51,0,11.6757600000128
118,2,26,160,44,37,1,65.2303199998569
118,2,60,17,23,23,0,1.6471700000111
118,2,164,61,69,10,0,2.59159999992698
118,2,106,123,67,69,1,1.38684500008821
118,2,172,102,60,9,0,1.70068500004709
118,2,200,131,64,38,0,1.94406999996863
118,2,103,80,24,54,1,2.84095999994315
118,2,142,174,47,63,1,1.70169000001624
118,2,153,33,30,33,0,1.3949300001841
118,2,13,119,58,62,1,1.40055999998003
118,2,187,168,56,63,1,1.17581499996595
118,2,170,25,45,20,0,3.48861999996006
118,2,77,18,87,28,0,1.47755499999039
118,2,118,105,61,66,0,1.37440999993123
118,2,98,8,56,27,0,4.17548500001431
118,2,158,115,37,31,0,1.93822499993257
118,2,155,93,58,17,0,10.905049999943
118,2,104,173,18,50,1,1.55488000018522
118,2,154,39,57,16,0,1.84471999993548
118,2,96,65,18,21,0,2.16440499993041
118,2,114,99,62,56,0,1.83279999997467
118,2,51,161,63,30,0,2.1289800000377
118,2,165,150,54,27,0,2.82038000016473
118,2,16,12,38,29,0,2.42100500012748
118,2,63,55,17,60,1,1.39682999998331
118,2,70,184,54,54,1,4.74811499984935
119,2,155,93,59,65,0,2.48475500001223
119,2,98,8,59,49,1,9.90780499999528
119,2,142,174,13,89,1,7.93914500001119
119,2,96,65,51,38,0,2.52301000000443
119,2,165,150,60,45,0,1.64965500001563
119,2,154,39,46,15,0,1.79339000000618
119,2,16,12,45,45,1,2.50862999999663
119,2,13,119,57,54,1,1.79397499997867
119,2,124,1,52,61,1,3.03654499998083
119,2,51,161,36,44,1,1.8832499999844
119,2,60,17,32,70,1,1.49661000000197
119,2,172,102,61,48,0,1.43396000002394
119,2,164,61,60,51,0,1.80579499999294
119,2,158,115,30,13,0,2.23765999998432
119,2,188,100,84,18,0,1.45136999999522
119,2,170,25,1,62,1,1.8967249999987
119,2,106,123,39,66,1,1.94146999999066
119,2,118,105,54,28,1,2.23294499999611
119,2,103,80,42,19,0,2.64167499999166
119,2,104,173,27,58,1,1.56119999999646
119,2,159,176,48,27,1,3.15177500000573
119,2,26,160,66,22,0,2.41394499997841
119,2,77,18,15,68,1,1.82796999998391
119,2,114,99,52,22,0,1.44957500000601
119,2,187,168,72,63,0,2.60658500000136
119,2,153,33,32,7,0,2.16091499998583
119,2,63,55,32,47,1,2.02228499998455
119,2,70,184,25,53,1,1.74123000001418
119,2,200,131,61,65,1,3.69362000000547
119,2,28,5,4,53,1,1.67824500001734
120,2,13,119,63,93,1,2.17040999978781
120,2,154,39,4,12,1,1.81527499994263
120,2,118,105,99,2,0,1.41541499993764
120,2,124,1,80,7,0,1.31431000004523
120,2,188,100,85,95,1,1.50964000006206
120,2,60,17,4,47,1,1.40572999999858
120,2,158,115,72,2,0,1.66640500002541
120,2,155,93,92,9,0,1.05489000002854
120,2,114,99,75,29,0,1.32581000006758
120,2,70,184,4,95,1,1.32047999999486
120,2,165,150,75,71,0,1.37167000002228
120,2,26,160,53,73,1,1.61586500005797
120,2,187,168,76,96,1,1.34329500002787
120,2,77,18,97,78,0,1.19321999978274
120,2,104,173,10,67,1,1.32377000013366
120,2,106,123,75,94,1,5.72373500000685
120,2,164,61,76,1,0,5.7024799999781
120,2,103,80,66,5,0,2.43230500002392
120,2,170,25,16,12,0,1.15538499993272
120,2,159,176,71,13,0,1.04979499988258
120,2,51,161,2,82,1,1.06991499988362
120,2,142,174,23,96,1,7.15071499999613
120,2,63,55,1,71,1,1.22317000012845
120,2,96,65,68,1,0,1.17301999987103
120,2,200,131,80,92,1,1.29500499996357
120,2,172,102,75,25,0,1.27719999989495
120,2,98,8,85,15,0,2.22028999985196
120,2,16,12,27,59,1,1.17400000011548
120,2,28,5,1,8,1,1.43059000000358
120,2,153,33,6,2,0,1.5465850001201
121,2,16,12,92,65,0,2.01196500001242
121,2,172,102,2,21,1,1.24540500005241
121,2,124,1,61,60,1,2.46159999998054
121,2,103,80,15,9,1,2.24960500001907
121,2,77,18,40,90,1,1.26368500001263
121,2,158,115,1,54,1,1.23169000004418
121,2,153,33,39,44,0,1.97448999999324
121,2,188,100,1,9,1,2.65887999994447
121,2,155,93,1,48,1,1.41798999998719
121,2,164,61,2,3,1,1.4235650000046
121,2,200,131,1,1,0,5.89065999997547
121,2,170,25,3,82,1,1.29437500005588
121,2,187,168,1,1,1,1.82084000000032
121,2,104,173,1,2,0,1.41610999999102
121,2,28,5,74,67,0,2.18742999999085
121,2,159,176,6,1,0,1.51485500001581
121,2,51,161,58,1,0,1.16646999999648
121,2,13,119,57,1,0,1.37345999997342
121,2,142,174,9,60,1,4.50795999995898
121,2,118,105,31,34,0,2.19491500000004
121,2,26,160,3,32,1,1.17953000002308
121,2,63,55,1,47,1,2.87194000004092
121,2,98,8,60,92,1,3.16049000003841
121,2,114,99,38,18,0,3.94828999997117
121,2,165,150,1,6,1,16.0284749999992
121,2,154,39,2,3,1,15.0283199999831
121,2,106,123,56,62,0,3.50787500001024
121,2,70,184,80,1,0,2.99258999997983
121,2,60,17,3,77,1,70.2087000000174
121,2,96,65,62,1,0,1.19073999999091
122,2,106,123,37,27,1,3.44347499997821
122,2,98,8,17,90,1,1.51077500003157
122,2,153,33,17,68,1,1.61900000000605
122,2,26,160,79,19,0,1.47549499996239
122,2,170,25,50,79,1,2.7647200000356
122,2,96,65,5,51,1,0.962839999992866
122,2,164,61,69,47,0,1.37770000001183
122,2,142,174,46,62,1,1.48096499999519
122,2,187,168,81,60,0,1.62124000000767
122,2,28,5,71,37,0,1.36295999999857
122,2,63,55,50,98,1,1.15758500003722
122,2,114,99,11,8,0,2.90116000000853
122,2,124,1,43,58,1,2.00939500000095
122,2,13,119,85,60,0,1.8311049999902
122,2,77,18,38,78,1,1.35052000003634
122,2,154,39,40,6,0,1.33894000004511
122,2,200,131,55,76,1,3.1923550000065
122,2,118,105,13,35,1,1.79488499998115
122,2,155,93,70,6,0,1.29379500000505
122,2,103,80,51,61,0,3.68061500001932
122,2,70,184,66,33,0,1.48612499999581
122,2,16,12,95,90,0,1.17722000001231
122,2,158,115,41,43,0,1.75346999999601
122,2,172,102,62,37,0,1.03839000000153
122,2,188,100,82,13,0,1.11554000002798
122,2,104,173,43,66,1,1.11571499996353
122,2,51,161,95,15,0,1.73429500003112
122,2,165,150,67,58,0,1.19182499998715
122,2,60,17,51,85,1,1.37732999998843
122,2,159,176,80,6,0,1.32530500000576
123,2,104,173,69,75,1,8.176930000016
123,2,165,150,75,77,1,1.14934499998344
123,2,98,8,66,95,1,1.02416999998968
123,2,154,39,72,85,1,0.817404999979772
123,2,51,161,79,50,0,1.0650350000069
123,2,26,160,79,53,0,1.24864000000525
123,2,200,131,78,86,0,2.55087499998626
123,2,16,12,64,77,1,1.47751999998582
123,2,114,99,69,55,0,8.65452499999083
123,2,28,5,83,79,0,1.26699500001268
123,2,106,123,86,78,1,0.996150000020862
123,2,164,61,47,57,0,4.47954500000924
123,2,188,100,49,72,0,1.51933499998995
123,2,172,102,64,81,0,5.43348499998683
123,2,77,18,67,77,1,3.04663999998593
123,2,70,184,74,67,1,0.714750000013737
123,2,142,174,92,65,1,1.40460999999777
123,2,13,119,84,67,1,0.692614999978105
123,2,170,25,60,82,1,0.903510000003735
123,2,63,55,48,55,1,0.712585000001127
123,2,159,176,77,69,0,1.24397999999928
123,2,118,105,50,70,1,2.76453499999479
123,2,187,168,81,58,1,1.198470000003
123,2,158,115,65,66,0,5.12652499999967
123,2,124,1,92,89,1,1.49483999999939
123,2,96,65,64,79,1,1.73573499999475
123,2,153,33,67,44,0,1.36887999999453
123,2,155,93,68,85,1,1.47357000000193
123,2,60,17,82,92,1,0.989765000005718
123,2,103,80,62,75,1,1.25835000001825
124,2,164,61,2,4,0,4.61774999997579
124,2,200,131,38,3,0,1.88642499991693
124,2,28,5,19,11,0,5.96246500010602
124,2,142,174,3,3,0,4.02505499986
124,2,63,55,2,70,1,1.61300000012852
124,2,155,93,36,10,0,2.00774999987334
124,2,26,160,2,2,1,8.65113000012934
124,2,96,65,59,6,0,1.63816999993287
124,2,118,105,12,4,0,2.12780499993823
124,2,70,184,22,10,1,5.54024500004016
124,2,106,123,7,18,0,4.63332500006072
124,2,165,150,11,15,0,1.95299999997951
124,2,16,12,60,84,1,1.6294100000523
124,2,77,18,49,81,1,1.71799500007182
124,2,158,115,1,3,0,2.38078500004485
124,2,188,100,33,3,0,1.82066500000656
124,2,98,8,12,43,1,3.4596700000111
124,2,103,80,8,3,0,3.21899500000291
124,2,159,176,14,2,0,2.834959999891
124,2,154,39,8,74,1,1.17228000005707
124,2,114,99,2,7,1,4.62563999998383
124,2,187,168,35,21,0,2.43509999988601
124,2,172,102,11,9,1,3.96481000003405
124,2,60,17,7,99,1,0.944539999822155
124,2,153,33,1,1,0,7.50877000018954
124,2,51,161,62,1,0,1.81505500013009
124,2,104,173,4,19,1,2.8259099998977
124,2,124,1,19,87,1,1.60017500002868
124,2,13,119,58,9,0,2.50218499987386
124,2,170,25,4,89,1,1.16766500007361
125,2,28,5,4,27,1,2.89143000001786
125,2,106,123,75,59,0,1.20597999996971
125,2,188,100,95,44,0,1.68411499995273
125,2,124,1,63,77,0,1.33672500000102
125,2,51,161,4,66,1,1.27362500003073
125,2,77,18,21,62,1,1.27264000003925
125,2,142,174,52,94,1,1.68024000001606
125,2,172,102,74,67,0,0.977684999990743
125,2,60,17,2,5,0,1.70119500003057
125,2,164,61,4,64,1,1.19877999997698
125,2,13,119,4,51,1,1.30784999998286
125,2,98,8,52,10,0,1.30233500001486
125,2,103,80,8,8,0,2.27047499996843
125,2,26,160,6,85,1,1.06935000000522
125,2,154,39,71,5,0,1.41621499997564
125,2,104,173,7,96,1,1.21280999999726
125,2,96,65,91,18,0,1.47974000003887
125,2,16,12,81,34,0,1.41876500000944
125,2,63,55,53,2,0,1.2924500000081
125,2,200,131,95,6,0,1.92933499999344
125,2,70,184,2,76,1,1.19165499997325
125,2,114,99,87,6,0,1.61579000001075
125,2,187,168,89,88,0,1.33368999999948
125,2,118,105,59,31,0,1.12057499994989
125,2,170,25,1,5,0,1.51459500001511
125,2,158,115,52,3,0,1.32638000004226
125,2,165,150,83,83,1,1.77120499999728
125,2,153,33,4,11,1,2.03235500003211
125,2,159,176,82,2,0,1.03075000003446
125,2,155,93,5,68,1,1.34446499997284
126,2,28,5,2,1,1,5.948
126,2,200,131,96,64,0,1.973
126,2,70,184,58,100,1,1.412
126,2,16,12,18,6,0,2.226
126,2,63,55,44,55,1,1.75
126,2,77,18,93,53,0,1.511
126,2,26,160,2,86,1,1.267
126,2,114,99,77,83,1,2.15
126,2,104,173,68,78,1,5.297
126,2,96,65,88,43,0,1.524
126,2,165,150,86,72,0,2.482
126,2,155,93,81,57,0,1.54
126,2,172,102,87,65,0,1.687
126,2,158,115,85,34,0,1.554
126,2,124,1,94,20,0,1.274
126,2,103,80,80,59,0,2.261
126,2,164,61,85,52,0,1.338
126,2,106,123,86,77,0,3.662
126,2,153,33,68,3,0,1.506
126,2,13,119,12,90,1,1.444
126,2,60,17,52,58,0,4.362
126,2,188,100,98,72,0,1.59
126,2,159,176,87,79,0,2.096
126,2,51,161,56,100,1,1.655
126,2,170,25,67,64,0,6.226
126,2,187,168,87,87,1,2.649
126,2,142,174,77,97,1,3.3
126,2,98,8,82,11,0,1.267
126,2,154,39,56,3,0,1.481
126,2,118,105,84,51,0,1.553
127,2,142,174,34,52,1,2.06013499997789
127,2,77,18,59,83,0,1.0114150000154
127,2,158,115,73,70,1,1.66720999998506
127,2,170,25,89,44,1,1.43479999998817
127,2,159,176,71,58,1,1.25664500001585
127,2,200,131,33,30,0,1.73384000000078
127,2,118,105,28,64,1,0.934264999988955
127,2,114,99,65,32,1,2.6020000000135
127,2,188,100,26,30,1,2.1942899999849
127,2,16,12,60,69,1,1.73451499998919
127,2,106,123,83,33,1,2.24588000000222
127,2,154,39,33,46,1,2.31284499997855
127,2,124,1,43,97,1,2.53113000001758
127,2,28,5,60,61,1,1.75638499998604
127,2,60,17,87,80,1,1.60024999998859
127,2,155,93,76,83,1,1.23767999999109
127,2,98,8,54,84,0,1.38440500001889
127,2,96,65,60,37,0,2.28926000001957
127,2,26,160,48,16,0,0.930394999973942
127,2,104,173,48,23,1,5.23665500001516
127,2,70,184,46,14,0,4.44263999999384
127,2,51,161,18,44,1,1.27526000002399
127,2,172,102,75,51,0,4.76050999999279
127,2,165,150,43,62,0,1.63882500000182
127,2,103,80,62,72,1,1.49462499999208
127,2,153,33,30,73,1,1.00158000001102
127,2,63,55,83,65,1,0.378779999999097
127,2,164,61,31,81,0,2.096515000012
127,2,13,119,47,30,1,1.07070999999996
127,2,187,168,51,59,1,1.06215499999234
128,2,98,8,90,1,0,6.09355499999947
128,2,153,33,5,78,1,0.953729999979259
128,2,60,17,54,35,1,0.791770000010729
128,2,200,131,2,4,1,1.77021499999682
128,2,28,5,14,4,0,1.07716000001528
128,2,124,1,47,5,1,0.974589999997988
128,2,104,173,25,18,0,1.06266000002506
128,2,172,102,10,10,1,1.15423000001465
128,2,187,168,6,7,0,1.22277999998187
128,2,188,100,47,82,0,0.970269999990705
128,2,63,55,62,63,1,0.884139999980107
128,2,96,65,12,77,1,1.02317000000039
128,2,154,39,4,28,1,0.746130000014091
128,2,26,160,21,3,0,1.68046000000322
128,2,70,184,14,36,1,1.81547499998123
128,2,142,174,6,9,1,1.93518500000937
128,2,158,115,5,21,1,0.836819999996806
128,2,103,80,18,9,0,1.14887000000454
128,2,165,150,8,3,0,1.28536000000895
128,2,13,119,5,46,1,1.04914000001736
128,2,16,12,6,7,0,1.12461500000791
128,2,155,93,5,6,1,1.34166999999434
128,2,114,99,18,97,1,0.979879999998957
128,2,106,123,71,12,1,1.48012999998173
128,2,170,25,6,41,1,0.940709999995306
128,2,164,61,16,55,1,1.25922000000719
128,2,118,105,70,15,0,1.05766999998013
128,2,159,176,51,11,0,1.76180499998736
128,2,77,18,72,12,0,1.44859499999438
128,2,51,161,19,6,1,1.40316000001621
129,2,96,65,21,81,1,6.8
129,2,16,12,61,52,0,1.2
129,2,200,131,22,7,0,1.4
129,2,159,176,9,5,0,1.4
129,2,153,33,8,39,1,1.2
129,2,188,100,8,43,1,1.1
129,2,164,61,9,50,1,1.9
129,2,170,25,4,89,1,1.5
129,2,13,119,72,20,0,1.2
129,2,118,105,43,12,0,1.3
129,2,70,184,27,25,0,1.1
129,2,63,55,62,12,0,1
129,2,124,1,35,63,1,11.2
129,2,187,168,7,8,1,2.2
129,2,142,174,34,12,0,2.7
129,2,28,5,40,52,1,2.7
129,2,51,161,10,19,0,1.3
129,2,104,173,50,6,0,6.6
129,2,77,18,18,94,1,1.1
129,2,114,99,58,32,0,1.3
129,2,172,102,9,10,1,1.5
129,2,106,123,37,25,0,3.5
129,2,158,115,5,30,1,2
129,2,26,160,51,18,0,1.1
129,2,155,93,10,27,1,1.7
129,2,154,39,14,79,1,2
129,2,98,8,32,76,1,1.1
129,2,103,80,46,19,0,1.7
129,2,165,150,8,49,1,3.5
129,2,60,17,60,94,1,1
130,2,165,150,76,24,0,2.66524000000209
130,2,142,174,35,94,1,1.95820500003174
130,2,63,55,70,36,0,2.0769750000909
130,2,51,161,5,18,1,2.42714500008151
130,2,104,173,3,63,1,1.63837000005879
130,2,155,93,9,52,1,2.7710500000976
130,2,187,168,71,53,0,2.19760999991558
130,2,26,160,14,11,0,1.49785499996506
130,2,188,100,71,2,0,1.2128500000108
130,2,153,33,50,2,0,1.48589999997057
130,2,172,102,67,2,0,1.29937999998219
130,2,60,17,63,13,0,2.05683999997564
130,2,70,184,18,3,0,2.13844499993138
130,2,114,99,5,1,0,1.76339500001632
130,2,13,119,49,76,1,2.15586499986239
130,2,164,61,78,99,1,2.035045000026
130,2,118,105,3,1,0,2.49177500000224
130,2,154,39,2,3,0,2.04242499987595
130,2,170,25,62,23,0,1.53386999992654
130,2,106,123,21,39,1,1.39424999989569
130,2,200,131,4,16,1,1.7230799999088
130,2,158,115,8,84,1,1.85646499996074
130,2,77,18,32,58,1,1.45388499996625
130,2,96,65,4,57,1,1.37033500010148
130,2,28,5,60,4,0,1.73467999999411
130,2,98,8,4,39,1,1.57896500010975
130,2,103,80,6,6,1,1.42191500007175
130,2,124,1,63,10,0,1.76046000001952
130,2,16,12,56,48,0,1.79125500004739
130,2,159,176,10,99,1,1.89503000001423
131,2,154,39,22,5,0,2.44072000007145
131,2,77,18,80,74,1,2.54020499996841
131,2,159,176,31,24,0,1.82939500000793
131,2,28,5,75,26,0,1.02342500002123
131,2,103,80,24,37,0,1.75763999996707
131,2,51,161,15,18,0,1.95200000004843
131,2,142,174,62,63,1,1.46734500001185
131,2,70,184,78,72,0,0.870634999941103
131,2,158,115,12,32,1,1.26159499993082
131,2,170,25,72,59,1,2.38112500007264
131,2,16,12,57,27,0,1.08662499999627
131,2,164,61,52,12,0,1.15432999993209
131,2,200,131,74,9,0,0.94409500004258
131,2,63,55,8,67,1,1.38684000005014
131,2,187,168,24,66,1,1.47548999998253
131,2,172,102,90,33,0,0.849509999970905
131,2,106,123,82,46,1,0.83789500000421
131,2,98,8,55,63,0,1.04021500004455
131,2,60,17,36,79,1,1.65883999993093
131,2,124,1,62,62,1,1.49768499995116
131,2,153,33,14,20,1,1.2478650000412
131,2,165,150,36,66,1,1.34223499998916
131,2,188,100,78,43,0,1.70692500006407
131,2,26,160,55,38,0,1.57338000007439
131,2,114,99,32,55,1,1.62482000002638
131,2,118,105,68,23,0,0.88667500007432
131,2,104,173,30,54,1,1.55051499989349
131,2,96,65,86,23,0,1.03440500004217
131,2,13,119,31,69,1,1.01631000009365
131,2,155,93,19,85,1,0.938480000011623
132,2,60,17,1,99,1,2.56677999999374
132,2,13,119,83,56,0,1.81265500001609
132,2,124,1,68,93,1,3.39327999996021
132,2,96,65,81,2,0,2.61981500010006
132,2,16,12,82,1,0,1.51754999998957
132,2,26,160,69,66,1,3.68553999997675
132,2,103,80,25,60,1,1.45561499986798
132,2,164,61,58,2,0,1.82313999999315
132,2,159,176,31,22,1,2.7198699999135
132,2,188,100,70,65,0,1.25726999994367
132,2,114,99,60,50,0,1.78112499997951
132,2,165,150,37,63,1,2.16709000011906
132,2,63,55,2,46,1,1.56514999992214
132,2,118,105,45,89,1,1.89019500021823
132,2,106,123,93,60,0,2.40058999997564
132,2,70,184,72,40,0,1.68705999990925
132,2,172,102,56,32,0,1.5805049999617
132,2,154,39,70,99,1,1.21555500011891
132,2,153,33,19,94,1,1.22681999998167
132,2,158,115,39,71,1,1.45215000002645
132,2,98,8,71,66,1,2.30080500012264
132,2,51,161,69,73,1,3.88036000006832
132,2,200,131,40,89,1,1.56665499997325
132,2,104,173,41,15,0,2.72129500005394
132,2,170,25,35,99,1,1.32754500000738
132,2,155,93,62,74,0,4.34678500005975
132,2,28,5,66,2,0,1.47170499991626
132,2,187,168,60,46,0,5.1022950001061
132,2,142,174,62,42,0,2.75727499998175
132,2,77,18,99,99,0,2.98995999991894
133,2,187,168,2,2,0,8.85649999999987
133,2,77,18,29,98,1,1.57989999999882
133,2,106,123,72,3,0,1.46320000000014
133,2,114,99,3,28,1,1.58529999999882
133,2,200,131,2,4,1,3.04770000000099
133,2,155,93,2,84,1,1.96780000000035
133,2,63,55,86,51,0,2.08410000000003
133,2,70,184,31,2,0,1.52370000000158
133,2,170,25,2,98,1,1.19869999999902
133,2,159,176,3,2,0,3.39919999999984
133,2,103,80,87,44,0,1.52620000000024
133,2,172,102,3,93,1,1.57359999999971
133,2,51,161,51,3,0,1.51830000000156
133,2,96,65,88,91,1,2.55550000000041
133,2,154,39,2,97,1,1.71860000000015
133,2,60,17,78,99,1,2.6984999999986
133,2,28,5,97,99,1,2.20160000000033
133,2,153,33,3,72,1,1.47810000000027
133,2,158,115,2,96,1,1.47400000000017
133,2,118,105,60,27,1,3.37489999999892
133,2,164,61,2,72,1,1.55439999999906
133,2,165,150,3,95,1,1.44189999999982
133,2,124,1,1,99,1,1.30160000000073
133,2,98,8,51,99,1,1.71650000000047
133,2,26,160,99,2,0,2.22760000000015
133,2,16,12,99,96,1,2.22769999999949
133,2,188,100,2,18,1,2.78789999999938
133,2,104,173,98,3,0,1.58070000000042
133,2,142,174,3,2,0,4.11939999999962
133,2,13,119,99,2,0,1.65129999999952
134,2,118,105,51,75,1,3.27074000000721
134,2,104,173,67,34,0,4.34933499997715
134,2,114,99,99,80,0,1.81974499998614
134,2,96,65,86,87,0,4.64143499999773
134,2,170,25,80,81,1,3.0086649999721
134,2,158,115,67,81,1,2.56427999999141
134,2,63,55,68,50,1,5.95453000004636
134,2,26,160,50,21,1,3.52239499997813
134,2,142,174,74,50,1,3.49883999995654
134,2,60,17,23,97,1,2.41135499998927
134,2,13,119,31,49,0,3.29437999997754
134,2,106,123,19,21,0,4.70361000002595
134,2,103,80,38,23,0,7.57017999998061
134,2,51,161,99,62,0,4.8976449999609
134,2,16,12,98,98,0,4.38369000004604
134,2,154,39,69,14,0,4.67780500004301
134,2,172,102,47,76,0,1.97512999997707
134,2,188,100,14,36,1,3.92461499996716
134,2,187,168,19,52,1,2.66142999997828
134,2,155,93,77,87,1,1.4343499999959
134,2,164,61,23,6,0,4.41191999998409
134,2,200,131,24,15,1,6.86524499999359
134,2,28,5,3,88,1,2.18768999999156
134,2,165,150,83,30,0,6.08398499997566
134,2,159,176,80,26,0,2.27655000000959
134,2,77,18,22,77,1,5.65165000001434
134,2,70,184,100,15,0,2.08118500001729
134,2,153,33,12,84,1,1.59211000002688
134,2,124,1,50,86,1,2.10248000000138
134,2,98,8,59,100,1,1.65628500003368
135,2,164,61,74,64,1,8.45682999998098
135,2,77,18,81,89,1,2.79548999998951
135,2,187,168,77,90,0,2.76830499997595
135,2,155,93,82,71,0,1.97255499998573
135,2,98,8,80,51,0,1.80855999997584
135,2,188,100,71,84,1,3.6777450000518
135,2,200,131,93,91,1,2.34375499997986
135,2,158,115,30,52,0,2.08847000001697
135,2,51,161,89,88,1,2.09037500002887
135,2,63,55,42,52,0,3.26428000000305
135,2,96,65,6,31,1,199.539470000018
135,2,16,12,42,60,1,2.48136000003433
135,2,28,5,42,94,1,3.2235900000087
135,2,60,17,70,82,1,2.12978499999736
135,2,153,33,72,9,0,1.50149999995483
135,2,165,150,83,82,1,3.12472500000149
135,2,124,1,91,21,0,1.57714500004658
135,2,114,99,88,52,0,2.1991000000271
135,2,172,102,61,76,1,2.19253000000026
135,2,170,25,80,82,1,6.40632499998901
135,2,103,80,77,75,0,2.53960499999812
135,2,106,123,84,72,0,2.13007999997353
135,2,154,39,51,69,1,2.16553499997826
135,2,26,160,35,86,1,2.13408500002697
135,2,118,105,68,80,1,3.68355500005418
135,2,13,119,100,70,0,3.15439500001958
135,2,104,173,85,90,0,3.97567999997409
135,2,142,174,75,86,1,1.73466499999631
135,2,70,184,80,73,0,5.73248500004411
135,2,159,176,84,32,0,3.27160000003641
136,2,98,8,44,60,1,3.62016499997117
136,2,114,99,40,42,0,2.40155500010587
136,2,70,184,30,38,0,137.429405000061
136,2,60,17,33,95,1,1.09804000006989
136,2,155,93,38,36,0,2.80429999995977
136,2,154,39,31,60,1,2.47347499988973
136,2,153,33,36,7,0,2.11658499995247
136,2,142,174,16,34,0,7.20931499986909
136,2,103,80,32,12,0,1.94758000015281
136,2,165,150,34,8,0,1.32622000016272
136,2,158,115,29,48,1,9.35800500004552
136,2,77,18,17,49,1,1.23392000002787
136,2,118,105,43,16,0,2.52468000003137
136,2,106,123,21,9,0,0.994644999969751
136,2,164,61,33,25,0,1.84636000008322
136,2,16,12,59,66,1,1.5558200001251
136,2,63,55,42,74,0,11.8997649999801
136,2,28,5,35,67,1,1.67858499987051
136,2,124,1,11,60,1,0.987114999908954
136,2,200,131,16,33,1,2.46669499995187
136,2,188,100,31,51,1,2.01760999998078
136,2,159,176,32,29,1,26.6734799998812
136,2,170,25,28,95,1,1.4319700000342
136,2,172,102,29,39,1,1.73811000003479
136,2,51,161,68,29,0,3.38836999982595
136,2,104,173,34,39,0,1.43262499989942
136,2,26,160,55,28,0,3.37082500010729
136,2,13,119,68,13,0,1.19451499986462
136,2,187,168,22,28,1,1.25974499993026
136,2,96,65,35,29,1,1.12008000002243
137,2,13,119,2,4,0,2.86814999999478
137,2,154,39,3,2,1,3.41810499993153
137,2,159,176,12,30,0,2.9380850000307
137,2,165,150,56,7,0,1.8019749999512
137,2,170,25,1,1,0,2.65118999988772
137,2,63,55,11,71,1,2.00163999991491
137,2,77,18,15,2,1,2.13513000006787
137,2,70,184,42,31,1,2.13753499998711
137,2,96,65,88,15,0,1.60363999987021
137,2,155,93,5,47,1,1.55768000008538
137,2,60,17,27,4,0,2.56302500003949
137,2,200,131,26,9,1,2.37647999986075
137,2,106,123,33,1,0,1.61346999998204
137,2,158,115,2,49,1,1.62827500002459
137,2,98,8,28,40,1,2.26897000009194
137,2,114,99,1,26,1,2.04432500014082
137,2,103,80,52,1,0,1.88158999988809
137,2,164,61,73,2,0,1.68535499996506
137,2,26,160,1,6,1,2.39494000002742
137,2,51,161,68,22,0,1.69874000013806
137,2,28,5,37,19,0,2.55607000016607
137,2,142,174,7,58,1,1.75395999988541
137,2,124,1,4,93,1,1.43959000008181
137,2,172,102,57,75,1,1.97864000010304
137,2,187,168,8,54,1,2.32924999995157
137,2,188,100,15,10,1,1.72889999998733
137,2,16,12,41,57,0,2.45675000012852
137,2,153,33,6,69,1,1.51502000004984
137,2,118,105,30,1,0,1.98230000003241
137,2,104,173,92,70,0,1.56229999987409
138,2,28,5,99,91,0,2.46656999998959
138,2,142,174,61,51,1,1.23610000003828
138,2,187,168,23,30,1,1.40408499998739
138,2,63,55,31,84,1,0.929439999978058
138,2,16,12,100,95,0,1.18218000000343
138,2,159,176,34,49,1,1.01919500000076
138,2,106,123,73,50,0,1.32679000002099
138,2,60,17,30,74,1,1.10526500002015
138,2,51,161,78,47,0,1.10764000000199
138,2,77,18,87,83,0,1.09759999997914
138,2,200,131,36,48,1,2.02409999998054
138,2,26,160,71,30,0,1.19377499999246
138,2,124,1,55,77,1,1.15721000003396
138,2,114,99,41,13,0,1.2276149999816
138,2,172,102,43,46,0,1.18821499997284
138,2,13,119,95,51,0,1.11697500001173
138,2,170,25,50,70,1,1.05258000001777
138,2,155,93,38,89,1,1.05883999995422
138,2,165,150,42,37,0,1.10824499995215
138,2,103,80,6,42,1,1.23334500001511
138,2,154,39,24,78,1,1.01121999998577
138,2,104,173,21,74,1,1.2170599999954
138,2,164,61,68,22,0,1.16043999994872
138,2,98,8,27,95,1,0.944264999998268
138,2,158,115,35,6,0,3.08324000000721
138,2,70,184,42,60,1,1.16221500001848
138,2,188,100,50,19,0,1.29930999997305
138,2,96,65,88,38,0,1.125
138,2,153,33,26,39,1,1.15455000003567
138,2,118,105,71,86,1,1.04710999998497
139,2,70,184,3,71,0,9.25361999985762
139,2,188,100,61,66,1,3.05599000002258
139,2,154,39,17,3,1,4.45823500002734
139,2,51,161,68,40,0,3.32455500005744
139,2,172,102,3,2,1,1.03372499998659
139,2,142,174,83,3,0,1.60883000004105
139,2,98,8,26,99,1,2.71639499999583
139,2,63,55,3,80,1,2.62827500002459
139,2,155,93,18,9,1,2.7703549999278
139,2,77,18,1,89,1,1.96734500001185
139,2,165,150,18,74,1,11.9404550001491
139,2,114,99,6,62,1,1.87537000002339
139,2,106,123,28,58,1,10.15909500001
139,2,200,131,11,17,0,50.8616450000554
139,2,13,119,77,59,0,227.78949500015
139,2,164,61,19,1,1,5.71261500008404
139,2,158,115,8,11,1,1.94112500012852
139,2,170,25,11,2,0,3.93530000001192
139,2,118,105,18,1,0,1.82560999994166
139,2,124,1,20,84,1,1.65807999996468
139,2,187,168,75,3,0,1.29760500020348
139,2,153,33,2,1,0,1.30747999995947
139,2,159,176,70,12,0,1.77141500008292
139,2,26,160,97,38,0,1.03601499996148
139,2,103,80,7,4,0,2.21945999981835
139,2,104,173,5,4,0,2.57878499990329
139,2,28,5,93,19,0,1.06167500000447
139,2,60,17,6,2,0,2.1350950000342
139,2,96,65,7,5,0,1.58966999989934
139,2,16,12,96,28,0,2.57422499987297
140,2,77,18,76,86,1,5.91110999999728
140,2,118,105,81,89,1,2.02116999999998
140,2,124,1,94,93,0,1.64923999999883
140,2,159,176,76,68,0,1.1550900000002
140,2,106,123,81,86,1,2.21601999999984
140,2,170,25,89,30,0,7.99070500000016
140,2,165,150,84,70,0,1.34070499999871
140,2,155,93,83,65,1,2.49177000000054
140,2,142,174,71,84,1,0.947944999999891
140,2,154,39,39,1,0,3.2106500000009
140,2,70,184,60,79,1,2.12401999999929
140,2,153,33,72,1,0,4.2368349999997
140,2,164,61,73,94,0,7.94766500000333
140,2,187,168,95,92,0,2.25947499999893
140,2,28,5,24,15,0,2.03403999999864
140,2,114,99,93,76,1,2.13792000000103
140,2,188,100,90,73,0,0.977139999999054
140,2,172,102,75,87,0,0.849070000000211
140,2,26,160,9,95,1,12.1436149999972
140,2,158,115,78,71,0,1.5694250000015
140,2,13,119,30,68,1,1.35987999999634
140,2,200,131,69,83,0,1.05790499999421
140,2,51,161,87,83,1,1.00727000000188
140,2,103,80,85,61,1,2.53451499999943
140,2,104,173,62,86,1,1.33747499999299
140,2,16,12,52,18,0,3.18101500000188
140,2,60,17,59,50,0,12.6236800000042
140,2,96,65,95,92,0,10.1836699999985
140,2,98,8,89,61,0,1.93525999999838
140,2,63,55,91,12,0,5.53962999999931
141,2,158,115,23,13,0,4.39397000009194
141,2,114,99,19,40,0,2.19114999996964
141,2,153,33,8,31,1,3.25435499998275
141,2,28,5,55,46,1,1.88040000002366
141,2,63,55,5,55,1,1.60295499989297
141,2,70,184,12,57,1,2.28011499997228
141,2,164,61,47,9,0,2.14729000010993
141,2,51,161,41,45,1,3.84576499997638
141,2,96,65,66,4,0,1.60458000004292
141,2,188,100,28,16,0,2.05664999992587
141,2,104,173,6,39,1,1.84494500001892
141,2,26,160,69,35,0,1.47067999991123
141,2,103,80,10,13,1,1.79359000001568
141,2,60,17,5,64,1,1.12019499996677
141,2,98,8,38,20,0,2.17774499999359
141,2,155,93,50,7,0,1.7110700000776
141,2,142,174,8,25,1,7.60572999995202
141,2,154,39,10,53,1,1.57840500003658
141,2,172,102,11,24,0,1.51893000002019
141,2,106,123,14,36,1,5.87048000004143
141,2,187,168,18,53,1,10.9722049999982
141,2,200,131,63,20,0,1.49739000003319
141,2,118,105,17,15,0,1.54607500007842
141,2,159,176,42,8,0,1.60584500001278
141,2,170,25,12,75,1,1.56687500001863
141,2,165,150,65,26,0,1.8724350000266
141,2,77,18,29,64,1,8.89741000009235
141,2,13,119,72,17,0,1.18229000002611
141,2,16,12,10,60,1,15.0862450000132
141,2,124,1,16,67,1,1.27317499998026
142,2,16,12,72,84,1,5.61828500000046
142,2,70,184,47,64,1,1.79581000000052
142,2,106,123,87,98,0,2.7334949999995
142,2,103,80,73,57,1,1.91699499999959
142,2,118,105,64,89,1,1.52784000000067
142,2,164,61,85,33,0,1.74489999999969
142,2,153,33,51,30,1,1.82607000000008
142,2,60,17,42,87,1,1.83986999999979
142,2,155,93,49,22,0,1.20035000000006
142,2,96,65,99,9,0,1.38634999999974
142,2,187,168,87,100,1,1.63278499999977
142,2,158,115,67,10,0,2.38214999999944
142,2,104,173,40,84,1,14.197185
142,2,98,8,64,85,1,7.58277999999974
142,2,154,39,26,59,1,14.0948049999997
142,2,142,174,45,100,1,9.84202499999994
142,2,159,176,74,68,1,5.46616999999969
142,2,124,1,99,76,0,3.16110500000016
142,2,26,160,68,48,1,8.16555500000052
142,2,170,25,63,62,1,1.5152550000003
142,2,13,119,94,99,1,3.10460500000045
142,2,165,150,94,64,0,1.34987499999988
142,2,28,5,94,77,0,3.47983000000019
142,2,172,102,86,84,0,1.71199499999965
142,2,188,100,82,58,0,1.44545999999996
142,2,63,55,32,89,1,1.78915500000038
142,2,114,99,29,32,0,2.08153000000044
142,2,200,131,88,18,0,1.92248000000016
142,2,51,161,31,63,1,1.15666499999951
142,2,77,18,88,94,0,1.78144500000053
143,2,96,65,31,26,0,5.11625500000082
143,2,118,105,70,79,1,2.49866500002099
143,2,170,25,61,63,0,1.42848499998217
143,2,104,173,74,58,0,1.4212000000407
143,2,142,174,66,76,0,3.80633500003023
143,2,172,102,68,47,0,1.37215499999002
143,2,159,176,38,50,0,1.42297499999404
143,2,153,33,53,1,0,0.914040000003297
143,2,187,168,61,54,0,1.15670500003034
143,2,155,93,25,40,1,1.44203999999445
143,2,158,115,63,76,1,1.15117499994813
143,2,164,61,68,27,0,1.43474500003504
143,2,28,5,47,57,0,2.68446999997832
143,2,98,8,61,59,0,3.35483500000555
143,2,154,39,57,20,0,2.90629999997327
143,2,103,80,54,73,1,1.81274500000291
143,2,114,99,55,67,1,2.89328000001842
143,2,124,1,21,34,1,2.43067499995232
143,2,51,161,91,68,0,2.36026500002481
143,2,188,100,69,77,1,2.54716999997618
143,2,13,119,55,35,0,1.71085500001209
143,2,200,131,33,64,1,1.20105500001227
143,2,165,150,46,57,1,1.41846000001533
143,2,60,17,34,59,1,2.59320000000298
143,2,106,123,86,27,0,2.33882000000449
143,2,77,18,73,49,0,1.86623500002315
143,2,16,12,54,53,0,3.81449999997858
143,2,63,55,22,58,1,6.79440999997314
143,2,26,160,62,51,0,4.06581499997992
143,2,70,184,54,73,1,2.27926499996101
144,2,164,61,43,45,1,4.40678499999922
144,2,187,168,98,45,0,2.90992500004359
144,2,60,17,49,75,0,3.59102000005078
144,2,155,93,10,35,1,1.90181499999017
144,2,104,173,55,7,0,1.40223000000697
144,2,165,150,54,49,1,2.63024500000756
144,2,16,12,5,4,1,2.72105999989435
144,2,170,25,79,67,0,1.58668499998748
144,2,103,80,65,2,0,1.15791499998886
144,2,96,65,51,29,1,22.1641999999993
144,2,98,8,53,31,0,2.73373500001617
144,2,28,5,43,33,1,2.63403000007384
144,2,154,39,25,4,0,2.87132000003476
144,2,172,102,9,42,1,2.11932499997783
144,2,63,55,36,4,0,1.2975200000219
144,2,106,123,80,32,0,2.66926999995485
144,2,70,184,68,54,1,10.6457350000273
144,2,159,176,32,21,0,1.71627500001341
144,2,114,99,86,65,0,2.75196000002325
144,2,118,105,27,57,1,0.0262299999594688
144,2,77,18,70,70,1,2.48756500007585
144,2,124,1,22,34,0,1.63448999996763
144,2,142,174,27,32,1,1.76225000002887
144,2,188,100,52,55,0,2.24745999998413
144,2,158,115,4,5,1,2.03529000002891
144,2,13,119,5,43,1,1.55699499999173
144,2,26,160,21,14,1,1.29940500005614
144,2,200,131,27,4,0,5.64405999996234
144,2,51,161,29,43,1,1.52321000001393
144,2,153,33,19,4,0,28.2918000000063
145,2,26,160,1,23,1,2.20638999997755
145,2,200,131,6,61,1,1.27117999998154
145,2,96,65,78,40,0,2.20814500001143
145,2,118,105,57,1,0,1.40272000001278
145,2,28,5,58,1,0,1.48107000000891
145,2,51,161,1,1,1,1.91596499999287
145,2,98,8,72,65,1,1.5850999999966
145,2,114,99,37,52,0,1.75022000001627
145,2,70,184,1,9,1,1.30493499999284
145,2,165,150,14,55,1,1.39075500000035
145,2,124,1,10,82,1,1.0553100000252
145,2,60,17,51,73,1,1.09320500001195
145,2,104,173,47,55,0,1.79672499999288
145,2,77,18,1,91,1,0.989414999989094
145,2,159,176,25,55,1,1.27173499998753
145,2,13,119,1,1,1,1.51172500001849
145,2,63,55,63,63,0,1.22618500000681
145,2,16,12,62,1,0,1.301529999997
145,2,153,33,1,11,1,0.896260000008624
145,2,155,93,34,1,0,1.6858249999932
145,2,164,61,56,26,0,1.15828999999212
145,2,142,174,22,22,1,2.38595000002533
145,2,154,39,1,54,1,1.10932000001776
145,2,172,102,1,47,1,1.06654500000877
145,2,170,25,26,65,1,1.22140000000945
145,2,187,168,19,1,0,1.64770000000135
145,2,188,100,18,65,1,1.63931999998749
145,2,106,123,40,2,0,1.27184999999008
145,2,103,80,55,10,0,2.31805000000168
145,2,158,115,1,29,1,1.51407500001369
146,2,26,160,71,62,0,3.75086500000907
146,2,106,123,99,40,0,1.33501499996055
146,2,98,8,36,84,1,1.41990500001702
146,2,159,176,36,72,1,3.92784499999834
146,2,164,61,48,41,0,2.73294499999611
146,2,153,33,41,96,1,1.61875999998301
146,2,158,115,26,27,1,1.21861500001978
146,2,165,150,85,52,0,2.19498999998905
146,2,170,25,76,92,1,0.794144999992568
146,2,200,131,54,54,0,1.92342499998631
146,2,188,100,82,19,0,1.25017499999376
146,2,103,80,47,1,0,1.98820500000147
146,2,28,5,74,79,0,2.69317500002217
146,2,172,102,89,50,0,4.01967000000877
146,2,51,161,49,56,1,1.46981499996036
146,2,155,93,46,19,0,1.81956999999238
146,2,13,119,83,88,0,1.2598950000247
146,2,70,184,25,20,1,20.053515000036
146,2,63,55,51,38,0,1.82335500000045
146,2,154,39,36,65,1,2.17086999997264
146,2,118,105,25,1,0,1.95669500000076
146,2,104,173,46,72,1,1.4706700000097
146,2,96,65,44,37,1,1.37162000004901
146,2,114,99,10,28,1,1.85581999999704
146,2,142,174,60,67,1,4.02116499998374
146,2,16,12,90,90,0,1.96416499995394
146,2,60,17,76,86,1,0.982199999969453
146,2,187,168,65,90,0,1.59400500002084
146,2,124,1,56,68,1,1.70045499998378
146,2,77,18,1,84,1,1.46036500000628
147,2,154,39,27,72,1,11.4890149999992
147,2,118,105,90,12,0,3.81964000000153
147,2,142,174,25,24,1,3.27897499999381
147,2,170,25,14,73,1,2.33821000001626
147,2,104,173,65,99,1,2.01362499999232
147,2,26,160,59,30,0,3.93204000001424
147,2,153,33,18,82,1,2.53753500001039
147,2,106,123,61,48,0,3.38431500000297
147,2,165,150,100,24,0,2.15824499999871
147,2,77,18,10,99,1,3.29303999998956
147,2,98,8,91,84,0,12.2036650000082
147,2,172,102,99,68,0,2.29560499999207
147,2,158,115,19,79,1,4.35279500001343
147,2,70,184,94,74,0,9.24241500001517
147,2,103,80,83,12,0,2.55305000001681
147,2,155,93,38,63,1,3.75975500000641
147,2,51,161,74,72,0,2.84575999999652
147,2,60,17,8,87,1,2.0141799999983
147,2,114,99,59,28,0,3.88154000000213
147,2,63,55,12,80,1,1.93203999998514
147,2,187,168,32,88,1,2.13293500000145
147,2,164,61,85,2,0,2.45702000000165
147,2,28,5,57,60,0,4.17689999999129
147,2,13,119,75,31,0,2.88365499998326
147,2,188,100,34,15,1,4.13590999998269
147,2,159,176,39,85,1,2.35210000001825
147,2,96,65,96,21,0,1.92348500000662
147,2,124,1,49,92,1,2.2584649999917
147,2,200,131,17,5,0,3.17567500000587
147,2,16,12,66,81,1,2.32487000001129
148,2,13,119,57,88,1,4.2852299999995
148,2,188,100,73,99,1,2.64462999999887
148,2,158,115,98,99,1,2.26553000000058
148,2,104,173,83,87,1,1.47481999999945
148,2,154,39,99,97,1,2.16320500000074
148,2,70,184,80,98,1,1.47566000000006
148,2,172,102,82,98,0,3.47661499999958
148,2,51,161,98,98,1,1.58484500000122
148,2,103,80,85,99,1,1.0654000000013
148,2,159,176,99,99,1,1.18412499999977
148,2,200,131,85,77,0,1.89229000000161
148,2,63,55,97,90,1,1.10177999999907
148,2,118,105,80,99,1,1.16939500000083
148,2,26,160,88,98,0,1.32748499999981
148,2,114,99,79,83,1,1.36081000000011
148,2,165,150,73,62,1,1.29909000000043
148,2,124,1,90,99,1,1.3174549999985
148,2,60,17,97,99,1,1.11861499999941
148,2,16,12,88,100,1,1.3414499999999
148,2,28,5,99,98,1,1.42905000000066
148,2,142,174,71,75,1,1.01008999999976
148,2,187,168,60,98,1,1.0092650000006
148,2,164,61,59,76,0,1.59026499999891
148,2,98,8,92,95,1,1.45087500000047
148,2,106,123,99,98,1,1.57291000000079
148,2,155,93,73,98,1,1.03851500000025
148,2,77,18,98,99,1,1.19104999999946
148,2,153,33,99,18,0,1.54636500000017
148,2,96,65,99,96,0,1.53880500000011
148,2,170,25,93,99,1,1.03464999999962
149,2,187,168,84,83,0,1.9611000000732
149,2,170,25,63,74,0,1.3779649999924
149,2,96,65,91,77,0,2.82531999994535
149,2,172,102,50,97,1,2.24673000001349
149,2,188,100,89,72,0,1.24241000006441
149,2,153,33,91,95,0,1.52383000007831
149,2,13,119,97,86,1,1.45892999996431
149,2,165,150,57,62,0,1.1478899999056
149,2,142,174,97,67,0,1.06445499998517
149,2,103,80,49,94,0,1.52458500000648
149,2,77,18,97,93,0,1.12439499993343
149,2,60,17,85,46,1,1.11540000000969
149,2,200,131,96,72,0,1.22295500000473
149,2,118,105,84,98,0,3.33585999999195
149,2,98,8,97,95,0,2.75391999993008
149,2,114,99,72,69,0,1.76057499996386
149,2,16,12,92,88,1,1.28901500010397
149,2,159,176,70,70,0,1.44247000000905
149,2,158,115,87,2,0,1.50159499992151
149,2,70,184,75,78,0,2.17035499995109
149,2,124,1,91,93,0,1.03107499994803
149,2,154,39,55,45,0,1.45938000001479
149,2,26,160,78,79,0,12.7672299999977
149,2,63,55,31,16,1,1.81611999997403
149,2,51,161,42,12,0,1.54421999992337
149,2,106,123,70,95,1,1.06421500002034
149,2,104,173,92,95,0,1.46737500000745
149,2,164,61,52,44,0,1.15637500002049
149,2,155,93,19,19,1,1.75647999998182
149,2,28,5,88,93,1,1.9354549999116
150,2,187,168,71,96,1,7.60475000000224
150,2,159,176,91,3,0,2.65670500000124
150,2,200,131,39,5,0,2.70422999999937
150,2,26,160,4,3,1,5.47577000000092
150,2,77,18,77,13,0,2.24650000000111
150,2,98,8,64,9,0,2.26233499999944
150,2,142,174,73,8,0,2.42585500000132
150,2,106,123,94,68,0,7.07475999999951
150,2,16,12,7,62,1,2.21566499999972
150,2,60,17,69,19,0,1.95759499999986
150,2,172,102,63,28,0,3.56322500000169
150,2,170,25,2,18,1,4.0250100000012
150,2,96,65,86,25,0,1.94659500000125
150,2,104,173,63,70,1,2.27598500000022
150,2,118,105,61,83,1,2.4539999999979
150,2,165,150,92,80,0,6.35870499999874
150,2,154,39,63,3,0,1.76304499999969
150,2,153,33,20,2,0,1.59350500000073
150,2,158,115,89,1,0,1.94542000000001
150,2,63,55,63,1,0,2.84180000000203
150,2,28,5,3,28,1,2.02517499999888
150,2,164,61,5,84,1,2.76146999999764
150,2,124,1,97,33,0,1.89111499999859
150,2,188,100,87,57,0,2.14308000000165
150,2,70,184,71,20,0,2.30279499999958
150,2,114,99,5,11,1,4.07244999999966
150,2,155,93,64,35,0,2.17296500000154
150,2,13,119,12,93,1,1.7861550000016
150,2,51,161,4,1,1,4.08628500000126
150,2,103,80,96,91,1,2.12319500000012
151,2,172,102,48,35,0,4.39578999998048
151,2,103,80,51,2,0,1.40760500007309
151,2,124,1,12,99,1,1.28251500008628
151,2,154,39,22,97,1,1.2088399999775
151,2,188,100,1,1,1,1.58686499996111
151,2,164,61,54,83,1,1.17537000006996
151,2,158,115,17,53,1,1.1544850000646
151,2,153,33,29,52,1,1.11787999980152
151,2,98,8,5,71,1,1.43769999989308
151,2,51,161,53,12,0,1.72737500001676
151,2,187,168,1,45,1,1.08202999993227
151,2,70,184,36,98,1,1.89349999977276
151,2,60,17,87,98,1,1.4425199998077
151,2,63,55,84,75,0,1.18197499983944
151,2,155,93,5,20,1,2.30061500007287
151,2,104,173,33,8,0,1.32800500001758
151,2,165,150,55,33,1,1.54058999987319
151,2,28,5,77,98,1,1.73366999998689
151,2,159,176,44,1,0,1.81795000005513
151,2,16,12,62,98,1,1.14918499998748
151,2,96,65,14,96,1,1.393264999846
151,2,26,160,94,20,0,1.516825000057
151,2,77,18,55,99,1,1.60268500004895
151,2,106,123,20,32,1,2.10310000018217
151,2,114,99,39,12,1,2.39085500012152
151,2,13,119,83,21,0,1.33577500004321
151,2,170,25,30,96,1,1.15098999999464
151,2,200,131,8,56,1,1.2283649998717
151,2,142,174,6,36,1,1.17217999999411
151,2,118,105,13,34,1,1.29250500001945
152,2,106,123,90,95,1,3.04044500016607
152,2,158,115,57,1,0,1.32241499982774
152,2,104,173,42,76,1,1.20240499987267
152,2,103,80,38,51,1,1.24665499990806
152,2,13,119,48,73,1,1.16454500006512
152,2,114,99,87,77,0,1.24750000005588
152,2,187,168,81,67,0,1.59263999992982
152,2,26,160,71,52,0,2.10639499989338
152,2,164,61,61,15,0,1.37552500003949
152,2,60,17,33,59,1,2.78429999994114
152,2,142,174,78,74,0,2.25465000001714
152,2,28,5,1,54,1,1.60085999988951
152,2,124,1,97,72,0,2.23449499998242
152,2,200,131,75,51,0,1.45714500010945
152,2,70,184,31,81,1,3.21176499989815
152,2,51,161,46,49,1,1.98258000006899
152,2,96,65,22,28,0,2.22122499998659
152,2,172,102,72,50,0,1.59139999980107
152,2,98,8,92,48,0,2.17495999997482
152,2,170,25,50,53,0,1.65249000000767
152,2,154,39,50,25,0,3.86997999995947
152,2,153,33,46,14,0,1.74745499994606
152,2,16,12,58,78,1,2.45117000001483
152,2,159,176,78,46,0,4.34210000000894
152,2,77,18,87,56,0,1.3521349998191
152,2,188,100,98,91,0,3.45834000012837
152,2,63,55,49,53,0,1.66621500020847
152,2,155,93,53,51,1,2.70966500020586
152,2,118,105,82,57,0,2.18200999987312
152,2,165,150,63,76,1,1.6957499999553
153,2,96,65,51,56,0,6.88452000077814
153,2,60,17,34,71,1,1.96325499936938
153,2,159,176,8,76,1,1.65866500046104
153,2,142,174,44,78,1,1.47431499976665
153,2,164,61,82,40,0,1.19180500041693
153,2,165,150,48,72,1,1.83079000003636
153,2,124,1,70,69,0,1.36106000002474
153,2,118,105,68,63,0,1.17469500005245
153,2,187,168,8,48,1,1.44196000043303
153,2,106,123,65,74,0,2.73883999977261
153,2,153,33,11,55,0,1.28481000009924
153,2,170,25,2,62,1,1.70245000068098
153,2,28,5,51,70,1,1.15371499955654
153,2,114,99,53,45,0,1.41289000026882
153,2,104,173,36,48,1,1.24129999987781
153,2,51,161,8,15,1,1.33022999949753
153,2,158,115,55,45,0,1.97242499981076
153,2,172,102,36,48,1,1.84774000011384
153,2,188,100,30,52,0,1.78353000059724
153,2,26,160,16,63,0,1.62540000025183
153,2,70,184,78,31,0,1.53113000001758
153,2,63,55,58,6,0,1.5136250006035
153,2,155,93,49,13,0,1.45593999978155
153,2,13,119,74,63,1,2.08141999971122
153,2,77,18,60,66,0,2.0206749998033
153,2,200,131,67,53,0,1.37426499929279
153,2,98,8,76,60,0,1.47856499999762
153,2,103,80,50,66,1,108.283455000259
153,2,16,12,46,90,1,1.83281000051647
153,2,154,39,5,51,1,3.86399000044912
154,2,155,93,38,25,0,9.80207500001416
154,2,70,184,37,79,1,3.24265500000911
154,2,153,33,62,1,0,2.08396499999799
154,2,77,18,21,92,1,1.93022500001825
154,2,96,65,22,22,1,3.51827000000048
154,2,158,115,20,13,0,2.04187499999534
154,2,154,39,10,64,1,2.1015849999967
154,2,28,5,81,82,1,3.95669500000076
154,2,26,160,92,63,0,1.8570250000339
154,2,13,119,100,91,0,1.5202500000014
154,2,60,17,23,78,1,1.48962499998743
154,2,124,1,90,79,1,3.29623500001617
154,2,51,161,78,64,0,1.71233499998925
154,2,200,131,23,10,0,3.59247000003234
154,2,63,55,22,80,1,1.43654999998398
154,2,187,168,25,64,1,1.51218499999959
154,2,103,80,8,1,0,1.80419499997515
154,2,98,8,64,100,1,1.51313999999547
154,2,104,173,6,10,1,3.12323999998625
154,2,16,12,100,91,0,2.10846999997739
154,2,106,123,62,89,1,1.30882999999449
154,2,118,105,64,21,0,3.15916500001913
154,2,170,25,93,92,1,8.32257000001846
154,2,164,61,37,22,0,2.06271000002744
154,2,114,99,64,38,0,2.10403500002576
154,2,172,102,63,22,0,2.12479500001064
154,2,165,150,63,23,0,2.15465000004042
154,2,159,176,63,23,0,4.12248999997973
154,2,188,100,23,63,1,2.42982499999925
154,2,142,174,23,63,1,1.85646499996074
155,2,172,102,56,28,0,3.30350999999791
155,2,104,173,12,75,1,4.15670000005048
155,2,124,1,69,1,0,2.66922000003979
155,2,60,17,82,2,0,1.64283999998588
155,2,114,99,1,16,1,3.62661499995738
155,2,70,184,74,67,0,3.79764000000432
155,2,200,131,59,1,0,1.98274000000674
155,2,159,176,64,71,0,2.02909999992698
155,2,164,61,23,6,0,2.97832500003278
155,2,188,100,80,1,0,1.77098500006832
155,2,158,115,1,1,1,107.283809999935
155,2,13,119,1,2,1,3.68761000002269
155,2,103,80,17,52,1,2.8310899999924
155,2,154,39,1,17,1,2.37528499995824
155,2,187,168,84,68,0,2.09961000003386
155,2,77,18,59,1,0,1.96655500004999
155,2,170,25,1,1,0,3.90946500003338
155,2,28,5,1,1,1,2.55073499993887
155,2,16,12,1,2,1,2.54758499993477
155,2,165,150,54,77,1,2.29004500003066
155,2,142,174,76,8,0,1.9210599999642
155,2,26,160,1,1,1,1.64425999997184
155,2,118,105,29,79,1,2.36028499994427
155,2,155,93,29,64,1,1.93314999993891
155,2,96,65,1,48,1,2.49438000004739
155,2,63,55,97,1,0,1.61295999994036
155,2,51,161,8,23,1,2.49994500004686
155,2,106,123,25,2,0,1.69144500000402
155,2,98,8,62,1,0,1.56242500001099
155,2,153,33,1,1,0,3.74520999996457
156,2,96,65,72,36,0,4.32489000000077
156,2,51,161,19,50,1,2.67971000000034
156,2,165,150,37,12,0,6.60102999999982
156,2,158,115,15,37,1,10.4141299999992
156,2,155,93,49,62,0,8.65556500000003
156,2,70,184,82,11,0,4.78821499999959
156,2,104,173,57,6,0,6.75033999999962
156,2,172,102,57,51,0,2.24081000000023
156,2,60,17,51,4,0,2.60084499999991
156,2,164,61,41,49,0,2.30245500000002
156,2,26,160,18,50,1,2.49488999999996
156,2,13,119,37,23,1,3.2839899999999
156,2,98,8,44,34,0,5.09685000000082
156,2,200,131,50,23,0,3.11674500000026
156,2,63,55,34,13,0,4.4738299999999
156,2,16,12,30,35,1,3.13385999999993
156,2,118,105,49,51,1,3.12441000000035
156,2,187,168,71,19,0,2.27160999999978
156,2,106,123,100,16,0,2.1430499999997
156,2,77,18,100,51,0,3.47955499999988
156,2,170,25,20,7,0,1.80010000000038
156,2,188,100,52,31,1,6.96694500000012
156,2,159,176,35,15,0,1.54258000000025
156,2,114,99,6,76,1,1.20839999999956
156,2,142,174,26,34,1,2.51873999999953
156,2,153,33,26,71,1,2.34092499999952
156,2,103,80,50,57,1,3.98546499999973
156,2,28,5,43,34,1,2.32484999999998
156,2,124,1,30,34,0,2.87460499999998
156,2,154,39,23,14,1,1.19449999999959
157,2,153,33,39,67,0,6.60993500000041
157,2,165,150,80,77,1,4.89728500000092
157,2,26,160,31,47,0,3.89891499999976
157,2,172,102,79,51,0,1.29479499999979
157,2,16,12,7,66,1,0.937670000001162
157,2,142,174,81,92,1,1.77902999999969
157,2,164,61,74,46,0,1.66163000000051
157,2,170,25,69,69,0,2.12608999999975
157,2,154,39,77,17,0,1.09355000000144
157,2,104,173,38,71,1,1.86047499999948
157,2,124,1,78,76,1,1.72850000000111
157,2,188,100,87,52,0,1.80959499999881
157,2,63,55,37,56,1,1.84737999999925
157,2,96,65,51,30,0,1.98217500000104
157,2,106,123,97,83,0,0.943409999999858
157,2,60,17,50,68,1,1.22972499999925
157,2,158,115,75,3,0,1.5247650000001
157,2,98,8,47,20,0,1.49216499999969
157,2,77,18,73,44,0,1.45117000000027
157,2,200,131,64,98,1,1.54466499999946
157,2,70,184,37,99,1,1.14889500000025
157,2,51,161,51,57,0,2.76483000000007
157,2,13,119,29,75,1,1.82513499999914
157,2,159,176,90,67,0,1.40757000000123
157,2,155,93,88,70,0,1.06578499999887
157,2,187,168,82,79,1,2.20951499999868
157,2,114,99,20,46,0,1.49656999999931
157,2,28,5,3,58,1,1.67799999999988
157,2,103,80,20,66,1,1.48258499999973
157,2,118,105,48,68,1,1.72889500000019
158,2,16,12,49,59,1,2.88473000004888
158,2,98,8,57,51,0,3.38923000008799
158,2,170,25,41,38,1,2.93183499993756
158,2,77,18,58,58,0,2.80586500000209
158,2,158,115,43,53,1,1.369765000185
158,2,106,123,69,68,1,7.28263000003062
158,2,187,168,62,66,0,2.82643999997526
158,2,13,119,58,52,0,1.94323499989696
158,2,142,174,51,73,1,1.71446000016294
158,2,165,150,71,76,0,2.86392499995418
158,2,153,33,50,28,0,1.97445000009611
158,2,172,102,52,63,1,6.5550749998074
158,2,70,184,41,62,1,1.47765499982052
158,2,26,160,67,46,0,1.70367499999702
158,2,159,176,48,34,0,2.39130500005558
158,2,60,17,48,40,0,2.48698500008322
158,2,164,61,41,58,1,3.29119499982335
158,2,155,93,54,70,1,1.24790499988012
158,2,51,161,57,57,1,2.63540500006638
158,2,124,1,63,44,0,1.49861499993131
158,2,96,65,65,50,0,2.57929500006139
158,2,154,39,43,53,1,1.70391499996185
158,2,104,173,54,52,1,2.53420499991626
158,2,188,100,57,67,0,1.89601500006393
158,2,28,5,55,59,1,2.3887050000485
158,2,63,55,53,64,1,1.53336500003934
158,2,114,99,63,61,0,1.57377500017174
158,2,103,80,53,49,0,6.69571499992162
158,2,118,105,69,71,1,1.7203749998007
158,2,200,131,54,56,0,1.70593000017107
159,2,154,39,50,51,1,6.12787500000195
159,2,172,102,98,50,0,2.49179999999978
159,2,77,18,99,97,1,2.20949499999915
159,2,142,174,52,97,1,2.04506499999843
159,2,96,65,99,51,0,2.18247499999779
159,2,188,100,99,50,0,2.00838499999736
159,2,63,55,49,97,1,1.83351000000039
159,2,60,17,51,2,0,2.16119999999864
159,2,98,8,51,97,1,1.71334500000012
159,2,155,93,51,97,1,3.93418999999994
159,2,159,176,51,2,0,2.35381000000052
159,2,118,105,51,97,1,3.40486000000237
159,2,106,123,37,51,0,5.02354000000196
159,2,28,5,99,49,0,1.75746000000072
159,2,16,12,98,59,0,1.64343999999983
159,2,165,150,98,51,0,1.70967500000188
159,2,70,184,99,99,0,1.45416499999919
159,2,26,160,1,51,1,2.99077000000034
159,2,51,161,99,99,0,5.58364000000074
159,2,114,99,51,51,1,3.331005
159,2,13,119,99,50,0,1.70777000000089
159,2,170,25,98,3,0,2.07946499999889
159,2,153,33,49,50,0,1.80520999999862
159,2,187,168,98,98,0,4.52512500000012
159,2,124,1,52,51,1,2.89519499999727
159,2,200,131,51,68,1,2.86374000000069
159,2,103,80,50,97,1,1.6558399999995
159,2,104,173,50,97,1,2.85249499999918
159,2,158,115,53,50,1,2.30074500000046
159,2,164,61,98,50,0,1.76157500000042
160,2,124,1,9,76,1,2.06014499999583
160,2,16,12,59,58,1,3.26341499993578
160,2,158,115,40,72,1,2.06913499999791
160,2,98,8,79,58,0,2.28499500034377
160,2,13,119,43,10,0,2.17377500003204
160,2,155,93,18,79,1,1.77690500020981
160,2,106,123,82,9,0,1.74493000004441
160,2,165,150,27,56,1,1.80172500014305
160,2,200,131,9,47,1,4.58553500007838
160,2,103,80,61,26,0,1.78291500033811
160,2,153,33,64,53,1,2.68099500006065
160,2,164,61,20,59,1,1.92693000007421
160,2,104,173,61,12,0,2.47453500004485
160,2,142,174,14,41,1,2.13283500028774
160,2,70,184,87,51,0,1.44980000006035
160,2,154,39,11,61,1,2.1973550003022
160,2,63,55,57,36,0,3.00757999997586
160,2,114,99,59,71,1,2.10376500012353
160,2,188,100,46,72,1,3.68628500029445
160,2,60,17,61,57,1,3.18622000003234
160,2,118,105,79,69,0,4.31336499983445
160,2,170,25,1,60,1,1.67835999978706
160,2,172,102,31,60,1,2.78786500031129
160,2,28,5,44,56,1,2.43232999974862
160,2,51,161,82,35,0,1.83876999979839
160,2,159,176,47,48,1,3.50588499987498
160,2,187,168,43,31,0,1.80566499987617
160,2,77,18,58,63,0,2.28217000002041
160,2,96,65,64,55,0,1.50248500006273
160,2,26,160,46,53,0,2.54397499980405
161,2,106,123,100,95,0,4.61353500001132
161,2,13,119,83,100,1,1.83567000000039
161,2,153,33,88,1,0,1.41768000001321
161,2,51,161,85,80,0,2.39520000002813
161,2,142,174,100,100,0,3.83615500002634
161,2,103,80,30,84,1,1.76131999999052
161,2,155,93,11,68,1,2.00788499996997
161,2,188,100,100,100,0,1.49527000001399
161,2,26,160,17,54,1,1.15535000001546
161,2,63,55,24,83,1,1.94944999995641
161,2,170,25,100,63,0,1.32580999995116
161,2,114,99,100,76,0,1.40022999997018
161,2,16,12,100,1,0,1.48216000001412
161,2,28,5,97,1,0,1.79912500001956
161,2,165,150,41,91,1,2.22524499997962
161,2,70,184,37,84,1,1.30800000001909
161,2,118,105,60,100,1,3.41907499998342
161,2,200,131,87,64,0,2.35654000000795
161,2,172,102,94,65,0,1.34218499995768
161,2,124,1,88,60,0,1.74429500004044
161,2,158,115,100,11,0,1.01149000000441
161,2,154,39,88,1,0,1.07852000003913
161,2,187,168,100,88,0,1.58260500000324
161,2,60,17,65,67,0,1.52838000003248
161,2,159,176,94,68,0,5.15185500000371
161,2,96,65,76,5,0,1.4816400000127
161,2,164,61,88,19,0,1.33397500001593
161,2,77,18,100,95,0,2.89586499996949
161,2,104,173,56,100,1,1.22239000000991
161,2,98,8,73,100,1,1.60157999995863
162,2,159,176,73,56,1,14.0376650000107
162,2,103,80,53,67,1,4.95755499997176
162,2,106,123,67,75,1,4.21419000002788
162,2,164,61,67,22,0,4.63481499999762
162,2,118,105,73,81,1,4.81387000001268
162,2,158,115,81,67,0,6.63818499998888
162,2,60,17,41,36,1,6.73263499996392
162,2,13,119,41,75,1,5.79512500000419
162,2,96,65,41,39,0,5.90617500001099
162,2,188,100,75,81,0,3.98555499996291
162,2,51,161,22,67,1,9.90831500000786
162,2,155,93,67,75,0,11.366624999966
162,2,28,5,41,39,0,5.82781500002602
162,2,154,39,75,27,0,3.95616000000155
162,2,63,55,30,41,1,4.5466899999883
162,2,165,150,67,64,1,4.42940500000259
162,2,124,1,81,22,0,5.19910500000697
162,2,70,184,67,70,1,5.04397500003688
162,2,142,174,67,81,0,4.34979000000749
162,2,187,168,67,73,0,4.06196999998065
162,2,170,25,75,27,0,4.98268999997526
162,2,114,99,73,70,0,4.86796000000322
162,2,153,33,70,13,0,3.49861999996938
162,2,98,8,70,70,0,3.63144999998622
162,2,26,160,22,56,1,4.27123000001302
162,2,104,173,56,64,1,4.172675000038
162,2,77,18,67,50,0,4.96528000000399
162,2,200,131,92,64,0,3.47741500003031
162,2,172,102,73,61,0,5.09717000002274
162,2,16,12,56,47,0,9.02338999998756
163,2,170,25,2,98,1,3.40738000004785
163,2,114,99,1,3,0,2.68992000003345
163,2,63,55,4,78,1,3.18281500000739
163,2,26,160,99,1,0,1.3105949999881
163,2,70,184,2,2,0,2.65138499997556
163,2,124,1,2,99,1,1.12167500000214
163,2,104,173,1,3,0,1.6099600000307
163,2,106,123,4,4,0,4.28886500000954
163,2,154,39,1,98,1,1.21377999999095
163,2,96,65,2,2,0,2.22402500000317
163,2,103,80,1,1,0,1.86790499999188
163,2,188,100,2,2,1,1.77734500000952
163,2,159,176,2,2,0,1.60717500001192
163,2,98,8,1,100,1,1.11474500002805
163,2,28,5,99,99,1,1.14287000003969
163,2,77,18,2,99,1,1.01769499998773
163,2,165,150,2,2,0,1.63850000000093
163,2,200,131,2,1,1,1.32303500000853
163,2,158,115,1,67,1,1.15880500001367
163,2,153,33,1,99,1,0.987245000025723
163,2,60,17,3,100,1,0.88982500002021
163,2,51,161,72,2,0,1.16689499997301
163,2,13,119,99,1,0,1.00447499996517
163,2,118,105,1,2,1,2.11394999996992
163,2,155,93,1,2,1,1.87176999996882
163,2,142,174,2,3,0,1.77228000003379
163,2,164,61,2,1,0,2.2240350000211
163,2,187,168,1,3,1,1.54792500002077
163,2,16,12,100,99,1,3.95102999999654
163,2,172,102,2,3,0,1.6313450000016
201,3,77,18,59,90,1,2.47904500000004
201,3,114,99,30,18,1,3.64470000000438
201,3,28,5,79,60,1,3.77281000000949
201,3,170,25,7,49,1,2.9424699999945
201,3,159,176,13,18,1,1.71498499999871
201,3,104,173,60,25,1,2.46000500000082
201,3,158,115,5,8,0,1.47582500000135
201,3,200,131,6,66,1,3.37466500001028
201,3,153,33,30,1,0,1.28573000000324
201,3,63,55,22,5,0,1.94482000000426
201,3,187,168,62,11,0,1.60051999999268
201,3,26,160,72,7,1,1.38758499998949
201,3,142,174,7,9,1,2.34483499999624
201,3,16,12,97,89,1,3.02338500000769
201,3,103,80,27,6,0,1.51081500000146
201,3,188,100,24,58,1,2.32947500000591
201,3,51,161,4,12,1,1.17672999999195
201,3,164,61,10,31,1,2.9989399999904
201,3,13,119,87,26,1,3.94024999999965
201,3,124,1,68,96,1,2.75990499999898
201,3,172,102,20,66,1,3.80482999999367
201,3,98,8,74,76,0,1.47428500000387
201,3,154,39,12,29,0,2.53057499999704
201,3,106,123,26,37,0,1.791075000001
201,3,60,17,35,90,1,3.045100000003
201,3,70,184,92,33,0,1.85212999999931
201,3,96,65,71,27,0,2.46998999999778
201,3,165,150,19,51,1,1.86327999999048
201,3,118,105,79,2,0,1.1741949999996
201,3,155,93,10,26,1,1.36953500000527
202,3,26,160,1,1,0,4.69938499999989
202,3,165,150,1,3,1,2.63626500000828
202,3,155,93,13,26,1,1.59307499999704
202,3,200,131,1,8,1,1.22462999999698
202,3,60,17,8,88,0,7.30700499999512
202,3,70,184,1,1,0,1.75173000000359
202,3,153,33,100,4,0,3.86198999999033
202,3,188,100,1,1,1,1.79849000000104
202,3,158,115,1,64,1,1.13652499999444
202,3,164,61,1,84,1,2.24149999998917
202,3,114,99,1,1,1,2.82685500000662
202,3,103,80,83,100,1,1.55228000000352
202,3,172,102,1,99,1,1.49974499999371
202,3,154,39,9,1,1,1.46406500000739
202,3,16,12,1,73,1,1.85939500000677
202,3,28,5,27,89,0,4.58742500000517
202,3,187,168,1,1,1,6.09493000000657
202,3,106,123,1,1,0,2.24297500000102
202,3,51,161,35,1,0,3.7563300000038
202,3,118,105,1,19,1,1.32657499999914
202,3,77,18,1,29,0,2.2956850000046
202,3,63,55,99,1,0,3.44725500000641
202,3,104,173,1,1,0,2.60476000000199
202,3,124,1,2,87,1,1.32114000000001
202,3,13,119,1,1,0,4.25991999999678
202,3,96,65,12,98,0,4.40033499999845
202,3,98,8,5,1,0,4.0914449999982
202,3,170,25,10,86,1,1.54574500001036
202,3,159,176,1,1,0,1.91586499998812
202,3,142,174,4,1,0,1.60459500001161
203,3,158,115,59,36,0,2.355
203,3,70,184,8,62,1,1.246
203,3,200,131,63,57,1,1.596
203,3,114,99,62,61,0,1.534
203,3,60,17,1,72,1,1.245
203,3,104,173,56,67,1,0.937
203,3,77,18,27,82,1,0.972
203,3,106,123,60,53,1,1.687
203,3,118,105,58,24,0,1.702
203,3,103,80,54,3,0,1.177
203,3,187,168,62,20,1,1.509
203,3,165,150,72,12,0,1.177
203,3,13,119,47,53,0,1.113
203,3,96,65,30,5,0,1.333
203,3,188,100,66,57,0,1.047
203,3,153,33,68,12,0,1.775
203,3,155,93,61,13,0,1.251
203,3,159,176,18,69,1,3.348
203,3,170,25,63,69,1,1.896
203,3,172,102,53,51,0,1.678
203,3,164,61,25,2,0,1.278
203,3,124,1,56,58,1,1.309
203,3,28,5,84,76,0,1.711
203,3,142,174,56,75,1,1.159
203,3,154,39,39,43,1,2.208
203,3,63,55,2,9,1,1.052
203,3,51,161,34,91,1,1.828
203,3,98,8,66,76,1,0.945
203,3,26,160,3,68,1,1.59
203,3,16,12,81,69,1,2.107
204,3,104,173,84,70,0,5.55935500000487
204,3,13,119,82,79,0,1.39784499999951
204,3,96,65,72,84,1,1.01248499999929
204,3,26,160,17,81,1,0.779295000000275
204,3,172,102,76,78,0,1.7094700000016
204,3,106,123,74,66,0,0.681224999992992
204,3,63,55,84,73,0,1.22844999999506
204,3,187,168,80,84,1,1.0338849999971
204,3,114,99,79,76,0,2.45719499999541
204,3,200,131,81,76,0,1.11964499999885
204,3,118,105,68,79,1,1.4817100000073
204,3,170,25,73,76,0,4.44503000000259
204,3,155,93,69,33,1,2.42749499999627
204,3,188,100,78,84,0,0.887954999998328
204,3,154,39,71,79,1,0.859769999995478
204,3,70,184,65,81,0,1.03112499999406
204,3,60,17,81,48,0,0.900859999994282
204,3,158,115,68,77,1,1.70664000000397
204,3,165,150,77,75,1,3.79706499999156
204,3,142,174,80,88,1,0.692599999994854
204,3,103,80,68,80,0,1.2491250000021
204,3,164,61,86,68,0,1.09234999999171
204,3,77,18,90,73,0,1.3231850000011
204,3,16,12,82,79,1,3.12359499999729
204,3,159,176,72,73,1,1.05799499999557
204,3,153,33,73,73,1,1.32954999999492
204,3,124,1,1,69,1,0.817624999996042
204,3,28,5,88,77,0,1.10725999998976
204,3,98,8,66,76,1,1.80797999999777
204,3,51,161,1,73,0,3.03897999999754
205,3,96,65,86,25,0,3.83605499999248
205,3,104,173,77,80,0,6.13847999999416
205,3,63,55,12,81,1,1.6199300000153
205,3,155,93,93,51,0,2.64371500001289
205,3,159,176,62,55,0,2.07757999998285
205,3,142,174,2,48,1,2.78477500000736
205,3,164,61,39,2,0,2.34609000000637
205,3,114,99,95,39,0,2.05468999998993
205,3,98,8,55,62,1,7.59475499999826
205,3,188,100,33,54,1,2.06412500000442
205,3,158,115,28,63,1,1.56502499998896
205,3,16,12,66,75,1,2.56881999998586
205,3,51,161,44,63,0,1.49278500000946
205,3,200,131,6,82,1,1.75476500001969
205,3,77,18,52,65,1,7.61591000002227
205,3,28,5,64,94,1,1.96001499998965
205,3,118,105,55,39,1,1.77327000000514
205,3,165,150,39,30,0,1.95222999999532
205,3,154,39,7,62,1,3.10254000002169
205,3,124,1,20,65,1,1.14535999999498
205,3,13,119,29,26,0,6.13936000000103
205,3,60,17,30,35,1,2.42012499997509
205,3,170,25,66,23,0,1.44169499998679
205,3,187,168,29,26,1,1.4511900000216
205,3,70,184,49,40,0,2.29908500000602
205,3,153,33,18,11,1,3.24424999998882
205,3,26,160,43,63,0,4.95863000000827
205,3,106,123,51,21,0,2.73974000001908
205,3,172,102,47,72,1,1.49895999999717
205,3,103,80,48,37,0,1.55474500000128
206,3,158,115,23,1,1,3.10306499991566
206,3,70,184,22,22,0,2.1158900000155
206,3,187,168,69,42,0,2.12764999992214
206,3,104,173,10,47,1,2.39824500004761
206,3,188,100,61,65,0,1.02358999988064
206,3,165,150,71,36,1,2.08499999996275
206,3,28,5,39,1,0,2.28386999992654
206,3,154,39,3,35,1,2.71614499995485
206,3,153,33,24,9,0,3.19432000000961
206,3,106,123,20,40,0,5.19505500001833
206,3,200,131,1,14,0,6.14816999994218
206,3,26,160,68,51,1,2.77627000003122
206,3,51,161,26,23,1,3.05193000007421
206,3,77,18,36,65,1,1.46707499981858
206,3,172,102,1,45,1,2.12789000011981
206,3,159,176,18,11,1,20.8215649998747
206,3,103,80,8,1,0,2.45553999999538
206,3,124,1,68,26,0,1.59823000011966
206,3,16,12,38,67,1,1.97469000006095
206,3,98,8,51,65,1,4.02892499999143
206,3,114,99,1,80,1,3.19684499991126
206,3,170,25,24,24,0,2.38950499985367
206,3,63,55,69,14,0,5.88362500001676
206,3,155,93,73,1,0,2.09258499997668
206,3,96,65,1,51,1,3.04924500011839
206,3,164,61,53,1,0,3.86624000011943
206,3,118,105,18,1,1,2.97698500007391
206,3,142,174,7,11,1,5.1545450000558
206,3,13,119,16,51,1,1.08664499991573
206,3,60,17,61,67,0,9.47398000000976
207,3,106,123,32,53,1,2.46249000000535
207,3,70,184,57,42,0,3.12551499999245
207,3,114,99,54,22,0,2.22977999999421
207,3,104,173,67,41,0,2.7183200000145
207,3,170,25,39,86,1,1.97482999999193
207,3,60,17,36,84,1,1.7531350000063
207,3,165,150,24,49,1,2.43677499998012
207,3,13,119,83,39,0,1.84354000000167
207,3,118,105,23,25,1,3.47570499998983
207,3,51,161,33,40,1,1.98422499999288
207,3,159,176,44,31,0,2.41427500001737
207,3,188,100,37,35,1,2.55117500000051
207,3,142,174,38,45,1,3.40441499999724
207,3,172,102,48,64,1,1.71193499999936
207,3,164,61,36,42,1,2.18092499999329
207,3,16,12,80,67,0,2.07099499998731
207,3,200,131,29,36,1,1.7274000000034
207,3,124,1,50,79,1,1.92615000001388
207,3,158,115,46,72,1,1.77329500002088
207,3,98,8,24,75,1,1.74379499998759
207,3,96,65,43,46,1,3.10533000002033
207,3,187,168,28,30,1,2.97080999999889
207,3,153,33,23,57,1,2.1258749999979
207,3,77,18,50,88,1,1.84980999998515
207,3,26,160,85,35,0,1.82348999998067
207,3,63,55,25,9,0,1.73253500001738
207,3,155,93,36,44,1,1.88784999999916
207,3,28,5,75,72,0,1.85103999997955
207,3,154,39,38,71,1,1.736264999985
207,3,103,80,61,33,0,2.54905000000144
208,3,70,184,41,56,1,4.56207499999437
208,3,28,5,59,88,1,1.87741500002448
208,3,96,65,42,25,0,2.55331499999738
208,3,153,33,39,22,1,3.50940000000992
208,3,98,8,5,71,1,1.51216499999282
208,3,77,18,32,88,1,0.839654999988852
208,3,188,100,15,4,0,1.49932000000263
208,3,104,173,37,45,1,2.14775000000373
208,3,51,161,57,9,0,1.45016999999643
208,3,200,131,48,58,1,2.08246500001405
208,3,124,1,69,72,1,1.18332999999984
208,3,16,12,72,70,0,2.08298999999533
208,3,172,102,41,50,0,1.72810000000754
208,3,164,61,60,20,0,1.49017499998445
208,3,155,93,23,27,0,2.2896699999983
208,3,63,55,22,48,1,1.57238999998663
208,3,187,168,20,36,1,2.23751999999513
208,3,114,99,44,12,0,1.16171000001486
208,3,142,174,57,23,1,1.42749000000185
208,3,158,115,46,53,1,2.37221499998122
208,3,13,119,87,77,0,1.28278499998851
208,3,165,150,53,9,0,1.98454499998479
208,3,26,160,60,7,0,1.43039000002318
208,3,170,25,51,70,1,1.20729999998002
208,3,60,17,18,71,1,1.53193999998621
208,3,159,176,47,35,0,1.72458999999799
208,3,154,39,42,78,0,2.21279999997932
208,3,106,123,21,65,1,1.28732000000309
208,3,118,105,4,54,1,1.42576000001281
208,3,103,80,19,48,1,2.14382999998634
209,3,106,123,15,46,1,5.56548500002827
209,3,172,102,97,10,0,2.12612499995157
209,3,170,25,96,44,0,2.12680999998702
209,3,200,131,58,86,1,3.21917500003474
209,3,154,39,65,33,0,2.43977999995695
209,3,70,184,6,89,1,1.74891999998363
209,3,124,1,58,82,1,5.13020000001416
209,3,51,161,9,92,1,2.01967499998864
209,3,114,99,90,43,0,1.94623499998124
209,3,103,80,7,6,0,4.85094999999274
209,3,153,33,89,12,0,2.30805500003044
209,3,98,8,17,98,1,2.18113499996252
209,3,16,12,99,76,0,1.87072000000626
209,3,28,5,84,72,0,2.26930000004359
209,3,158,115,80,57,1,4.57697999995435
209,3,96,65,43,21,0,3.38032500003465
209,3,60,17,8,61,1,2.80786499998067
209,3,63,55,8,69,1,2.13475500000641
209,3,118,105,9,27,0,2.92905499995686
209,3,142,174,87,76,1,3.58003499999177
209,3,165,150,98,55,0,1.66943499998888
209,3,13,119,99,56,0,2.30182499997318
209,3,187,168,85,98,1,2.50240499997744
209,3,104,173,12,98,1,2.22632000001613
209,3,77,18,10,98,1,1.60627999994904
209,3,159,176,55,88,1,2.15401499997824
209,3,188,100,87,61,0,1.92427999997744
209,3,155,93,93,59,0,2.02526000002399
209,3,26,160,92,71,0,4.82409999996889
209,3,164,61,97,1,0,1.92412500001956
210,3,98,8,27,18,0,2.29311999998754
210,3,28,5,17,45,1,1.47968500002753
210,3,164,61,5,6,1,1.6471850000089
210,3,154,39,2,50,1,1.50785999998334
210,3,124,1,16,50,1,1.66647999998531
210,3,142,174,8,29,1,1.73175000000629
210,3,70,184,1,1,1,3.25057000000379
210,3,77,18,1,87,1,1.19191500000306
210,3,51,161,39,4,0,1.30103500001132
210,3,16,12,50,54,1,1.78234499998507
210,3,188,100,10,11,1,1.61793000000762
210,3,158,115,1,5,1,1.10050499998033
210,3,200,131,3,4,1,1.17084000000614
210,3,104,173,14,14,0,2.891025000019
210,3,172,102,4,7,1,1.82479499999317
210,3,187,168,9,13,0,1.8488199999847
210,3,13,119,81,10,0,1.48383499999181
210,3,106,123,64,11,0,2.0402850000246
210,3,60,17,26,69,1,1.88713499999722
210,3,114,99,8,15,0,1.51136000000406
210,3,159,176,7,20,1,1.55178000000888
210,3,103,80,7,1,0,1.70946500002174
210,3,96,65,49,11,0,1.3534749999817
210,3,63,55,10,51,1,1.56532500000321
210,3,155,93,7,34,1,1.1195000000007
210,3,153,33,6,53,1,1.08923499999219
210,3,118,105,5,6,0,1.63953499999479
210,3,26,160,41,10,0,1.26974499999778
210,3,165,150,11,24,0,2.62976000001072
210,3,170,25,5,14,1,1.09051499998895
211,3,104,173,89,65,0,2.44484999999986
211,3,13,119,2,69,1,4.65113500000734
211,3,70,184,85,74,0,41.8826649999974
211,3,51,161,87,63,0,2.74119999998948
211,3,142,174,68,71,0,6.48606999999902
211,3,159,176,70,77,1,3.17277499999909
211,3,63,55,98,78,0,2.1478999999963
211,3,188,100,74,98,1,1.92944500000158
211,3,96,65,98,98,0,2.56961999999476
211,3,153,33,64,71,1,3.48076000000583
211,3,170,25,48,27,1,2.30486000000383
211,3,16,12,45,58,1,2.8992750000034
211,3,124,1,74,64,0,2.47928500000853
211,3,154,39,96,58,0,1.9348800000007
211,3,28,5,32,63,1,2.31675000001269
211,3,172,102,59,85,1,2.28811999999743
211,3,114,99,74,99,1,2.07248499999696
211,3,98,8,99,44,0,1.56171500000346
211,3,155,93,62,62,1,1.98569499999576
211,3,106,123,98,63,0,1.8472449999972
211,3,164,61,68,97,1,1.62415999999212
211,3,200,131,71,37,0,2.28083999999217
211,3,118,105,99,95,1,3.23758000000089
211,3,103,80,75,94,1,1.70805500001006
211,3,77,18,98,71,0,1.52572499999951
211,3,187,168,60,65,0,3.88485499999661
211,3,158,115,61,90,1,1.94307500000286
211,3,60,17,99,26,0,1.69148999999743
211,3,26,160,64,49,1,3.83303999999771
211,3,165,150,57,67,1,2.50541499999235
212,3,103,80,42,38,1,2.48039000004064
212,3,51,161,35,57,1,2.15572500007693
212,3,114,99,44,63,1,1.30388499994297
212,3,60,17,64,66,1,1.24733000004198
212,3,200,131,34,19,0,1.41907000006177
212,3,106,123,69,28,0,1.04804000002332
212,3,77,18,60,74,1,1.22278499999084
212,3,142,174,38,29,1,3.3412150000222
212,3,159,176,21,32,1,1.64933000004385
212,3,118,105,88,18,0,1.0838549999753
212,3,28,5,68,54,0,1.6949649999151
212,3,165,150,75,37,0,1.3572100000456
212,3,104,173,10,78,1,0.981405000085942
212,3,124,1,49,64,1,0.972930000047199
212,3,13,119,81,58,0,1.67390499997418
212,3,187,168,60,49,0,1.29731000005268
212,3,70,184,8,34,1,1.15275999996811
212,3,98,8,89,95,1,1.13022000005003
212,3,63,55,53,27,1,1.44014000007883
212,3,172,102,58,24,0,1.55756000010297
212,3,96,65,33,51,1,2.26009999995586
212,3,164,61,45,8,0,1.14796500001103
212,3,16,12,83,69,0,2.97757500002626
212,3,26,160,36,31,0,1.21327999990899
212,3,170,25,54,65,1,1.87708999996539
212,3,155,93,58,30,0,1.21850499999709
212,3,158,115,52,31,0,1.17799499991816
212,3,154,39,29,49,1,1.20101499999873
212,3,188,100,73,69,0,1.21369500004221
212,3,153,33,25,19,0,2.53299500001594
213,3,124,1,79,17,0,3.01292999999896
213,3,77,18,57,6,0,3.57146499999908
213,3,96,65,18,3,0,2.9122699999989
213,3,26,160,2,27,1,1.82387999999992
213,3,63,55,2,1,0,2.36314999999922
213,3,118,105,44,61,1,4.15407500000039
213,3,16,12,8,2,0,1.7663799999991
213,3,60,17,32,2,0,2.04995499999859
213,3,103,80,24,6,0,2.65527499999918
213,3,114,99,55,57,1,2.27695499999935
213,3,172,102,84,24,0,1.6628549999987
213,3,159,176,66,81,1,1.98784499999968
213,3,154,39,38,2,0,1.37159500000055
213,3,187,168,98,96,0,2.20081500000015
213,3,106,123,65,99,1,1.61759499999968
213,3,158,115,4,4,1,3.15495499999999
213,3,200,131,14,32,1,5.5833249999996
213,3,13,119,2,96,1,1.14225000000079
213,3,70,184,16,54,0,2.48307999999996
213,3,142,174,15,93,1,1.45636500000005
213,3,165,150,76,32,0,2.07697999999981
213,3,104,173,17,87,1,1.77884499999892
213,3,155,93,53,23,1,1.95550999999978
213,3,28,5,5,1,1,2.6044350000011
213,3,98,8,72,2,0,1.39530999999988
213,3,164,61,55,2,0,1.85920500000066
213,3,170,25,1,2,1,3.22934500000341
213,3,51,161,2,58,1,1.40826000000018
213,3,153,33,28,1,0,2.12152499999863
213,3,188,100,98,61,0,1.64268499999889
214,3,28,5,34,75,1,2.60268999999971
214,3,104,173,84,42,0,2.19322499999544
214,3,155,93,37,44,1,2.35513500000525
214,3,165,150,51,86,1,1.88386499999615
214,3,114,99,31,82,1,5.11516500001017
214,3,26,160,78,64,0,1.50968499999726
214,3,63,55,88,71,0,2.3194599999988
214,3,16,12,45,81,1,1.65633500000695
214,3,124,1,42,85,1,1.59571000000869
214,3,77,18,30,86,1,1.19176999999036
214,3,106,123,79,73,0,2.07339999999385
214,3,51,161,81,63,0,1.86877500000992
214,3,13,119,43,41,1,2.06375000000116
214,3,70,184,58,51,0,2.14883499999996
214,3,154,39,43,77,1,1.5489799999923
214,3,170,25,2,74,1,2.34961999999359
214,3,188,100,37,74,0,4.33267500001239
214,3,164,61,40,91,1,1.52117000000726
214,3,159,176,75,53,0,2.30262499999662
214,3,60,17,81,80,0,1.66101500000514
214,3,118,105,78,57,0,2.19345999999496
214,3,153,33,43,23,0,2.22521000000415
214,3,158,115,71,81,1,1.81348499999149
214,3,98,8,82,29,0,1.32949000000372
214,3,142,174,32,65,1,1.59656000000541
214,3,187,168,62,38,0,1.57871999999043
214,3,103,80,91,67,0,2.79316000000108
214,3,200,131,53,63,0,1.96416000000318
214,3,172,102,30,93,1,1.26168000001053
214,3,96,65,98,78,0,1.97678499999165
215,3,172,102,64,61,1,2.38138999999501
215,3,106,123,65,38,0,14.9048400000029
215,3,158,115,1,1,1,2.33301999999094
215,3,200,131,69,1,0,1.86679000000004
215,3,165,150,80,72,0,2.25739500002237
215,3,164,61,83,53,0,3.23981999998796
215,3,51,161,86,55,0,1.74730499999714
215,3,13,119,2,67,1,1.68723500001943
215,3,124,1,69,67,0,2.41120500001125
215,3,170,25,6,16,1,2.85172000000603
215,3,118,105,70,13,0,1.71244500001194
215,3,104,173,46,2,1,2.35021499998402
215,3,16,12,46,63,1,3.114659999992
215,3,96,65,46,63,0,3.7594800000079
215,3,188,100,85,69,1,2.39267000000109
215,3,63,55,65,57,0,2.74656500000856
215,3,142,174,42,76,1,2.09937500001979
215,3,26,160,5,17,1,1.82695499999681
215,3,154,39,30,80,1,2.06841000000713
215,3,155,93,75,54,0,2.08353999999235
215,3,28,5,1,1,1,2.37971500001731
215,3,114,99,57,77,1,1.90481000000727
215,3,103,80,70,47,1,2.32166499999585
215,3,60,17,62,63,1,1.55749999999534
215,3,77,18,52,54,1,3.62622999999439
215,3,153,33,44,38,0,2.27699000001303
215,3,70,184,2,51,0,2.28224999998929
215,3,159,176,74,78,0,1.84388000000035
215,3,98,8,84,61,0,1.75729999999749
215,3,187,168,89,76,1,2.09986999997636
216,3,170,25,49,1,0,2.34374000001117
216,3,124,1,78,50,0,1.47558999998728
216,3,103,80,50,50,1,1.05114999998477
216,3,155,93,8,100,1,1.20899000001373
216,3,172,102,100,50,0,1.18946500000311
216,3,187,168,100,100,1,1.3813300000038
216,3,164,61,100,49,0,1.25151000000187
216,3,16,12,52,1,0,1.5460449999955
216,3,60,17,100,7,0,1.28753000000142
216,3,118,105,100,50,0,1.20465500000864
216,3,142,174,52,100,1,2.62110499999835
216,3,96,65,100,80,0,1.43608000001404
216,3,114,99,100,49,0,1.54485000000568
216,3,153,33,51,1,0,1.51263499999186
216,3,200,131,100,52,0,1.07858000000124
216,3,165,150,100,100,0,1.01270000002114
216,3,77,18,50,49,1,1.81920500000706
216,3,70,184,47,100,1,1.07543500000611
216,3,13,119,1,100,1,1.00735500000883
216,3,158,115,20,5,0,1.40977500000736
216,3,51,161,88,1,0,1.57316500000888
216,3,28,5,1,50,0,1.56712000002153
216,3,26,160,6,14,1,1.55399000001489
216,3,106,123,50,16,1,1.09092000001692
216,3,98,8,100,1,0,1.55075500000385
216,3,63,55,100,100,1,1.31245500000659
216,3,104,173,50,100,1,1.2482799999998
216,3,159,176,1,94,1,1.16898499999661
216,3,188,100,100,49,0,1.32206999999471
216,3,154,39,50,51,0,1.47877499999595
217,3,172,102,100,51,0,3.58093000000372
217,3,60,17,72,19,0,1.35455000000366
217,3,103,80,34,79,1,1.24867499999527
217,3,155,93,100,75,0,2.7685399999973
217,3,165,150,100,75,1,6.99031499999546
217,3,170,25,100,26,0,1.00016000000323
217,3,63,55,50,51,0,1.45784500000445
217,3,106,123,100,100,1,2.9435799999992
217,3,188,100,100,26,0,1.09423499999684
217,3,16,12,50,76,1,1.95811500000127
217,3,159,176,53,51,0,5.25317499999801
217,3,26,160,51,65,1,2.02169999999751
217,3,200,131,79,50,0,8.8283750000046
217,3,142,174,73,100,0,2.51299999999901
217,3,187,168,100,100,0,1.39532499999768
217,3,153,33,100,1,0,1.09839500000089
217,3,118,105,51,51,1,1.70014999999694
217,3,154,39,100,20,0,1.19331500000408
217,3,124,1,100,50,0,1.43381999999838
217,3,77,18,100,50,0,1.6183050000036
217,3,98,8,50,68,0,2.48362500000076
217,3,164,61,100,53,0,1.45740500000102
217,3,114,99,51,21,0,1.38864000000467
217,3,28,5,75,50,1,1.79329499999585
217,3,104,173,51,100,1,1.37631500000134
217,3,96,65,75,51,0,2.12852500000008
217,3,13,119,100,100,1,1.47482499999751
217,3,158,115,100,24,0,1.37647999999899
217,3,70,184,51,51,0,3.70420500000182
217,3,51,161,50,68,1,1.31664000000455
218,3,114,99,23,27,1,4.77569999999832
218,3,70,184,4,73,1,1.9797550000003
218,3,142,174,57,56,0,12.8453000000009
218,3,200,131,11,5,1,5.69166499999847
218,3,13,119,71,67,1,19.2525999999998
218,3,106,123,17,16,1,4.53269999999611
218,3,153,33,49,20,0,4.9525300000023
218,3,63,55,54,6,0,4.12508499999967
218,3,118,105,40,14,0,2.31810499999847
218,3,155,93,60,8,0,1.96941499999957
218,3,26,160,61,50,0,1.76202000000194
218,3,164,61,19,56,1,2.30752500000381
218,3,60,17,66,19,0,1.87101999999868
218,3,104,173,41,66,1,3.09161000000313
218,3,154,39,48,18,1,3.34954000000289
218,3,77,18,43,85,1,1.37227500000154
218,3,16,12,87,76,0,5.56364499999472
218,3,51,161,60,11,0,2.3089850000033
218,3,165,150,33,63,1,2.45282000000589
218,3,172,102,22,10,1,4.24909499999922
218,3,96,65,62,87,0,2.32063000000198
218,3,124,1,81,18,0,2.39401500000531
218,3,170,25,19,18,1,2.58110000000306
218,3,159,176,50,2,0,1.57949000000372
218,3,98,8,55,69,1,1.73121499999979
218,3,103,80,40,3,0,2.27661999999691
218,3,187,168,56,71,1,2.73244500000146
218,3,158,115,57,30,0,1.94050000000425
218,3,28,5,27,68,1,1.93162499999744
218,3,188,100,65,21,0,3.54326500000025
219,3,153,33,42,47,0,5.69965000000002
219,3,200,131,77,53,0,11.2416149999999
219,3,103,80,42,27,0,6.12550499999998
219,3,63,55,35,9,0,2.00864499999989
219,3,70,184,40,97,1,2.85694999999987
219,3,106,123,64,87,1,4.79156000000014
219,3,155,93,76,51,0,2.38642999999999
219,3,51,161,43,73,1,4.4492949999999
219,3,154,39,80,53,0,3.02957000000015
219,3,159,176,99,47,0,2.418095
219,3,118,105,52,25,0,36.8325049999998
219,3,142,174,55,64,1,2.98183999999991
219,3,172,102,64,49,0,4.9051400000003
219,3,158,115,98,11,0,3.45663500000001
219,3,164,61,49,35,0,2.23133000000007
219,3,124,1,85,44,0,1.87651500000042
219,3,13,119,45,81,1,2.11429500000033
219,3,170,25,26,53,1,5.54183000000013
219,3,114,99,49,45,0,2.84608999999997
219,3,26,160,13,95,1,2.6760399999998
219,3,77,18,44,40,1,4.21638500000018
219,3,98,8,63,46,0,2.71573999999964
219,3,104,173,49,58,1,13.8926449999999
219,3,165,150,98,50,0,18.4683749999999
219,3,188,100,98,51,0,2.59686499999999
219,3,28,5,46,49,1,5.64486000000034
219,3,16,12,41,46,1,6.75813500000007
219,3,187,168,84,97,1,6.20644000000035
219,3,60,17,42,49,1,4.42192999999999
219,3,96,65,31,34,1,3.7381700000001
220,3,155,93,71,88,1,6.88679499999853
220,3,170,25,44,10,0,2.74856000003638
220,3,153,33,53,8,0,1.61801999999443
220,3,187,168,89,99,0,2.11868999997387
220,3,60,17,79,9,0,1.74311500001932
220,3,96,65,87,77,0,3.83335500000976
220,3,63,55,47,7,0,2.30355999997118
220,3,28,5,50,74,1,1.92931500001578
220,3,104,173,57,100,1,2.44462000002386
220,3,98,8,40,69,0,2.58702500001527
220,3,165,150,73,60,1,1.87445000000298
220,3,158,115,88,65,0,2.94587999995565
220,3,172,102,95,56,0,1.96783999999752
220,3,188,100,99,42,0,1.79895500000566
220,3,26,160,69,77,1,2.06667499995092
220,3,164,61,75,31,0,6.87807500001509
220,3,106,123,99,2,0,1.31392500002403
220,3,51,161,70,85,1,2.51315999997314
220,3,118,105,70,60,1,2.46377499995288
220,3,77,18,34,41,1,2.72603499999968
220,3,200,131,99,41,0,1.54638000001432
220,3,114,99,32,14,0,3.4290799999726
220,3,159,176,37,77,1,2.92496500001289
220,3,103,80,37,90,1,1.61092000000644
220,3,70,184,4,41,1,2.20506000000751
220,3,124,1,89,38,0,1.57419000001391
220,3,16,12,77,70,0,3.62376500002574
220,3,142,174,87,99,1,2.17316999996547
220,3,13,119,63,99,1,1.58214499999303
220,3,154,39,61,22,0,1.8617099999683
221,3,188,100,61,61,1,6.54828000001726
221,3,142,174,34,54,1,2.78953000000911
221,3,63,55,15,99,1,2.18111000000499
221,3,124,1,69,99,1,4.09674000000814
221,3,98,8,63,88,0,2.61821499999496
221,3,96,65,61,37,0,4.94767500000307
221,3,60,17,14,100,1,1.69926500000292
221,3,28,5,1,87,1,6.01725499998429
221,3,159,176,42,40,1,7.79409000001033
221,3,164,61,44,37,0,2.11541499997838
221,3,200,131,17,65,1,2.18111000000499
221,3,158,115,27,37,0,2.30986499998835
221,3,187,168,57,70,1,2.68312999999034
221,3,114,99,55,49,0,2.72033999999985
221,3,70,184,89,65,1,3.31659999999101
221,3,170,25,25,95,1,2.26887999998871
221,3,103,80,33,59,1,2.55184999998892
221,3,104,173,37,56,1,2.5724249999912
221,3,118,105,61,28,0,3.37941500000306
221,3,26,160,1,75,1,1.87153999999282
221,3,13,119,73,63,0,3.89563000001363
221,3,172,102,70,67,0,1.82473500000197
221,3,51,161,98,79,0,3.26959999999963
221,3,77,18,75,80,0,2.86437999998452
221,3,154,39,52,16,0,2.5384250000061
221,3,165,150,83,29,0,2.34706999998889
221,3,16,12,50,92,1,2.87274500000058
221,3,155,93,79,10,0,2.35483499997645
221,3,106,123,36,58,0,3.13650999998208
221,3,153,33,18,1,0,4.22730500000762
222,3,103,80,31,25,1,4.52900000009686
222,3,172,102,46,29,0,2.53500000014901
222,3,124,1,27,16,0,5.8980000000447
222,3,70,184,63,30,0,2.81700000003912
222,3,98,8,74,11,0,1.94699999992736
222,3,63,55,39,15,1,12.9729999999981
222,3,164,61,13,25,0,4.26399999996647
222,3,106,123,68,37,0,1.42800000007264
222,3,155,93,73,34,0,2.64199999999255
222,3,165,150,25,35,1,5.08799999998882
222,3,77,18,81,67,1,5.67100000008941
222,3,16,12,22,63,1,2.64299999992363
222,3,118,105,76,66,0,2.36899999994785
222,3,13,119,19,42,1,5.70999999996275
222,3,153,33,23,13,0,4.59400000004098
222,3,158,115,21,50,1,2.17500000004657
222,3,187,168,49,27,0,2.37000000011176
222,3,51,161,64,56,0,2.29200000013225
222,3,28,5,23,27,1,2.12899999995716
222,3,188,100,63,75,1,3.46499999985099
222,3,104,173,50,35,0,5.67200000002049
222,3,96,65,36,25,0,6.98400000017136
222,3,60,17,18,51,1,2.48499999986961
222,3,200,131,65,52,0,1.26799999992363
222,3,159,176,68,25,0,3.6589999999851
222,3,114,99,74,73,1,6.87599999993108
222,3,170,25,19,52,1,3.81800000020303
222,3,26,160,41,34,0,2.00499999988824
222,3,154,39,18,70,1,2.97900000005029
222,3,142,174,68,78,1,2.12699999986216
223,3,159,176,57,47,0,33.5339999999997
223,3,96,65,61,23,0,1.46201999999903
223,3,118,105,67,56,0,6.18601499999932
223,3,155,93,62,79,0,0.975944999998319
223,3,154,39,30,39,0,0.992189999997208
223,3,16,12,60,24,1,1.18979499999841
223,3,51,161,46,76,0,0.993560000002617
223,3,77,18,85,21,0,0.990140000001702
223,3,170,25,38,32,0,3.32345499999792
223,3,106,123,66,56,0,1.04495000000315
223,3,103,80,54,55,1,1.85226500000135
223,3,153,33,69,17,0,1.88751500000217
223,3,187,168,65,67,0,1.15806000000157
223,3,165,150,53,54,1,1.54529500000353
223,3,142,174,58,68,1,1.56719500000327
223,3,104,173,30,58,1,1.09446999999636
223,3,13,119,36,74,1,1.18731999999727
223,3,124,1,58,35,0,7.22087499999907
223,3,63,55,39,40,1,1.62027500000113
223,3,114,99,43,49,0,1.12726000000112
223,3,98,8,59,39,0,0.87217000000237
223,3,60,17,56,28,0,0.997589999999036
223,3,188,100,66,58,0,0.957669999996142
223,3,28,5,24,36,0,1.05794999999489
223,3,70,184,72,62,0,1.35467999999673
223,3,172,102,58,40,0,0.855930000005173
223,3,26,160,32,44,1,1.03294499999902
223,3,158,115,30,33,0,0.847789999999804
223,3,200,131,54,40,1,4.55144999999902
223,3,164,61,26,52,1,1.75870500000019
224,3,118,105,53,92,1,4.41791499999817
224,3,77,18,88,99,1,3.04160999995656
224,3,60,17,76,100,1,3.3372199999867
224,3,154,39,38,95,1,2.99626500002341
224,3,63,55,3,77,1,1.30429000000004
224,3,158,115,77,85,1,1.59748000005493
224,3,187,168,71,61,1,2.12917999998899
224,3,106,123,1,82,1,1.53545500000473
224,3,51,161,84,75,1,2.33431000000564
224,3,16,12,11,22,1,1.98621000000276
224,3,170,25,74,100,1,2.74508000002243
224,3,165,150,40,84,1,1.6845500000054
224,3,124,1,82,76,1,2.54278499999782
224,3,26,160,1,61,1,1.37677500001155
224,3,103,80,74,6,0,1.62095000001136
224,3,114,99,71,74,0,3.4364250000217
224,3,200,131,68,78,1,2.01771000004373
224,3,172,102,51,85,1,1.51295000000391
224,3,70,184,88,81,1,3.56780999997864
224,3,28,5,98,1,0,1.58971999998903
224,3,155,93,19,2,0,2.11896499997238
224,3,164,61,87,7,0,1.21947499999078
224,3,98,8,25,1,0,2.46021499997005
224,3,159,176,80,75,1,1.15957000001799
224,3,13,119,21,88,1,2.45566999999573
224,3,104,173,80,24,0,1.38410500000464
224,3,153,33,11,72,1,1.94826000003377
224,3,96,65,2,3,1,2.06035500002326
224,3,188,100,71,79,1,2.88444500003243
224,3,142,174,73,81,0,4.04316000000108
225,3,153,33,34,14,0,1.22977999999421
225,3,165,150,72,22,0,2.18659000002663
225,3,28,5,24,51,1,1.55853499998921
225,3,98,8,19,41,1,1.09944499999983
225,3,114,99,32,16,0,11.1825850000023
225,3,158,115,73,38,0,0.909465000004275
225,3,77,18,59,55,0,1.34494500001892
225,3,16,12,60,50,1,1.38042000000132
225,3,172,102,69,30,0,1.31485499997507
225,3,188,100,91,31,0,0.792320000007749
225,3,200,131,79,46,0,0.899900000018533
225,3,124,1,68,67,0,0.956879999983357
225,3,51,161,43,76,1,1.00173999997787
225,3,26,160,62,31,0,0.775314999977127
225,3,70,184,40,5,0,0.917634999990696
225,3,118,105,41,38,1,1.28921999997692
225,3,103,80,39,65,1,1.09405499999411
225,3,154,39,30,67,1,1.0021199999901
225,3,164,61,74,22,0,1.41031500001554
225,3,106,123,40,76,1,1.08170999999857
225,3,187,168,80,85,0,1.55398499997682
225,3,96,65,35,24,0,28.6950599999982
225,3,155,93,51,30,0,0.992925000027753
225,3,63,55,32,49,1,1.30467499999213
225,3,170,25,62,56,0,1.37942000001203
225,3,60,17,45,73,1,1.12192499998491
225,3,104,173,24,90,1,1.03173499999684
225,3,142,174,35,60,1,1.12145000000601
225,3,13,119,52,64,0,1.4905049999943
225,3,159,176,31,12,1,1.06977999999071
226,3,118,105,2,3,1,5.50271999998949
226,3,114,99,3,3,0,1.46573000005446
226,3,26,160,3,2,0,1.48734500003047
226,3,98,8,3,3,0,2.14364999998361
226,3,16,12,2,2,0,4.55344499996863
226,3,158,115,2,2,0,1.54140999994706
226,3,187,168,25,2,0,1.73230499995407
226,3,28,5,3,3,0,13.960134999943
226,3,164,61,2,2,0,6.44132499990519
226,3,188,100,3,1,0,1.5160550000146
226,3,172,102,2,3,0,1.88095000002068
226,3,60,17,3,2,1,1.3918400000548
226,3,77,18,3,3,0,2.23273000004701
226,3,51,161,3,3,1,2.25272500002757
226,3,103,80,2,3,1,1.56288499990478
226,3,142,174,3,3,0,1.42712000000756
226,3,165,150,2,3,1,2.36225500004366
226,3,96,65,2,2,0,1.90524500003085
226,3,154,39,2,2,0,3.4829299999401
226,3,13,119,14,3,1,3.84042500006035
226,3,124,1,3,3,1,3.93981000001077
226,3,153,33,3,2,0,1.40323000005446
226,3,70,184,3,3,0,3.16386499989312
226,3,63,55,3,2,1,1.78539500001352
226,3,159,176,2,3,0,2.16993500001263
226,3,200,131,3,3,0,5.71683499997016
226,3,155,93,3,2,1,2.01470000005793
226,3,170,25,2,2,1,1.38319500000216
226,3,106,123,2,2,0,1.55812499998137
226,3,104,173,3,1,1,1.46410999994259
227,3,170,25,7,34,1,2.27448000000004
227,3,28,5,5,9,1,2.75685999999405
227,3,165,150,48,63,1,4.27092000000266
227,3,114,99,29,60,1,2.03551000000152
227,3,155,93,18,73,1,1.78005000000121
227,3,60,17,44,35,1,1.74311499999749
227,3,96,65,83,20,0,1.55128500000137
227,3,158,115,47,30,1,2.39562999999907
227,3,142,174,45,59,1,2.97822499999893
227,3,103,80,72,93,1,1.83040500000061
227,3,13,119,30,42,0,4.43942000000243
227,3,200,131,38,66,1,1.88694499999838
227,3,16,12,41,10,0,1.79576500000258
227,3,77,18,74,78,1,4.22810000000027
227,3,51,161,27,53,0,1.7653449999998
227,3,188,100,27,64,1,1.66899000000558
227,3,70,184,75,52,0,1.53587999999581
227,3,98,8,61,27,1,1.79381000000285
227,3,104,173,55,43,0,1.61030500000197
227,3,153,33,61,34,0,2.13054499999998
227,3,187,168,43,49,1,1.84034499999689
227,3,124,1,60,35,1,2.66287000000011
227,3,172,102,51,64,1,1.39244999999937
227,3,154,39,51,5,0,1.80536500000017
227,3,159,176,49,19,1,3.17085500000394
227,3,26,160,7,61,1,2.03829500000575
227,3,63,55,21,55,1,2.04003999999986
227,3,106,123,92,75,0,2.81126000000222
227,3,118,105,65,94,1,1.80436499999632
227,3,164,61,38,59,1,1.14793500000087
228,3,142,174,75,85,1,3.36767500000133
228,3,114,99,82,56,0,1.45373000000109
228,3,164,61,96,12,0,1.33473000000231
228,3,165,150,81,41,1,1.62901499999862
228,3,170,25,74,20,0,1.49198499999693
228,3,155,93,6,90,1,2.12920000000304
228,3,98,8,39,88,1,1.28477000000203
228,3,60,17,14,49,0,2.35226500000135
228,3,13,119,80,84,0,2.64057000000321
228,3,158,115,73,5,0,2.07195499999943
228,3,124,1,60,89,1,2.87325499999861
228,3,188,100,58,57,0,1.3719400000009
228,3,26,160,10,60,1,1.69399499999781
228,3,103,80,6,20,1,2.18298000000141
228,3,70,184,21,54,1,1.5296649999982
228,3,159,176,85,80,1,1.22680499999842
228,3,200,131,47,13,0,1.84662500000195
228,3,118,105,49,19,0,1.77318500000183
228,3,96,65,57,10,0,2.57656000000134
228,3,16,12,68,23,0,2.32897500000036
228,3,63,55,15,92,1,1.54785999999876
228,3,28,5,45,80,0,1.60347499999989
228,3,104,173,10,57,1,1.5847849999991
228,3,106,123,47,91,1,1.55390999999875
228,3,51,161,82,31,0,3.52370000000158
228,3,187,168,76,87,1,1.20777000000089
228,3,172,102,79,28,0,1.50889499999909
228,3,77,18,76,74,1,1.25046499999735
228,3,154,39,59,10,0,1.74071999999799
228,3,153,33,66,30,0,1.97842500000121
229,3,158,115,76,68,0,2.76795999999999
229,3,60,17,40,49,0,3.28968000000001
229,3,164,61,66,3,0,2.60677
229,3,28,5,61,35,1,3.07395
229,3,51,161,8,84,1,2.03690999999999
229,3,63,55,8,45,0,2.31762
229,3,142,174,74,95,0,1.87684
229,3,154,39,5,35,0,4.00029500000001
229,3,104,173,43,59,1,2.040715
229,3,114,99,76,33,0,1.42995499999996
229,3,98,8,85,96,1,1.81407500000001
229,3,118,105,91,3,0,1.78967500000002
229,3,124,1,97,73,0,1.34316500000001
229,3,26,160,70,56,1,1.52112999999998
229,3,77,18,16,59,1,1.40953999999998
229,3,153,33,4,1,0,2.34663500000001
229,3,159,176,64,12,1,2.004875
229,3,70,184,8,87,1,1.72289999999999
229,3,106,123,8,100,1,1.05835499999998
229,3,188,100,79,52,0,1.43092999999999
229,3,155,93,14,13,0,1.66770499999999
229,3,200,131,96,15,0,1.42820500000002
229,3,96,65,94,11,0,1.43380499999999
229,3,170,25,19,67,0,1.90643499999994
229,3,187,168,85,97,0,1.17999999999994
229,3,13,119,63,97,1,1.23177499999996
229,3,103,80,75,19,0,6.29845000000001
229,3,165,150,69,85,0,1.58392999999999
229,3,172,102,94,50,0,1.42342500000005
229,3,16,12,96,71,0,1.53378999999998
230,3,154,39,85,67,0,5.4278349999804
230,3,155,93,84,76,1,2.03652999998303
230,3,153,33,68,75,0,2.41925999999512
230,3,114,99,90,70,0,1.85803999999189
230,3,26,160,81,61,0,1.47904999999446
230,3,16,12,91,87,0,3.70162999999593
230,3,96,65,88,69,1,8.14562500000466
230,3,106,123,91,92,0,2.05460499998298
230,3,104,173,75,83,1,1.79640999998082
230,3,70,184,94,93,1,2.31630000000587
230,3,60,17,81,80,0,1.84379499999341
230,3,103,80,63,83,1,1.38902500001132
230,3,98,8,84,93,0,2.47456999999122
230,3,63,55,76,91,1,1.37399999998161
230,3,170,25,71,83,1,1.31803499997477
230,3,118,105,88,69,0,1.33994999999413
230,3,187,168,92,87,1,1.55904500000179
230,3,28,5,83,81,0,1.55705999999191
230,3,158,115,63,65,1,1.25781499998993
230,3,77,18,93,96,0,1.3866149999958
230,3,164,61,82,87,0,1.30373499999405
230,3,124,1,91,93,1,1.75900499999989
230,3,13,119,77,90,1,1.60443999999552
230,3,200,131,71,71,0,1.87432000000263
230,3,165,150,90,68,0,2.44599000000744
230,3,188,100,90,79,1,1.86579000001075
230,3,159,176,66,54,1,1.30074500001501
230,3,142,174,76,64,0,2.1258749999979
230,3,51,161,70,71,0,2.00549000001047
230,3,172,102,84,83,0,1.45280999998795
231,3,187,168,2,1,1,3.94099999999162
231,3,155,93,31,1,0,1.66899999999441
231,3,104,173,29,9,0,2.14500000001863
231,3,118,105,1,1,0,1.87099999998463
231,3,16,12,76,71,1,2.15700000000652
231,3,159,176,1,32,0,4.28100000001723
231,3,188,100,1,16,1,2.71199999999953
231,3,200,131,17,38,0,1.9309999999823
231,3,124,1,1,100,1,1.51900000002934
231,3,153,33,1,25,1,2.76799999998184
231,3,154,39,21,51,1,1.28899999998976
231,3,164,61,1,17,1,3.40499999996973
231,3,142,174,1,16,1,1.86499999999069
231,3,114,99,38,1,0,1.63699999998789
231,3,170,25,1,100,1,1.48499999998603
231,3,103,80,32,1,0,1.9770000000135
231,3,63,55,1,100,1,2.00800000003073
231,3,106,123,2,1,0,2.46399999997811
231,3,26,160,66,10,0,1.86300000001211
231,3,60,17,1,100,1,1.38900000002468
231,3,158,115,1,1,1,2.70199999999022
231,3,98,8,10,63,0,1.07200000004377
231,3,70,184,24,35,0,3.65300000004936
231,3,28,5,80,67,0,1.82400000002235
231,3,172,102,1,1,1,2.88000000000466
231,3,51,161,42,1,0,2.57799999997951
231,3,77,18,1,100,1,2.30799999996088
231,3,165,150,1,4,0,1.98800000001211
231,3,96,65,48,26,0,5.4539999999688
231,3,13,119,77,1,0,1.57299999997485
232,3,153,33,37,8,0,4.2039850000001
232,3,165,150,64,47,0,2.16701499999908
232,3,154,39,39,12,0,2.72539999999935
232,3,200,131,79,30,0,1.65802500000063
232,3,124,1,81,31,0,1.33020000000033
232,3,51,161,57,73,1,1.41585999999734
232,3,187,168,76,72,0,2.86048999999912
232,3,188,100,67,81,0,1.59130500000174
232,3,159,176,42,54,1,1.51380499999868
232,3,155,93,68,16,0,1.1811400000006
232,3,98,8,86,62,1,1.57317999999941
232,3,96,65,8,26,1,1.32837500000096
232,3,63,55,33,38,1,1.42659999999887
232,3,106,123,71,86,1,1.36143500000253
232,3,164,61,44,23,0,1.73299000000043
232,3,103,80,34,47,1,1.90675000000192
232,3,77,18,77,64,1,2.685634999998
232,3,28,5,57,41,0,2.77212499999951
232,3,114,99,57,41,0,1.73676000000341
232,3,142,174,65,81,1,1.42986999999994
232,3,158,115,35,25,0,2.13680000000022
232,3,70,184,39,80,1,1.94402999999875
232,3,172,102,62,37,0,1.57202499999767
232,3,16,12,67,46,0,1.48109000000113
232,3,118,105,75,40,1,3.70465499999773
232,3,13,119,39,79,1,1.33806999999797
232,3,26,160,29,42,0,1.49574500000017
232,3,104,173,32,78,1,1.91244000000006
232,3,170,25,36,57,1,2.82984999999823
232,3,60,17,27,40,1,3.95406499999808
233,3,103,80,68,84,1,2.79323999999906
233,3,26,160,59,22,0,1.72453999999925
233,3,28,5,68,68,1,2.41519499999777
233,3,51,161,44,38,0,1.39876000000004
233,3,165,150,43,71,1,1.22094500000094
233,3,77,18,93,68,0,2.32795999999871
233,3,98,8,81,51,0,1.38807500000257
233,3,13,119,61,81,0,2.31570500000089
233,3,200,131,62,54,0,0.954019999997399
233,3,16,12,64,70,1,3.01122500000201
233,3,187,168,63,36,0,1.25581500000044
233,3,158,115,65,51,1,1.51199500000075
233,3,188,100,65,78,1,1.45379999999932
233,3,118,105,74,92,1,1.59948999999688
233,3,159,176,65,54,0,1.70643500000006
233,3,106,123,91,80,0,1.26902999999947
233,3,96,65,82,58,0,1.17671500000142
233,3,124,1,83,65,0,1.47368000000279
233,3,142,174,81,30,0,0.950994999999239
233,3,60,17,79,58,0,2.97377000000051
233,3,170,25,57,49,1,1.22162500000195
233,3,154,39,53,70,1,1.38115499999913
233,3,153,33,51,62,1,2.7530250000018
233,3,104,173,73,30,0,0.968000000000757
233,3,63,55,71,44,0,1.46974000000046
233,3,114,99,67,73,0,1.51652000000101
233,3,70,184,78,37,0,0.878080000002228
233,3,172,102,33,80,1,1.28649999999831
233,3,164,61,48,52,1,2.26929999999993
233,3,155,93,72,70,0,1.56442499999685
234,3,172,102,22,29,0,2.16910000005737
234,3,154,39,18,52,1,1.64965000003576
234,3,106,123,82,18,0,1.68494499986991
234,3,200,131,32,26,1,3.87942499993369
234,3,103,80,25,28,1,3.53698000032455
234,3,26,160,72,7,0,1.60556499985978
234,3,153,33,17,69,1,1.32406000001356
234,3,104,173,6,34,1,4.40689999982715
234,3,70,184,69,8,0,0.942320000380278
234,3,170,25,4,85,1,1.03618499962613
234,3,96,65,19,19,0,1.73167000012472
234,3,77,18,54,94,0,3.70728999981657
234,3,114,99,45,3,0,1.21714000031352
234,3,60,17,13,76,1,1.09298499999568
234,3,164,61,20,33,0,1.54344500042498
234,3,188,100,67,8,0,1.46217499999329
234,3,51,161,8,18,1,3.29139999998733
234,3,124,1,41,78,1,1.50300000002608
234,3,98,8,41,73,1,1.14339500013739
234,3,28,5,75,69,1,3.04095500009134
234,3,159,176,17,38,1,2.05203999998048
234,3,13,119,68,36,0,1.48305500019342
234,3,165,150,28,45,0,2.62442500004545
234,3,63,55,8,12,1,1.74498499976471
234,3,118,105,4,10,0,1.72391499998048
234,3,155,93,27,32,1,2.16301000025123
234,3,187,168,48,28,1,1.70189999975264
234,3,16,12,94,56,0,1.52197500038892
234,3,158,115,13,4,0,3.76382999960333
234,3,142,174,34,6,0,2.01114499988034
235,3,104,173,52,2,0,5.07089999999152
235,3,158,115,3,17,1,3.81897500000196
235,3,60,17,68,89,1,2.02506000001449
235,3,164,61,3,10,1,4.06995500001358
235,3,153,33,11,78,1,2.62076499999966
235,3,118,105,7,1,1,2.67900999996345
235,3,103,80,26,3,0,2.84791999997105
235,3,70,184,59,4,0,2.10928000003332
235,3,187,168,4,4,0,5.27968999999575
235,3,165,150,4,9,1,3.44644000002882
235,3,106,123,5,2,1,4.83331499999622
235,3,142,174,66,3,0,2.50221499998588
235,3,170,25,3,84,1,2.08989000000292
235,3,154,39,47,68,1,2.15497999999207
235,3,13,119,23,3,0,2.35314000002109
235,3,77,18,7,38,1,2.48642000003019
235,3,200,131,1,3,1,2.83601999998791
235,3,26,160,7,4,0,2.3807000000379
235,3,63,55,47,1,1,5.43974000000162
235,3,96,65,13,51,0,5.27939999999944
235,3,98,8,5,27,1,2.01867999997921
235,3,172,102,4,27,1,2.01053500000853
235,3,114,99,16,29,1,4.36692999996012
235,3,16,12,28,32,0,6.27210999996169
235,3,28,5,9,22,1,5.24411000002874
235,3,159,176,1,7,1,4.50317000003997
235,3,124,1,2,54,1,2.05983500002185
235,3,51,161,21,5,0,3.15149999997811
235,3,155,93,6,55,1,2.77053500001784
235,3,188,100,2,24,1,2.94617000001017
236,3,104,173,84,51,0,2.98534499999369
236,3,70,184,67,50,0,0.879965000000084
236,3,60,17,71,84,1,1.03690999999526
236,3,187,168,51,51,0,2.5394400000223
236,3,170,25,51,82,1,0.900850000005448
236,3,63,55,68,80,1,2.68782000002102
236,3,158,115,53,53,1,0.998894999996992
236,3,165,150,52,79,1,1.52624500001548
236,3,200,131,46,50,1,1.39243499998702
236,3,142,174,79,49,0,1.4913649999944
236,3,159,176,54,88,1,0.866004999988945
236,3,188,100,52,86,1,0.906515000009676
236,3,124,1,75,71,1,1.3397549999936
236,3,155,93,55,80,1,2.24043000000529
236,3,98,8,78,80,1,3.45347000000766
236,3,114,99,75,74,1,3.48526499999571
236,3,16,12,83,86,1,1.02412499999627
236,3,96,65,57,54,0,8.11426500001107
236,3,153,33,52,74,1,6.28694499999983
236,3,172,102,52,80,1,9.03648499998963
236,3,51,161,73,58,0,1.50785500000347
236,3,13,119,79,48,0,3.19091999999364
236,3,118,105,87,71,0,4.18346500000916
236,3,103,80,53,75,1,0.882610000000568
236,3,28,5,74,86,0,12.917849999998
236,3,106,123,86,79,0,1.72104999999283
236,3,164,61,53,69,1,20.6785249999957
236,3,77,18,81,84,0,0.737395000003744
236,3,26,160,75,73,0,0.78184500001953
236,3,154,39,67,73,1,0.952440000022762
237,3,104,173,51,37,1,3.40153500001179
237,3,13,119,56,13,0,2.64780500000052
237,3,70,184,1,34,1,1.49844000001031
237,3,159,176,50,2,0,1.90630000000237
237,3,165,150,47,100,1,3.83320499998808
237,3,98,8,63,79,0,2.8715349999984
237,3,188,100,57,15,0,1.99028500000713
237,3,106,123,65,86,0,3.15366999999969
237,3,96,65,45,50,1,1.77047999999195
237,3,142,174,81,37,0,1.83292499999516
237,3,28,5,18,43,1,3.93682499999704
237,3,158,115,54,1,0,1.58120000000054
237,3,155,93,73,5,0,1.24276999999711
237,3,26,160,14,83,1,2.29475499999535
237,3,200,131,97,15,0,1.36732000000484
237,3,114,99,1,8,1,2.81571999999869
237,3,170,25,6,29,1,1.41262499999721
237,3,172,102,31,45,1,2.15135000000009
237,3,124,1,87,4,0,1.66039000000455
237,3,63,55,45,1,0,1.33228499999677
237,3,60,17,10,39,1,3.18559500000265
237,3,16,12,1,58,1,1.37257500000123
237,3,51,161,1,48,1,1.61368999999831
237,3,187,168,75,44,0,1.14250500001071
237,3,164,61,40,6,0,2.75815500000317
237,3,154,39,41,1,0,1.60576999999466
237,3,118,105,59,73,0,2.33162500000617
237,3,103,80,10,28,0,1.19998000000487
237,3,153,33,27,2,0,2.17080000000715
237,3,77,18,44,30,1,1.98684000001231
238,3,187,168,63,73,1,5.06878999999026
238,3,124,1,81,81,1,3.11506999999983
238,3,172,102,87,59,0,3.00886000000173
238,3,153,33,70,3,0,2.00111500005005
238,3,13,119,93,63,0,1.42164000001503
238,3,200,131,56,30,1,1.48022000002675
238,3,114,99,1,72,1,1.78254500002367
238,3,51,161,74,60,1,2.39880499994615
238,3,118,105,74,50,0,1.8188300000038
238,3,28,5,91,61,0,1.79043500003172
238,3,159,176,25,54,1,1.58384499995736
238,3,154,39,75,13,0,1.59335999999894
238,3,142,174,51,59,1,2.37136500002816
238,3,170,25,59,78,1,5.42093500000192
238,3,60,17,68,88,1,3.21108499995898
238,3,96,65,47,54,1,1.84805500000948
238,3,77,18,67,91,1,1.05141000001458
238,3,104,173,82,66,0,1.6604899999802
238,3,158,115,78,72,1,1.98393499996746
238,3,26,160,65,71,0,2.34535499999765
238,3,63,55,52,82,1,1.69112500001211
238,3,155,93,69,31,0,2.69926000002306
238,3,103,80,50,8,0,1.61264999996638
238,3,70,184,6,78,1,4.0633150000358
238,3,16,12,87,61,0,1.29778500000248
238,3,106,123,75,51,0,4.88590499997372
238,3,98,8,79,90,1,1.66226000001188
238,3,188,100,56,66,1,1.76050500001293
238,3,164,61,79,47,0,1.14591999998083
238,3,165,150,67,52,0,1.98019999999087
239,3,188,100,71,69,0,2.70501499999955
239,3,155,93,76,50,0,1.73563500000455
239,3,159,176,66,37,0,1.8284100000019
239,3,70,184,65,73,1,4.63072000000102
239,3,170,25,56,70,0,1.5900549999933
239,3,98,8,57,50,1,2.79936499999894
239,3,165,150,72,58,0,3.75094000001263
239,3,124,1,87,69,1,3.89048999999068
239,3,16,12,30,45,0,2.69667999999365
239,3,13,119,65,93,1,2.4385450000118
239,3,154,39,63,17,0,3.90739999999641
239,3,26,160,52,52,1,1.59906500000216
239,3,106,123,74,96,1,5.85363500000676
239,3,77,18,62,49,0,5.14171999999962
239,3,164,61,60,18,0,1.49689999999828
239,3,104,173,33,77,1,2.61437999999907
239,3,103,80,33,38,1,2.77005000000645
239,3,114,99,72,67,0,2.12798999999359
239,3,172,102,72,34,0,2.01366000001144
239,3,153,33,38,9,0,2.36236500000814
239,3,187,168,69,65,0,2.3569550000102
239,3,63,55,30,92,1,3.13762500000303
239,3,96,65,52,23,0,2.84286499999871
239,3,118,105,50,39,1,2.84070499999507
239,3,51,161,71,63,0,2.74279000000388
239,3,60,17,16,62,1,2.08115499999258
239,3,158,115,47,50,0,2.60117999999784
239,3,28,5,43,50,1,2.168479999993
239,3,142,174,69,64,1,1.97568499999761
239,3,200,131,71,41,0,1.791075000001
240,3,154,39,74,43,0,4.29394999999204
240,3,187,168,83,58,0,2.27973000000929
240,3,159,176,73,56,0,2.35201500001131
240,3,118,105,57,61,1,2.28609999999753
240,3,172,102,63,60,1,2.92428000000655
240,3,106,123,71,69,1,4.29724000001443
240,3,51,161,66,62,0,3.84120999998413
240,3,63,55,58,56,1,1.98094499998842
240,3,103,80,54,48,0,21.9352599999984
240,3,28,5,65,51,1,2.64229499999783
240,3,155,93,87,68,0,1.91147500000079
240,3,165,150,72,81,1,2.16706999999587
240,3,70,184,57,49,0,1.99787000002107
240,3,124,1,85,79,0,2.71161999998731
240,3,188,100,85,76,0,1.42595499998424
240,3,104,173,54,75,1,5.51553499998408
240,3,153,33,78,4,0,5.58538000000408
240,3,158,115,58,43,0,4.96827000001213
240,3,114,99,55,84,1,28.9470349999901
240,3,60,17,59,44,0,4.37833999999566
240,3,170,25,58,43,1,1.37628500000574
240,3,98,8,61,69,1,1.73428000000422
240,3,77,18,57,60,1,5.24246999999741
240,3,16,12,78,76,1,3.33767000000807
240,3,96,65,54,55,0,5.90088000000105
240,3,26,160,75,53,0,34.4368699999759
240,3,200,131,77,84,0,1.49563499999931
240,3,142,174,74,54,0,1.66159000000334
240,3,164,61,83,49,0,2.00489999999991
240,3,13,119,58,77,1,2.10840999998618
241,3,200,131,86,12,0,2.15677500000311
241,3,187,168,100,98,0,2.56676499999594
241,3,114,99,53,90,0,8.71330499999749
241,3,172,102,74,85,1,4.66670000000158
241,3,103,80,82,71,0,4.80273499999748
241,3,16,12,98,80,0,1.43993500000215
241,3,77,18,45,77,1,2.54497500000434
241,3,159,176,25,2,0,3.16706500000146
241,3,70,184,14,50,1,3.15877000000182
241,3,28,5,36,20,0,2.84769499999675
241,3,60,17,90,74,1,3.03193499999907
241,3,63,55,79,63,0,8.8243799999982
241,3,104,173,89,98,1,2.55169999999634
241,3,98,8,97,99,1,2.26154499999393
241,3,158,115,49,99,1,5.256945000001
241,3,164,61,48,77,0,3.75472000000445
241,3,155,93,16,46,1,1.89016000000265
241,3,154,39,37,39,0,2.7519750000065
241,3,188,100,98,2,0,1.80539500000305
241,3,13,119,68,2,0,2.4490150000056
241,3,26,160,87,2,0,2.02010499999597
241,3,96,65,93,93,0,3.42942499999481
241,3,165,150,99,73,0,2.89487499999814
241,3,124,1,49,42,1,5.89828999999736
241,3,106,123,11,2,1,5.87295000000449
241,3,170,25,68,83,1,1.99807999999757
241,3,51,161,36,98,1,1.63806499999919
241,3,118,105,100,84,0,2.78263500000321
241,3,153,33,42,70,1,3.01877499999682
241,3,142,174,44,98,1,2.25164500000392
242,3,153,33,67,25,0,5.68783000018448
242,3,60,17,60,63,1,1.74650499969721
242,3,98,8,70,35,0,1.59390500001609
242,3,104,173,44,76,1,1.62184999976307
242,3,188,100,82,72,0,2.63913500029594
242,3,106,123,79,80,1,2.1743299998343
242,3,63,55,58,53,1,2.69928000029176
242,3,118,105,67,74,1,1.81851499993354
242,3,172,102,72,54,0,1.46816000062972
242,3,77,18,83,55,0,1.24840500019491
242,3,165,150,75,57,0,2.14278500061482
242,3,96,65,50,50,1,2.18682499974966
242,3,200,131,86,71,0,1.16071000043303
242,3,16,12,50,63,1,1.44470000080764
242,3,159,176,78,72,0,1.87727500032634
242,3,70,184,57,76,1,1.61842000018805
242,3,164,61,83,50,0,2.0102800000459
242,3,28,5,70,70,1,2.15343500021845
242,3,124,1,73,78,0,1.99512500036508
242,3,158,115,75,39,0,1.15574499964714
242,3,154,39,56,23,0,1.4143449999392
242,3,187,168,78,82,0,1.77216500043869
242,3,155,93,79,52,0,2.17898999992758
242,3,103,80,46,73,0,2.19204499945045
242,3,13,119,54,76,1,1.37089500017464
242,3,170,25,77,62,0,1.23441999964416
242,3,114,99,72,64,1,1.64595500007272
242,3,142,174,56,82,1,1.53856499958783
242,3,51,161,55,83,1,1.36793499998748
242,3,26,160,54,77,1,1.49769000057131
243,3,114,99,1,1,0,5.14799500000663
243,3,106,123,1,1,0,4.63843999998062
243,3,155,93,1,1,1,1.47579999998561
243,3,70,184,1,1,0,5.50792000000365
243,3,77,18,1,100,1,1.07705500000156
243,3,124,1,1,100,1,1.11902000001282
243,3,63,55,61,1,0,0.974714999989374
243,3,187,168,1,1,1,3.7609999999986
243,3,51,161,1,1,0,2.0390699999989
243,3,172,102,1,1,1,2.54643499999656
243,3,118,105,1,1,1,2.09736499999417
243,3,103,80,1,1,1,4.03226000000723
243,3,164,61,1,100,1,1.0303899999999
243,3,159,176,1,1,1,2.09329499999876
243,3,13,119,25,1,0,1.26266999999643
243,3,26,160,100,1,0,2.33180499999435
243,3,153,33,1,100,1,2.94330499999342
243,3,60,17,1,100,1,1.01335500000278
243,3,200,131,1,1,1,1.89257500000531
243,3,170,25,1,100,1,0.862309999996796
243,3,16,12,100,100,1,2.47352999998839
243,3,165,150,1,1,1,1.90347499999916
243,3,28,5,100,100,0,4.45735499999137
243,3,158,115,2,1,1,2.45991000000504
243,3,188,100,1,1,0,5.10876999999164
243,3,104,173,1,1,1,1.54741999998805
243,3,96,65,1,1,1,1.11267500001122
243,3,154,39,1,100,1,0.920759999979055
243,3,142,174,1,1,1,1.37359000000288
243,3,98,8,1,100,1,0.957549999991897
244,3,77,18,97,28,0,2.98236499994528
244,3,96,65,6,21,0,3.36299999989569
244,3,164,61,1,10,0,2.70553000003565
244,3,200,131,99,76,0,1.59627500001807
244,3,13,119,1,13,1,1.8920400000643
244,3,154,39,69,1,0,1.39529999997467
244,3,155,93,35,1,0,1.60951999993995
244,3,70,184,32,95,1,1.42106500000227
244,3,170,25,41,19,0,1.71616999991238
244,3,106,123,98,99,0,2.31405499996617
244,3,187,168,16,63,1,4.36245499993674
244,3,16,12,1,43,1,1.30414500006009
244,3,98,8,66,64,0,1.44038500008173
244,3,103,80,9,36,1,2.72915500006638
244,3,51,161,6,6,1,4.82345000002533
244,3,172,102,71,17,0,1.79000500007533
244,3,158,115,94,1,0,1.39294500008691
244,3,114,99,40,89,1,1.50432000006549
244,3,26,160,1,71,1,1.44197500008158
244,3,153,33,19,1,0,1.18596499995328
244,3,124,1,99,70,0,1.13816999993287
244,3,159,176,100,61,0,1.96724499994889
244,3,165,150,1,100,1,1.37540500005707
244,3,104,173,2,6,1,2.58860999997705
244,3,28,5,1,45,1,2.03027500002645
244,3,118,105,61,100,1,1.95438999996986
244,3,142,174,89,76,0,2.00517000001855
244,3,60,17,38,32,0,5.2537650000304
244,3,63,55,27,1,0,1.80394499993417
244,3,188,100,89,98,0,4.73191500001121
245,3,200,131,29,49,1,5.49030000000494
245,3,165,150,47,36,0,3.02531500000623
245,3,98,8,47,47,0,1.77848000000813
245,3,104,173,35,33,1,2.05097000001115
245,3,153,33,13,61,0,2.0050850000116
245,3,96,65,72,72,0,2.09771500001079
245,3,63,55,58,73,1,2.40617500001099
245,3,51,161,87,38,0,1.89923499998986
245,3,103,80,37,31,1,1.78080000000773
245,3,60,17,48,58,1,1.22227999998722
245,3,13,119,82,63,0,1.74679500001366
245,3,159,176,26,20,1,1.78094500000589
245,3,70,184,48,26,1,2.57335000002058
245,3,172,102,34,28,0,1.52908499998739
245,3,164,61,33,40,0,1.59007499998552
245,3,16,12,76,86,1,1.87146500000381
245,3,187,168,52,50,1,2.81319499999518
245,3,142,174,23,23,1,1.54705999998259
245,3,106,123,51,36,0,1.61451500002295
245,3,170,25,15,60,1,1.13829499998246
245,3,118,105,39,18,0,2.35998000000836
245,3,124,1,66,63,0,1.71159500000067
245,3,77,18,29,66,1,1.56107999998494
245,3,28,5,59,67,0,2.53582999997889
245,3,26,160,72,27,0,1.51135499999509
245,3,114,99,58,50,0,2.34241000001202
245,3,155,93,57,76,1,2.04835500000627
245,3,188,100,51,33,0,1.57728999998653
245,3,154,39,19,21,0,1.4820699999982
245,3,158,115,14,50,1,1.9423850000021
246,3,98,8,17,19,1,4.269
246,3,96,65,20,15,1,2.814
246,3,142,174,48,98,1,1.818
246,3,165,150,98,22,0,1.537
246,3,188,100,98,13,0,1.732
246,3,114,99,5,12,1,3.529
246,3,60,17,34,37,1,10.775
246,3,170,25,40,40,0,2.317
246,3,51,161,19,99,1,1.644
246,3,28,5,32,26,0,2.428
246,3,26,160,47,81,1,5.669
246,3,200,131,72,49,0,1.958
246,3,104,173,20,98,1,1.68
246,3,154,39,21,21,0,2.644
246,3,164,61,71,2,0,2.113
246,3,187,168,97,99,1,2.009
246,3,77,18,36,47,1,22.046
246,3,153,33,18,2,0,4.209
246,3,70,184,37,99,1,3.989
246,3,158,115,30,73,1,2.148
246,3,103,80,49,11,1,2.614
246,3,63,55,10,39,1,3.366
246,3,172,102,100,28,0,1.618
246,3,155,93,60,15,0,2.186
246,3,124,1,68,41,0,2.033
246,3,118,105,25,48,1,1.516
246,3,16,12,33,38,0,3.106
246,3,106,123,9,70,0,2.933
246,3,159,176,14,39,1,2.045
246,3,13,119,46,64,0,3.722
247,3,96,65,16,6,0,2.50427000003401
247,3,28,5,3,2,0,4.04171499999939
247,3,13,119,2,3,1,2.29339499998605
247,3,155,93,6,2,1,1.91583000001265
247,3,159,176,99,6,0,11.9359299999778
247,3,164,61,6,2,0,1.39331000001403
247,3,188,100,85,29,0,1.78519500000402
247,3,16,12,2,4,1,1.21839999995427
247,3,114,99,98,14,0,27.3457499999786
247,3,118,105,81,5,0,0.945989999978337
247,3,172,102,4,67,0,6.78652500000317
247,3,165,150,86,7,0,1.1273199999705
247,3,51,161,3,83,1,1.00426499999594
247,3,154,39,10,4,0,0.935044999991078
247,3,124,1,3,3,0,0.907059999997728
247,3,98,8,89,3,0,1.30963999999221
247,3,60,17,1,1,0,1.02887500001816
247,3,104,173,11,7,0,1.18031499994686
247,3,70,184,2,80,1,1.06742999999551
247,3,142,174,78,72,0,1.88098499999614
247,3,63,55,43,2,0,2.07689999998547
247,3,200,131,87,4,0,1.09982500004116
247,3,170,25,36,2,0,0.895655000000261
247,3,158,115,2,2,1,1.38483499997528
247,3,153,33,4,2,0,1.16085500002373
247,3,187,168,87,98,0,1.24449499999173
247,3,106,123,76,3,0,0.766835000016727
247,3,103,80,2,6,0,1.23847500002012
247,3,26,160,3,83,1,1.01827499998035
247,3,77,18,7,3,1,1.85905999998795
248,3,153,33,50,96,1,1.46900000001187
248,3,16,12,100,93,0,3.10399999999208
248,3,170,25,51,78,1,1.45699999999488
248,3,118,105,91,57,0,2.04999999998836
248,3,164,61,41,94,1,1.42999999999302
248,3,104,173,75,34,0,1.4090000000142
248,3,165,150,33,59,1,1.44899999999325
248,3,114,99,48,61,1,1.63499999998021
248,3,96,65,96,100,0,4.04300000000512
248,3,155,93,48,97,1,1.56599999999162
248,3,124,1,49,69,1,1.1480000000156
248,3,158,115,55,38,1,2.6140000000014
248,3,70,184,1,55,1,2.4440000000177
248,3,63,55,100,49,0,3.80799999998999
248,3,154,39,49,75,1,1.48299999997835
248,3,28,5,100,94,0,2.0570000000007
248,3,200,131,55,54,1,1.58699999999953
248,3,77,18,1,69,1,1.14600000000792
248,3,187,168,17,26,1,2.25100000001839
248,3,142,174,51,41,0,1.58400000000256
248,3,103,80,79,1,0,1.68299999998999
248,3,98,8,85,81,1,1.55199999999604
248,3,188,100,27,66,1,1.15499999999884
248,3,51,161,64,45,0,1.41599999999744
248,3,26,160,100,47,0,1.03500000000349
248,3,60,17,87,66,1,3.35599999999977
248,3,172,102,34,58,1,1.15300000002026
248,3,106,123,73,68,0,1.72599999999511
248,3,13,119,95,47,0,1.32300000000396
248,3,159,176,57,46,0,1.69599999999627
249,3,16,12,80,71,0,3.35197499999776
249,3,60,17,20,30,0,2.62892499996815
249,3,153,33,2,67,1,4.3549350000103
249,3,26,160,71,2,0,1.99341999995522
249,3,51,161,95,3,0,1.98337999999058
249,3,63,55,1,80,1,1.95571000000928
249,3,142,174,2,75,1,2.23934500000905
249,3,13,119,1,56,1,2.20605500001693
249,3,96,65,62,2,0,2.38682499999413
249,3,200,131,31,2,0,2.52920999994967
249,3,104,173,50,77,1,3.39970000000903
249,3,170,25,3,2,0,2.04074499994749
249,3,164,61,76,1,0,3.16019000002416
249,3,124,1,62,22,1,2.00961000000825
249,3,165,150,84,51,0,2.80064999999013
249,3,155,93,32,2,0,2.35701999999583
249,3,114,99,66,51,0,1.72667499998352
249,3,154,39,3,39,1,3.67415999999503
249,3,103,80,61,1,0,1.95980500004953
249,3,98,8,67,100,1,1.86194999999134
249,3,106,123,36,40,0,1.98294000001624
249,3,77,18,85,99,1,2.29127499996684
249,3,188,100,82,55,0,1.75813000003109
249,3,158,115,2,68,1,2.69184500002302
249,3,28,5,20,31,0,1.91715500003193
249,3,70,184,67,81,1,2.08237000001827
249,3,159,176,13,67,1,1.98961499996949
249,3,172,102,68,81,1,2.04525000002468
249,3,118,105,1,66,1,1.89788500004215
249,3,187,168,82,71,0,1.66203499998664
250,3,158,115,3,3,1,3.31505999999354
250,3,26,160,1,2,1,1.26536499999929
250,3,118,105,73,1,0,1.14169000001857
250,3,124,1,52,45,0,1.63191499997629
250,3,16,12,44,16,1,1.89078000001609
250,3,98,8,73,45,0,0.941010000009555
250,3,63,55,41,26,1,1.12278999999398
250,3,60,17,17,43,0,2.17930000001797
250,3,200,131,37,1,0,1.67469499999424
250,3,114,99,45,64,1,2.30120500002522
250,3,103,80,15,1,0,1.81114499998512
250,3,159,176,64,56,0,1.00753500004066
250,3,106,123,34,3,0,1.26087499997811
250,3,155,93,60,30,0,0.986774999997579
250,3,96,65,41,20,0,1.58531999995466
250,3,51,161,60,46,0,1.41853000002448
250,3,13,119,2,60,1,1.05795500002569
250,3,154,39,12,62,1,1.63017000001855
250,3,142,174,13,44,1,1.31299999996554
250,3,170,25,1,1,0,2.35632999998052
250,3,165,150,78,51,0,1.21073999995133
250,3,188,100,71,65,0,0.776995000021998
250,3,104,173,1,57,1,2.23171999998158
250,3,153,33,4,2,0,2.43984499998624
250,3,164,61,64,16,0,1.10752499999944
250,3,187,168,57,76,1,1.65224999998463
250,3,172,102,49,51,1,1.8649199999636
250,3,70,184,3,19,1,1.18246999999974
250,3,28,5,4,1,1,1.22260000003735
250,3,77,18,2,41,1,1.76085999998031
251,3,16,12,73,79,0,2.04780000005849
251,3,26,160,56,15,1,1.42615499999374
251,3,114,99,56,14,0,1.60273499996401
251,3,60,17,46,67,0,1.58536999998614
251,3,164,61,82,21,0,1.29116500006057
251,3,142,174,25,39,1,1.45081499987282
251,3,77,18,32,94,1,1.31798000005074
251,3,124,1,63,85,1,1.00928000011481
251,3,165,150,60,29,0,1.91607500007376
251,3,118,105,58,10,0,1.20212000003085
251,3,172,102,72,27,0,1.20639499998651
251,3,96,65,69,27,0,1.46145999990404
251,3,154,39,31,54,1,1.1267049999442
251,3,200,131,37,6,0,1.57669000001624
251,3,70,184,16,74,1,2.25821999995969
251,3,187,168,73,70,0,0.906759999925271
251,3,63,55,53,67,1,1.4994149999693
251,3,103,80,36,26,0,1.73668999993242
251,3,106,123,76,42,0,1.07273499993607
251,3,155,93,10,19,0,9.4044349999167
251,3,188,100,68,47,0,1.27634499990381
251,3,159,176,17,64,1,1.50762999989092
251,3,158,115,2,3,1,1.0185099998489
251,3,104,173,15,63,1,1.46992999990471
251,3,51,161,66,48,0,2.27096000011079
251,3,170,25,10,22,1,1.89594499999657
251,3,98,8,41,100,1,2.970350000076
251,3,28,5,58,93,1,2.22835500002839
251,3,153,33,16,4,0,1.16382999997586
251,3,13,119,92,77,0,0.881144999992102
252,3,104,173,45,22,0,3.50710999988951
252,3,103,80,34,85,1,1.41798999998719
252,3,200,131,24,52,1,1.19966500019655
252,3,98,8,60,76,0,2.32283499999903
252,3,118,105,66,14,0,0.839524999959394
252,3,114,99,67,41,0,0.760914999991655
252,3,187,168,40,68,0,1.15113999997266
252,3,51,161,70,5,0,1.73829000000842
252,3,63,55,65,4,0,1.10618999996223
252,3,142,174,6,44,1,4.20158999995328
252,3,70,184,59,76,1,1.0788500001654
252,3,154,39,10,27,1,1.53669500001706
252,3,106,123,49,12,0,1.97827000007965
252,3,96,65,7,57,1,1.28367499983869
252,3,26,160,95,19,0,0.929740000050515
252,3,158,115,86,62,0,1.60445500002243
252,3,188,100,68,35,0,0.855105000082403
252,3,13,119,87,25,0,1.15738499979489
252,3,172,102,26,54,1,1.2410549998749
252,3,165,150,16,9,1,1.91262500011362
252,3,60,17,68,85,1,1.44414000003599
252,3,124,1,28,9,1,1.17463500006124
252,3,16,12,83,72,0,1.37146000005305
252,3,170,25,4,17,1,1.53557499987073
252,3,164,61,23,48,1,1.46002999995835
252,3,77,18,15,87,1,1.09295500000007
252,3,28,5,64,69,1,1.103340000147
252,3,155,93,61,2,0,0.835320000071079
252,3,153,33,22,94,1,0.862459999974817
252,3,159,176,8,3,0,1.07241500006057
253,3,70,184,34,93,1,65.1487150000175
253,3,200,131,62,8,0,1.57205499999691
253,3,104,173,59,95,1,1.56093499995768
253,3,170,25,74,31,0,3.23443000001134
253,3,187,168,72,86,1,1.64649999997346
253,3,165,150,75,29,0,1.67161999997916
253,3,13,119,22,90,1,1.33976000000257
253,3,63,55,63,62,0,2.51091000001179
253,3,114,99,56,65,0,1.66104500001529
253,3,124,1,67,2,0,2.15912500000559
253,3,153,33,37,68,1,1.81557500001509
253,3,96,65,30,94,1,1.37984499998856
253,3,98,8,51,85,1,1.25675499998033
253,3,28,5,40,43,1,1.73623000003863
253,3,60,17,63,56,0,1.78140500001609
253,3,164,61,82,53,0,1.12368000001879
253,3,172,102,90,64,0,3.24261499999557
253,3,106,123,79,71,1,1.20040500001051
253,3,77,18,55,45,1,2.14019000000553
253,3,188,100,87,79,0,2.76914499996928
253,3,16,12,58,19,1,2.11106000002474
253,3,142,174,80,75,1,1.58983000001172
253,3,118,105,61,8,1,2.01757999998517
253,3,158,115,52,72,0,1.23645999998553
253,3,154,39,52,55,0,1.75397499999963
253,3,26,160,1,60,1,1.41854500002228
253,3,159,176,21,32,1,1.43327000003774
253,3,51,161,67,67,1,1.29516500001773
253,3,155,93,38,63,0,2.12735500000417
253,3,103,80,84,61,0,2.98355000000447
254,3,187,168,99,99,1,3.89835499999754
254,3,158,115,81,43,0,2.04707499999495
254,3,164,61,95,69,0,2.25667000000249
254,3,96,65,86,58,0,2.2216849999968
254,3,98,8,75,83,1,2.04614500000025
254,3,153,33,87,93,0,2.55315999999584
254,3,70,184,99,99,1,2.7361799999926
254,3,124,1,96,99,1,2.74599500000477
254,3,142,174,76,99,1,1.86069000000134
254,3,104,173,50,100,1,2.2236899999989
254,3,77,18,86,100,1,2.14372500000172
254,3,159,176,91,31,0,1.90051999999559
254,3,172,102,99,54,0,1.98644500000228
254,3,13,119,99,98,0,1.90863000000536
254,3,60,17,49,90,1,1.93193999999494
254,3,103,80,49,91,1,2.07781499999692
254,3,188,100,99,79,0,2.39856000000145
254,3,28,5,32,99,1,2.05188500000804
254,3,26,160,44,97,1,2.16779999999562
254,3,63,55,62,99,1,3.3536599999934
254,3,154,39,76,99,1,14.1184700000013
254,3,114,99,84,63,0,1.92130000000179
254,3,51,161,99,99,0,2.22370500001125
254,3,118,105,74,79,1,2.09997500000463
254,3,155,93,99,83,0,1.64893500000471
254,3,170,25,91,97,1,1.58451999998942
254,3,165,150,99,97,0,1.70928999999887
254,3,106,123,66,99,1,2.15945500000089
254,3,16,12,76,99,1,2.08432500000345
254,3,200,131,96,77,0,1.54127000000153
255,3,155,93,51,66,0,1.90501000001677
255,3,142,174,59,53,1,0.584024999989197
255,3,118,105,59,61,0,0.704330000007758
255,3,77,18,71,63,0,0.929634999978589
255,3,28,5,73,75,0,1.04092500000843
255,3,158,115,51,50,1,0.657330000016373
255,3,159,176,59,61,1,0.878069999977015
255,3,96,65,61,54,0,0.896719999989728
255,3,98,8,56,62,0,0.761104999983218
255,3,154,39,63,71,1,1.16742499999236
255,3,103,80,64,49,0,0.791730000026291
255,3,114,99,55,54,1,0.779320000001462
255,3,70,184,57,48,0,0.759460000001127
255,3,13,119,68,55,0,0.780249999981606
255,3,104,173,66,50,0,0.767584999994142
255,3,188,100,63,51,1,0.669444999977713
255,3,63,55,67,79,1,0.673374999983935
255,3,165,150,52,66,1,0.709659999993164
255,3,172,102,52,54,0,0.65029499999946
255,3,164,61,52,61,1,0.614360000006855
255,3,124,1,58,89,0,0.760619999986375
255,3,51,161,70,52,0,0.881919999985257
255,3,26,160,72,62,0,0.789004999998724
255,3,170,25,56,75,1,2.69708499999251
255,3,16,12,72,54,1,0.852234999998473
255,3,187,168,51,58,0,1.00035499999649
255,3,200,131,61,54,1,0.713389999989886
255,3,153,33,62,70,1,10.8216700000048
255,3,60,17,49,81,1,8.17533499997808
255,3,106,123,71,72,0,1.0023050000018
256,3,118,105,54,38,0,5.023
256,3,124,1,91,51,0,2.225
256,3,63,55,50,46,1,2.29
256,3,16,12,66,91,1,2.471
256,3,70,184,84,86,0,6.324
256,3,98,8,61,50,1,2.401
256,3,200,131,86,73,0,2.049
256,3,159,176,75,64,0,4.591
256,3,170,25,14,64,1,1.891
256,3,153,33,24,83,1,1.858
256,3,77,18,85,87,1,2.197
256,3,28,5,85,38,0,2.042
256,3,114,99,78,52,0,2.266
256,3,96,65,8,51,1,1.895
256,3,106,123,86,86,1,1.716
256,3,103,80,51,70,1,2.594
256,3,60,17,41,81,1,1.844
256,3,158,115,47,50,1,2.514
256,3,26,160,10,49,1,1.872
256,3,187,168,85,73,0,1.946
256,3,188,100,86,65,0,1.724
256,3,155,93,78,6,0,2.003
256,3,13,119,92,85,0,1.923
256,3,172,102,52,85,1,2.487
256,3,142,174,42,71,1,2.021
256,3,154,39,69,44,0,1.937
256,3,164,61,51,36,0,2.493
256,3,104,173,47,50,0,3.449
256,3,51,161,56,62,0,2.18
256,3,165,150,57,32,0,2.306
257,3,16,12,60,99,1,4.63024999992922
257,3,200,131,2,30,0,4.52292000036687
257,3,153,33,2,86,1,1.65774499997497
257,3,104,173,81,3,0,1.81350499996915
257,3,106,123,1,3,0,4.29090999998152
257,3,70,184,26,2,0,1.39374000020325
257,3,51,161,80,3,0,1.39362500002608
257,3,187,168,3,3,1,3.54449000023305
257,3,154,39,3,79,1,2.2739299996756
257,3,60,17,1,100,1,1.09172999998555
257,3,98,8,2,51,1,4.18992500007153
257,3,114,99,48,76,1,2.28906499966979
257,3,159,176,2,3,1,3.79796499991789
257,3,142,174,1,2,1,1.47524499986321
257,3,26,160,100,2,0,1.58559500006959
257,3,63,55,2,86,1,1.78366999980062
257,3,188,100,2,23,1,4.73116000043228
257,3,28,5,2,99,1,2.2987449998036
257,3,124,1,1,99,1,1.37084500025958
257,3,172,102,1,86,1,1.92693000007421
257,3,164,61,1,1,1,4.30714499996975
257,3,103,80,48,2,0,1.55321000004187
257,3,77,18,3,83,1,2.07098999992013
257,3,158,115,4,78,1,1.80087999999523
257,3,155,93,15,86,1,2.13780000014231
257,3,170,25,2,99,1,1.19106499990448
257,3,13,119,2,2,1,2.82121999980882
257,3,165,150,48,2,0,3.00829500006512
257,3,118,105,2,2,0,4.5750749995932
257,3,96,65,72,1,0,1.71129000000656
258,3,104,173,41,34,1,5.076
258,3,170,25,26,78,1,2.116
258,3,63,55,54,51,0,2.778
258,3,187,168,22,58,1,1.579
258,3,159,176,57,55,1,3.068
258,3,13,119,75,64,0,2.162
258,3,114,99,78,61,0,1.925
258,3,103,80,57,35,0,2.136
258,3,16,12,52,41,0,2.357
258,3,155,93,40,60,0,2.029
258,3,118,105,77,23,0,1.763
258,3,154,39,20,66,1,1.839
258,3,51,161,59,55,1,2.89
258,3,106,123,63,37,0,1.897
258,3,77,18,31,66,1,1.904
258,3,200,131,31,16,0,6.699
258,3,70,184,36,57,1,2.027
258,3,188,100,15,54,1,2.064
258,3,96,65,24,23,1,2.544
258,3,60,17,69,66,1,4.416
258,3,153,33,14,31,0,5.689
258,3,28,5,14,32,1,1.728
258,3,142,174,4,67,1,1.841
258,3,158,115,51,16,0,2.553
258,3,172,102,51,48,1,4.605
258,3,26,160,57,62,1,1.922
258,3,165,150,62,59,1,2.078
258,3,124,1,57,59,0,2.65
258,3,164,61,61,60,0,1.669
258,3,98,8,79,60,0,1.863
259,3,159,176,29,28,0,9.9727899999998
259,3,158,115,26,12,0,6.10182000001078
259,3,51,161,79,17,0,2.2506149999972
259,3,104,173,32,18,1,5.28954500000691
259,3,103,80,25,30,1,3.96107499999925
259,3,28,5,26,61,1,2.07591499999398
259,3,154,39,13,55,1,2.12391999998363
259,3,187,168,16,37,1,2.270909999992
259,3,124,1,22,63,1,1.5679550000059
259,3,114,99,34,35,0,2.36596999998437
259,3,142,174,34,38,1,5.29990500002168
259,3,118,105,51,36,0,2.38307999999961
259,3,70,184,54,14,0,2.09724000000278
259,3,16,12,61,58,1,4.02168500001426
259,3,63,55,24,40,1,1.6708000000217
259,3,106,123,43,12,0,2.35801999998512
259,3,77,18,46,61,0,2.20238500001142
259,3,96,65,66,34,0,1.72962499997811
259,3,155,93,21,46,1,1.83454999999958
259,3,200,131,24,31,0,3.87337000001571
259,3,26,160,62,24,0,1.94520499999635
259,3,188,100,17,25,1,2.97950000001583
259,3,13,119,80,2,0,2.15685999998823
259,3,164,61,24,15,0,2.59916499999235
259,3,60,17,22,62,1,1.84695499998634
259,3,170,25,16,51,1,2.08793000000878
259,3,98,8,38,72,1,2.70877999998629
259,3,153,33,45,61,1,2.50593499999377
259,3,165,150,21,27,0,2.29532999999356
259,3,172,102,26,34,0,2.17025499997544
260,3,187,168,8,13,1,2.85322000000451
260,3,106,123,20,8,0,1.52730999999039
260,3,16,12,1,12,1,1.75318499999412
260,3,155,93,2,2,0,1.45260499999858
260,3,118,105,19,2,0,1.95854999999574
260,3,188,100,21,29,0,1.44617499999003
260,3,159,176,2,2,1,1.48890500000562
260,3,154,39,2,1,0,1.66342499999155
260,3,98,8,24,2,0,1.34162000000651
260,3,51,161,7,1,0,1.92540000000736
260,3,142,174,13,36,1,1.64706499999738
260,3,153,33,1,1,0,1.12552500001038
260,3,13,119,3,49,1,1.40920500000357
260,3,158,115,12,3,0,1.54258500000287
260,3,77,18,84,41,0,1.47693000000436
260,3,96,65,2,1,0,1.4412949999969
260,3,170,25,2,2,1,1.50216000000364
260,3,114,99,41,14,0,1.1909799999994
260,3,200,131,19,2,0,1.3480600000039
260,3,124,1,60,28,0,1.50146499999391
260,3,60,17,3,20,1,1.18312999999034
260,3,104,173,5,11,1,2.54839000001084
260,3,26,160,2,3,1,2.62060500000371
260,3,164,61,2,1,0,1.99041499999294
260,3,70,184,7,80,1,1.06217500001367
260,3,103,80,2,2,0,2.46988499999861
260,3,28,5,3,2,1,1.39353500001016
260,3,165,150,3,3,0,1.0654349999968
260,3,63,55,2,2,0,1.73406499999692
260,3,172,102,16,4,0,1.33288499999617
261,3,106,123,100,95,0,15.3090049999992
261,3,63,55,1,61,1,11.1834899999994
261,3,170,25,100,39,0,2.42127500000061
261,3,188,100,100,97,1,11.3682000000008
261,3,70,184,1,67,1,2.75121500000023
261,3,154,39,5,19,1,11.0242850000031
261,3,104,173,64,1,1,10.9438800000025
261,3,158,115,17,58,0,9.59296000000177
261,3,60,17,1,43,1,4.40455500000098
261,3,96,65,1,7,1,8.37638499999957
261,3,114,99,13,23,0,6.03582000000097
261,3,155,93,83,96,1,5.96013500000117
261,3,124,1,100,19,0,3.38212500000009
261,3,153,33,1,1,0,4.48425999999745
261,3,26,160,1,96,1,9.20267500000051
261,3,28,5,89,78,0,3.7520949999998
261,3,200,131,96,88,0,7.49148499999865
261,3,187,168,95,1,0,11.4236300000011
261,3,13,119,1,100,1,10.852855000001
261,3,51,161,80,100,1,3.67362499999942
261,3,172,102,1,76,0,5.470945000001
261,3,77,18,64,61,0,9.43891500000248
261,3,165,150,1,19,1,16.0645000000004
261,3,16,12,40,97,1,6.986025000002
261,3,118,105,79,1,0,3.42882500000263
261,3,98,8,1,39,0,20.3344700000016
261,3,164,61,1,1,0,2.53220000000147
261,3,103,80,63,1,1,7.48160999999888
261,3,142,174,69,100,0,3.40835000000149
261,3,159,176,13,78,1,7.42574500000046
262,3,170,25,15,46,1,3.35071500000777
262,3,165,150,53,45,0,2.55855000001611
262,3,51,161,67,42,0,1.82752000002074
262,3,187,168,74,30,1,3.4284050000133
262,3,26,160,13,49,1,4.77288000000408
262,3,155,93,35,99,1,1.81180500000482
262,3,153,33,5,1,0,2.3268649999809
262,3,103,80,38,88,1,1.91911499999696
262,3,124,1,18,43,1,1.66164000000572
262,3,200,131,77,14,0,2.0610250000027
262,3,154,39,48,2,0,2.06956000000355
262,3,114,99,19,10,0,2.09068500000285
262,3,158,115,23,22,1,3.20781499997247
262,3,60,17,67,36,1,2.49004499998409
262,3,104,173,17,8,1,3.69666999997571
262,3,159,176,16,58,1,1.97435999999288
262,3,28,5,44,74,1,1.75599000000511
262,3,98,8,3,65,1,1.54423499997938
262,3,63,55,47,24,1,1.63554499999736
262,3,142,174,8,32,1,2.31927999999607
262,3,13,119,91,10,0,1.53298499999801
262,3,106,123,15,9,1,5.06448999998975
262,3,77,18,34,25,0,2.1733499999973
262,3,16,12,82,68,0,1.78960999997798
262,3,96,65,98,60,0,1.48038999998244
262,3,164,61,56,26,0,1.73274000000674
262,3,118,105,2,63,1,1.60820499999681
262,3,70,184,99,19,0,1.43080000000191
262,3,188,100,49,6,0,2.99356000000262
262,3,172,102,48,20,0,1.41281999999774
263,3,153,33,1,51,1,3.81862999999794
263,3,187,168,98,76,0,6.05821500000093
263,3,154,39,62,88,1,3.87269000000015
263,3,155,93,88,73,0,4.38088000000062
263,3,26,160,100,22,0,3.23829000000114
263,3,77,18,1,100,1,2.05878500000108
263,3,28,5,15,99,1,3.94489000000249
263,3,172,102,51,79,1,4.75915000000168
263,3,13,119,99,63,0,3.34475999999995
263,3,60,17,51,98,1,1.45502500000293
263,3,106,123,50,82,1,3.71111999999994
263,3,164,61,51,53,0,7.00246499999776
263,3,200,131,81,48,0,2.35279499999888
263,3,114,99,51,51,0,3.31809500000236
263,3,63,55,70,98,1,3.65226000000257
263,3,142,174,50,51,1,2.79761499999947
263,3,158,115,63,52,1,7.2196150000018
263,3,96,65,98,78,0,4.12881500000006
263,3,70,184,2,81,1,2.72125999999844
263,3,165,150,79,50,0,2.89422999999812
263,3,170,25,4,98,1,2.08061500000261
263,3,98,8,20,97,1,3.62787499999837
263,3,104,173,55,39,1,3.39323999999755
263,3,159,176,74,51,1,3.83701500000095
263,3,188,100,100,2,0,2.25376999999932
263,3,16,12,100,100,0,6.4487850000005
263,3,118,105,22,50,1,6.77199999999721
263,3,51,161,99,21,0,2.13666500000184
263,3,103,80,27,1,0,2.23341000000073
263,3,124,1,84,99,1,1.55395000000135
264,3,124,1,23,77,1,2.01909000001615
264,3,98,8,31,28,0,1.10143500001868
264,3,118,105,28,77,1,0.999249999993481
264,3,172,102,50,50,0,1.0788149999571
264,3,16,12,5,19,1,1.21607999998378
264,3,104,173,42,60,1,1.27520500001265
264,3,155,93,26,71,1,1.54626000003191
264,3,77,18,76,72,0,0.916885000013281
264,3,154,39,21,11,0,1.40107000002172
264,3,63,55,44,60,1,1.47982999996748
264,3,28,5,36,13,0,1.63281499996083
264,3,114,99,56,25,0,0.932549999968614
264,3,165,150,62,29,0,1.2808649999788
264,3,142,174,54,29,0,1.1372749999864
264,3,159,176,14,46,1,1.73278999998001
264,3,153,33,33,1,0,2.21377000003122
264,3,200,131,28,2,0,0.987015000020619
264,3,106,123,27,30,0,0.884085000026971
264,3,164,61,72,52,0,0.80400499998359
264,3,103,80,35,69,1,0.983869999996386
264,3,170,25,48,32,0,0.931019999959972
264,3,70,184,72,58,0,0.818420000025071
264,3,96,65,83,60,0,0.802804999984801
264,3,158,115,80,26,0,1.3464849999873
264,3,60,17,53,32,0,1.08247500000289
264,3,13,119,42,25,0,0.952289999986533
264,3,187,168,40,60,1,1.68418999999994
264,3,188,100,38,49,0,1.59283999999752
264,3,51,161,10,16,0,1.04933499998879
264,3,26,160,5,17,1,2.09801499999594
265,3,142,174,25,50,1,5.41315500007477
265,3,124,1,50,41,1,3.01549000001978
265,3,103,80,38,50,1,2.35103500005789
265,3,63,55,2,76,1,2.28103000007104
265,3,154,39,12,11,0,3.6665750000393
265,3,187,168,18,50,1,2.48012500000186
265,3,77,18,85,33,0,1.9754950000206
265,3,13,119,27,51,1,2.86154499999247
265,3,188,100,10,86,1,1.84265500004403
265,3,200,131,13,9,1,4.18022500001825
265,3,60,17,2,63,1,2.17216000007465
265,3,106,123,58,57,0,1.62137500010431
265,3,51,161,91,35,0,1.60289500001818
265,3,165,150,49,7,0,1.91288000007626
265,3,164,61,49,2,0,1.77816999994684
265,3,118,105,84,63,1,5.42365000001155
265,3,96,65,63,12,0,1.66443000000436
265,3,70,184,73,60,1,146.179204999935
265,3,16,12,64,19,0,1.63293999992311
265,3,114,99,63,73,0,2.50649000005797
265,3,98,8,98,57,0,1.60436999995727
265,3,158,115,13,60,1,1.50751500006299
265,3,155,93,30,55,1,2.71931999991648
265,3,172,102,50,64,1,6.37797000003047
265,3,159,176,15,28,1,2.40023500006646
265,3,28,5,31,9,0,1.9011650000466
265,3,26,160,1,20,1,1.5356300000567
265,3,170,25,37,62,1,1.80255500006024
265,3,104,173,50,33,0,2.04397500003688
265,3,153,33,36,1,0,1.57569500000682
266,3,16,12,23,20,1,5.17211000004318
266,3,118,105,80,1,0,1.50304499996128
266,3,28,5,3,25,1,2.25608000002103
266,3,51,161,39,95,1,1.98960999998963
266,3,188,100,73,91,0,2.59669500001473
266,3,77,18,88,91,1,2.60588499996811
266,3,170,25,64,3,0,2.48262499994598
266,3,159,176,90,63,0,2.04071999998996
266,3,155,93,92,9,0,2.65764499997022
266,3,153,33,4,6,1,2.45780000003288
266,3,114,99,61,25,0,1.54652999999234
266,3,187,168,96,91,1,2.14790499996161
266,3,164,61,36,4,0,1.62716500001261
266,3,104,173,19,68,1,1.88770999998087
266,3,200,131,76,81,0,3.5967299999902
266,3,124,1,74,2,0,2.00142499996582
266,3,13,119,79,94,1,1.61855499999365
266,3,96,65,75,2,0,1.58389500004705
266,3,172,102,95,8,0,1.84603999997489
266,3,142,174,26,99,1,1.40568999998504
266,3,60,17,7,13,1,1.55395000003045
266,3,70,184,7,100,1,1.67703999998048
266,3,63,55,3,77,1,1.54089499998372
266,3,26,160,67,76,1,1.41689499997301
266,3,98,8,91,3,0,1.71133499999996
266,3,154,39,4,2,1,1.68485999997938
266,3,158,115,94,2,0,1.63020499999402
266,3,106,123,81,92,1,1.50219999998808
266,3,165,150,82,14,0,1.75182500004303
266,3,103,80,15,2,0,1.65481999999611
267,3,124,1,65,48,0,1.60812999999325
267,3,13,119,37,62,1,1.18108999999822
267,3,142,174,29,61,1,1.36853000000701
267,3,158,115,50,56,0,1.29112999999779
267,3,16,12,52,36,0,1.13240000000224
267,3,153,33,29,46,1,0.77478500000143
267,3,96,65,31,37,1,1.11481499999354
267,3,28,5,20,36,1,1.49134500000218
267,3,114,99,51,41,0,1.38618000000133
267,3,154,39,48,36,1,1.20617499999935
267,3,26,160,11,64,1,0.96731500000169
267,3,63,55,48,47,0,1.2187350000022
267,3,164,61,60,48,1,0.995390000010957
267,3,165,150,61,48,0,1.00996500000474
267,3,118,105,54,35,0,1.38025000000198
267,3,70,184,39,64,1,0.99537999999302
267,3,172,102,62,52,0,0.730389999996987
267,3,98,8,61,49,0,1.56109999999171
267,3,188,100,70,54,0,1.35584000000381
267,3,106,123,55,65,1,1.03399500000523
267,3,51,161,37,62,1,1.10950999999477
267,3,60,17,48,49,0,1.18942499998957
267,3,155,93,47,47,0,1.82853499999328
267,3,159,176,58,25,0,1.23941500000365
267,3,200,131,65,48,0,1.00553000000946
267,3,187,168,61,70,1,1.24502499999653
267,3,170,25,24,36,1,1.20115500000247
267,3,103,80,48,30,0,1.13138999999501
267,3,77,18,58,42,0,1.19958999998926
267,3,104,173,47,52,1,1.85983000000124
268,3,118,105,39,70,1,4.37907500000438
268,3,164,61,52,12,0,1.59446999999636
268,3,155,93,45,20,0,3.00295500000357
268,3,16,12,53,81,1,1.12425999999687
268,3,13,119,45,16,0,3.17222499998752
268,3,51,161,38,63,1,1.76093499999843
268,3,153,33,12,1,0,3.42891499999678
268,3,187,168,36,43,1,2.93409500000416
268,3,165,150,92,58,0,2.9033150000032
268,3,70,184,67,49,0,2.45139999999083
268,3,63,55,60,51,0,2.02569999999832
268,3,28,5,68,60,0,50.0489400000079
268,3,170,25,9,56,1,3.71448499998951
268,3,103,80,25,10,1,7.22283500000776
268,3,142,174,42,9,0,2.11280999999144
268,3,172,102,49,26,0,2.08449500000279
268,3,158,115,11,2,0,1.4632649999985
268,3,98,8,35,65,1,2.01702999998815
268,3,154,39,24,31,0,4.63469000000623
268,3,60,17,27,72,1,1.55872999998974
268,3,77,18,62,98,1,0.82768999999098
268,3,124,1,34,69,1,3.00707500000135
268,3,188,100,56,37,1,449.101314999993
268,3,159,176,20,2,0,3.47183500000392
268,3,104,173,26,40,1,1.68860500000301
268,3,96,65,42,35,1,1.62860499999078
268,3,106,123,40,33,0,8.28708999999799
268,3,114,99,58,6,0,1.6759849999944
268,3,200,131,10,10,1,2.35280500000226
268,3,26,160,58,49,0,2.65112500000396
301,4,16,12,69,63,0,2.53099499997916
301,4,51,161,4,39,1,4.73726500000339
301,4,155,93,56,63,0,0.895289999956731
301,4,158,115,30,79,0,1.44208000000799
301,4,26,160,51,50,0,2.04170499998145
301,4,104,173,76,65,1,0.987184999976307
301,4,63,55,87,71,1,1.11225000000559
301,4,106,123,39,79,0,0.903125000011642
301,4,28,5,49,69,0,1.15473000000929
301,4,98,8,48,31,1,1.76990999997361
301,4,159,176,46,46,0,0.564954999950714
301,4,142,174,52,24,0,0.664609999977984
301,4,103,80,21,45,1,0.633550000027753
301,4,170,25,33,56,0,0.690345000009984
301,4,165,150,80,85,1,0.706219999992754
301,4,124,1,82,62,1,0.546115000033751
301,4,154,39,51,62,1,0.561585000017658
301,4,164,61,70,47,1,1.95165500004077
301,4,187,168,28,34,1,1.26701999997022
301,4,77,18,63,72,0,0.611095000000205
301,4,200,131,95,32,0,2.11142999998992
301,4,96,65,80,84,0,1.6750250000041
301,4,60,17,31,52,0,1.85558500001207
301,4,153,33,75,32,1,1.11025500000687
301,4,114,99,65,68,0,0.764300000038929
301,4,172,102,10,45,1,1.98180000000866
301,4,13,119,93,5,0,1.03385000000708
301,4,188,100,16,71,1,0.578645000001416
301,4,118,105,36,24,0,1.26468500000192
301,4,70,184,58,26,0,0.6761149999802
302,4,158,115,22,7,0,2.73110499999984
302,4,51,161,56,59,0,1.83703000000061
302,4,170,25,85,33,0,1.19434999999974
302,4,164,61,23,30,0,1.78675999999995
302,4,142,174,55,91,1,1.43690999999945
302,4,118,105,88,83,1,1.73457500000042
302,4,13,119,36,72,1,1.87799499999982
302,4,106,123,65,85,1,3.08096000000022
302,4,70,184,70,20,0,3.11725500000012
302,4,124,1,79,45,0,2.95824999999965
302,4,165,150,33,50,0,2.4421400000001
302,4,103,80,8,72,1,1.22661499999958
302,4,26,160,31,59,0,1.76474000000051
302,4,63,55,34,40,1,1.0444500000003
302,4,172,102,59,49,0,1.43066499999986
302,4,104,173,8,51,1,1.2511399999994
302,4,154,39,25,27,1,1.5310049999998
302,4,188,100,87,90,0,1.81381000000055
302,4,28,5,32,41,0,2.01901499999987
302,4,98,8,89,20,0,1.22578499999965
302,4,200,131,55,17,1,2.75683500000011
302,4,187,168,91,25,0,1.24118499999982
302,4,159,176,48,11,0,1.3338749999993
302,4,153,33,44,32,1,2.25595499999961
302,4,60,17,35,29,1,3.43314000000007
302,4,16,12,29,34,1,9.38129999999999
302,4,114,99,21,66,1,1.23620000000024
302,4,96,65,49,37,0,1.17037499999971
302,4,77,18,79,38,0,1.5250299999998
302,4,155,93,56,43,1,1.61099000000011
303,4,155,93,63,52,0,6.68997000000672
303,4,70,184,75,79,0,2.69180999998935
303,4,164,61,72,41,0,4.99593999999342
303,4,60,17,37,6,0,1.75680500001181
303,4,114,99,76,66,0,1.68402000004426
303,4,26,160,23,25,0,5.9904899999965
303,4,153,33,70,5,0,1.49788500001887
303,4,172,102,59,40,0,4.29638499999419
303,4,158,115,29,13,0,2.21074000000954
303,4,142,174,60,55,0,2.43443499994464
303,4,118,105,65,94,1,9.22686499997508
303,4,165,150,65,90,1,1.65745499997865
303,4,104,173,52,55,1,4.15720000001602
303,4,187,168,77,62,0,1.19872000004398
303,4,170,25,67,16,0,5.57699000003049
303,4,159,176,56,29,0,4.792620000022
303,4,188,100,77,68,1,6.00216999999247
303,4,98,8,67,66,0,2.42978499998571
303,4,124,1,39,36,0,9.61582499998622
303,4,16,12,67,60,1,10.1500950000482
303,4,103,80,51,68,1,5.67472500004806
303,4,200,131,57,58,0,1.46968999999808
303,4,106,123,97,67,0,9.1967650000006
303,4,63,55,30,52,1,9.1391650000005
303,4,77,18,98,37,0,1.1399949999759
303,4,13,119,36,67,0,3.39897000003839
303,4,96,65,86,29,0,1.81100499996683
303,4,154,39,18,14,0,2.34677000000374
303,4,51,161,63,40,0,14.3695299999672
303,4,28,5,69,69,0,2.87719000002835
304,4,124,1,91,91,1,1.80369500000961
304,4,96,65,49,81,1,1.19949999998789
304,4,188,100,23,72,1,0.973780000000261
304,4,16,12,91,51,0,1.06912499997998
304,4,103,80,51,22,0,1.26772499998333
304,4,165,150,19,72,1,1.0341849999968
304,4,106,123,91,82,0,8.03471999999601
304,4,158,115,16,22,1,1.67796999996062
304,4,118,105,72,91,1,1.02813499997137
304,4,28,5,50,51,0,1.34291499998653
304,4,153,33,87,51,0,4.13771500001894
304,4,70,184,26,79,1,1.15445000003092
304,4,200,131,34,11,1,21.3713449999923
304,4,155,93,49,8,0,1.18699000001652
304,4,187,168,26,15,0,5.71691999997711
304,4,114,99,8,23,1,1.48485999996774
304,4,164,61,34,78,1,1.82201499998337
304,4,172,102,31,51,1,1.20757499994943
304,4,159,176,50,49,0,1.46556499996223
304,4,170,25,73,20,0,91.9864900000393
304,4,77,18,52,75,1,0.927519999968354
304,4,154,39,74,5,0,1.040559999994
304,4,26,160,18,52,1,9.05606500001159
304,4,104,173,51,6,0,1.34519999998156
304,4,142,174,89,21,0,1.37780499999644
304,4,13,119,51,79,0,1.52572500001406
304,4,60,17,66,29,0,4.01219499995932
304,4,63,55,50,25,0,27.1955650000018
304,4,98,8,79,86,1,1.09294000000227
304,4,51,161,22,50,1,1.0061149999965
305,4,170,25,60,56,1,3.47551500005648
305,4,165,150,45,31,0,1.18872500001453
305,4,154,39,37,77,1,1.80589999991935
305,4,159,176,28,53,1,1.90131500002462
305,4,51,161,64,44,0,1.19371999998111
305,4,77,18,76,77,0,1.24728499993216
305,4,124,1,39,62,1,1.06998499995098
305,4,70,184,37,60,0,1.02113500004634
305,4,16,12,100,83,0,0.977929999935441
305,4,114,99,23,7,0,1.05931000004057
305,4,96,65,72,34,0,0.866999999969266
305,4,104,173,30,49,1,1.02884499996435
305,4,158,115,49,5,0,1.11194500001147
305,4,60,17,27,69,1,1.19559999997728
305,4,106,123,77,58,0,0.893455000012182
305,4,188,100,50,15,0,0.829189999960363
305,4,13,119,83,48,0,0.986120000015944
305,4,26,160,67,23,0,0.831069999956526
305,4,98,8,13,100,1,1.22257500002161
305,4,63,55,27,79,1,0.857974999933504
305,4,187,168,26,43,1,1.57266500010155
305,4,142,174,48,34,1,3.61767499998678
305,4,200,131,35,16,0,1.34723499999382
305,4,164,61,51,9,0,1.95830499997828
305,4,28,5,93,50,0,0.879710000008345
305,4,103,80,16,11,1,2.20267999998759
305,4,155,93,41,91,1,1.19941000000108
305,4,172,102,45,17,0,1.08215999999084
305,4,153,33,28,26,1,1.61527000006754
305,4,118,105,60,70,1,1.4254400000209
306,4,13,119,61,18,0,3.04838000005111
306,4,159,176,50,26,0,1.76405499968678
306,4,16,12,49,65,1,2.84206500044093
306,4,104,173,39,16,0,2.17408999986947
306,4,96,65,100,50,0,2.64465999975801
306,4,106,123,81,78,0,1.76243499992415
306,4,26,160,1,56,1,2.89694999996573
306,4,77,18,100,55,0,1.72689000004902
306,4,63,55,50,1,0,2.01358000002801
306,4,165,150,15,77,1,3.10295999981463
306,4,153,33,33,3,0,1.91446000011638
306,4,158,115,34,41,1,2.7922499999404
306,4,28,5,59,76,1,1.62829500017688
306,4,51,161,82,27,0,1.82976000010967
306,4,200,131,43,80,1,1.63278999971226
306,4,164,61,28,21,1,1.7151450002566
306,4,188,100,15,62,1,1.46034500002861
306,4,155,93,58,100,1,1.41599499993026
306,4,124,1,66,77,1,1.83136499999091
306,4,187,168,13,11,1,3.21626499993727
306,4,170,25,19,25,1,1.38528499985114
306,4,70,184,75,52,0,1.30438499990851
306,4,98,8,61,82,1,1.43104000017047
306,4,142,174,50,15,0,6.61519000027329
306,4,60,17,81,21,0,2.23613499989733
306,4,103,80,51,51,1,3.34360000025481
306,4,172,102,10,70,1,1.53817500034347
306,4,118,105,61,91,1,1.36416999995708
306,4,154,39,39,7,0,1.94260999979451
306,4,114,99,62,72,1,1.87509999983013
307,4,142,174,31,47,1,5.684
307,4,172,102,83,20,0,0.93
307,4,170,25,100,1,0,0.862
307,4,114,99,100,9,0,1.066
307,4,164,61,100,1,0,1.017
307,4,16,12,88,60,0,1.073
307,4,118,105,44,46,0,0.957
307,4,187,168,100,82,0,1.47
307,4,51,161,7,63,1,0.999
307,4,188,100,100,14,0,1.085
307,4,106,123,100,100,1,1.045
307,4,13,119,76,100,1,1.078
307,4,103,80,13,41,1,2.436
307,4,60,17,1,1,1,3.741
307,4,77,18,100,100,0,1.15
307,4,165,150,100,1,0,1.014
307,4,63,55,1,1,0,5.202
307,4,70,184,67,56,1,2.32
307,4,200,131,62,1,0,1.466
307,4,26,160,100,68,1,3.26
307,4,158,115,64,47,1,2.218
307,4,154,39,53,54,1,2.314
307,4,28,5,100,70,0,1.048
307,4,159,176,52,1,0,2.979
307,4,124,1,100,100,0,3.615
307,4,155,93,100,100,0,1.136
307,4,96,65,100,1,0,1.236
307,4,104,173,22,100,1,1.542
307,4,153,33,1,85,1,1.254
307,4,98,8,57,86,1,1.851
308,4,51,161,37,42,0,2.07728500000667
308,4,13,119,48,77,1,1.95665499998722
308,4,158,115,37,4,0,3.4744649999775
308,4,96,65,53,50,0,2.9098150000209
308,4,118,105,55,50,0,1.59583000000566
308,4,124,1,48,37,0,1.52148500003386
308,4,16,12,35,62,1,1.60352000000421
308,4,188,100,43,45,0,2.2565150000155
308,4,98,8,61,39,0,1.56575499998871
308,4,154,39,51,15,0,1.61303999996744
308,4,63,55,51,38,0,1.89646499999799
308,4,142,174,56,84,1,2.19767000002321
308,4,200,131,39,36,1,1.70237499999348
308,4,77,18,48,43,0,1.75987499998882
308,4,70,184,45,41,1,1.79479499999434
308,4,60,17,57,56,1,2.90711000002921
308,4,28,5,55,65,1,2.11757999996189
308,4,104,173,18,70,1,1.76403500000015
308,4,106,123,88,59,0,1.79255499993451
308,4,26,160,24,42,0,2.00628999993205
308,4,165,150,58,63,0,1.76686999993399
308,4,103,80,33,37,1,1.43652999994811
308,4,155,93,45,52,1,2.06361000007018
308,4,164,61,41,7,1,2.18892499990761
308,4,170,25,63,54,1,1.95513000001665
308,4,114,99,18,44,1,1.1321750000352
308,4,187,168,53,76,1,1.42145500006154
308,4,172,102,64,28,0,1.95904500002507
308,4,153,33,49,1,0,1.22328999999445
308,4,159,176,49,41,0,1.61700500000734
309,4,200,131,68,59,1,5.65561499993782
309,4,28,5,100,100,0,2.54197499994189
309,4,51,161,100,70,0,1.29779500002041
309,4,155,93,59,100,1,12.5032849999843
309,4,154,39,18,40,0,2.72581500001252
309,4,172,102,59,48,0,3.59462999994867
309,4,124,1,50,100,1,28.4396249999991
309,4,142,174,56,56,1,3.88751000002958
309,4,16,12,100,100,1,3.3545799999265
309,4,26,160,100,57,0,1.32704500004184
309,4,70,184,100,62,0,1.62299499998335
309,4,106,123,34,57,0,1.60223499999847
309,4,96,65,100,1,0,1.14020500006154
309,4,164,61,66,1,0,1.21328500006348
309,4,77,18,72,91,1,1.49694999994244
309,4,13,119,100,50,0,1.01026500004809
309,4,188,100,60,33,0,1.76682999997865
309,4,60,17,1,42,1,0.933949999976903
309,4,104,173,71,63,0,2.00729999993928
309,4,98,8,34,100,1,1.10668000008445
309,4,63,55,1,100,1,0.956884999992326
309,4,165,150,77,8,0,1.12775999994483
309,4,118,105,61,31,1,1.64442999998573
309,4,170,25,64,44,1,1.2755650000181
309,4,159,176,9,57,1,1.34652500005905
309,4,153,33,62,58,1,1.52399499993771
309,4,114,99,100,36,0,1.00562499999069
309,4,187,168,44,94,1,1.08103999996092
309,4,158,115,55,6,0,1.26618499995675
309,4,103,80,43,67,1,5.29116999998223
310,4,165,150,95,91,0,3.5366750000976
310,4,28,5,38,60,1,1.83702499978244
310,4,96,65,73,67,1,2.76502500008792
310,4,172,102,91,68,0,1.51256999978796
310,4,187,168,56,93,1,2.56388500006869
310,4,16,12,56,40,1,2.31484499992803
310,4,103,80,70,42,0,3.1723799998872
310,4,77,18,75,59,0,2.10553500009701
310,4,164,61,90,63,0,2.15426500001922
310,4,170,25,75,44,0,9.07142500020564
310,4,63,55,79,44,0,2.58094499958679
310,4,118,105,84,31,0,2.1665900000371
310,4,200,131,81,72,1,2.74511000001803
310,4,60,17,73,72,0,2.71082000015303
310,4,142,174,68,95,1,2.18707499979064
310,4,26,160,70,72,1,1.65962000004947
310,4,159,176,79,93,1,3.1237699999474
310,4,98,8,81,64,0,1.37890999997035
310,4,13,119,64,93,1,1.98420999990776
310,4,153,33,51,24,0,1.65970499999821
310,4,114,99,69,63,1,2.30856999987736
310,4,155,93,63,59,0,1.71577000012621
310,4,70,184,46,96,1,1.4431400001049
310,4,158,115,70,73,1,2.1608699997887
310,4,104,173,62,92,0,2.15073999995366
310,4,106,123,70,84,1,1.85478499997407
310,4,51,161,64,79,0,3.27825000043958
310,4,124,1,97,78,0,2.65431499993429
310,4,188,100,62,79,1,2.60703500034288
310,4,154,39,65,23,0,1.74264000030234
311,4,114,99,4,11,1,1.95141500001773
311,4,77,18,6,71,1,1.60220999969169
311,4,96,65,76,12,0,2.0857899999246
311,4,158,115,15,17,1,2.05366500001401
311,4,154,39,2,64,1,1.30219499999657
311,4,159,176,19,27,0,2.87800500029698
311,4,153,33,24,69,1,1.65737499995157
311,4,63,55,20,94,1,1.63394499989226
311,4,51,161,63,11,0,1.63206500001252
311,4,155,93,18,15,0,2.03697500005364
311,4,16,12,53,83,1,1.83540500001982
311,4,104,173,27,3,0,2.03529000002891
311,4,60,17,10,82,1,1.51907500019297
311,4,124,1,11,60,1,1.2755350000225
311,4,172,102,11,17,1,1.68740999978036
311,4,26,160,68,10,0,1.23748000012711
311,4,164,61,19,8,1,1.89746499992907
311,4,98,8,13,69,1,1.76615499984473
311,4,118,105,11,3,0,2.07425000006333
311,4,70,184,88,33,0,1.3256649998948
311,4,188,100,12,10,1,3.183304999955
311,4,170,25,17,81,1,1.22251999983564
311,4,13,119,88,8,0,1.49824000010267
311,4,142,174,14,10,0,276.701394999865
311,4,103,80,17,2,0,1.63581000035629
311,4,187,168,16,16,0,4.38382499990985
311,4,165,150,3,17,1,1.75964499963447
311,4,106,123,5,9,1,2.31855500023812
311,4,200,131,16,17,1,2.09951000008732
311,4,28,5,25,71,1,1.95632999995723
312,4,28,5,1,17,1,2.80798000000505
312,4,188,100,17,1,0,1.48550999999861
312,4,155,93,1,12,1,1.29239999999845
312,4,106,123,1,1,1,2.44407999999385
312,4,200,131,1,1,0,3.17539499999839
312,4,60,17,1,1,1,3.39662500000122
312,4,16,12,1,50,1,1.30253499999526
312,4,172,102,1,1,0,0.974864999996498
312,4,187,168,9,49,1,1.5465949999998
312,4,170,25,1,1,1,5.26917999999569
312,4,103,80,1,1,0,4.94349499999953
312,4,158,115,1,1,0,1.69782000000123
312,4,77,18,15,50,1,1.67641999999614
312,4,98,8,1,1,1,1.71271500000148
312,4,142,174,1,1,1,1.16071499999816
312,4,96,65,2,2,1,3.83292500000243
312,4,114,99,1,1,1,1.85062499999913
312,4,104,173,1,51,1,0.936850000005506
312,4,124,1,1,1,0,1.16648999999597
312,4,164,61,1,1,0,1.38602999999421
312,4,51,161,1,1,1,1.26663999999437
312,4,165,150,51,1,0,0.868999999998778
312,4,118,105,1,1,1,1.45360000000073
312,4,153,33,1,1,1,0.994684999997844
312,4,63,55,1,1,1,2.26629000000685
312,4,154,39,1,1,1,1.35349499999575
312,4,159,176,1,1,1,1.82418999999936
312,4,13,119,1,16,1,1.23772499999905
312,4,26,160,1,1,0,1.97507000000041
312,4,70,184,1,28,1,2.01528499999404
313,4,16,12,59,38,0,4.42889999994077
313,4,114,99,60,66,1,1.02184499998111
313,4,51,161,66,77,1,2.31640500004869
313,4,165,150,24,56,1,2.23252000007778
313,4,77,18,91,51,0,1.18103999993764
313,4,187,168,75,39,0,1.09298499999568
313,4,159,176,60,62,0,1.22953000001144
313,4,164,61,68,53,0,1.54641000006814
313,4,153,33,45,1,0,1.13814499997534
313,4,158,115,60,86,1,1.31317499990109
313,4,142,174,81,80,1,1.5515000000596
313,4,103,80,56,66,1,1.24847500002943
313,4,155,93,62,33,0,1.48616500000935
313,4,28,5,34,55,1,1.40639000001829
313,4,118,105,58,88,1,1.43821000005119
313,4,63,55,25,59,1,2.57766499998979
313,4,98,8,73,48,0,2.78561499994248
313,4,96,65,32,15,1,6.08818500000052
313,4,70,184,59,76,1,3.09912999998778
313,4,60,17,39,44,1,3.29078999999911
313,4,172,102,68,55,0,2.02894499991089
313,4,188,100,87,90,0,5.19388999999501
313,4,106,123,87,37,0,1.11326000001281
313,4,124,1,10,8,0,1.59356000006665
313,4,154,39,82,14,0,1.45679999992717
313,4,13,119,55,21,1,2.92639999999665
313,4,26,160,34,55,1,5.54760000004899
313,4,104,173,67,53,0,1.56255999999121
313,4,170,25,61,30,0,3.22612999996636
313,4,200,131,18,75,1,1.1315600000089
314,4,63,55,67,40,1,4.53500000000349
314,4,200,131,28,23,1,3.01058500001091
314,4,51,161,44,30,0,1.69299000001047
314,4,60,17,67,38,0,1.55848000000697
314,4,77,18,54,79,1,3.22550500000943
314,4,13,119,69,68,0,2.58690500000375
314,4,70,184,66,54,1,2.16268499998841
314,4,98,8,87,39,0,2.15012500001467
314,4,164,61,50,24,0,4.15238499999396
314,4,165,150,68,64,1,4.53468499999144
314,4,158,115,27,26,0,4.47706000000471
314,4,26,160,34,11,0,2.47587500000373
314,4,103,80,28,36,0,1.89568999997573
314,4,170,25,36,38,0,3.99022000000696
314,4,104,173,57,71,1,1.98905499998364
314,4,28,5,50,78,1,2.04182999997283
314,4,188,100,83,65,0,2.33534499999951
314,4,142,174,77,87,0,1.38941000000341
314,4,153,33,40,6,0,1.21968999999808
314,4,159,176,21,24,0,1.79043500000262
314,4,118,105,94,41,0,1.17702000000281
314,4,154,39,41,22,1,2.26821999999811
314,4,172,102,73,41,0,6.9045599999954
314,4,124,1,67,62,0,4.84841000000597
314,4,155,93,59,61,1,2.41916499999934
314,4,16,12,41,86,1,1.13647499997751
314,4,106,123,71,87,0,1.73956499999622
314,4,96,65,57,39,0,1.66429499999504
314,4,187,168,71,62,1,5.55356999998912
314,4,114,99,65,28,0,1.56572499999311
315,4,60,17,9,25,1,1.55064000000129
315,4,118,105,43,71,0,0.837305000000924
315,4,142,174,76,15,0,1.06787000000622
315,4,187,168,12,46,1,1.29912000000331
315,4,158,115,20,12,1,0.917305000002671
315,4,51,161,6,32,1,1.26585999999952
315,4,13,119,12,22,0,1.93049500000052
315,4,16,12,77,35,0,1.86639499999728
315,4,114,99,1,75,1,0.977834999997867
315,4,96,65,2,7,1,1.03367499999877
315,4,77,18,13,7,1,9.33181999999942
315,4,172,102,10,61,1,1.33899999999994
315,4,63,55,9,3,0,1.33729500000481
315,4,103,80,43,23,0,2.04143499999918
315,4,106,123,65,30,0,2.02856500000053
315,4,154,39,13,3,0,1.67725500000233
315,4,104,173,15,24,0,1.31238999999914
315,4,200,131,17,30,1,2.38873500000045
315,4,188,100,31,67,1,1.2705150000038
315,4,155,93,14,2,0,2.18438000000606
315,4,153,33,87,2,0,1.08990999999514
315,4,26,160,9,74,1,1.42366500000207
315,4,165,150,9,5,1,2.3060850000038
315,4,164,61,4,21,1,3.49069500000041
315,4,70,184,19,22,1,0.889365000002726
315,4,159,176,64,13,0,1.73512000000483
315,4,28,5,79,11,0,1.9823999999935
315,4,124,1,28,6,1,0.938555000000633
315,4,98,8,68,35,0,0.873919999998179
315,4,170,25,78,15,0,3.45280500000081
316,4,13,119,85,100,1,2.01603500000056
316,4,200,131,100,100,1,1.25235000000248
316,4,142,174,99,87,0,1.18001999999979
316,4,172,102,48,41,0,1.28975000000355
316,4,106,123,100,99,1,1.62832999999955
316,4,154,39,100,73,0,1.02882500000123
316,4,124,1,99,99,1,1.5679999999993
316,4,103,80,28,72,1,1.23597499999596
316,4,158,115,61,99,0,1.02874500000325
316,4,104,173,20,80,1,1.14912499999627
316,4,187,168,85,82,0,1.52709500000492
316,4,165,150,99,92,1,1.43141499999911
316,4,170,25,90,22,0,1.57271999999648
316,4,98,8,93,51,1,1.64802000000054
316,4,28,5,86,92,1,1.40048999999999
316,4,118,105,62,99,1,1.28047499999957
316,4,16,12,78,85,1,1.55343499999435
316,4,77,18,87,100,1,0.956164999995963
316,4,51,161,89,41,0,1.08286499999667
316,4,60,17,65,76,1,1.609669999998
316,4,159,176,93,51,0,17.4790150000044
316,4,114,99,66,72,0,1.4047950000022
316,4,155,93,74,65,0,1.64248500000394
316,4,96,65,42,91,1,0.837354999996023
316,4,26,160,100,49,0,1.02607500000158
316,4,164,61,54,44,0,1.41335500000423
316,4,70,184,26,61,1,1.38479999999981
316,4,63,55,78,74,1,1.27294000000256
316,4,188,100,88,100,1,1.67489499999647
316,4,153,33,25,57,1,1.49230499999976
317,4,187,168,71,44,0,3.08661499992013
317,4,114,99,47,73,0,2.39495000010356
317,4,96,65,66,58,0,2.22442999994382
317,4,26,160,76,25,0,1.30761999986134
317,4,60,17,53,65,1,1.51787500013597
317,4,106,123,29,38,0,1.14122999995016
317,4,172,102,44,40,0,2.17961500003003
317,4,158,115,67,39,1,1.31544500007294
317,4,153,33,51,16,0,1.96164000011049
317,4,170,25,57,71,1,2.19311999995261
317,4,103,80,40,45,0,1.58462500013411
317,4,51,161,78,32,1,1.43695000000298
317,4,124,1,23,82,1,0.859155000187457
317,4,118,105,36,63,1,1.73747000005096
317,4,28,5,35,86,1,0.796875
317,4,142,174,68,74,1,1.71529500000179
317,4,98,8,35,58,1,1.0991750000976
317,4,155,93,70,77,1,2.53254500008188
317,4,159,176,38,63,0,1.33053999999538
317,4,13,119,71,78,0,1.39938499988057
317,4,104,173,38,78,1,2.13330499990843
317,4,165,150,26,55,0,1.88977000000887
317,4,77,18,67,89,1,1.01408999995328
317,4,63,55,79,65,1,1.01049000001512
317,4,16,12,68,64,0,1.33478499995545
317,4,70,184,47,62,0,1.32126500015147
317,4,200,131,50,67,1,1.41650999989361
317,4,164,61,78,40,0,1.29676000005566
317,4,154,39,40,75,1,11.0484949999955
317,4,188,100,68,45,0,2.48820500005968
318,4,60,17,6,32,1,9.68672999995761
318,4,77,18,83,46,0,4.32411000004504
318,4,96,65,40,3,0,1.21691499999724
318,4,155,93,47,41,1,1.46633000002475
318,4,63,55,8,58,1,2.25170000002254
318,4,165,150,62,84,1,1.52510999998776
318,4,142,174,98,24,0,1.23436999996193
318,4,26,160,48,28,0,2.475065000006
318,4,16,12,11,16,0,3.6157349999994
318,4,164,61,95,3,0,1.59292500000447
318,4,13,119,52,56,1,1.41370500001358
318,4,200,131,4,22,0,2.2762099999818
318,4,187,168,42,43,0,1.49218499998096
318,4,70,184,45,38,0,2.54733999999007
318,4,106,123,96,16,0,1.01993000000948
318,4,154,39,33,2,1,2.91509000002407
318,4,103,80,7,53,1,1.6013699999894
318,4,28,5,69,39,0,1.78694000001997
318,4,104,173,10,41,1,1.81782499997644
318,4,118,105,63,88,1,1.0741449999623
318,4,158,115,20,2,0,1.97819499997422
318,4,172,102,21,15,0,1.54883500002325
318,4,153,33,53,1,0,1.44419999996899
318,4,170,25,7,27,1,1.53109000000404
318,4,51,161,3,41,1,1.5886649999884
318,4,114,99,33,3,0,1.55390500003705
318,4,188,100,35,19,0,1.67616999999154
318,4,159,176,26,19,0,2.34499999997206
318,4,98,8,65,23,0,1.72708000004059
318,4,124,1,47,71,1,2.40659500000766
319,4,153,33,3,19,1,2.4131450000059
319,4,165,150,4,3,0,3.26073500000348
319,4,114,99,53,53,0,1.58969500000239
319,4,16,12,68,91,1,3.06430499999988
319,4,172,102,4,41,1,1.71716000000015
319,4,103,80,18,66,1,1.9785950000005
319,4,63,55,4,15,1,1.81540500000119
319,4,26,160,61,5,0,1.4768200000035
319,4,170,25,26,10,0,1.85331500000029
319,4,164,61,3,6,0,1.81752000000415
319,4,28,5,92,72,0,2.93956500000058
319,4,155,93,19,1,0,1.94060999999783
319,4,154,39,7,13,1,2.18441500000336
319,4,188,100,7,30,0,2.51054999999906
319,4,142,174,3,3,0,1.64132000000245
319,4,124,1,7,89,1,1.396719999997
319,4,77,18,97,39,0,1.4770850000059
319,4,158,115,10,3,1,3.14284499999485
319,4,51,161,38,1,0,1.52736000000004
319,4,13,119,33,40,0,2.09846499999549
319,4,104,173,20,10,0,1.78591500000039
319,4,200,131,6,12,1,1.92285499999707
319,4,187,168,13,5,0,1.26292000000103
319,4,159,176,7,1,0,1.55485999999655
319,4,60,17,1,15,1,2.96088500000042
319,4,70,184,89,40,0,1.68108499999653
319,4,98,8,69,31,0,2.18526500000007
319,4,96,65,39,4,0,1.43238500000007
319,4,118,105,54,86,1,1.48830499999895
319,4,106,123,85,8,0,1.46227500000532
320,4,70,184,1,1,1,6.67702000029385
320,4,153,33,1,27,1,2.19314500037581
320,4,118,105,13,1,0,1.51035500038415
320,4,187,168,1,1,1,2.14087999984622
320,4,158,115,1,27,1,1.15841000061482
320,4,165,150,1,1,1,1.71360000036657
320,4,170,25,1,93,1,1.28022499941289
320,4,104,173,17,1,0,1.24210499972105
320,4,26,160,69,1,0,1.69959499966353
320,4,96,65,2,38,1,1.97443000040948
320,4,154,39,14,88,1,1.16013500001281
320,4,164,61,1,31,1,1.27182999998331
320,4,16,12,61,66,1,1.98256499972194
320,4,51,161,64,19,0,1.14196000061929
320,4,60,17,31,97,1,1.90581500064582
320,4,155,93,40,1,1,1.78528000041842
320,4,172,102,1,1,1,1.65124499984086
320,4,98,8,1,79,1,1.30994999967515
320,4,103,80,19,1,0,1.8023749999702
320,4,77,18,1,92,1,1.28484500013292
320,4,106,123,1,6,0,1.56314499955624
320,4,63,55,12,84,1,1.44048499967903
320,4,200,131,1,10,1,3.247084999457
320,4,28,5,1,78,1,1.45875000022352
320,4,13,119,3,1,0,1.39760999940336
320,4,159,176,33,1,0,1.49391499999911
320,4,188,100,1,1,1,1.36975500080734
320,4,114,99,21,22,1,3.2566550001502
320,4,142,174,1,1,0,3.33093000017107
320,4,124,1,1,55,1,17.1554749999195
321,4,77,18,36,92,1,1.41368499999953
321,4,155,93,43,65,1,1.3220450000008
321,4,142,174,40,37,0,1.71469999999681
321,4,153,33,80,75,1,1.52793999999994
321,4,159,176,38,33,0,1.35335000000123
321,4,103,80,45,37,0,1.36799999999857
321,4,200,131,37,79,1,1.34649999999965
321,4,70,184,36,38,1,1.24648000000161
321,4,106,123,26,27,1,3.38211500000034
321,4,118,105,42,72,1,1.27757500000007
321,4,98,8,44,81,1,1.27097499999945
321,4,104,173,63,40,1,2.34621499999776
321,4,158,115,75,38,1,1.4191299999984
321,4,114,99,79,71,0,1.1135749999994
321,4,16,12,80,84,0,1.51098999999886
321,4,165,150,75,32,0,1.34083000000101
321,4,13,119,43,33,0,1.60496499999863
321,4,28,5,73,63,0,1.93272499999875
321,4,96,65,69,71,1,2.20041000000128
321,4,164,61,34,37,0,2.2130900000011
321,4,26,160,87,68,0,5.87627000000066
321,4,63,55,71,70,1,1.44821500000035
321,4,51,161,73,33,1,1.35732500000086
321,4,170,25,63,97,1,1.02469500000007
321,4,124,1,39,80,1,1.27388000000064
321,4,187,168,44,44,0,1.39706500000102
321,4,60,17,80,79,1,4.91147999999885
321,4,188,100,24,60,0,1.24729999999906
321,4,172,102,38,86,0,1.38674000000174
321,4,154,39,76,89,1,1.03589999999898
322,4,98,8,73,54,0,3.31107499997597
322,4,142,174,73,41,0,0.889444999978878
322,4,159,176,52,17,0,3.09493999998085
322,4,114,99,58,53,0,1.09939500002656
322,4,153,33,56,28,0,3.27521499991417
322,4,16,12,32,70,0,1.19197000004351
322,4,26,160,48,1,0,4.85254499991424
322,4,70,184,44,70,1,1.13578999997117
322,4,154,39,42,61,1,2.54792499996256
322,4,77,18,84,57,0,0.907815000042319
322,4,63,55,73,89,1,3.59734999993816
322,4,170,25,29,22,1,6.16987500002142
322,4,165,150,58,65,1,1.39352499996312
322,4,200,131,23,20,0,2.48192000004929
322,4,106,123,75,57,0,0.818549999967217
322,4,60,17,73,66,1,0.783205000101589
322,4,187,168,40,46,1,2.75241000007372
322,4,104,173,31,18,1,1.27702999999747
322,4,13,119,1,67,1,0.77519499999471
322,4,51,161,80,29,0,1.45637999998871
322,4,158,115,16,29,1,4.00390000001062
322,4,96,65,65,83,1,0.995100000058301
322,4,155,93,32,47,1,0.811660000006668
322,4,28,5,47,18,0,2.12810999993235
322,4,172,102,58,9,0,1.40228000003844
322,4,188,100,43,58,1,0.977549999952316
322,4,164,61,62,71,1,1.18341000005603
322,4,118,105,69,64,1,3.6917100000428
322,4,124,1,43,74,1,1.46746000007261
322,4,103,80,25,48,1,0.804044999997132
323,4,155,93,12,55,1,2.52734000002965
323,4,103,80,44,74,1,1.68752500019036
323,4,172,102,87,4,0,1.1852549999021
323,4,28,5,34,72,1,1.71237000008114
323,4,77,18,41,35,1,1.78252499992959
323,4,154,39,68,3,0,1.30091500002891
323,4,118,105,62,69,1,1.38214000011794
323,4,16,12,4,60,1,1.2123900000006
323,4,159,176,60,57,1,1.504195000045
323,4,165,150,60,69,1,2.02925499994308
323,4,142,174,87,77,0,1.53261999995448
323,4,187,168,60,78,1,1.33810000005178
323,4,106,123,40,52,1,3.19281999999657
323,4,114,99,17,4,0,2.35608500009403
323,4,124,1,87,52,0,1.17426500003785
323,4,153,33,34,1,0,1.71689999988303
323,4,158,115,41,53,0,1.445490000071
323,4,104,173,68,18,0,2.04971499997191
323,4,98,8,58,8,0,1.48757000011392
323,4,96,65,41,64,1,1.13169000018388
323,4,170,25,70,14,0,1.33615500014275
323,4,63,55,48,7,0,1.65415500011295
323,4,26,160,57,10,0,1.40941499988548
323,4,188,100,92,10,0,1.24534999998286
323,4,13,119,24,69,1,1.08982999995351
323,4,51,161,11,36,1,3.11786499992013
323,4,60,17,51,22,0,1.42558000003919
323,4,200,131,90,19,0,1.04741499992087
323,4,164,61,76,6,0,1.27902999985963
323,4,70,184,41,29,0,2.12321000010706
324,4,200,131,27,29,1,3.87620500009507
324,4,13,119,28,5,0,1.0257200000342
324,4,103,80,84,48,0,2.57602999988012
324,4,124,1,5,83,1,1.14444000017829
324,4,155,93,25,35,0,2.28602999984287
324,4,106,123,68,7,0,1.50121000013314
324,4,63,55,72,66,1,5.33883000002243
324,4,118,105,55,66,0,2.00983500014991
324,4,70,184,74,12,0,1.22383999987505
324,4,51,161,98,33,0,1.7580649999436
324,4,153,33,18,33,0,1.98471500002779
324,4,26,160,70,13,0,8.52150999987498
324,4,164,61,8,67,1,1.28535000002012
324,4,28,5,88,75,0,1.35497500002384
324,4,158,115,22,88,1,1.30599499982782
324,4,77,18,91,85,0,1.90613000001758
324,4,172,102,23,58,1,1.01035000011325
324,4,159,176,9,25,0,4.95278000016697
324,4,142,174,24,13,0,2.60540000000037
324,4,96,65,70,79,1,2.79766499996185
324,4,188,100,13,64,1,1.45380500005558
324,4,104,173,70,13,0,1.10009999992326
324,4,114,99,74,73,1,2.76477000000887
324,4,165,150,10,36,1,1.44757999991998
324,4,16,12,73,78,1,1.39349499996752
324,4,170,25,1,88,1,1.17811500001699
324,4,154,39,46,85,1,2.5795700000599
324,4,187,168,37,24,0,1.68833499983884
324,4,98,8,66,67,0,15.4805000000633
324,4,60,17,65,81,1,13.8790799998678
325,4,26,160,7,41,1,2.21508999998332
325,4,153,33,7,1,0,2.90081500000088
325,4,114,99,28,10,1,3.4942700000247
325,4,142,174,6,82,1,1.30563499999698
325,4,60,17,24,40,1,5.61720499998773
325,4,96,65,21,22,0,5.26436500001
325,4,188,100,26,30,0,3.25325500001782
325,4,98,8,29,25,0,3.65541000000667
325,4,172,102,51,56,1,4.2067200000165
325,4,51,161,3,63,1,0.932690000016009
325,4,154,39,10,8,1,7.29358999998658
325,4,158,115,61,50,0,1.21239499998046
325,4,170,25,81,9,0,1.64273500000127
325,4,28,5,7,7,1,5.96606000000611
325,4,13,119,59,12,0,1.69463500002166
325,4,104,173,17,28,1,1.60427999999956
325,4,159,176,62,17,0,1.54195499999332
325,4,70,184,11,81,1,1.15113499999279
325,4,106,123,73,2,0,1.87802999999258
325,4,155,93,32,10,0,1.34614500001771
325,4,118,105,44,8,0,2.11587000000873
325,4,124,1,50,7,0,1.95794500000193
325,4,63,55,9,74,1,1.20944499998586
325,4,103,80,51,10,0,1.51874999998836
325,4,165,150,51,15,0,1.98813000001246
325,4,164,61,33,35,0,6.01421000002301
325,4,200,131,3,5,0,1.68471500001033
325,4,77,18,26,27,0,2.93615999998292
325,4,187,168,17,38,0,1.31532500000321
325,4,16,12,49,3,0,1.467089999991
326,4,118,105,74,25,0,2.72408000001451
326,4,70,184,25,51,1,2.17826499999501
326,4,165,150,51,51,0,1.52867999998853
326,4,77,18,51,51,1,1.57938499999
326,4,60,17,51,100,1,1.56362499995157
326,4,187,168,75,51,1,3.0165299999644
326,4,124,1,100,100,1,1.95682500000112
326,4,153,33,75,25,0,1.32289000001037
326,4,13,119,75,100,1,1.59782999998424
326,4,172,102,51,51,1,2.92652500001714
326,4,104,173,51,50,0,1.79727999999886
326,4,16,12,50,100,1,1.95023000001675
326,4,142,174,50,72,1,1.82159000000684
326,4,51,161,74,73,0,2.03501000005053
326,4,103,80,50,27,0,1.644420000026
326,4,106,123,75,50,0,1.96225000004051
326,4,154,39,76,1,0,1.22561999998288
326,4,155,93,51,74,1,1.8143900000141
326,4,98,8,77,51,0,1.23308999999426
326,4,159,176,50,25,0,1.70131500001298
326,4,170,25,78,76,0,2.90048000001116
326,4,164,61,50,50,0,3.09520500001963
326,4,96,65,75,51,0,1.41751499997918
326,4,114,99,76,51,0,1.70451999997022
326,4,158,115,51,51,1,1.29198000003817
326,4,200,131,27,25,0,1.71782000001986
326,4,26,160,51,50,1,1.44204500003252
326,4,188,100,76,75,0,2.11522499995772
326,4,28,5,52,73,0,2.17667999997502
326,4,63,55,51,76,1,1.42573000001721
327,4,165,150,66,51,0,1.93392999999924
327,4,106,123,38,1,0,2.16730499998084
327,4,98,8,47,64,1,1.22570499998983
327,4,51,161,49,18,0,2.91716499999166
327,4,188,100,75,30,0,1.27502500000992
327,4,164,61,59,1,0,1.69795500001055
327,4,142,174,68,75,0,1.4843899999978
327,4,159,176,35,8,0,1.60641499998746
327,4,103,80,42,62,1,1.36050500001875
327,4,154,39,1,11,1,2.0382399999944
327,4,70,184,36,49,1,1.56805000000168
327,4,60,17,41,48,1,1.55903999999282
327,4,63,55,52,64,1,1.05369999998948
327,4,187,168,90,92,0,2.003624999983
327,4,13,119,71,49,0,1.27334499999415
327,4,28,5,42,60,1,1.54208999997354
327,4,104,173,46,82,1,0.988604999991367
327,4,114,99,11,55,1,1.54963500000304
327,4,170,25,21,44,1,1.4590849999804
327,4,155,93,83,35,0,1.56960000001709
327,4,124,1,48,53,1,1.13435999999638
327,4,200,131,55,1,0,1.60329999998794
327,4,158,115,45,18,0,1.78500500001246
327,4,16,12,55,68,1,1.08120499999495
327,4,77,18,51,37,0,2.12112500000512
327,4,172,102,74,38,0,1.17422000001534
327,4,26,160,28,55,1,1.41928500001086
327,4,153,33,48,42,1,1.20020500000101
327,4,118,105,47,100,1,1.26206499998807
327,4,96,65,42,52,1,2.74402500002179
328,4,155,93,7,50,1,1.7998399999924
328,4,77,18,17,27,1,1.15920500000357
328,4,118,105,25,17,0,1.29314999999769
328,4,60,17,59,42,0,3.39677000000665
328,4,16,12,64,48,0,1.3157499999943
328,4,142,174,7,30,1,4.34320999999181
328,4,170,25,41,31,0,1.53062999999383
328,4,114,99,21,50,0,1.3770199999999
328,4,188,100,23,31,1,1.55492000000959
328,4,98,8,18,19,1,4.50152000000526
328,4,106,123,33,27,0,1.61159000000043
328,4,70,184,2,15,1,1.39731499999471
328,4,96,65,39,58,1,0.883444999999483
328,4,28,5,47,21,0,0.920700000002398
328,4,187,168,16,27,0,3.12171999999555
328,4,51,161,30,23,0,1.2132649999985
328,4,26,160,30,25,0,1.38627499999711
328,4,200,131,17,64,1,1.0248050000082
328,4,124,1,16,7,0,2.60169000001042
328,4,153,33,26,34,0,2.15950500000326
328,4,104,173,52,25,0,0.931265000006533
328,4,158,115,45,45,0,1.2150399999955
328,4,172,102,23,33,0,1.81128500000341
328,4,159,176,29,18,0,1.18724000001384
328,4,103,80,9,18,0,1.59453000000212
328,4,165,150,18,38,0,1.19879000000947
328,4,154,39,20,21,0,1.236035000009
328,4,164,61,37,17,0,0.79394499999762
328,4,63,55,62,46,0,0.873525000002701
328,4,13,119,12,8,1,1.11338999999862
329,4,153,33,65,3,0,3.25011500000255
329,4,142,174,2,3,0,4.99371000000974
329,4,165,150,81,60,0,4.15200499999628
329,4,106,123,2,62,0,3.57240499999898
329,4,60,17,62,2,0,2.69949499999348
329,4,200,131,2,2,0,2.29341500000737
329,4,118,105,28,2,1,1.89029999999912
329,4,114,99,49,13,0,2.06251000000339
329,4,16,12,64,78,1,1.68554000000586
329,4,98,8,29,83,1,1.57017999999516
329,4,103,80,39,1,0,2.50742500000342
329,4,158,115,2,22,1,6.99138999999559
329,4,172,102,69,23,0,1.44769500000984
329,4,28,5,3,62,1,1.39296500000637
329,4,51,161,51,28,0,5.07468999999401
329,4,104,173,51,77,1,2.23857000000135
329,4,187,168,33,86,1,2.18559500000265
329,4,77,18,3,77,1,2.38870000001043
329,4,124,1,58,74,1,3.43438000000606
329,4,96,65,88,64,0,2.54137999999512
329,4,26,160,50,21,1,4.16937000000325
329,4,154,39,53,3,0,2.70269499999995
329,4,155,93,61,2,0,1.45759499999986
329,4,188,100,2,21,0,1.9618749999936
329,4,159,176,2,3,0,1.78094500000589
329,4,13,119,77,24,0,2.05020499999227
329,4,170,25,2,39,0,3.0011749999976
329,4,70,184,67,78,1,2.44569999999658
329,4,164,61,27,2,0,2.17414000000281
329,4,63,55,57,2,0,2.08202499999607
330,4,96,65,70,85,0,2.55084499999793
330,4,158,115,12,20,1,1.54406500000186
330,4,187,168,60,73,0,2.03026500000124
330,4,153,33,89,5,0,1.33755999999994
330,4,142,174,95,27,0,1.81350999999995
330,4,124,1,63,66,1,2.2977400000018
330,4,170,25,39,39,1,1.43617500000255
330,4,159,176,6,40,1,1.64732999999978
330,4,51,161,87,28,0,1.7227800000037
330,4,154,39,18,11,0,1.75446999999986
330,4,26,160,71,36,0,1.67517999999836
330,4,103,80,11,25,0,3.23438000000169
330,4,188,100,91,86,1,2.44638500000292
330,4,104,173,24,83,1,1.47838000000047
330,4,63,55,85,91,1,1.92724499999895
330,4,70,184,49,90,1,1.50510499999655
330,4,118,105,96,86,1,5.46734500000457
330,4,106,123,91,62,0,1.24812999999995
330,4,16,12,92,49,0,1.60089000000153
330,4,28,5,81,57,0,1.0237300000008
330,4,200,131,33,69,1,1.44794999999431
330,4,114,99,99,90,0,1.34881999999925
330,4,165,150,86,81,0,3.41460999999981
330,4,77,18,72,89,1,1.78518500000064
330,4,60,17,90,54,0,1.67427000000316
330,4,172,102,92,37,0,1.62091499999951
330,4,164,61,72,52,1,2.16285999999673
330,4,155,93,22,69,1,1.21183000000019
330,4,98,8,97,79,0,1.78751999999804
330,4,13,119,62,78,1,2.90162000000419
331,4,154,39,93,32,0,1.9824100000551
331,4,77,18,89,74,0,1.6659150000196
331,4,70,184,71,80,1,1.36124999995809
331,4,106,123,99,81,0,0.874554999987595
331,4,164,61,80,51,0,1.63407000002917
331,4,51,161,77,74,0,2.56437000003643
331,4,142,174,80,98,1,1.70648000005167
331,4,63,55,58,78,1,2.15329499996733
331,4,60,17,67,77,1,1.0523749999702
331,4,159,176,77,96,0,2.11697500001173
331,4,155,93,98,78,0,1.17177500005346
331,4,98,8,69,64,0,1.44433500000741
331,4,153,33,79,52,0,0.970164999947883
331,4,104,173,82,85,1,1.45798499998637
331,4,103,80,66,71,1,1.10855500004254
331,4,172,102,83,64,0,1.42896500008646
331,4,170,25,90,71,0,1.68628000002354
331,4,16,12,66,93,1,1.03307000000495
331,4,188,100,80,74,0,3.01922999997623
331,4,26,160,79,83,1,1.89186500001233
331,4,187,168,92,87,1,1.28614500002004
331,4,13,119,50,80,1,1.04479000007268
331,4,165,150,88,84,0,2.61598000000231
331,4,28,5,2,63,1,1.26576500001829
331,4,124,1,87,76,0,0.893464999971911
331,4,114,99,61,58,0,1.83821499999613
331,4,200,131,73,87,1,1.20844000007492
331,4,158,115,93,52,0,1.45630999992136
331,4,96,65,85,47,0,1.50817000004463
331,4,118,105,66,78,1,1.53791499999352
332,4,164,61,98,6,0,2.48891000007279
332,4,165,150,66,16,0,2.04432999994606
332,4,104,173,17,65,1,2.04895000008401
332,4,26,160,14,38,1,2.23025000002235
332,4,142,174,26,56,1,2.34002000000328
332,4,159,176,14,41,0,2.80947499989998
332,4,124,1,62,42,0,2.28026999998838
332,4,187,168,45,67,1,2.69385500007775
332,4,118,105,48,52,1,4.43222499999683
332,4,77,18,40,30,1,4.769420000026
332,4,63,55,20,43,1,4.65465500007849
332,4,155,93,58,39,0,2.21699499990791
332,4,158,115,25,8,0,2.36478000006173
332,4,28,5,2,28,1,2.10385000007227
332,4,16,12,28,36,1,2.6304100000998
332,4,153,33,10,2,0,1.87526999996044
332,4,106,123,49,82,1,1.99248000001535
332,4,170,25,53,46,0,2.67280499998014
332,4,96,65,35,5,0,2.28625499992631
332,4,98,8,54,32,0,2.45936999993864
332,4,60,17,17,51,1,2.94187500001863
332,4,114,99,50,31,0,11.4399399999529
332,4,70,184,25,54,1,2.46033000003081
332,4,51,161,58,69,1,2.63877499999944
332,4,154,39,17,13,1,5.31854500004556
332,4,13,119,22,82,1,7.87099500000477
332,4,103,80,19,18,0,3.44066999992356
332,4,200,131,23,29,0,2.58357999997679
332,4,172,102,75,57,0,2.67631000000983
332,4,188,100,79,25,0,2.60002999997232
333,4,159,176,71,50,0,2.75251500000013
333,4,200,131,90,36,0,1.01513499999419
333,4,63,55,91,20,0,9.80229499997222
333,4,104,173,65,69,1,2.0584899999958
333,4,28,5,20,29,1,1.19696999998996
333,4,142,174,83,82,1,0.934799999988172
333,4,164,61,89,74,0,4.07990500002052
333,4,170,25,1,6,1,1.42205500000273
333,4,26,160,1,80,1,1.0194350000238
333,4,13,119,80,73,1,2.08902000001399
333,4,70,184,32,86,1,1.52174500000547
333,4,106,123,74,84,0,1.15085000000545
333,4,165,150,74,49,0,1.0517300000065
333,4,96,65,1,72,1,1.14308499998879
333,4,155,93,25,1,0,1.63524499998312
333,4,114,99,63,73,0,1.78406499998528
333,4,188,100,100,68,0,1.18965000001481
333,4,16,12,1,51,1,1.1038600000029
333,4,118,105,80,20,0,1.43229500000598
333,4,51,161,8,93,1,1.14654499999597
333,4,77,18,82,10,0,1.14871999999741
333,4,103,80,66,50,0,1.61551000000327
333,4,124,1,93,33,0,1.37994000001345
333,4,98,8,76,67,0,2.4679199999955
333,4,158,115,29,29,0,1.57735499998671
333,4,187,168,78,77,1,1.32827500000712
333,4,153,33,54,1,0,1.65260499998112
333,4,60,17,79,45,0,1.43827499999315
333,4,172,102,81,63,0,2.28513499998371
333,4,154,39,76,1,0,1.19758499998716
334,4,103,80,40,64,1,2.97495499998331
334,4,159,176,38,31,0,1.70744500000728
334,4,51,161,29,43,1,1.68927999999141
334,4,154,39,40,24,0,2.74314000000595
334,4,158,115,35,24,0,1.55734999998822
334,4,106,123,34,49,0,3.78623500000685
334,4,98,8,36,18,0,1.19114000000991
334,4,60,17,43,34,0,2.17660000000615
334,4,188,100,56,36,0,1.44670000000042
334,4,124,1,47,18,0,1.62976000001072
334,4,77,18,62,31,0,1.37329999997746
334,4,70,184,51,37,0,2.00937499999418
334,4,153,33,35,17,1,3.53264499999932
334,4,96,65,44,28,1,2.62899499997729
334,4,142,174,32,43,1,1.83707000000868
334,4,114,99,36,34,0,1.78671499999473
334,4,118,105,36,42,1,1.72845500000403
334,4,164,61,35,45,1,2.63886999999522
334,4,63,55,44,37,0,1.8057250000129
334,4,172,102,37,34,1,1.69868000000133
334,4,200,131,46,24,0,1.58063500002027
334,4,13,119,26,47,1,1.32923000000301
334,4,170,25,44,25,0,1.63246500000241
334,4,28,5,38,32,0,1.58686499999021
334,4,187,168,55,44,0,1.51335500000278
334,4,165,150,34,33,1,1.5179749999952
334,4,16,12,17,33,1,1.79044500002055
334,4,104,173,38,39,0,2.37361999999848
334,4,26,160,10,42,1,1.48389999999199
334,4,155,93,13,35,1,1.90156999998726
335,4,172,102,25,44,1,2.92314999992959
335,4,106,123,43,29,0,3.39541999995708
335,4,188,100,60,57,1,3.76708000013605
335,4,51,161,96,15,0,1.96742499992251
335,4,96,65,94,70,0,1.68209999985993
335,4,153,33,26,1,0,2.00629499997012
335,4,154,39,31,12,0,4.95014499989338
335,4,165,150,57,60,0,4.24133500014432
335,4,200,131,10,60,1,1.43107000016607
335,4,118,105,38,18,1,4.66085000010207
335,4,159,176,54,14,0,1.88195499987341
335,4,104,173,70,33,0,4.87008999986574
335,4,77,18,34,16,0,2.64862000010908
335,4,70,184,19,60,1,1.36640499997884
335,4,60,17,85,38,0,1.42986999987625
335,4,98,8,25,31,0,1.46839000005275
335,4,170,25,20,44,1,4.26297500007786
335,4,124,1,23,8,0,1.69696499989368
335,4,164,61,13,63,1,2.09911999991164
335,4,16,12,33,18,0,2.33119999989867
335,4,142,174,49,36,0,1.86771000013687
335,4,158,115,37,64,1,2.10757999983616
335,4,63,55,80,97,1,1.66595000005327
335,4,187,168,55,21,0,2.45192000013776
335,4,103,80,50,56,0,4.33334999997169
335,4,13,119,44,23,1,2.70055000018328
335,4,155,93,59,97,1,1.66177499992773
335,4,28,5,36,27,0,1.82584500010125
335,4,26,160,36,5,0,1.77755500003695
335,4,114,99,34,61,1,2.5411900000181
336,4,155,93,94,5,0,3.65151500000502
336,4,104,173,32,54,1,3.19648000000598
336,4,165,150,82,99,1,2.37157499999739
336,4,26,160,2,2,1,2.4212950000001
336,4,158,115,54,1,0,1.89158500000485
336,4,106,123,83,13,0,4.41596999999456
336,4,200,131,68,3,0,1.8891650000005
336,4,13,119,14,40,1,1.62191500000336
336,4,16,12,3,49,1,1.81807499999559
336,4,188,100,81,13,0,1.90916000000288
336,4,114,99,5,12,1,4.38672000000224
336,4,63,55,11,2,0,2.73966500000097
336,4,60,17,18,33,0,2.69340000000375
336,4,172,102,37,27,1,5.33801999999559
336,4,170,25,1,46,1,2.51927000000433
336,4,28,5,2,17,1,2.73219000000245
336,4,124,1,94,57,0,1.95525500000076
336,4,70,184,10,35,1,3.8145050000021
336,4,142,174,75,2,0,1.76927000000433
336,4,164,61,6,12,1,1.90691499999957
336,4,51,161,27,2,1,2.14998999999807
336,4,118,105,49,76,1,1.99044999999751
336,4,153,33,8,2,0,1.41223999999784
336,4,187,168,77,95,0,1.9235950000002
336,4,77,18,65,27,0,1.82413999999699
336,4,103,80,29,99,1,2.73280499999964
336,4,154,39,77,2,0,1.54716499999631
336,4,98,8,80,3,0,1.65821000000142
336,4,159,176,91,3,0,1.67853999999352
336,4,96,65,40,2,0,2.53169999999955
337,4,165,150,95,81,1,1.30761500001245
337,4,153,33,88,6,0,28.976330000005
337,4,96,65,92,49,0,1.67977499999688
337,4,60,17,95,74,0,1.45706499999505
337,4,13,119,71,94,1,1.18013500000234
337,4,118,105,83,91,1,15.7798299999995
337,4,16,12,65,8,0,1.3454400000046
337,4,159,176,93,73,0,3.30015999999887
337,4,188,100,94,91,1,1.24394000000029
337,4,158,115,95,99,1,1.25563499999407
337,4,98,8,83,61,0,0.877645000000484
337,4,124,1,98,81,1,1.4656149999937
337,4,187,168,94,87,1,2.19526999999653
337,4,106,123,72,92,0,1.24835999999777
337,4,155,93,98,80,1,0.740364999990561
337,4,114,99,71,80,1,1.32134000000951
337,4,142,174,82,100,0,1.15864499998861
337,4,26,160,22,86,1,0.924700000003213
337,4,63,55,71,54,0,1.17546000001312
337,4,77,18,85,86,0,1.04325499999686
337,4,200,131,99,78,1,1.50468000001274
337,4,172,102,100,93,1,1.17247000000498
337,4,164,61,87,95,1,1.46525000000838
337,4,70,184,72,78,0,1.22669999999925
337,4,51,161,98,84,0,1.24287500001083
337,4,28,5,10,13,0,1.03658999998879
337,4,104,173,69,100,0,0.863169999996899
337,4,103,80,93,87,1,1.10787999999593
337,4,154,39,92,9,0,0.818269999988843
337,4,170,25,85,16,0,0.758739999990212
338,4,154,39,79,75,0,6.6061750000008
338,4,63,55,73,100,0,1.80821000000287
338,4,77,18,70,75,1,1.86985499999719
338,4,187,168,78,99,0,2.4727950000015
338,4,165,150,98,100,0,1.66324000000168
338,4,172,102,87,55,0,1.43845000000147
338,4,159,176,69,98,1,2.01687500000116
338,4,170,25,99,79,0,1.64137999999366
338,4,158,115,65,99,1,2.20936500000244
338,4,118,105,100,75,0,1.25410499999998
338,4,103,80,74,69,0,1.19822000000568
338,4,153,33,100,75,0,0.901409999998577
338,4,188,100,99,72,0,1.18346499999461
338,4,13,119,99,99,1,2.24124000000302
338,4,26,160,68,74,0,1.41304500000115
338,4,28,5,59,80,1,1.33907499999623
338,4,70,184,74,98,1,1.22109500000079
338,4,51,161,67,100,1,1.34220999999525
338,4,124,1,100,77,0,1.11433499999839
338,4,60,17,80,82,0,1.17758999999933
338,4,142,174,76,98,0,1.49776500000007
338,4,200,131,73,73,1,1.13627999999881
338,4,114,99,100,74,0,1.11240000000544
338,4,16,12,82,82,1,1.11614999999438
338,4,155,93,74,71,0,0.91904500000237
338,4,164,61,99,50,0,3.26470500000141
338,4,96,65,70,77,1,1.23655000000144
338,4,104,173,77,99,1,1.42486500000086
338,4,98,8,98,68,0,1.22948000000179
338,4,106,123,99,99,0,1.03031499999634
339,4,188,100,69,41,0,7.26262499997392
339,4,51,161,52,80,1,2.63295500000822
339,4,142,174,24,61,1,2.3479450000159
339,4,187,168,66,69,0,2.60693000000902
339,4,164,61,46,32,0,2.70733999999356
339,4,159,176,40,49,1,3.63517000002321
339,4,60,17,40,56,1,3.78624999997555
339,4,106,123,57,63,0,3.01052999999956
339,4,16,12,13,32,1,2.1710449999955
339,4,165,150,63,9,0,2.11686999999802
339,4,77,18,30,12,1,2.67664000001969
339,4,172,102,59,43,0,1.9706550000119
339,4,96,65,37,15,0,2.43403499998385
339,4,170,25,2,26,1,2.72288499999559
339,4,114,99,40,26,0,2.30588500000886
339,4,70,184,29,55,1,2.41268000000855
339,4,28,5,3,18,1,1.97808499998064
339,4,26,160,25,48,1,2.47544000000926
339,4,104,173,38,53,1,2.64167499999166
339,4,118,105,34,16,0,2.64757999998983
339,4,155,93,41,18,0,1.50622999999905
339,4,158,115,48,6,0,2.19793500000378
339,4,13,119,7,72,1,2.10528999997769
339,4,63,55,11,48,1,1.67053499998292
339,4,154,39,21,1,0,1.60053500000504
339,4,124,1,57,42,0,3.35171499999706
339,4,98,8,21,23,0,2.03721999999834
339,4,200,131,65,58,1,2.54578499999479
339,4,103,80,56,5,0,2.55549999998766
339,4,153,33,3,3,0,2.16555499998503
340,4,63,55,75,1,0,6.40516499988735
340,4,158,115,70,1,0,1.83194500021636
340,4,104,173,24,1,0,2.07413500011899
340,4,154,39,51,59,1,2.22590499999933
340,4,16,12,81,95,1,1.13187000015751
340,4,124,1,69,100,1,1.07334999996237
340,4,103,80,50,17,0,1.62891500000842
340,4,28,5,1,100,1,1.26153999986127
340,4,98,8,54,76,1,2.53549999999814
340,4,155,93,1,21,1,4.5979150000494
340,4,188,100,29,1,0,2.30972999986261
340,4,106,123,25,80,1,2.50517500005662
340,4,51,161,1,11,1,1.15202499995939
340,4,153,33,41,82,1,1.7370500001125
340,4,200,131,59,2,0,2.79609500011429
340,4,96,65,60,53,1,1.6204850000795
340,4,77,18,1,1,0,2.92669999995269
340,4,70,184,75,1,0,1.37290000007488
340,4,114,99,62,1,0,1.70103499991819
340,4,118,105,24,1,0,2.89399499981664
340,4,26,160,1,1,1,1.81019499991089
340,4,170,25,34,67,1,2.52842499990948
340,4,164,61,2,75,1,1.87269500014372
340,4,142,174,67,4,0,3.11832500016317
340,4,187,168,16,59,1,3.4730799999088
340,4,172,102,62,12,1,4.72843499993905
340,4,60,17,59,64,1,2.5097250000108
340,4,165,150,58,65,1,2.90421000006609
340,4,13,119,2,86,1,4.08286500000395
340,4,159,176,51,12,0,3.42017999989912
341,4,118,105,99,60,0,3.87337000000116
341,4,153,33,97,8,0,1.17102499999964
341,4,164,61,99,35,0,3.92906999999832
341,4,154,39,70,33,0,1.4344600000004
341,4,165,150,74,76,0,4.69525999999678
341,4,200,131,90,38,0,5.30276500000036
341,4,98,8,99,50,0,11.1397550000002
341,4,26,160,50,62,1,14.4049500000001
341,4,70,184,33,68,1,0.958709999998973
341,4,16,12,60,60,0,1.90008499999749
341,4,77,18,63,35,0,1.69927000000098
341,4,188,100,80,97,0,2.56093000000328
341,4,124,1,97,79,0,7.90482999999949
341,4,60,17,32,58,1,19.9249600000003
341,4,28,5,51,34,1,5.44070000000283
341,4,63,55,37,64,1,1.21945000000054
341,4,155,93,95,35,0,1.52714999999804
341,4,172,102,60,33,0,1.71418999999878
341,4,158,115,58,26,0,3.40694499999878
341,4,104,173,49,71,1,1.19300999999902
341,4,142,174,76,99,1,1.18920499999874
341,4,159,176,97,58,1,0.935635000001639
341,4,106,123,81,96,1,0.936945000001288
341,4,103,80,51,60,1,1.42516999999864
341,4,114,99,82,99,1,1.3210699999982
341,4,187,168,66,68,1,1.11709999999951
341,4,13,119,41,98,1,2.52908000000025
341,4,96,65,32,30,0,1.5899000000027
341,4,170,25,98,39,0,1.14616499999829
341,4,51,161,51,65,1,1.06459999999788
342,4,70,184,52,12,0,1.8096349999978
342,4,60,17,44,50,1,1.69286500000089
342,4,188,100,64,54,0,1.79966500000228
342,4,98,8,76,93,1,2.5666850000016
342,4,28,5,28,77,1,1.99049999999988
342,4,124,1,14,92,1,2.94077000000107
342,4,104,173,71,9,0,1.98085500000161
342,4,155,93,52,91,0,2.3728349999983
342,4,103,80,11,3,1,2.38538500000141
342,4,16,12,95,88,0,2.11485999999786
342,4,51,161,91,11,0,1.6610499999988
342,4,77,18,95,95,0,1.16437000000224
342,4,13,119,53,52,0,1.85157999999865
342,4,170,25,2,51,1,1.174460000002
342,4,172,102,7,76,1,1.17290499999945
342,4,200,131,8,84,1,1.63246000000072
342,4,153,33,12,3,0,2.10857000000033
342,4,106,123,15,12,1,2.72788500000024
342,4,164,61,8,52,1,1.93833999999697
342,4,158,115,79,50,0,1.39983500000017
342,4,96,65,82,50,0,1.7311950000003
342,4,114,99,55,52,0,1.8411300000007
342,4,26,160,89,51,0,1.44553000000087
342,4,165,150,5,55,1,1.0777699999999
342,4,142,174,77,6,0,1.52206999999913
342,4,154,39,52,52,1,3.07530499999848
342,4,159,176,51,53,0,1.45699000000244
342,4,63,55,51,50,0,2.33349499999895
342,4,118,105,78,70,1,2.0986699999994
342,4,187,168,84,11,0,1.16109499999945
343,4,142,174,64,41,1,3.55731999967247
343,4,118,105,60,42,0,0.138409999664873
343,4,60,17,89,55,0,1.12293499987572
343,4,155,93,28,48,1,3.38485000003129
343,4,165,150,50,44,1,3.28633000003174
343,4,13,119,44,52,1,2.34250500006601
343,4,153,33,63,59,1,1.04759000008926
343,4,154,39,45,34,1,6.05146000022069
343,4,106,123,34,57,0,1.75874499976635
343,4,77,18,61,54,1,2.72604000009596
343,4,124,1,59,66,0,1.12031000014395
343,4,70,184,68,38,0,1.35234000021592
343,4,200,131,72,51,1,1.76341499993578
343,4,114,99,68,57,0,5.520620000083
343,4,170,25,65,48,1,3.95669500017539
343,4,188,100,52,59,0,34.3330899998546
343,4,104,173,48,51,1,4.27361499983817
343,4,159,176,38,47,0,10.9652450000867
343,4,16,12,58,28,1,1.54112499998882
343,4,164,61,24,81,0,64.8929499997757
343,4,187,168,42,70,1,1.6573450001888
343,4,28,5,23,61,0,2.06967499991879
343,4,103,80,48,28,0,3.61915999976918
343,4,26,160,78,78,0,1.39661999978125
343,4,63,55,51,51,0,2.52417999971658
343,4,98,8,52,50,0,7.83067499985918
343,4,158,115,27,62,0,3.0925199999474
343,4,172,102,49,41,0,2.16018499992788
343,4,51,161,45,48,0,9.7593999998644
343,4,96,65,47,68,0,1.4189049997367
344,4,103,80,45,40,0,2.30232999986038
344,4,70,184,43,20,0,1.16536500002258
344,4,114,99,20,31,0,1.57462000008672
344,4,13,119,53,26,0,65.3199500001501
344,4,153,33,65,40,0,2.06466999999247
344,4,170,25,69,28,0,0.930380000034347
344,4,159,176,34,44,1,1.57069500000216
344,4,200,131,14,31,1,2.40902499994263
344,4,164,61,53,39,0,1.23389000003226
344,4,155,93,50,13,0,1.20142999989912
344,4,165,150,17,34,0,1.09843000001274
344,4,96,65,29,56,1,1.03203000011854
344,4,118,105,24,13,1,1.02016999991611
344,4,142,174,24,33,1,2.41086499998346
344,4,106,123,19,28,1,1.38131500012241
344,4,26,160,19,45,0,19.4324950000737
344,4,63,55,36,84,1,1.26356999995187
344,4,28,5,33,36,1,1.5109999999404
344,4,77,18,21,55,1,1.16001999983564
344,4,104,173,47,50,1,1.09222500002943
344,4,187,168,34,21,0,3.20947999996133
344,4,16,12,58,45,0,1.53995499992743
344,4,154,39,25,45,1,1.28533000010066
344,4,60,17,41,62,1,1.76502499985509
344,4,158,115,22,60,1,0.951104999985546
344,4,124,1,20,62,1,0.940410000039265
344,4,172,102,24,28,1,3.53263999987394
344,4,51,161,46,25,0,2.3262050000485
344,4,188,100,20,31,0,1.78569499985315
344,4,98,8,17,48,1,1.72418499994092
345,4,158,115,54,41,1,1.65445000003092
345,4,60,17,39,70,1,1.2606050001923
345,4,106,123,71,71,0,1.76662999996915
345,4,172,102,66,38,1,1.7617250001058
345,4,159,176,42,76,0,1.24645500001498
345,4,26,160,75,55,0,1.00442999997176
345,4,103,80,42,63,1,1.32581500010565
345,4,154,39,56,48,1,1.00722500006668
345,4,165,150,66,69,0,1.57734000007622
345,4,124,1,58,63,1,1.14520999998786
345,4,16,12,74,42,1,0.988370000151917
345,4,104,173,41,63,1,0.997089999960735
345,4,70,184,75,63,0,1.21691499999724
345,4,200,131,67,39,1,0.877399999881163
345,4,142,174,64,61,1,1.2056899999734
345,4,118,105,80,72,1,1.35301000019535
345,4,170,25,65,71,1,1.71721999999136
345,4,77,18,79,89,0,1.14944000006653
345,4,28,5,73,50,0,1.53826000005938
345,4,164,61,64,36,0,1.63308499986306
345,4,98,8,73,59,1,0.895484999986365
345,4,188,100,59,71,1,1.41175999981351
345,4,187,168,57,60,0,3.50545499986038
345,4,114,99,74,86,1,0.943255000049248
345,4,153,33,16,40,0,4.46892999997362
345,4,51,161,48,70,1,1.34489500010386
345,4,96,65,67,44,0,1.31313499994576
345,4,13,119,72,59,1,1.87634999980219
345,4,155,93,66,82,1,1.17006499995477
345,4,63,55,38,51,1,1.73226499999873
346,4,77,18,32,99,1,4.30288500001188
346,4,51,161,100,3,0,2.406650000019
346,4,60,17,36,99,1,0.960974999936298
346,4,170,25,1,100,1,1.49174500000663
346,4,104,173,3,1,0,1.44504000002053
346,4,28,5,100,100,1,1.29443000000902
346,4,124,1,24,100,1,0.999855000060052
346,4,106,123,28,2,0,2.5280849999981
346,4,153,33,33,99,1,1.11382499989122
346,4,165,150,1,2,1,1.56766499998048
346,4,103,80,26,54,1,1.24140499997884
346,4,142,174,1,1,1,2.58329500001855
346,4,158,115,2,1,1,1.67691499995999
346,4,164,61,1,34,1,1.07232000003569
346,4,96,65,76,63,1,1.10660499997903
346,4,172,102,2,36,1,1.19038500008173
346,4,154,39,16,100,1,2.27429500001017
346,4,118,105,1,15,1,1.6327900000615
346,4,63,55,40,100,1,1.14154500002041
346,4,70,184,83,1,0,1.23671500000637
346,4,159,176,1,2,0,25.4149750000797
346,4,200,131,2,32,1,5.06388000003062
346,4,26,160,96,2,0,1.135110000032
346,4,187,168,1,4,0,1.87465000001248
346,4,114,99,12,2,1,1.45569500001147
346,4,188,100,4,12,1,1.53483999997843
346,4,98,8,2,100,1,1.12075999996159
346,4,155,93,1,53,1,1.93115999992006
346,4,13,119,99,1,0,3.90691000001971
346,4,16,12,100,99,1,1.32625000004191
347,4,158,115,1,14,1,2.16627999999764
347,4,187,168,17,16,0,1.73974499999895
347,4,188,100,31,56,1,1.09436500000447
347,4,77,18,84,42,0,1.04584999999497
347,4,164,61,22,13,1,1.75243000000046
347,4,165,150,9,2,1,1.25695499999711
347,4,114,99,63,34,1,2.50852000000305
347,4,172,102,15,16,1,1.25531500000216
347,4,96,65,71,1,0,1.11142499999551
347,4,124,1,1,17,1,1.03968500000337
347,4,103,80,46,1,0,1.19980500000383
347,4,98,8,43,1,0,1.0327049999978
347,4,142,174,2,35,1,1.16987999999401
347,4,153,33,1,1,0,1.19875999999931
347,4,28,5,1,1,1,1.66413500000635
347,4,118,105,76,57,0,1.22054500000377
347,4,26,160,1,57,1,1.05837999999494
347,4,159,176,1,1,0,2.33114500000374
347,4,155,93,40,1,0,1.10757000000012
347,4,104,173,41,13,0,1.23809500000061
347,4,106,123,56,2,0,1.16764999999577
347,4,63,55,1,1,0,1.84404500000528
347,4,154,39,1,1,0,1.60464499999944
347,4,170,25,1,2,0,1.31026500000007
347,4,16,12,2,1,0,1.23165999999765
347,4,200,131,1,1,1,1.67896499999915
347,4,13,119,2,2,0,1.80997000000207
347,4,60,17,1,1,0,2.02939500000502
347,4,51,161,1,41,1,1.25478499999736
347,4,70,184,1,1,1,1.17590499999642
348,4,106,123,76,2,0,2.14115499996115
348,4,142,174,24,69,1,1.62657500000205
348,4,114,99,84,54,0,1.60869999998249
348,4,103,80,10,2,0,1.36922999995295
348,4,165,150,7,11,0,2.86277499998687
348,4,118,105,64,35,0,1.576464999991
348,4,124,1,6,1,1,2.19592500000726
348,4,172,102,2,33,1,1.84763000003295
348,4,70,184,1,2,1,1.64862499997253
348,4,28,5,2,66,1,2.53303999995114
348,4,98,8,57,92,1,3.70910499995807
348,4,164,61,3,61,1,3.34596499998588
348,4,154,39,10,8,1,2.9047750000027
348,4,51,161,84,19,1,3.11268500000006
348,4,63,55,72,98,1,1.72883499995805
348,4,155,93,11,35,0,2.60218499996699
348,4,188,100,29,71,1,1.80054000002565
348,4,170,25,86,2,0,1.46438999997918
348,4,153,33,42,13,0,2.03123999998206
348,4,159,176,48,25,0,3.32686999998987
348,4,26,160,65,56,1,2.24457500001881
348,4,60,17,51,32,0,3.73234500002582
348,4,200,131,29,22,0,2.28767000004882
348,4,13,119,89,9,0,1.58398500003386
348,4,77,18,1,98,1,1.19750499998918
348,4,16,12,87,92,1,1.29756999999518
348,4,104,173,25,1,0,3.08263499999885
348,4,187,168,48,7,0,1.71240999997826
348,4,96,65,97,68,0,4.36684999999125
348,4,158,115,10,4,1,1.65461999998661
349,4,106,123,81,72,0,3.52933499985375
349,4,77,18,96,51,0,1.53558499994688
349,4,63,55,51,61,1,2.48719000001438
349,4,98,8,75,5,0,1.59314000001177
349,4,118,105,75,51,0,1.44910999992862
349,4,158,115,50,56,0,1.49202000000514
349,4,96,65,67,50,0,2.38576500001363
349,4,153,33,52,8,0,1.41949999984354
349,4,16,12,6,1,0,1.82552499999292
349,4,104,173,66,65,1,2.45349500002339
349,4,188,100,68,72,1,4.75232000020333
349,4,155,93,59,48,0,1.78320499998517
349,4,51,161,64,100,1,1.16390000004321
349,4,142,174,65,73,1,1.62058500014246
349,4,159,176,65,66,0,2.78441499988548
349,4,28,5,1,1,1,2.8507999998983
349,4,114,99,69,85,1,2.02588000008836
349,4,103,80,67,53,0,1.85350999981165
349,4,70,184,57,95,1,1.47561500011943
349,4,154,39,56,1,0,1.71965500013903
349,4,164,61,72,55,0,1.90596499992535
349,4,170,25,70,67,0,5.37583999987692
349,4,60,17,51,55,1,2.88174000009894
349,4,26,160,1,80,1,1.52940999995917
349,4,187,168,88,77,1,2.18519000010565
349,4,200,131,74,52,0,1.58923000004143
349,4,172,102,76,59,0,2.15269499993883
349,4,124,1,92,5,0,1.40314000006765
349,4,165,150,71,69,1,3.18602999998257
349,4,13,119,4,77,1,1.35468499991111
350,4,164,61,75,30,0,3.76743500000003
350,4,118,105,100,99,1,2.02652000000002
350,4,106,123,99,3,0,1.88306
350,4,159,176,68,1,0,1.764755
350,4,172,102,35,11,0,2.69703
350,4,170,25,4,93,1,1.44341
350,4,104,173,14,22,1,2.62932499999998
350,4,98,8,98,99,1,4.31089999999999
350,4,114,99,76,14,0,1.54389499999999
350,4,188,100,100,20,0,1.34559999999998
350,4,142,174,6,56,1,1.51025
350,4,200,131,99,10,0,1.50892000000001
350,4,153,33,7,1,0,1.62861500000005
350,4,96,65,1,8,1,2.17388
350,4,60,17,34,10,0,1.50335999999999
350,4,158,115,23,27,0,1.38029500000004
350,4,124,1,1,100,1,1.07084500000003
350,4,187,168,91,67,0,3.39022000000003
350,4,63,55,23,84,1,2.24083999999997
350,4,155,93,73,68,0,1.39945500000002
350,4,70,184,74,9,0,1.44429999999999
350,4,13,119,33,1,0,1.63163999999996
350,4,26,160,25,72,1,1.57847500000003
350,4,165,150,25,70,1,1.86829000000004
350,4,16,12,99,47,0,1.85321999999997
350,4,28,5,83,63,0,2.00061500000005
350,4,51,161,31,70,1,1.375005
350,4,154,39,64,1,0,1.40859999999998
350,4,103,80,10,67,1,1.34485999999999
350,4,77,18,99,91,0,2.95598500000004
351,4,51,161,32,84,1,4.03518999999505
351,4,170,25,7,14,1,1.20055999999749
351,4,158,115,30,32,1,2.08292499999516
351,4,60,17,31,29,0,2.44222499999887
351,4,77,18,83,24,0,1.13914500000101
351,4,63,55,13,25,0,0.855609999998705
351,4,172,102,45,52,0,1.46001999999862
351,4,124,1,63,18,0,1.73933499999839
351,4,13,119,25,82,1,1.3222900000037
351,4,118,105,44,38,1,2.13128000000142
351,4,188,100,86,51,0,1.16560999999638
351,4,159,176,67,51,0,1.08523499999865
351,4,154,39,49,36,0,1.79467999999906
351,4,165,150,56,74,0,1.21215500000108
351,4,98,8,57,27,0,0.895430000004126
351,4,200,131,55,30,0,1.22978000000148
351,4,28,5,14,35,1,1.1354199999987
351,4,96,65,56,32,0,3.17404999999417
351,4,26,160,12,64,1,1.27279500000441
351,4,155,93,9,18,1,1.55382500000269
351,4,164,61,77,22,0,1.25312000000122
351,4,187,168,77,81,0,1.21762999999919
351,4,103,80,24,52,0,1.09590000000026
351,4,153,33,60,6,0,1.07882999999856
351,4,106,123,71,57,0,1.0058149999968
351,4,114,99,34,61,0,0.89464500000031
351,4,16,12,17,20,1,2.46875499999442
351,4,70,184,45,48,0,1.00795999999536
351,4,142,174,79,84,0,1.48565999999846
351,4,104,173,74,69,0,0.977449999998498
352,4,96,65,18,21,0,3.07602499998757
352,4,98,8,81,50,0,1.39932500000577
352,4,13,119,58,70,1,1.27353999999468
352,4,188,100,74,64,0,1.13993999999366
352,4,172,102,91,37,0,0.989694999996573
352,4,170,25,80,35,0,1.40997999999672
352,4,142,174,49,72,0,1.31097999998019
352,4,200,131,52,22,0,1.4507900000026
352,4,124,1,70,86,0,0.952029999985825
352,4,165,150,99,47,0,1.11321999999927
352,4,104,173,24,91,1,1.26114499999676
352,4,158,115,49,17,0,1.77033999998821
352,4,28,5,29,21,0,1.41180999999051
352,4,118,105,78,79,1,3.47150499999407
352,4,164,61,29,4,0,2.16146000000299
352,4,114,99,75,33,0,1.16545000000042
352,4,51,161,68,71,1,1.97990999999456
352,4,106,123,62,61,0,1.01909499999601
352,4,159,176,50,8,0,1.39795999997295
352,4,154,39,69,23,0,1.03729999999632
352,4,63,55,26,19,0,1.76080999997794
352,4,60,17,9,49,0,1.59597500000382
352,4,70,184,22,71,1,1.81494499999098
352,4,103,80,12,63,1,1.03755499998806
352,4,155,93,48,27,0,1.29125500001828
352,4,153,33,53,3,0,1.45412500001839
352,4,16,12,39,47,1,3.08346500000334
352,4,187,168,74,94,0,2.20725000000675
352,4,26,160,37,52,1,1.17913500001305
352,4,77,18,28,51,0,2.63572999997996
353,4,170,25,47,62,0,3.22932000004221
353,4,70,184,30,62,1,1.47407500003465
353,4,103,80,48,50,1,1.47821999993175
353,4,200,131,49,28,1,1.36860499996692
353,4,172,102,66,49,0,1.81763999990653
353,4,77,18,77,64,0,1.59505999996327
353,4,104,173,61,55,0,1.57697999989614
353,4,154,39,32,69,1,1.68400999996811
353,4,114,99,64,66,0,1.53797000006307
353,4,159,176,48,18,0,1.78302999993321
353,4,60,17,66,61,0,1.53880000009667
353,4,28,5,7,17,1,1.8215949999867
353,4,153,33,59,27,0,1.33911000005901
353,4,187,168,27,29,1,1.5871899999911
353,4,142,174,84,70,0,1.51118000003044
353,4,13,119,27,66,1,1.76452500000596
353,4,158,115,59,17,0,1.24046499992255
353,4,165,150,53,65,0,1.44595999992453
353,4,96,65,2,49,1,1.76669499999844
353,4,118,105,72,72,1,2.31418500002474
353,4,26,160,17,64,1,1.470069999923
353,4,188,100,55,68,1,2.23273000004701
353,4,63,55,45,50,0,1.84059500007425
353,4,155,93,63,29,0,1.30753999995068
353,4,106,123,71,68,0,2.80196000006981
353,4,51,161,69,82,1,1.64315000001807
353,4,98,8,62,15,0,1.69586500001606
353,4,124,1,69,63,0,1.72527499997523
353,4,16,12,5,70,1,1.51936000003479
353,4,164,61,58,18,0,1.30835000006482
354,4,106,123,26,9,0,1.38259999999718
354,4,77,18,37,74,0,1.80450000000565
354,4,165,150,93,3,0,0.996030000002065
354,4,187,168,72,76,1,1.63276000000042
354,4,153,33,1,13,1,1.41094000000157
354,4,159,176,6,1,0,1.19049000000086
354,4,170,25,31,54,1,1.56509500000539
354,4,114,99,76,29,0,0.94484999999986
354,4,158,115,6,8,1,1.87279000000126
354,4,96,65,9,4,0,1.40991499999654
354,4,26,160,34,5,0,1.15788500000053
354,4,70,184,100,30,0,1.18593500000134
354,4,60,17,2,84,1,0.991584999996121
354,4,164,61,67,1,0,1.36454999999842
354,4,51,161,55,31,0,1.1672499999986
354,4,63,55,4,55,1,1.05126000000018
354,4,155,93,6,3,0,1.73135999999795
354,4,103,80,6,52,1,1.01208500000212
354,4,16,12,92,25,0,1.10461999999825
354,4,124,1,5,80,1,1.25844499999948
354,4,188,100,63,17,0,0.97079500000109
354,4,28,5,52,32,0,2.53009500000189
354,4,200,131,4,54,1,1.10349500000302
354,4,118,105,47,1,0,0.950929999999062
354,4,104,173,12,81,1,1.91601000000082
354,4,154,39,2,40,1,1.4255850000045
354,4,142,174,4,30,1,1.56487000000197
354,4,172,102,80,10,0,0.922450000005483
354,4,13,119,19,13,0,0.887759999997797
354,4,98,8,33,85,1,0.881630000003497
355,4,103,80,52,11,0,2.05147499986924
355,4,187,168,70,90,1,1.135229999898
355,4,200,131,52,51,0,1.06579499994405
355,4,106,123,38,38,1,1.88493999978527
355,4,13,119,26,31,0,1.04648000001907
355,4,60,17,48,23,0,3.1228650000412
355,4,16,12,69,42,0,2.42522999993525
355,4,98,8,52,79,1,7.21889999997802
355,4,154,39,33,28,0,1.51265000016429
355,4,170,25,83,21,0,1.03832500008866
355,4,114,99,68,50,0,0.950650000013411
355,4,26,160,4,66,1,1.03745500021614
355,4,165,150,89,54,0,1.03406999981962
355,4,155,93,51,71,0,1.25297500006855
355,4,142,174,67,67,1,3.31712499982677
355,4,51,161,10,69,1,17.0126050000545
355,4,28,5,71,14,0,1.09200499998406
355,4,63,55,49,64,1,0.92026500008069
355,4,124,1,50,76,1,0.71576499985531
355,4,164,61,72,17,0,1.06240500020795
355,4,172,102,66,49,0,0.661869999952614
355,4,70,184,12,72,1,1.0200050000567
355,4,118,105,51,31,1,0.699010000098497
355,4,188,100,50,52,0,1.03457000013441
355,4,96,65,70,50,0,0.907879999838769
355,4,159,176,51,34,0,0.994900000048801
355,4,104,173,50,92,1,1.25778999994509
355,4,153,33,71,3,0,0.966329999966547
355,4,158,115,53,52,0,1.06232999986969
355,4,77,18,51,70,1,0.784115000162274
356,4,103,80,60,61,0,3.37487999999939
356,4,124,1,1,73,1,3.11322500000097
356,4,164,61,3,30,1,1.93754500000068
356,4,106,123,3,3,0,2.39562999999907
356,4,77,18,10,63,1,6.40324500000133
356,4,187,168,8,4,0,5.66463499999736
356,4,28,5,77,84,1,4.55429999999978
356,4,153,33,55,72,1,1.62751999999819
356,4,63,55,59,99,1,1.52634000000035
356,4,200,131,2,19,1,2.60109499999817
356,4,98,8,73,100,1,1.82524999999805
356,4,188,100,2,17,1,2.63583500000095
356,4,118,105,62,21,0,3.99346499999956
356,4,155,93,20,60,1,1.59361500000159
356,4,158,115,2,51,1,1.52226499999961
356,4,159,176,2,1,0,2.27387500000259
356,4,26,160,90,2,0,1.241320000001
356,4,104,173,59,2,0,1.57662999999957
356,4,165,150,2,34,1,1.88450999999983
356,4,16,12,98,67,0,1.81201999999757
356,4,142,174,42,1,0,2.41942500000005
356,4,96,65,77,58,0,1.77166500000027
356,4,70,184,2,7,0,1.49932500000071
356,4,60,17,99,36,0,1.2526550000002
356,4,154,39,9,70,1,1.54493000000005
356,4,51,161,53,2,0,1.16650499999744
356,4,13,119,91,2,0,1.28723000000173
356,4,172,102,2,55,1,1.76360000000201
356,4,114,99,27,24,1,1.53730499999796
356,4,170,25,25,36,1,1.51602500000084
357,4,70,184,3,48,0,6.10938499999975
357,4,51,161,52,3,0,2.22596500000055
357,4,114,99,3,3,0,2.41687000000001
357,4,158,115,3,3,1,3.03000499999961
357,4,153,33,3,53,1,6.37246499999947
357,4,200,131,98,2,0,2.17796499999985
357,4,124,1,100,3,0,1.97160499999972
357,4,28,5,76,50,0,1.8579150000005
357,4,159,176,56,3,0,1.91802999999982
357,4,118,105,5,4,1,5.49895500000002
357,4,96,65,51,3,0,3.37930000000051
357,4,103,80,2,8,0,2.31190999999945
357,4,170,25,2,30,1,2.12551499999972
357,4,16,12,83,39,1,5.2502449999993
357,4,188,100,2,4,1,4.25387000000046
357,4,60,17,52,33,0,2.12683500000002
357,4,26,160,2,2,1,1.94961500000046
357,4,98,8,4,73,1,5.84527000000072
357,4,104,173,2,3,0,2.29779999999941
357,4,154,39,4,27,1,3.09234999999986
357,4,187,168,3,18,0,6.57816999999975
357,4,63,55,15,100,1,2.30117500000051
357,4,77,18,36,50,1,2.02778500000021
357,4,142,174,3,3,0,2.68762999999942
357,4,155,93,75,10,0,1.76803999999992
357,4,172,102,3,14,0,4.37637499999983
357,4,165,150,2,44,1,2.0329250000004
357,4,164,61,9,2,1,4.52361999999994
357,4,106,123,2,76,1,1.74341499999992
357,4,13,119,99,4,0,5.34903999999916
358,4,104,173,79,29,0,7.67380999983288
358,4,188,100,41,46,0,3.70977500011213
358,4,28,5,26,69,1,1.77231999998912
358,4,70,184,61,38,1,4.53234999999404
358,4,165,150,50,28,0,3.14366500009783
358,4,158,115,35,69,1,2.7947400000412
358,4,16,12,76,91,1,1.94192999997176
358,4,124,1,40,67,1,1.67619500006549
358,4,153,33,33,59,1,2.53344500018284
358,4,60,17,12,76,1,1.36067000008188
358,4,103,80,80,51,0,2.04012000001967
358,4,170,25,8,53,1,2.83030999987386
358,4,164,61,70,4,0,2.01584499981254
358,4,106,123,29,26,0,3.26203000009991
358,4,13,119,63,50,0,1.83053999999538
358,4,114,99,37,31,1,4.68633000017144
358,4,118,105,38,29,0,2.17402500007302
358,4,187,168,39,53,1,2.65179000003263
358,4,96,65,64,5,0,1.85035500000231
358,4,77,18,49,78,1,2.17476499988697
358,4,200,131,49,72,1,2.31453500012867
358,4,142,174,24,39,1,1.87998500000685
358,4,155,93,58,36,0,2.86011000000872
358,4,98,8,41,61,1,2.8576100000646
358,4,154,39,20,65,1,1.73209500010125
358,4,172,102,29,61,0,4.55219499999657
358,4,51,161,59,44,0,3.81777999992482
358,4,26,160,73,39,0,1.74325999990106
358,4,159,176,36,21,0,2.67322499980219
358,4,63,55,4,37,1,1.77423999994062
359,4,104,173,6,66,1,3.01625999994576
359,4,28,5,62,57,0,3.74996499996632
359,4,172,102,67,11,0,2.92585000023246
359,4,153,33,30,60,1,5.05031000031158
359,4,159,176,27,9,0,2.79371500015259
359,4,13,119,70,9,0,2.813139999751
359,4,155,93,53,57,1,3.13611499965191
359,4,60,17,54,71,0,5.95686500007287
359,4,106,123,63,11,0,2.26812999974936
359,4,70,184,4,37,1,2.53561999974772
359,4,164,61,79,9,0,2.24913999997079
359,4,170,25,66,20,0,3.81236999994144
359,4,188,100,83,63,0,2.43426000000909
359,4,154,39,25,37,0,7.44525499967858
359,4,103,80,9,8,1,3.68443500017747
359,4,200,131,41,54,1,10.5329249999486
359,4,187,168,74,75,0,7.39076500013471
359,4,98,8,82,59,0,4.89962500007823
359,4,77,18,5,56,1,2.38640000019222
359,4,142,174,45,42,1,4.15868999995291
359,4,96,65,69,57,0,1.82874499959871
359,4,114,99,62,53,0,2.19013000000268
359,4,63,55,82,78,1,3.10656999982893
359,4,158,115,24,6,0,2.35044499998912
359,4,26,160,62,54,0,2.03243999974802
359,4,51,161,7,66,0,9.21304500009865
359,4,165,150,98,14,0,2.04554500011727
359,4,118,105,67,56,0,3.67940999986604
359,4,124,1,6,30,1,2.69001000002027
359,4,16,12,71,58,0,3.16606499999762
360,4,124,1,16,81,1,2.72985000000335
360,4,114,99,4,60,1,3.60487000001012
360,4,172,102,95,72,0,2.31982999999309
360,4,165,150,97,76,0,5.32173500000499
360,4,60,17,78,93,0,3.44846499999403
360,4,98,8,2,80,1,4.8099650000222
360,4,159,176,18,21,0,4.01277500001015
360,4,155,93,12,83,1,2.54636500001652
360,4,13,119,96,26,0,1.80139500001678
360,4,187,168,58,92,1,1.71321999997599
360,4,70,184,81,60,0,3.21024499999476
360,4,106,123,64,21,0,1.96719500000472
360,4,188,100,67,63,1,4.00486499999533
360,4,154,39,56,70,0,2.73237000001245
360,4,16,12,100,97,0,2.44341000000713
360,4,164,61,11,4,0,3.93133500000113
360,4,153,33,34,72,1,3.31831499998225
360,4,26,160,90,21,0,2.02680000002147
360,4,200,131,27,29,0,2.58490000001621
360,4,103,80,77,60,0,5.28632499999367
360,4,77,18,88,97,1,3.11895000000368
360,4,28,5,65,80,1,2.5474899999972
360,4,51,161,91,26,0,1.95230499998434
360,4,142,174,40,19,0,3.37849500001175
360,4,118,105,2,64,1,1.61148500000127
360,4,158,115,43,61,1,4.98574500001268
360,4,96,65,87,71,0,2.83616999999504
360,4,63,55,67,96,1,8.29699000000255
360,4,170,25,13,86,1,6.15798499999801
360,4,104,173,73,80,1,5.59657000002335
361,4,63,55,47,25,1,4.58122500000172
361,4,77,18,77,55,0,1.45047999999952
361,4,106,123,63,87,1,2.13954999999987
361,4,60,17,51,35,0,2.48323499999969
361,4,28,5,33,54,1,1.86968000000343
361,4,124,1,82,31,0,1.38034000000334
361,4,164,61,26,55,1,1.63875999999436
361,4,98,8,44,73,0,1.15005999999994
361,4,158,115,66,38,0,1.37058999999863
361,4,172,102,65,60,0,1.73404000000301
361,4,200,131,49,75,1,1.35678000000189
361,4,153,33,77,40,0,1.26138000000356
361,4,51,161,77,32,0,1.054925000004
361,4,165,150,61,82,1,1.42193499999848
361,4,96,65,61,58,0,1.39244000000326
361,4,170,25,61,16,0,0.94407499999943
361,4,26,160,22,60,1,1.01767000000109
361,4,155,93,82,70,0,1.13662499999919
361,4,187,168,47,62,1,1.22348500000226
361,4,104,173,67,76,1,3.32348999999522
361,4,70,184,65,64,0,2.19035499999882
361,4,114,99,86,85,0,1.24429999999847
361,4,118,105,52,88,1,1.20361499999854
361,4,103,80,64,84,1,1.12734000000637
361,4,142,174,71,72,1,0.919699999998556
361,4,13,119,60,71,1,2.27340499999991
361,4,188,100,34,89,1,1.11466500000097
361,4,16,12,52,67,1,1.92541999999958
361,4,154,39,68,68,0,1.16922999999952
361,4,159,176,53,30,0,1.73674500000197
362,4,114,99,79,2,0,3.62470999998914
362,4,13,119,100,83,0,2.08925499999896
362,4,63,55,99,99,0,3.26268499999424
362,4,118,105,21,2,0,2.59861499999533
362,4,77,18,5,94,1,1.75246000000334
362,4,170,25,1,93,0,2.30153000001155
362,4,60,17,99,73,0,2.0653650000022
362,4,96,65,73,89,1,2.44626500000595
362,4,154,39,99,99,0,2.0341849999968
362,4,124,1,95,87,1,1.70015999999305
362,4,28,5,99,99,1,2.52999500000442
362,4,158,115,12,2,0,2.48804500000551
362,4,153,33,78,55,0,1.81940999999642
362,4,26,160,1,2,0,4.4170499999891
362,4,142,174,84,2,0,2.24579500000982
362,4,187,168,88,76,1,2.81191499999841
362,4,106,123,8,66,1,1.9872100000066
362,4,159,176,42,23,1,2.14433999999892
362,4,165,150,98,60,0,2.25173000000359
362,4,200,131,6,2,0,2.56119500000204
362,4,104,173,16,2,1,1.79896500000905
362,4,164,61,20,2,0,2.08891500000027
362,4,51,161,86,2,0,1.83754999999655
362,4,188,100,42,15,0,2.2831550000119
362,4,155,93,73,14,1,3.28628000000026
362,4,172,102,14,6,0,2.89091499999631
362,4,103,80,37,99,1,2.45135999999184
362,4,98,8,30,99,1,1.8295849999995
362,4,16,12,100,99,1,1.44730500000878
362,4,70,184,55,22,0,3.68699000000197
363,4,124,1,60,30,0,4.24151500000153
363,4,200,131,32,64,1,2.47591999999713
363,4,114,99,32,55,1,2.09590000007302
363,4,154,39,21,36,1,3.52934000000823
363,4,158,115,44,53,1,2.09340500005055
363,4,70,184,35,69,1,1.50322499999311
363,4,26,160,74,10,0,1.40447499998845
363,4,159,176,56,59,0,2.03059999994002
363,4,77,18,63,95,1,1.52047499991022
363,4,172,102,62,32,0,1.51206999993883
363,4,118,105,6,64,1,1.6538700000383
363,4,170,25,58,21,0,2.01584500004537
363,4,51,161,41,36,0,1.49137999990489
363,4,28,5,82,90,1,1.87797499995213
363,4,142,174,14,60,1,4.09721499995794
363,4,103,80,26,56,1,2.02554000006057
363,4,104,173,25,64,1,2.091630000039
363,4,96,65,81,30,0,204.399549999973
363,4,153,33,58,21,0,7.14149499998894
363,4,165,150,60,27,0,1.69859499996528
363,4,155,93,68,67,1,4.12605999992229
363,4,63,55,24,74,1,1.53680999996141
363,4,164,61,64,20,0,1.75092999998014
363,4,60,17,28,37,0,2.70408499997575
363,4,16,12,87,89,1,128.005609999993
363,4,188,100,75,27,0,2.25219499995001
363,4,98,8,33,93,1,1.51552500005346
363,4,187,168,72,64,0,12.6909000000451
363,4,106,123,62,53,0,1.40026500006206
363,4,13,119,85,67,0,1.70868000003975
364,4,200,131,55,57,1,8.89201500000127
364,4,77,18,64,61,1,6.42522500000086
364,4,170,25,58,53,1,5.26311499999974
364,4,16,12,64,69,1,1.28125
364,4,118,105,62,72,1,1.73278500000015
364,4,172,102,55,45,0,1.77414000000137
364,4,103,80,47,72,1,1.26821999999994
364,4,187,168,59,70,0,3.5129699999998
364,4,154,39,48,38,0,4.91330500000002
364,4,153,33,57,40,0,2.19260000000033
364,4,26,160,59,55,0,2.0653249999996
364,4,60,17,65,59,0,4.88699000000086
364,4,28,5,65,70,1,3.158010000001
364,4,106,123,64,69,0,2.01262000000133
364,4,114,99,54,57,1,3.49020500000005
364,4,96,65,72,42,0,2.09724000000098
364,4,165,150,53,50,1,2.38666999999987
364,4,158,115,58,43,0,2.51367000000027
364,4,70,184,59,57,0,4.3282999999992
364,4,142,174,57,69,0,2.843245
364,4,155,93,70,64,1,3.06820999999944
364,4,13,119,54,59,1,5.19858500000008
364,4,104,173,47,55,0,13.6167750000004
364,4,124,1,68,71,1,2.25205000000098
364,4,159,176,57,41,0,2.53002000000019
364,4,51,161,54,62,0,2.37684500000067
364,4,98,8,64,65,0,2.52903499999957
364,4,63,55,45,55,0,17.8266600000006
364,4,188,100,57,60,1,4.84094000000006
364,4,164,61,62,39,1,4.04530999999947
365,4,98,8,56,79,0,5.16496499994537
365,4,28,5,29,52,1,1.71994000003906
365,4,13,119,64,69,1,1.57234000001336
365,4,26,160,23,51,1,1.70366499997908
365,4,188,100,76,61,0,1.38322499999776
365,4,118,105,66,21,0,1.68463999999221
365,4,154,39,34,6,0,1.92418500001077
365,4,114,99,28,61,1,1.57036499999231
365,4,153,33,6,61,1,1.47085499996319
365,4,165,150,57,32,0,1.60113000002457
365,4,159,176,63,46,0,1.29424499999732
365,4,158,115,48,7,0,1.44760499999393
365,4,164,61,58,29,0,1.21708500001114
365,4,124,1,59,65,1,4.19414999999572
365,4,63,55,20,63,1,1.17457499995362
365,4,104,173,36,49,0,1.57330499996897
365,4,142,174,35,69,1,1.58117499999935
365,4,172,102,33,48,1,1.21961500000907
365,4,200,131,61,17,0,1.30746000004001
365,4,96,65,69,13,0,1.30670000001555
365,4,60,17,44,44,0,3.38738500000909
365,4,51,161,63,64,1,1.78537499997765
365,4,170,25,28,20,0,1.88278500002343
365,4,187,168,79,78,0,1.72703999996884
365,4,155,93,38,19,0,1.83655999996699
365,4,70,184,53,71,1,1.74695000000065
365,4,77,18,39,49,1,1.91019000002416
365,4,16,12,64,19,0,1.59980000002543
365,4,106,123,82,59,0,2.18313000001945
365,4,103,80,51,34,1,1.35224000003655
366,4,28,5,2,3,1,2.52022500000021
366,4,172,102,66,70,1,2.29694000000018
366,4,118,105,85,94,1,0.844409999999698
366,4,154,39,89,1,0,0.92053499999929
366,4,16,12,6,3,0,1.49173499999961
366,4,200,131,90,63,0,1.17578499999945
366,4,187,168,60,61,0,1.6023350000014
366,4,153,33,74,1,0,0.961994999999661
366,4,106,123,79,61,0,0.836729999999079
366,4,159,176,75,56,0,7.00720499999989
366,4,51,161,83,65,0,2.95672999999986
366,4,63,55,75,60,1,3.10469500000001
366,4,104,173,75,76,0,1.61434000000008
366,4,155,93,91,49,0,1.32508000000054
366,4,103,80,67,56,0,2.18197999999937
366,4,165,150,53,70,1,1.00879999999964
366,4,26,160,1,54,1,0.867029999999417
366,4,13,119,21,77,1,0.915395000000019
366,4,98,8,86,6,0,0.835090000000491
366,4,124,1,63,42,0,1.16530999999851
366,4,188,100,58,86,0,1.05134500000169
366,4,158,115,93,24,0,1.5639749999991
366,4,142,174,70,59,1,1.3786199999995
366,4,60,17,52,23,0,3.19158500000049
366,4,77,18,83,6,0,0.834820000000036
366,4,70,184,56,50,0,4.00873999999929
366,4,170,25,72,31,0,1.2589100000005
366,4,96,65,55,59,0,1.8093750000007
366,4,164,61,56,49,0,2.49584499999945
366,4,114,99,55,88,0,50.1010400000014
367,4,63,55,42,82,1,3.11149999999907
367,4,187,168,59,59,1,2.67104500008281
367,4,153,33,59,1,0,2.20068999996874
367,4,104,173,56,72,0,5.10190000000875
367,4,70,184,2,69,1,1.79385999997612
367,4,164,61,76,1,0,2.26993499998935
367,4,13,119,99,2,0,1.70063500001561
367,4,154,39,10,42,1,1.90076499991119
367,4,16,12,99,55,0,1.86237999994773
367,4,165,150,99,14,0,1.69364000007045
367,4,51,161,67,79,0,2.21240000007674
367,4,114,99,60,60,1,2.06379499996547
367,4,106,123,2,27,1,4.31193999992684
367,4,172,102,57,71,0,2.94296000001486
367,4,155,93,91,20,0,1.31646999996156
367,4,118,105,2,7,0,2.39399500004947
367,4,60,17,70,76,1,2.91228499996942
367,4,26,160,72,69,0,5.28916499996558
367,4,96,65,42,65,1,2.07565499993507
367,4,170,25,13,72,1,2.24121000000741
367,4,158,115,72,52,0,2.93659999989904
367,4,28,5,99,79,0,2.40157999994699
367,4,142,174,17,25,1,1.93897999997716
367,4,188,100,37,44,1,3.64147499995306
367,4,77,18,1,91,1,1.54990500002168
367,4,124,1,42,79,1,1.22048999997787
367,4,159,176,74,29,0,2.4834850000916
367,4,98,8,2,64,1,1.71628499997314
367,4,200,131,37,56,1,2.2173349999357
367,4,103,80,56,2,0,1.99602999992203
401,5,60,17,66,40,0,2.50315500004217
401,5,200,131,38,1,0,1.9121799999848
401,5,165,150,51,46,0,3.65645000012591
401,5,77,18,34,56,0,2.24135999986902
401,5,96,65,2,44,1,1.20041499985382
401,5,98,8,23,49,1,1.65082500036806
401,5,28,5,33,35,0,1.3716599997133
401,5,114,99,18,14,0,1.33994999993593
401,5,51,161,58,22,0,1.40066500008106
401,5,164,61,67,52,0,1.89894499955699
401,5,155,93,8,1,0,1.64772999985144
401,5,70,184,61,27,0,1.21195500018075
401,5,63,55,62,54,0,1.59926499985158
401,5,104,173,15,32,1,2.18676499975845
401,5,187,168,48,62,0,2.10945000033826
401,5,188,100,46,29,0,1.48230999987572
401,5,103,80,18,50,1,1.67696500010788
401,5,106,123,52,48,1,2.20048999972641
401,5,153,33,48,9,0,1.26060499995947
401,5,142,174,57,29,0,39.2434200001881
401,5,159,176,32,6,0,1.81405000016093
401,5,118,105,31,5,0,1.93414000002667
401,5,16,12,37,35,0,1.6748399999924
401,5,124,1,37,58,1,1.24153999984264
401,5,158,115,43,3,0,1.43234499963
401,5,170,25,34,45,1,1.78382000001147
401,5,13,119,53,50,0,2.4176850002259
401,5,26,160,47,20,0,0.90301000000909
401,5,172,102,30,19,0,1.19026499986649
401,5,154,39,34,11,0,1.18848499981686
402,5,26,160,2,43,1,3.73640000000159
402,5,77,18,71,99,0,2.937794999998
402,5,60,17,90,98,0,2.84918000000471
402,5,124,1,68,82,1,2.53358999999909
402,5,28,5,58,99,1,2.58750499999587
402,5,164,61,62,43,0,5.36730499999976
402,5,104,173,97,18,0,2.20396500000061
402,5,142,174,67,54,0,2.62452499999927
402,5,98,8,94,85,0,3.37593499999639
402,5,153,33,50,37,0,4.48392500000045
402,5,51,161,85,45,0,2.01877999999851
402,5,165,150,1,74,1,2.40290000000095
402,5,200,131,49,47,1,12.2824650000039
402,5,188,100,11,98,1,1.68849999999657
402,5,106,123,90,78,0,1.59355499999947
402,5,155,93,44,6,1,3.01667500000622
402,5,154,39,25,66,1,1.69554500000231
402,5,172,102,4,59,1,1.91107500000362
402,5,70,184,72,26,0,1.36298499999975
402,5,118,105,95,42,0,2.2508799999996
402,5,114,99,77,99,1,2.70636000000377
402,5,159,176,32,13,0,2.2121249999982
402,5,187,168,29,2,0,3.14273500000127
402,5,16,12,99,90,0,2.15554999999586
402,5,158,115,27,89,1,1.84356999999727
402,5,103,80,85,56,1,3.92603999999847
402,5,63,55,69,74,0,2.14591500000097
402,5,96,65,72,68,0,3.5966150000022
402,5,170,25,29,97,1,3.42719000000216
402,5,13,119,98,24,0,3.29507499999454
403,5,124,1,88,22,0,1.53937500000029
403,5,118,105,60,6,0,1.76015999999981
403,5,63,55,46,60,1,1.20488500000101
403,5,114,99,56,54,0,1.71401000000151
403,5,170,25,93,11,0,0.960839999999735
403,5,158,115,83,8,0,1.18192999999883
403,5,51,161,90,81,1,1.32580999999846
403,5,154,39,54,17,0,1.73837500000081
403,5,172,102,76,8,0,0.942230000000563
403,5,164,61,70,45,0,1.09438000000044
403,5,16,12,3,10,1,1.11924999999974
403,5,165,150,84,55,0,1.3981650000005
403,5,200,131,55,10,0,1.04644999999981
403,5,60,17,50,60,0,2.40647999999966
403,5,187,168,91,93,0,1.48573500000022
403,5,188,100,98,60,0,1.19784000000072
403,5,155,93,71,71,0,0.926239999998856
403,5,28,5,66,8,0,1.62312999999995
403,5,142,174,86,85,1,2.71925000000012
403,5,98,8,63,40,0,2.44374500000049
403,5,77,18,86,81,0,1.29352499999912
403,5,103,80,43,80,1,0.969029999998398
403,5,96,65,61,46,0,1.5347849999998
403,5,159,176,68,48,0,6.00052999999936
403,5,70,184,82,88,0,7.34877000000051
403,5,153,33,66,24,0,1.21608000000016
403,5,13,119,5,95,1,10.962415
403,5,104,173,33,76,1,1.20744500000007
403,5,106,123,93,96,0,2.06070000000001
403,5,26,160,22,65,1,1.05747500000149
404,5,118,105,93,60,1,2.173
404,5,170,25,75,22,0,2.157
404,5,155,93,1,79,1,1.188
404,5,172,102,14,48,0,1.187
404,5,63,55,71,16,0,1.238
404,5,153,33,24,66,1,1.035
404,5,154,39,62,1,0,1.41
404,5,200,131,22,1,0,1.825
404,5,103,80,51,100,1,1.341
404,5,142,174,97,52,0,4.744
404,5,104,173,57,12,1,2.474
404,5,159,176,33,5,0,1.531
404,5,114,99,98,100,0,1.406
404,5,124,1,67,51,1,1.516
404,5,165,150,10,97,1,4.833
404,5,26,160,85,78,0,1.204
404,5,187,168,1,8,1,1.266
404,5,51,161,18,81,1,1.608
404,5,28,5,100,53,0,0.901
404,5,13,119,19,72,1,1.207
404,5,158,115,1,47,1,0.97
404,5,96,65,91,7,0,1.027
404,5,106,123,67,77,0,0.869
404,5,164,61,82,17,1,9.841
404,5,60,17,77,9,0,1.117
404,5,98,8,91,49,0,38.781
404,5,16,12,39,71,1,1.105
404,5,188,100,7,90,1,1.183
404,5,77,18,81,74,0,1.3
404,5,70,184,79,22,0,1.053
405,5,103,80,37,71,1,2.461
405,5,106,123,44,83,1,1.688
405,5,28,5,60,59,1,3.113
405,5,96,65,6,2,1,12.071
405,5,51,161,90,95,1,4.488
405,5,104,173,31,10,0,5.162
405,5,142,174,26,72,1,2.144
405,5,164,61,76,10,0,1.657
405,5,124,1,72,66,0,2.925
405,5,172,102,19,24,0,2.493
405,5,170,25,20,53,0,1.82
405,5,77,18,49,89,1,1.227
405,5,187,168,80,38,0,1.465
405,5,154,39,32,13,0,1.624
405,5,60,17,31,43,0,1.894
405,5,70,184,63,99,1,1.245
405,5,153,33,36,2,0,1.569
405,5,159,176,40,75,1,3.305
405,5,165,150,41,77,1,1.434
405,5,63,55,10,86,1,2.751
405,5,13,119,99,41,0,2.316
405,5,98,8,62,40,0,2.221
405,5,16,12,48,81,1,1.871
405,5,200,131,42,37,0,1.376
405,5,26,160,58,66,1,1.464
405,5,155,93,99,1,0,1.848
405,5,158,115,52,1,0,1.558
405,5,188,100,56,82,1,2.79
405,5,114,99,70,75,1,13.923
405,5,118,105,62,92,1,1.499
406,5,165,150,18,5,1,2.95760000000155
406,5,103,80,20,50,1,1.7626900000032
406,5,96,65,92,30,0,1.6944749999966
406,5,26,160,97,13,0,1.38307499999792
406,5,142,174,24,14,0,2.61905999999726
406,5,60,17,31,85,1,0.946779999998398
406,5,158,115,2,2,0,2.34349500000098
406,5,13,119,99,2,0,0.941344999999274
406,5,63,55,51,92,1,1.13036000000284
406,5,16,12,99,99,0,3.45387499999924
406,5,200,131,3,19,1,1.66564500000095
406,5,153,33,3,52,1,1.42058499999985
406,5,170,25,2,94,1,1.21808500000043
406,5,98,8,3,97,1,1.25444499999867
406,5,155,93,8,57,1,1.79110000000219
406,5,124,1,1,98,1,1.14157500000147
406,5,164,61,9,8,1,2.89531500000157
406,5,114,99,16,6,1,1.64143999999942
406,5,154,39,6,83,1,1.00527499999589
406,5,77,18,63,85,1,0.870330000005197
406,5,70,184,60,3,0,1.71940499999619
406,5,118,105,2,48,1,1.26301999999851
406,5,159,176,2,2,0,1.53202500000043
406,5,28,5,77,96,1,2.12349499999982
406,5,106,123,2,2,0,3.50508499999705
406,5,187,168,2,4,1,2.01084999999875
406,5,172,102,5,2,0,3.17227999999886
406,5,104,173,3,15,0,1.58806000000186
406,5,51,161,86,3,0,0.952450000004319
406,5,188,100,2,3,1,1.75457999999344
407,5,51,161,70,93,0,3.40083500000765
407,5,98,8,91,47,0,1.40353499999037
407,5,106,123,96,54,0,5.58188499999233
407,5,96,65,1,18,1,1.7383550000086
407,5,153,33,78,2,0,1.75237500001094
407,5,77,18,68,70,1,13.3553200000024
407,5,158,115,72,63,1,1.3097499999858
407,5,114,99,88,89,0,2.12004499998875
407,5,172,102,38,79,1,1.08890499998233
407,5,60,17,13,2,0,1.06684000001405
407,5,70,184,62,75,1,1.04206499998691
407,5,142,174,33,86,1,1.18405999999959
407,5,165,150,86,38,0,1.10210499999812
407,5,16,12,69,1,0,1.09971499998937
407,5,63,55,18,84,1,0.958839999977499
407,5,170,25,100,1,0,1.102429999999
407,5,200,131,29,75,1,1.48850999999559
407,5,118,105,93,51,0,1.09893500001635
407,5,124,1,52,85,1,1.29956500002299
407,5,154,39,73,1,0,1.89413500000956
407,5,26,160,43,54,1,1.20519000000786
407,5,103,80,78,93,0,1.03304999999818
407,5,159,176,82,9,0,0.944474999996601
407,5,188,100,57,92,1,0.931054999993648
407,5,164,61,62,16,0,1.46752500001458
407,5,104,173,70,73,0,1.43382000000565
407,5,28,5,92,1,0,6.04622499999823
407,5,13,119,1,68,1,1.75594999999157
407,5,187,168,74,74,0,1.10388500001864
407,5,155,93,59,1,0,2.31259000001592
408,5,170,25,65,9,0,2.07597000000533
408,5,26,160,39,16,0,3.72600999998394
408,5,70,184,35,25,0,2.92824999999721
408,5,124,1,63,41,0,1.46276999998372
408,5,51,161,10,65,1,1.6717049999861
408,5,158,115,32,72,1,6.35683000000427
408,5,188,100,95,2,0,6.5505149999517
408,5,103,80,52,71,1,10.6147099999944
408,5,172,102,46,6,0,3.46297500003129
408,5,96,65,7,88,1,10.3751200000406
408,5,142,174,69,90,1,29.0436699999846
408,5,63,55,95,45,0,6.74972999998135
408,5,187,168,84,9,0,59.1907399999909
408,5,13,119,62,99,1,103.615989999962
408,5,153,33,74,2,0,1.52750000002561
408,5,159,176,10,79,1,1.40996000001905
408,5,114,99,60,10,0,1.59041500004241
408,5,165,150,87,23,0,1.30047499999637
408,5,16,12,58,34,0,2.008909999975
408,5,106,123,19,63,1,1.50374999997439
408,5,60,17,91,35,0,1.42433999996865
408,5,28,5,39,6,0,1.52014500001678
408,5,164,61,95,86,1,3.24401999998372
408,5,104,173,20,72,1,1.86120499996468
408,5,118,105,11,4,0,2.12971000000834
408,5,98,8,34,13,0,2.54615000000922
408,5,155,93,12,44,0,2.41766000003554
408,5,77,18,42,62,1,2.13001500000246
408,5,154,39,3,2,0,2.22360999998637
408,5,200,131,11,40,1,1.46007500000997
409,5,118,105,59,83,1,1.829
409,5,13,119,23,31,0,1.238
409,5,158,115,33,35,1,1.36
409,5,103,80,75,62,1,1.65
409,5,172,102,1,51,1,1.102
409,5,70,184,74,34,0,1.627
409,5,164,61,1,20,0,2.817
409,5,51,161,76,9,0,2.464
409,5,165,150,68,8,0,2.035
409,5,28,5,74,51,0,1.379
409,5,188,100,7,43,1,1.509
409,5,155,93,1,83,1,1.064
409,5,98,8,75,69,1,1.611
409,5,200,131,32,1,0,1.44
409,5,142,174,33,26,1,5.117
409,5,63,55,69,71,1,2.227
409,5,153,33,62,1,0,1.324
409,5,170,25,4,84,1,1.812
409,5,60,17,1,87,1,1.514
409,5,26,160,1,16,0,5.609
409,5,187,168,21,57,1,2.307
409,5,124,1,64,64,1,1.069
409,5,159,176,16,29,1,2.327
409,5,77,18,52,48,1,1.578
409,5,106,123,68,7,0,3.344
409,5,104,173,46,20,0,1.377
409,5,114,99,60,54,1,1.556
409,5,154,39,29,55,0,4.079
409,5,96,65,65,11,0,5.472
409,5,16,12,55,49,0,2.749
410,5,142,174,11,15,1,2.23477999999886
410,5,28,5,80,57,0,1.43214499999885
410,5,63,55,51,94,1,1.88533499999903
410,5,26,160,54,44,1,1.29861000000528
410,5,200,131,8,77,1,1.12400999999954
410,5,153,33,36,46,1,1.22628499999701
410,5,13,119,39,9,0,1.67878499999642
410,5,158,115,35,39,1,1.21754499999952
410,5,16,12,76,39,0,1.2815499999997
410,5,188,100,40,58,1,1.18006500000047
410,5,103,80,38,2,0,1.52894000000379
410,5,51,161,2,14,1,1.73352500000328
410,5,98,8,84,75,1,2.94213499999751
410,5,170,25,50,69,1,5.34127499999886
410,5,70,184,1,33,1,1.33091000000422
410,5,124,1,23,91,1,0.934204999997746
410,5,187,168,16,24,1,1.070550000004
410,5,118,105,54,12,0,1.26826499999879
410,5,154,39,25,68,1,1.50675500000216
410,5,164,61,44,26,0,1.71343999999954
410,5,172,102,5,44,1,1.06036499999755
410,5,114,99,65,63,0,1.12285500000144
410,5,96,65,67,43,0,1.20334500000172
410,5,155,93,38,39,0,2.01597999999649
410,5,104,173,43,61,1,1.63034999999945
410,5,60,17,51,66,1,1.21826499999588
410,5,106,123,38,16,0,1.51767000000109
410,5,77,18,1,86,1,1.03044999999838
410,5,165,150,53,28,0,1.30771500000264
410,5,159,176,25,57,1,1.64818999999989
411,5,142,174,39,100,1,2.49028500006534
411,5,70,184,82,100,1,2.03859000001103
411,5,63,55,86,99,1,1.58335500000976
411,5,26,160,88,76,0,1.85274000000209
411,5,96,65,96,53,0,2.01955999992788
411,5,114,99,91,72,0,1.65923000010662
411,5,165,150,90,94,1,2.27967500011437
411,5,154,39,62,99,1,1.58650500001386
411,5,200,131,98,64,0,1.77440500003286
411,5,158,115,88,92,1,2.59203499997966
411,5,118,105,95,67,0,1.65359000000171
411,5,164,61,98,76,0,2.43270500004292
411,5,104,173,92,97,1,3.41568999993615
411,5,155,93,97,92,1,3.1440700001549
411,5,188,100,99,62,0,1.62758499989286
411,5,170,25,25,100,1,1.36181999999098
411,5,103,80,90,16,0,1.71200999990106
411,5,16,12,94,100,1,1.99078499991447
411,5,153,33,72,12,0,1.82117499993183
411,5,51,161,96,75,0,1.67368500004523
411,5,28,5,75,99,1,1.5165299999062
411,5,159,176,92,93,1,2.32477999990806
411,5,124,1,98,99,1,3.30718000000343
411,5,77,18,94,80,0,2.26083000004292
411,5,60,17,73,95,1,1.49979500006884
411,5,106,123,100,99,0,1.83159999991767
411,5,172,102,100,95,0,1.62435000017285
411,5,187,168,100,100,1,4.31664999993518
411,5,13,119,99,99,0,1.65070999995805
411,5,98,8,87,94,1,1.91020500008017
412,5,98,8,56,94,1,1.446
412,5,124,1,59,82,1,2.775
412,5,155,93,73,81,1,1.477
412,5,60,17,38,60,1,1.529
412,5,63,55,34,93,1,1.662
412,5,118,105,74,73,1,1.763
412,5,159,176,38,57,1,2.884
412,5,77,18,76,67,0,2.399
412,5,164,61,73,19,0,2.076
412,5,106,123,76,64,0,1.49
412,5,103,80,72,68,1,1.607
412,5,153,33,40,67,1,1.673
412,5,13,119,79,59,0,3.285
412,5,51,161,30,71,1,2.132
412,5,28,5,68,70,0,1.702
412,5,187,168,77,76,1,1.848
412,5,154,39,38,65,1,2.043
412,5,142,174,38,77,1,2.236
412,5,170,25,43,56,1,3.509
412,5,70,184,76,80,1,2.686
412,5,114,99,33,69,1,1.887
412,5,165,150,68,62,0,2.408
412,5,26,160,29,65,1,1.333
412,5,172,102,74,64,0,2.46
412,5,16,12,74,81,0,2.519
412,5,104,173,61,86,1,1.907
412,5,96,65,68,33,0,2.018
412,5,158,115,31,56,1,2.264
412,5,200,131,65,70,1,2.412
412,5,188,100,61,78,1,1.531
413,5,16,12,60,69,1,4.71351999999024
413,5,165,150,56,54,1,11.0689049999928
413,5,164,61,77,49,0,2.48111999989487
413,5,98,8,48,58,1,3.24323000002187
413,5,142,174,52,65,1,2.0036549998913
413,5,153,33,51,30,0,1.64736499998253
413,5,51,161,58,60,1,2.29209999996237
413,5,96,65,33,63,1,2.2310099999886
413,5,103,80,45,21,0,2.74379500001669
413,5,60,17,61,77,1,11.1783750000177
413,5,70,184,61,61,1,1.92358499998227
413,5,187,168,45,69,1,2.67603500001132
413,5,170,25,59,68,1,2.99589499994181
413,5,28,5,61,73,1,2.3446399999084
413,5,106,123,33,50,1,3.01060999999754
413,5,13,119,54,54,1,4.40979500010144
413,5,158,115,52,52,0,6.39067000010982
413,5,63,55,65,64,0,2.34133000008296
413,5,154,39,41,48,1,1.52236499998253
413,5,77,18,40,65,1,2.03145499993116
413,5,172,102,61,38,0,2.12160000007134
413,5,26,160,56,59,0,7.32256999996025
413,5,188,100,43,35,0,1.84799000003841
413,5,155,93,57,30,0,1.83900999999605
413,5,200,131,63,59,1,4.83840499992948
413,5,114,99,52,52,1,8.01313500001561
413,5,124,1,56,58,0,2.98705999995582
413,5,159,176,48,51,0,2.30917499994393
413,5,104,173,55,60,1,2.30755499994848
413,5,118,105,48,34,1,2.06452999997418
414,5,96,65,41,20,1,2.3890250000004
414,5,158,115,78,1,0,2.55158999999912
414,5,114,99,16,32,0,2.57709500000055
414,5,187,168,99,89,1,2.46637499999997
414,5,51,161,35,88,1,2.42406999999912
414,5,70,184,62,98,0,4.62873500000023
414,5,165,150,96,12,0,1.98913499999981
414,5,60,17,13,65,1,1.76169500000105
414,5,13,119,62,99,0,4.7492599999987
414,5,154,39,1,31,1,1.69763000000059
414,5,28,5,54,65,1,1.91774999999872
414,5,142,174,41,99,1,2.50841000000038
414,5,103,80,11,66,1,2.16739000000054
414,5,104,173,14,87,1,5.07351999999993
414,5,164,61,93,23,0,1.4108899999992
414,5,26,160,2,63,1,1.74124000000121
414,5,16,12,61,51,0,1.60507000000143
414,5,153,33,22,17,1,2.81731000000038
414,5,106,123,57,84,1,1.62473999999929
414,5,159,176,27,68,1,1.76195000000007
414,5,172,102,99,59,0,1.5957149999995
414,5,77,18,59,69,1,1.31287999999951
414,5,118,105,56,30,0,3.36048500000103
414,5,155,93,89,40,0,1.51349500000104
414,5,98,8,32,65,1,1.45934499999927
414,5,124,1,74,60,0,1.85002500000154
414,5,188,100,98,32,0,1.50671999999939
414,5,200,131,23,15,1,1.89328999999998
414,5,63,55,24,60,1,1.71463500000024
414,5,170,25,83,54,0,2.02894500000001
415,5,165,150,67,53,0,1.12929499987513
415,5,159,176,65,34,0,1.05712000001222
415,5,98,8,1,60,1,1.65583499986678
415,5,77,18,52,60,1,8.37318000011146
415,5,187,168,68,72,0,1.55644499999471
415,5,124,1,52,81,1,1.21867999993265
415,5,142,174,45,55,1,194.032124999911
415,5,154,39,62,38,0,2.03186999983154
415,5,164,61,44,3,0,2.4593749998603
415,5,26,160,16,40,1,1.98053500009701
415,5,104,173,18,57,1,1.42597500002012
415,5,118,105,4,58,1,1.44678499992006
415,5,96,65,79,67,1,1.98414000007324
415,5,188,100,58,26,0,1.45638999994844
415,5,70,184,43,61,0,2.20992000005208
415,5,158,115,36,34,1,1.29530499991961
415,5,13,119,59,66,1,1.19592500012368
415,5,153,33,55,57,0,1.34571000002325
415,5,16,12,64,65,0,2.08692499995232
415,5,155,93,59,53,0,1.33923999988474
415,5,63,55,46,47,0,1.42484500003047
415,5,170,25,51,76,1,1.59566500014625
415,5,172,102,56,27,0,1.37865999992937
415,5,114,99,30,69,1,1.22157000005245
415,5,28,5,53,61,0,3.08941500005312
415,5,103,80,9,55,1,4.50867000012659
415,5,200,131,20,48,0,1.82273499993607
415,5,106,123,4,59,1,1.26791499997489
415,5,51,161,58,61,1,4.87150500016287
415,5,60,17,48,88,1,3.29202500008978
416,5,26,160,8,94,1,6.09550999999919
416,5,63,55,22,79,1,1.67288499999268
416,5,200,131,30,77,1,1.87974000000395
416,5,164,61,14,35,1,1.88477999999304
416,5,118,105,95,50,0,2.42500499999733
416,5,70,184,78,58,0,1.37894000000961
416,5,103,80,53,24,0,1.43175499999779
416,5,98,8,91,72,1,1.32341500000621
416,5,96,65,26,23,1,1.61683499999344
416,5,106,123,70,16,0,2.38749499998812
416,5,16,12,42,15,0,1.36994499999855
416,5,142,174,21,60,1,2.24101500000688
416,5,77,18,41,74,1,1.05141000000003
416,5,165,150,73,22,0,2.28136500000255
416,5,158,115,41,83,1,1.41666000000259
416,5,114,99,81,87,1,1.5297750000027
416,5,172,102,77,73,1,1.35225999999966
416,5,104,173,87,74,0,1.14279499999247
416,5,28,5,1,12,0,3.56258000001253
416,5,124,1,25,62,1,1.23910999999498
416,5,154,39,14,11,0,1.29393499999424
416,5,155,93,59,18,0,1.33231500000693
416,5,153,33,18,1,0,1.02872000000207
416,5,159,176,45,61,1,2.24194499998703
416,5,187,168,45,70,1,1.66576999999234
416,5,60,17,23,28,0,3.25267999999051
416,5,13,119,36,11,0,1.07133000000613
416,5,51,161,70,59,0,1.08735499999602
416,5,170,25,7,13,1,3.26075000000128
416,5,188,100,36,94,1,1.01546499998949
417,5,77,18,85,63,1,3.27665500005241
417,5,165,150,62,68,0,3.40938999992795
417,5,172,102,60,55,0,1.33501000003889
417,5,106,123,61,68,0,2.13779499998782
417,5,28,5,59,58,0,2.49504499998875
417,5,103,80,45,54,0,1.53081000002567
417,5,118,105,61,57,0,1.48065499996301
417,5,114,99,43,61,1,1.31230500002857
417,5,200,131,48,55,1,1.62535000010394
417,5,154,39,63,57,1,2.67724999994971
417,5,188,100,70,59,1,1.83349500002805
417,5,63,55,45,71,1,1.29902000003494
417,5,13,119,79,66,0,1.50042499997653
417,5,153,33,58,27,0,2.23491999995895
417,5,51,161,69,67,0,1.35882999992464
417,5,104,173,41,57,0,1.68750999995973
417,5,170,25,61,62,1,1.60339499998372
417,5,60,17,43,67,1,1.1978100000415
417,5,26,160,40,63,1,1.53406500001438
417,5,164,61,58,42,0,1.75120499997865
417,5,96,65,57,43,0,2.09170500002801
417,5,159,176,58,66,1,1.69712999998592
417,5,124,1,72,74,1,1.14361000002827
417,5,158,115,49,40,1,2.18103500001598
417,5,98,8,64,58,1,1.97926499997266
417,5,70,184,64,62,1,1.40559500001837
417,5,142,174,65,80,1,2.25905499991495
417,5,187,168,74,60,0,2.53505000006407
417,5,155,93,61,35,0,1.89876499993261
417,5,16,12,65,51,0,1.55466999998316
418,5,153,33,3,3,0,2.54401999991387
418,5,106,123,100,49,0,1.47731999994721
418,5,170,25,1,2,1,2.0522049999563
418,5,200,131,48,1,0,1.06827499996871
418,5,60,17,1,100,1,1.60405000008177
418,5,51,161,2,3,0,1.34354000003077
418,5,118,105,1,1,1,2.27043499995489
418,5,124,1,99,99,0,4.24121000000741
418,5,26,160,1,1,0,2.86168000008911
418,5,155,93,48,48,1,1.62861500005238
418,5,13,119,99,99,0,2.1247849999927
418,5,142,174,4,2,0,1.67797000007704
418,5,28,5,50,1,0,1.94603999995161
418,5,165,150,49,2,0,1.17681500001345
418,5,114,99,1,1,0,1.72648499999195
418,5,103,80,1,2,1,1.35885000007693
418,5,98,8,3,99,1,1.1839049999835
418,5,172,102,49,2,0,1.37105499999598
418,5,187,168,100,50,1,1.32130999991205
418,5,158,115,1,1,0,1.6910950000165
418,5,70,184,2,1,1,1.30971499998122
418,5,104,173,3,49,1,1.01665499992669
418,5,16,12,100,100,0,1.26731499994639
418,5,164,61,51,3,0,1.0424649999477
418,5,154,39,1,3,0,1.65933499997482
418,5,63,55,2,100,1,1.47189499996603
418,5,159,176,1,49,1,1.24491000000853
418,5,96,65,98,3,0,1.1380600000266
418,5,77,18,3,96,1,0.873225000104867
418,5,188,100,100,1,0,1.19022999994922
419,5,103,80,19,8,0,2.93524999998044
419,5,26,160,5,50,0,2.419109999988
419,5,63,55,34,81,1,2.68687999999383
419,5,106,123,71,74,1,1.59895499999402
419,5,172,102,73,10,0,1.54463999997824
419,5,51,161,93,20,0,2.58843499998329
419,5,154,39,47,30,0,1.37962000002153
419,5,188,100,65,65,0,1.51974000001792
419,5,159,176,32,60,0,5.66112499998417
419,5,114,99,83,66,0,3.96636999998009
419,5,16,12,87,17,0,2.21901000000071
419,5,164,61,35,40,0,2.05793499998981
419,5,60,17,53,63,0,2.08749500001431
419,5,77,18,84,71,1,1.20890999998664
419,5,165,150,83,88,1,2.79033499999787
419,5,200,131,15,2,0,2.81992499998887
419,5,124,1,69,56,0,1.9434000000183
419,5,170,25,72,21,0,1.22944500000449
419,5,155,93,18,79,1,1.74210999999195
419,5,118,105,71,13,0,1.56655999997747
419,5,70,184,20,51,1,2.53744499999448
419,5,98,8,54,77,1,1.80016000001342
419,5,158,115,35,9,0,1.76401499999338
419,5,187,168,91,77,1,2.76402000000235
419,5,153,33,42,49,1,1.92709500002093
419,5,142,174,58,69,1,1.52322000000277
419,5,28,5,56,70,1,4.18034500000067
419,5,104,173,6,61,1,3.70443500002148
419,5,96,65,67,25,0,2.36275000000023
419,5,13,119,77,86,1,1.75233000001754
420,5,200,131,98,33,0,2.34106500004418
420,5,188,100,100,49,0,1.77794499997981
420,5,159,176,99,100,1,1.93495499994606
420,5,187,168,98,100,1,1.5581949998159
420,5,26,160,3,99,1,1.61220000009052
420,5,142,174,51,99,1,1.6455399999395
420,5,98,8,77,12,0,2.8459149999544
420,5,103,80,62,61,1,2.18379999999888
420,5,106,123,63,98,1,1.36957000009716
420,5,70,184,97,100,1,2.28575500007719
420,5,153,33,30,20,0,1.66908999998122
420,5,170,25,99,53,0,2.23689999990165
420,5,104,173,41,99,1,1.18192500015721
420,5,172,102,99,41,0,1.33071000012569
420,5,164,61,98,50,0,1.64679999998771
420,5,96,65,98,99,0,1.44905499997549
420,5,28,5,78,73,1,2.22871499997564
420,5,51,161,2,98,1,1.44793999986723
420,5,155,93,99,98,0,1.42604499985464
420,5,60,17,58,55,0,1.70301999989897
420,5,13,119,14,100,1,1.3041399999056
420,5,154,39,54,38,0,1.78428499982692
420,5,77,18,98,51,0,1.7245699998457
420,5,16,12,20,77,1,1.53125500003807
420,5,118,105,3,99,1,1.48725000000559
420,5,158,115,97,3,0,1.45531000010669
420,5,124,1,100,61,0,1.33417499996722
420,5,165,150,99,99,0,1.21273500006646
420,5,114,99,3,47,1,1.32824499998242
420,5,63,55,98,3,0,1.96243000007235
421,5,103,80,48,32,0,1.81971000001067
421,5,124,1,84,99,1,1.42724499999895
421,5,165,150,82,51,0,1.66979499999434
421,5,96,65,79,49,1,1.32032999998773
421,5,104,173,48,82,1,2.42238499998348
421,5,70,184,50,76,0,1.5777399999788
421,5,106,123,50,81,1,1.53836999999476
421,5,154,39,26,99,0,2.75264500000048
421,5,158,115,49,49,1,1.12274500000058
421,5,188,100,78,51,1,1.30628000001889
421,5,172,102,83,49,0,3.66128000000026
421,5,114,99,25,51,1,1.09977000000072
421,5,155,93,49,85,1,1.09074499999406
421,5,118,105,51,25,0,1.33471000002464
421,5,16,12,99,100,1,1.07650500000454
421,5,200,131,82,50,0,1.43179000000237
421,5,77,18,48,99,1,1.12382500001695
421,5,63,55,50,81,0,1.63062499999069
421,5,60,17,48,99,0,1.21625500000664
421,5,153,33,29,99,1,1.82843000002322
421,5,159,176,50,83,1,2.12161000000197
421,5,142,174,26,80,1,1.96903999999631
421,5,98,8,49,99,1,1.39788999999291
421,5,170,25,25,99,1,1.20433999999659
421,5,164,61,81,53,0,1.34212500002468
421,5,26,160,99,49,0,1.02043499998399
421,5,187,168,82,80,1,1.3057400000107
421,5,13,119,99,79,0,1.4858200000017
421,5,28,5,100,100,1,1.06072999999742
421,5,51,161,78,51,0,1.68525500001851
422,5,188,100,52,71,0,2.38150999999925
422,5,114,99,60,63,1,1.75165500000003
422,5,118,105,67,54,0,2.11259000000064
422,5,155,93,51,51,0,2.32824500000061
422,5,187,168,51,62,1,1.59867999999915
422,5,26,160,58,63,0,1.98862500000178
422,5,200,131,70,57,0,2.00671499999953
422,5,159,176,64,61,0,1.94009000000005
422,5,142,174,60,64,1,1.76799000000028
422,5,124,1,71,62,0,2.00037499999962
422,5,51,161,58,65,0,3.52629499999966
422,5,28,5,51,72,1,1.70357499999955
422,5,70,184,72,65,0,1.32431999999972
422,5,104,173,41,63,1,1.56024500000058
422,5,103,80,33,62,1,1.94979499999681
422,5,170,25,51,63,1,1.83212500000081
422,5,63,55,48,68,1,1.31133000000045
422,5,154,39,58,42,0,1.7689500000015
422,5,13,119,67,59,1,2.58961500000078
422,5,172,102,75,54,0,1.16015499999776
422,5,165,150,68,56,0,1.12000500000067
422,5,77,18,82,65,0,1.5430950000009
422,5,98,8,57,62,0,1.29211500000019
422,5,106,123,66,39,0,3.30688000000009
422,5,16,12,55,64,0,2.95007499999698
422,5,96,65,76,53,0,1.88330000000133
422,5,164,61,56,44,0,1.57170500000217
422,5,60,17,59,68,1,1.46203999999852
422,5,153,33,64,66,0,1.81783999999968
422,5,158,115,51,61,0,1.77287000000069
423,5,106,123,74,98,1,1.92924500000663
423,5,153,33,25,1,0,2.38035000002128
423,5,118,105,67,34,1,1.55267500001355
423,5,77,18,65,27,0,5.66823500001919
423,5,26,160,29,1,0,1.87005500000669
423,5,104,173,71,25,0,1.83415999999852
423,5,165,150,26,2,0,1.45205500000156
423,5,16,12,84,2,0,1.100294999982
423,5,70,184,60,31,1,2.77690500000608
423,5,63,55,99,62,0,1.42768500000238
423,5,96,65,43,86,1,2.03892500000075
423,5,188,100,91,43,0,2.0934900000284
423,5,98,8,59,76,0,1.97256500000367
423,5,159,176,23,25,0,1.81567000001087
423,5,142,174,37,50,0,3.72069499999634
423,5,164,61,42,100,1,1.24645000000601
423,5,155,93,68,19,0,1.48047000000952
423,5,200,131,32,28,0,1.72894499998074
423,5,124,1,99,71,0,3.53894500000752
423,5,28,5,38,41,0,3.46253999997862
423,5,13,119,34,99,1,1.47539000000688
423,5,172,102,29,50,1,1.51751000000513
423,5,103,80,44,30,0,1.48290500001167
423,5,51,161,41,1,0,1.6370600000082
423,5,170,25,40,32,0,1.46996499999659
423,5,158,115,65,41,0,9.8916700000118
423,5,187,168,81,48,0,1.27810500000487
423,5,154,39,34,4,0,1.34464000002481
423,5,60,17,99,52,0,1.27963999999338
423,5,114,99,25,36,0,1.49186500001815
424,5,51,161,70,74,1,2.66884999999456
424,5,187,168,89,74,0,1.47636999999668
424,5,70,184,29,49,1,2.54935499999556
424,5,164,61,61,8,0,1.28685499999847
424,5,106,123,14,44,1,1.42572500000097
424,5,158,115,53,49,0,1.45063500000106
424,5,154,39,64,66,0,1.60355500000151
424,5,172,102,60,48,0,1.15907499999594
424,5,124,1,58,66,1,1.32797500000015
424,5,98,8,37,78,1,1.43626000000222
424,5,63,55,67,60,0,1.69393500000297
424,5,77,18,37,97,1,0.961474999996426
424,5,170,25,13,53,1,1.37028000000282
424,5,118,105,60,57,1,1.00936999999976
424,5,142,174,51,66,1,1.37825999999768
424,5,28,5,62,61,0,1.26941500000248
424,5,114,99,56,24,0,1.11278499999753
424,5,104,173,43,63,1,1.26709500000288
424,5,155,93,63,70,1,1.20923500000208
424,5,153,33,56,18,0,1.14301500000147
424,5,188,100,83,25,0,1.16750500000489
424,5,60,17,44,81,1,1.0740949999963
424,5,26,160,62,66,1,1.35622000000149
424,5,96,65,75,62,1,2.13215500000661
424,5,165,150,77,57,0,4.03207000000111
424,5,159,176,38,81,1,1.96392500000366
424,5,103,80,67,53,0,2.56751500000246
424,5,16,12,70,65,0,3.18712999999843
424,5,200,131,79,59,0,3.665264999996
424,5,13,119,42,41,0,2.40378000000055
425,5,13,119,99,3,0,2.6883600000001
425,5,164,61,50,2,0,2.35759999998845
425,5,170,25,4,98,1,0.809665000007953
425,5,159,176,3,4,0,2.6536999999953
425,5,60,17,4,98,1,0.792595000006258
425,5,16,12,97,99,0,4.95488999999361
425,5,103,80,2,6,0,2.76716500001203
425,5,153,33,4,94,1,12.1852599999984
425,5,51,161,82,4,0,1.43122500000754
425,5,77,18,3,99,1,3.86790500000643
425,5,155,93,5,3,1,11.0194400000037
425,5,188,100,99,2,0,1.50512500001059
425,5,96,65,100,12,0,1.54873999999836
425,5,124,1,2,99,1,1.64276500001142
425,5,98,8,3,98,1,2.219780000014
425,5,154,39,2,99,1,2.4178350000002
425,5,70,184,5,4,1,1.5327249999973
425,5,172,102,4,2,1,1.53956499999913
425,5,118,105,2,5,1,1.52840500000457
425,5,104,173,2,5,0,1.54217000000062
425,5,165,150,3,2,0,1.75022500001069
425,5,63,55,2,98,1,1.24940499999502
425,5,106,123,4,3,1,5.23323499999242
425,5,28,5,99,98,1,1.35656000000017
425,5,200,131,2,5,1,1.34488499999861
425,5,142,174,8,3,1,1.52481999999145
425,5,187,168,5,3,1,1.93061500000476
425,5,158,115,3,3,1,0.861495000004652
425,5,114,99,3,3,1,0.694354999999632
425,5,26,160,99,2,0,0.870534999994561
426,5,26,160,3,4,0,2.64942499998142
426,5,172,102,27,22,1,1.82874500000617
426,5,164,61,7,24,0,4.31466000000364
426,5,153,33,6,2,0,2.69250500001363
426,5,103,80,16,18,1,2.70638000001782
426,5,142,174,14,2,0,2.36418999999296
426,5,28,5,4,9,1,2.59989500002121
426,5,96,65,8,37,0,2.53934499999741
426,5,154,39,11,42,1,1.66044499998679
426,5,155,93,47,29,0,2.31032000001869
426,5,98,8,45,31,0,2.22971499999403
426,5,114,99,10,7,1,3.37541000000783
426,5,124,1,14,67,1,1.79274999999325
426,5,16,12,49,57,1,2.28338999999687
426,5,104,173,22,68,1,2.97351999999955
426,5,158,115,16,5,0,2.70653999998467
426,5,63,55,7,77,1,1.32572500000242
426,5,60,17,9,94,1,0.979359999997541
426,5,77,18,65,62,1,6.10223000001861
426,5,159,176,4,3,0,1.97139500000048
426,5,118,105,30,18,0,2.29553999999189
426,5,170,25,3,66,1,2.2650100000028
426,5,51,161,67,2,0,1.64131000000634
426,5,187,168,64,29,0,1.64196000000811
426,5,13,119,60,19,0,1.57151999999769
426,5,188,100,70,12,0,2.26930000001448
426,5,165,150,56,54,0,3.54153000001679
426,5,106,123,34,13,0,3.53328500001226
426,5,70,184,11,3,1,3.08608499998809
426,5,200,131,67,13,0,1.60943000001134
427,5,63,55,51,18,0,1.25925500001176
427,5,142,174,4,50,1,1.3365449999983
427,5,124,1,9,2,0,1.23030999998446
427,5,187,168,64,15,0,0.96000500000082
427,5,188,100,73,71,0,1.44961000001058
427,5,164,61,12,50,1,1.2003900000127
427,5,159,176,69,3,0,1.29490000000806
427,5,104,173,13,50,1,1.56812999999966
427,5,96,65,11,50,1,1.15870999998879
427,5,103,80,17,2,0,1.50373999998556
427,5,165,150,16,6,0,1.35676999998395
427,5,106,123,96,2,0,0.833500000007916
427,5,170,25,3,3,1,1.06777500000317
427,5,13,119,3,17,1,0.859754999983124
427,5,158,115,3,3,1,1.21299500000896
427,5,51,161,3,1,1,1.1957649999822
427,5,154,39,13,18,1,1.35779999999795
427,5,28,5,2,2,0,1.24574499999289
427,5,153,33,4,2,1,1.23295999999391
427,5,172,102,5,1,1,2.35104000000865
427,5,98,8,93,2,0,0.907934999995632
427,5,26,160,3,1,1,2.55003000001307
427,5,114,99,18,85,1,0.736525000014808
427,5,77,18,74,8,0,0.841324999986682
427,5,200,131,2,2,0,5.10943499999121
427,5,60,17,48,2,1,2.11175499999081
427,5,155,93,2,18,1,1.23287500001607
427,5,16,12,2,4,0,1.59898999999859
427,5,118,105,92,2,0,1.28161999999429
427,5,70,184,3,46,1,1.74319500001729
428,5,142,174,59,78,1,2.30348500000036
428,5,70,184,1,74,1,1.23485499999879
428,5,155,93,51,27,0,2.03332500000033
428,5,96,65,18,35,0,7.95177499999954
428,5,170,25,51,84,1,1.31157000000167
428,5,77,18,1,56,1,1.5012200000001
428,5,114,99,66,78,0,1.23379999999997
428,5,13,119,8,25,1,14.5086250000004
428,5,187,168,51,51,1,8.69812499999895
428,5,51,161,10,81,1,2.54816999999998
428,5,104,173,63,41,1,2.54824000000011
428,5,63,55,30,50,1,6.41195499999955
428,5,118,105,65,4,0,10.8636999999999
428,5,200,131,22,51,1,2.38626499999914
428,5,60,17,51,84,1,2.71491500000044
428,5,165,150,65,51,0,4.27727000000054
428,5,158,115,39,19,1,30.2542400000002
428,5,124,1,11,70,1,1.06070000000001
428,5,172,102,51,51,0,1.73142999999982
428,5,153,33,13,1,0,1.45986000000086
428,5,164,61,61,5,0,4.56115499999939
428,5,98,8,75,4,0,10.8917849999998
428,5,28,5,5,3,1,7.5106299999989
428,5,16,12,5,2,0,2.76826499999879
428,5,188,100,42,76,1,2.86557499999978
428,5,154,39,19,51,1,1.59552500000061
428,5,103,80,63,1,0,1.79532000000105
428,5,159,176,60,11,0,4.96804499999963
428,5,26,160,6,62,1,6.06706999999913
428,5,106,123,61,5,0,2.09215000000043
429,5,153,33,12,1,0,2.10356000001775
429,5,103,80,7,82,1,1.9934999999823
429,5,142,174,89,49,0,2.65714999998454
429,5,200,131,27,40,1,3.77513999998337
429,5,118,105,11,66,1,2.14763500000117
429,5,170,25,26,51,0,4.55082499998389
429,5,187,168,78,50,0,3.63378500001272
429,5,104,173,1,51,1,4.16469499998493
429,5,77,18,25,76,1,6.93930000002729
429,5,96,65,77,21,0,1.98393500002567
429,5,188,100,84,36,0,1.55280999996467
429,5,154,39,31,17,0,2.74510000000009
429,5,165,150,64,55,0,1.82128500001272
429,5,26,160,42,1,0,3.65040500002215
429,5,70,184,10,65,1,2.13622499996563
429,5,106,123,68,58,0,3.7595250000013
429,5,16,12,50,75,1,3.57981000002474
429,5,63,55,14,23,1,4.37519999995129
429,5,172,102,51,1,0,3.41356499999529
429,5,158,115,21,1,0,2.89933000004385
429,5,28,5,49,49,1,3.32459999999264
429,5,51,161,7,1,0,6.1921250000014
429,5,98,8,51,48,1,4.14832500001648
429,5,159,176,61,32,0,2.56014499999583
429,5,60,17,11,40,1,5.60790499998257
429,5,155,93,63,91,1,3.80036499997368
429,5,114,99,39,10,0,2.69955000001937
429,5,124,1,66,51,0,2.85505000001285
429,5,13,119,86,41,0,2.12593999999808
429,5,164,61,50,7,0,5.04154999996535
430,5,104,173,34,87,1,4.76945999999953
430,5,96,65,80,20,0,1.54419000000053
430,5,51,161,66,70,1,1.25199499999871
430,5,114,99,48,51,0,7.31718499999988
430,5,77,18,70,99,1,1.92041999999856
430,5,63,55,7,52,1,1.67156499999692
430,5,106,123,92,78,0,1.7213499999998
430,5,60,17,20,89,1,1.35918999999922
430,5,155,93,24,71,1,1.25927500000034
430,5,153,33,67,84,0,3.87291999999798
430,5,124,1,100,68,0,2.41742999999769
430,5,16,12,91,76,1,1.58513999999923
430,5,142,174,88,75,1,1.87604999999894
430,5,26,160,64,80,0,1.62362500000017
430,5,188,100,90,83,0,4.50366999999824
430,5,200,131,79,75,1,4.50665000000299
430,5,172,102,74,88,0,3.02215000000069
430,5,28,5,81,94,1,2.47444499999983
430,5,13,119,2,22,1,3.98603999999978
430,5,165,150,78,86,1,1.74600999999893
430,5,164,61,23,26,1,1.98925500000041
430,5,154,39,49,5,0,1.52237499999683
430,5,159,176,83,50,0,2.06446500000311
430,5,187,168,86,79,0,2.48614499999891
430,5,70,184,91,85,0,4.21977999999945
430,5,158,115,74,28,0,2.27997499999765
430,5,98,8,57,72,0,7.90379000000033
430,5,103,80,9,68,1,1.67871999999991
430,5,118,105,78,52,0,5.40429500000027
430,5,170,25,49,100,1,1.20007999999874
431,5,16,12,93,67,0,3.01435499999934
431,5,165,150,42,2,0,1.49891500000012
431,5,104,173,26,28,1,2.13470500000039
431,5,155,93,60,83,1,2.13259000000107
431,5,154,39,10,20,0,1.56605499999932
431,5,60,17,16,87,1,2.38391999999658
431,5,188,100,66,16,0,1.38590499999918
431,5,158,115,7,36,0,1.80450500000006
431,5,164,61,26,4,0,1.34519
431,5,159,176,63,13,0,1.53869999999733
431,5,106,123,33,36,1,1.81657500000074
431,5,70,184,76,11,0,1.33412500000122
431,5,118,105,26,66,1,1.3413249999976
431,5,51,161,16,8,0,2.29932999999801
431,5,172,102,21,17,0,1.84748499999841
431,5,26,160,61,9,0,1.35263500000292
431,5,28,5,79,71,0,2.08975999999893
431,5,96,65,71,6,0,1.64705500000127
431,5,77,18,81,79,0,1.98363499999687
431,5,13,119,88,15,0,1.54562500000247
431,5,103,80,39,89,1,1.57473499999833
431,5,153,33,24,34,0,1.1767949999994
431,5,170,25,17,82,1,1.23763500000132
431,5,187,168,34,39,0,3.16882999999871
431,5,124,1,24,82,1,2.14154000000053
431,5,63,55,5,72,1,1.71260999999868
431,5,200,131,11,18,0,1.71089500000016
431,5,142,174,11,6,0,1.57752500000061
431,5,114,99,8,17,0,1.65150500000163
431,5,98,8,19,6,0,1.809075000001
432,5,63,55,2,3,0,2.43957500000033
432,5,106,123,14,56,1,2.77884500000073
432,5,124,1,53,66,1,4.78801500000191
432,5,28,5,1,2,0,3.39546500000142
432,5,77,18,56,82,1,3.3457699999999
432,5,170,25,2,2,0,3.83060000000114
432,5,103,80,52,2,0,2.50339999999778
432,5,159,176,17,2,0,2.50143499999831
432,5,172,102,58,52,1,2.84554999999818
432,5,200,131,2,2,1,2.513465
432,5,98,8,53,79,1,2.260545000001
432,5,70,184,22,61,1,3.64241500000207
432,5,13,119,74,51,0,187.887305
432,5,154,39,2,3,1,3.76363000000129
432,5,60,17,1,2,0,2.56970999999973
432,5,26,160,2,28,1,2.42458999999875
432,5,153,33,45,15,1,3.3937499999993
432,5,164,61,2,1,1,2.471125
432,5,187,168,51,71,1,2.07007999999775
432,5,158,115,3,3,0,3.58667500000232
432,5,96,65,100,2,0,2.73909999999893
432,5,188,100,31,67,1,2.38820000000123
432,5,104,173,42,3,0,4.24776999999816
432,5,16,12,58,2,0,2.07691500000143
432,5,165,150,66,19,0,2.31340999999887
432,5,155,93,2,48,1,2.51497999999986
432,5,118,105,22,92,1,2.08448999999743
432,5,114,99,79,49,0,1.61166500000039
432,5,51,161,3,14,1,2.08557999999903
432,5,142,174,16,71,1,2.73359999999963
433,5,142,174,91,93,0,1.806
433,5,165,150,74,83,0,2.293
433,5,159,176,94,77,0,1.707
433,5,155,93,87,54,0,2.142
433,5,77,18,12,3,0,1.484
433,5,103,80,53,46,0,3.193
433,5,96,65,32,68,1,3.119
433,5,16,12,2,1,1,2.572
433,5,187,168,94,84,1,3.137
433,5,188,100,96,77,0,1.623
433,5,104,173,73,64,1,3.127
433,5,51,161,49,92,1,2.233
433,5,170,25,48,2,0,2.203
433,5,154,39,70,2,0,1.553
433,5,28,5,1,6,1,3.367
433,5,164,61,78,41,0,2.145
433,5,98,8,83,2,0,1.873
433,5,114,99,34,81,1,3.843
433,5,70,184,3,97,1,1.966
433,5,13,119,2,99,1,1.733
433,5,124,1,98,17,0,1.67
433,5,63,55,66,13,0,3.704
433,5,158,115,73,67,0,2.055
433,5,60,17,69,3,0,1.933
433,5,153,33,51,1,0,1.848
433,5,106,123,92,89,0,3.338
433,5,26,160,2,68,1,2.092
433,5,172,102,82,69,0,1.825
433,5,118,105,75,67,0,2.529
433,5,200,131,61,19,0,2.566
434,5,187,168,86,99,1,5.809
434,5,165,150,98,100,0,2.838
434,5,188,100,99,98,0,1.575
434,5,13,119,71,99,0,1.85
434,5,77,18,99,98,1,1.182
434,5,26,160,98,99,0,0.961
434,5,155,93,99,99,1,1.54
434,5,16,12,99,99,1,2.096
434,5,142,174,99,100,0,2.351
434,5,172,102,98,99,1,1.743
434,5,164,61,99,63,1,1.845
434,5,104,173,99,98,0,1.239
434,5,158,115,99,99,1,1.444
434,5,170,25,99,98,1,1.176
434,5,106,123,99,98,1,2.072
434,5,60,17,78,99,1,1.175
434,5,28,5,98,99,1,1.208
434,5,124,1,100,99,1,1.153
434,5,103,80,99,99,0,1.312
434,5,70,184,75,99,0,2.631
434,5,63,55,70,69,1,2.146
434,5,159,176,98,99,0,2.086
434,5,96,65,99,98,0,1.717
434,5,98,8,100,98,1,1.884
434,5,153,33,98,2,1,1.89
434,5,200,131,53,96,1,1.724
434,5,51,161,99,99,0,1.722
434,5,118,105,99,98,1,2.216
434,5,114,99,99,90,1,4.975
434,5,154,39,83,98,1,1.241
435,5,104,173,52,95,1,2.64635999999882
435,5,26,160,64,22,0,1.87825999999768
435,5,187,168,96,90,0,1.96698499999184
435,5,188,100,97,68,0,1.73314500000561
435,5,16,12,73,68,0,2.52534500000183
435,5,158,115,30,14,0,2.02654500000062
435,5,165,150,94,75,0,3.56461499999568
435,5,98,8,66,60,0,2.9277049999946
435,5,124,1,65,63,0,2.25102499999048
435,5,103,80,51,54,1,1.62367500000983
435,5,200,131,82,49,0,2.11918999999762
435,5,77,18,81,84,1,2.13850499999535
435,5,96,65,58,7,0,1.58189000000129
435,5,159,176,93,95,0,2.10985000000801
435,5,60,17,17,73,1,2.80427999999665
435,5,114,99,88,55,1,2.56014000000141
435,5,153,33,13,3,0,2.85676499998954
435,5,170,25,17,72,1,1.85666000000492
435,5,106,123,38,86,0,2.76673500001198
435,5,155,93,66,56,0,1.81166500000108
435,5,164,61,72,5,0,7.31909499999892
435,5,118,105,55,25,0,1.38110500000766
435,5,142,174,95,86,0,1.89696499999263
435,5,51,161,64,93,0,2.21070500000496
435,5,63,55,24,40,1,49.1376550000132
435,5,154,39,68,41,1,2.13907499999914
435,5,70,184,26,97,1,1.37853500001074
435,5,28,5,49,67,1,1.99165999999968
435,5,172,102,74,62,0,1.40341500000795
435,5,13,119,24,91,1,1.91693999999552
436,5,154,39,3,1,0,2.71556000001146
436,5,13,119,7,68,1,1.31466999999247
436,5,63,55,17,10,0,2.56078500000876
436,5,114,99,20,60,1,2.91150000001653
436,5,124,1,84,57,0,2.00625999999465
436,5,16,12,34,32,1,1.68655500002205
436,5,96,65,16,14,1,2.602830000018
436,5,187,168,65,90,1,1.59202000001096
436,5,104,173,17,81,1,1.79144500000984
436,5,103,80,27,4,0,1.88440500001889
436,5,153,33,6,1,0,1.89670499999193
436,5,51,161,61,95,1,1.31638000000385
436,5,170,25,48,18,0,1.95516500002122
436,5,142,174,17,98,1,4.79641499998979
436,5,159,176,64,24,0,1.58935999998357
436,5,77,18,41,57,1,1.52853499999037
436,5,118,105,86,12,0,1.52973000000929
436,5,165,150,85,27,0,1.05607500000042
436,5,158,115,67,8,0,1.47048499999801
436,5,164,61,7,23,0,2.38345500000287
436,5,70,184,3,100,1,1.34335999999894
436,5,60,17,12,26,1,1.69260999999824
436,5,26,160,2,53,1,1.39265500000329
436,5,155,93,61,12,0,1.35558500001207
436,5,172,102,81,25,0,1.44141500000842
436,5,188,100,74,39,0,1.14617000002181
436,5,106,123,68,67,1,1.41898000001675
436,5,28,5,33,23,0,1.79766000001109
436,5,200,131,69,34,0,1.74468000000343
436,5,98,8,83,32,0,1.2403049999848
437,5,98,8,100,2,0,3.265
437,5,188,100,47,99,1,2.932
437,5,70,184,99,2,0,2.101
437,5,164,61,2,52,1,2.388
437,5,96,65,99,49,0,2.13
437,5,13,119,2,3,1,3.016
437,5,26,160,49,97,1,1.975
437,5,158,115,2,1,0,2.215
437,5,153,33,99,49,0,2.088
437,5,28,5,49,50,1,2.908
437,5,154,39,49,50,0,2.586
437,5,114,99,50,99,1,2.015
437,5,106,123,99,100,0,1.695
437,5,103,80,99,99,1,2.15
437,5,63,55,49,2,0,2.058
437,5,200,131,48,2,0,2.469
437,5,159,176,99,99,0,1.927
437,5,172,102,2,100,1,2.757
437,5,104,173,99,2,0,2.162
437,5,165,150,2,99,1,2.071
437,5,124,1,99,2,0,2.868
437,5,170,25,2,49,1,1.915
437,5,118,105,99,98,1,2.345
437,5,51,161,99,51,0,4.263
437,5,142,174,99,2,0,1.734
437,5,187,168,51,1,0,5.329
437,5,77,18,99,50,0,1.666
437,5,155,93,2,49,1,2.074
437,5,16,12,2,50,1,1.886
437,5,60,17,51,47,0,1.908
438,5,187,168,91,66,0,4.01982000000043
438,5,153,33,87,59,1,4.24438999999984
438,5,70,184,96,53,0,2.02516500000002
438,5,103,80,78,52,0,2.4284150000003
438,5,172,102,93,97,1,2.13598000000004
438,5,118,105,95,84,0,3.79155499999979
438,5,170,25,91,65,1,2.15516999999998
438,5,96,65,95,90,0,1.51757999999973
438,5,188,100,83,93,1,2.20159999999942
438,5,165,150,60,90,1,1.85368500000003
438,5,164,61,12,59,1,2.41175999999995
438,5,158,115,67,61,0,2.68667999999979
438,5,114,99,85,93,0,1.87074500000017
438,5,142,174,24,56,1,2.70445500000005
438,5,60,17,87,73,0,1.96471999999994
438,5,155,93,50,93,1,2.24831499999983
438,5,124,1,50,96,1,1.81080999999994
438,5,200,131,83,13,0,2.15886000000045
438,5,77,18,92,96,1,1.48078000000073
438,5,98,8,95,99,1,2.00294500000018
438,5,104,173,93,75,0,2.13306000000011
438,5,28,5,94,97,0,2.00598999999964
438,5,51,161,45,51,0,2.69144999999937
438,5,63,55,98,44,0,1.51003000000038
438,5,16,12,96,95,0,2.59781999999995
438,5,159,176,47,67,0,1.91576000000077
438,5,154,39,53,94,0,2.15592000000016
438,5,106,123,94,24,0,1.85146500000067
438,5,13,119,96,80,0,2.50640500000014
438,5,26,160,81,35,1,1.90131500000006
439,5,104,173,42,42,0,2.62623500000336
439,5,153,33,27,100,1,1.32435500001884
439,5,28,5,74,2,0,1.37559000001056
439,5,155,93,59,98,1,2.43966000000364
439,5,60,17,2,88,1,1.20513499999652
439,5,159,176,14,9,1,3.71225500002038
439,5,172,102,33,61,0,2.80255500000203
439,5,154,39,42,73,1,2.25557999999728
439,5,96,65,99,6,0,1.4459499999939
439,5,98,8,64,61,1,3.18891500000609
439,5,70,184,99,46,0,1.70897999999579
439,5,114,99,77,57,0,1.59168500002124
439,5,77,18,100,99,0,2.78620999999112
439,5,158,115,3,39,1,1.76531499999692
439,5,51,161,56,68,1,1.83389000000898
439,5,165,150,38,20,0,2.79771499999333
439,5,63,55,10,62,1,9.42816000001039
439,5,106,123,66,61,0,2.18315500000608
439,5,16,12,71,2,0,1.59449500002665
439,5,164,61,81,4,0,1.66344999999274
439,5,170,25,32,90,1,1.50298999997904
439,5,200,131,17,79,1,2.01694000000134
439,5,26,160,34,64,1,1.56109999999171
439,5,118,105,67,69,1,1.86718500001007
439,5,187,168,49,32,0,2.88128500001039
439,5,13,119,69,61,0,2.5770800000173
439,5,103,80,10,32,1,1.87734499998624
439,5,124,1,54,77,1,4.24242999998387
439,5,142,174,40,36,0,2.81799500001944
439,5,188,100,66,65,0,2.67108999998891
440,5,155,93,47,26,0,2.30307000002358
440,5,124,1,84,69,0,1.76719500002218
440,5,51,161,51,30,1,1.28544499998679
440,5,70,184,26,56,1,1.15468500001589
440,5,96,65,7,6,1,1.3333500000299
440,5,63,55,55,71,1,2.20102999999654
440,5,164,61,65,15,0,2.35274500004016
440,5,118,105,22,16,0,4.39246000000276
440,5,60,17,59,64,0,7.05626500002109
440,5,106,123,39,68,1,12.2282000000123
440,5,28,5,87,12,0,4.86368000000948
440,5,77,18,15,93,1,1.39310500002466
440,5,172,102,80,26,0,1.07919000001857
440,5,170,25,64,57,1,1.96500500000548
440,5,154,39,15,4,1,1.77721999998903
440,5,159,176,67,70,1,4.21606000000611
440,5,13,119,9,81,1,1.41464999999152
440,5,103,80,48,51,0,1.52173500001663
440,5,165,150,52,71,0,0.892114999995101
440,5,158,115,41,53,1,3.26559000002453
440,5,153,33,14,3,0,2.08773999998812
440,5,187,168,60,49,0,0.953704999992624
440,5,26,160,4,33,1,1.61840500001563
440,5,98,8,72,12,0,1.97272000001976
440,5,188,100,86,39,0,25.1005949999671
440,5,200,131,71,3,0,7.55035500001395
440,5,16,12,58,72,1,1.12810000003083
440,5,142,174,57,78,1,8.07399999996414
440,5,114,99,58,52,0,3.51455500000156
440,5,104,173,48,52,0,1.43404999998165
441,5,28,5,1,2,1,3.97204000000056
441,5,154,39,71,10,0,1.37505499999679
441,5,188,100,98,59,0,1.323470000003
441,5,200,131,98,74,0,2.55165499999566
441,5,13,119,10,99,1,1.27449999999953
441,5,98,8,72,23,0,2.65414500000043
441,5,153,33,48,14,0,1.52961000000505
441,5,103,80,43,59,1,1.64785499999562
441,5,165,150,76,71,0,1.41560999999638
441,5,159,176,88,62,0,1.58896499999537
441,5,170,25,77,80,0,1.60902000000351
441,5,60,17,35,91,1,1.52244000000064
441,5,77,18,78,65,0,2.36450499999773
441,5,172,102,67,60,0,1.06757999999536
441,5,26,160,52,84,1,2.15833000000566
441,5,96,65,55,30,0,1.57508000000234
441,5,106,123,63,72,1,1.18930000000546
441,5,63,55,22,65,1,1.95782499999768
441,5,158,115,85,24,0,1.4539850000001
441,5,51,161,42,84,1,1.26251000000047
441,5,124,1,97,48,0,0.990695000000414
441,5,104,173,42,68,1,1.30660000000353
441,5,187,168,100,100,0,1.68854500000452
441,5,142,174,41,83,1,1.35610999999335
441,5,118,105,74,32,0,2.55373500000132
441,5,164,61,81,28,0,1.43825500000094
441,5,16,12,23,2,0,1.94032000000152
441,5,70,184,67,98,1,1.45632999999361
441,5,155,93,73,49,0,1.20130500000232
441,5,114,99,62,69,0,1.50561500000185
442,5,155,93,87,69,0,2.40689499990549
442,5,77,18,94,91,1,2.44493999995757
442,5,103,80,7,69,1,1.52371500001755
442,5,154,39,53,31,0,1.73378499993123
442,5,124,1,84,72,0,2.56316000001971
442,5,188,100,68,86,1,2.11555500002578
442,5,63,55,41,72,1,1.20999000000302
442,5,16,12,32,82,1,1.62648000009358
442,5,26,160,64,84,0,1.60440499999095
442,5,153,33,25,32,0,1.20930999994744
442,5,158,115,75,22,0,1.81977499998175
442,5,28,5,82,83,1,2.01867500005756
442,5,106,123,75,85,0,2.1987149999477
442,5,104,173,28,40,0,2.40150499995798
442,5,96,65,6,20,1,2.23881000000983
442,5,172,102,33,26,0,1.75722499995027
442,5,200,131,82,64,0,1.36310000007506
442,5,60,17,17,91,1,2.34602499997709
442,5,98,8,68,53,0,1.25135999999475
442,5,187,168,81,65,0,1.49463999993168
442,5,114,99,36,44,0,1.99883999989834
442,5,13,119,62,85,1,1.40044999995735
442,5,170,25,48,90,1,1.19569500000216
442,5,165,150,56,76,1,1.5719950000057
442,5,159,176,81,42,0,1.89016499998979
442,5,142,174,90,85,0,3.75467000005301
442,5,164,61,88,15,0,1.6110200000694
442,5,118,105,93,89,0,1.36403499997687
442,5,70,184,89,93,1,1.77642999996897
442,5,51,161,80,76,1,1.61531499994453
443,5,188,100,3,15,1,1.69242500000109
443,5,118,105,4,3,1,1.3039149999986
443,5,187,168,3,1,0,1.55445999999938
443,5,51,161,96,3,0,1.57334499999888
443,5,13,119,97,4,0,1.11486499999955
443,5,200,131,1,3,1,1.43099000000075
443,5,96,65,76,99,1,2.12333000000035
443,5,170,25,4,99,1,1.53094000000056
443,5,153,33,3,98,1,1.48201999999944
443,5,114,99,98,7,0,2.26838999999929
443,5,158,115,3,90,1,1.34686999999941
443,5,124,1,3,96,1,1.14939500000037
443,5,154,39,3,99,1,1.22816000000056
443,5,165,150,2,82,1,1.05482999999914
443,5,104,173,32,4,0,1.33139999999909
443,5,28,5,99,100,0,1.1061750000008
443,5,16,12,99,98,1,1.44399000000159
443,5,106,123,9,3,0,1.76346000000011
443,5,142,174,2,2,0,2.02676500000054
443,5,103,80,29,3,0,1.08126499999891
443,5,77,18,2,99,1,1.54863999999908
443,5,26,160,98,5,0,1.20667999999935
443,5,70,184,10,3,0,1.26207999999859
443,5,172,102,2,18,1,1.18122500000027
443,5,60,17,82,99,1,1.65002500000081
443,5,98,8,8,98,1,1.63170499999978
443,5,63,55,95,96,0,1.64687000000046
443,5,164,61,3,74,1,1.22377000000054
443,5,155,93,1,69,1,1.27924500000151
443,5,159,176,5,2,0,1.93498000000004
444,5,77,18,61,36,0,1.95881000000372
444,5,118,105,75,4,0,1.53223499999876
444,5,170,25,63,8,0,1.38306000000011
444,5,158,115,38,22,0,1.74758499999734
444,5,155,93,19,2,0,1.83116000000155
444,5,104,173,47,79,1,1.594379999995
444,5,60,17,17,49,1,2.45865500000218
444,5,200,131,84,16,0,1.40022499999759
444,5,153,33,5,7,0,2.9525150000045
444,5,159,176,51,6,0,1.38958499999717
444,5,172,102,61,45,0,1.42012999999861
444,5,26,160,9,75,1,1.57974999999715
444,5,154,39,9,6,0,1.82227499999863
444,5,96,65,3,39,1,1.22707000000082
444,5,142,174,75,52,0,2.02266499999678
444,5,28,5,5,22,1,2.00276499999745
444,5,165,150,79,81,1,1.43771500000003
444,5,13,119,5,84,1,1.08206000000064
444,5,103,80,50,62,1,1.06745000000228
444,5,187,168,75,75,0,1.3312900000019
444,5,124,1,61,24,0,4.26992500000051
444,5,70,184,24,81,1,1.08454000000347
444,5,16,12,12,6,0,2.45944500000041
444,5,164,61,35,30,0,5.72634000000107
444,5,106,123,86,14,0,1.6568299999999
444,5,51,161,63,74,0,3.52029500000208
444,5,114,99,89,80,0,1.38908000000083
444,5,63,55,33,87,1,1.486149999997
444,5,98,8,68,6,0,1.34030999999959
444,5,188,100,84,87,1,3.36692500000208
445,5,164,61,9,3,0,3.65137500001583
445,5,70,184,8,10,0,5.33520000000135
445,5,153,33,9,92,0,2.2685599999968
445,5,96,65,62,42,0,2.47769499997958
445,5,13,119,94,5,0,1.84369999999763
445,5,98,8,7,92,1,1.80815500000608
445,5,124,1,2,89,1,1.50450999999885
445,5,28,5,94,93,1,2.55543000000762
445,5,51,161,93,9,0,1.95405000000028
445,5,159,176,5,72,1,3.86024499998894
445,5,118,105,6,10,1,1.90422999998555
445,5,103,80,8,5,1,1.93153999999049
445,5,142,174,9,6,1,2.00035000001662
445,5,16,12,93,92,0,4.09473000001162
445,5,60,17,6,95,1,1.46228500001598
445,5,165,150,5,4,0,1.91169000000809
445,5,158,115,9,89,0,2.11802999998326
445,5,188,100,8,9,0,2.03843499999493
445,5,104,173,6,11,1,2.81710999997449
445,5,26,160,93,9,0,1.8027749999892
445,5,114,99,5,7,1,6.73593500000425
445,5,63,55,23,97,1,2.24968499998795
445,5,187,168,5,8,0,2.24317000000156
445,5,154,39,7,93,1,2.06070000000182
445,5,77,18,3,91,1,1.53765499999281
445,5,170,25,9,93,1,1.49990500000422
445,5,172,102,12,6,0,2.20663999998942
445,5,155,93,4,7,0,2.90186500002164
445,5,106,123,8,7,1,5.50963999997475
445,5,200,131,8,5,0,3.19736999997986
446,5,13,119,85,98,1,5.94644
446,5,159,176,4,4,0,4.44376000000001
446,5,170,25,2,63,1,3.97037999999999
446,5,77,18,4,90,1,4.77917500000002
446,5,200,131,20,4,0,3.020655
446,5,103,80,42,4,0,2.94238500000001
446,5,16,12,97,96,1,4.13401499999998
446,5,187,168,51,25,0,2.58216
446,5,28,5,70,97,1,3.60797
446,5,158,115,52,44,1,2.99098999999999
446,5,104,173,24,6,0,3.70761999999997
446,5,172,102,24,82,1,3.12250499999998
446,5,153,33,7,2,0,5.35274000000002
446,5,98,8,12,97,1,2.79614999999999
446,5,165,150,17,4,0,7.90363500000001
446,5,51,161,98,63,0,2.45949000000005
446,5,70,184,29,2,0,5.52514000000007
446,5,155,93,32,86,1,6.52885499999998
446,5,118,105,8,1,1,4.46137000000005
446,5,106,123,4,98,1,2.64799000000005
446,5,154,39,13,24,1,4.90978500000003
446,5,164,61,78,6,0,3.65843000000005
446,5,114,99,64,6,0,2.81669999999995
446,5,26,160,94,51,0,4.11501500000001
446,5,63,55,9,98,1,2.464065
446,5,60,17,3,47,1,2.48615000000002
446,5,142,174,2,29,1,3.35591999999998
446,5,124,1,99,96,0,5.97867000000004
446,5,96,65,91,70,0,3.18627999999997
446,5,188,100,51,23,1,10.28626
447,5,165,150,25,35,1,2.808
447,5,70,184,45,21,0,1.231
447,5,77,18,30,66,1,1.847
447,5,16,12,25,3,0,1.721
447,5,106,123,61,11,0,2.709
447,5,153,33,18,42,1,0.979
447,5,60,17,23,72,1,1.685
447,5,104,173,51,21,0,1.487
447,5,158,115,48,62,1,1.654
447,5,26,160,25,26,0,2.167
447,5,51,161,50,37,0,1.19
447,5,28,5,62,27,0,1.214
447,5,142,174,27,24,0,1.344
447,5,103,80,63,34,1,2.127
447,5,187,168,28,24,0,1.702
447,5,63,55,62,51,1,1.754
447,5,172,102,26,75,1,2.58
447,5,188,100,27,60,1,1.394
447,5,96,65,68,38,0,1.031
447,5,13,119,33,27,0,5.799
447,5,159,176,22,31,0,1.992
447,5,155,93,33,60,1,1.353
447,5,118,105,62,29,0,1.224
447,5,154,39,37,51,1,1.414
447,5,164,61,38,33,0,1.755
447,5,114,99,15,38,1,3.663
447,5,124,1,42,64,1,1.271
447,5,200,131,13,25,1,1.937
447,5,98,8,49,15,0,1.939
447,5,170,25,10,65,1,1.126
448,5,142,174,91,100,0,2.03720000002068
448,5,158,115,62,1,0,1.48282499995548
448,5,155,93,100,38,0,4.75382500002161
448,5,106,123,100,28,0,1.15234499995131
448,5,164,61,83,81,0,1.79387499997392
448,5,63,55,75,60,0,7.80099999997765
448,5,187,168,80,100,1,3.92957499995828
448,5,103,80,14,84,1,1.10215499997139
448,5,96,65,36,66,1,1.58889000001363
448,5,170,25,68,100,1,1.31957499997225
448,5,118,105,100,87,1,2.39861499995459
448,5,200,131,100,100,0,1.49204000004102
448,5,26,160,8,100,1,2.05643999995664
448,5,114,99,100,100,0,1.31617000000551
448,5,28,5,8,39,1,1.11947500007227
448,5,13,119,86,65,0,1.56755999999586
448,5,16,12,67,89,1,1.32273999997415
448,5,70,184,86,86,0,1.06279499991797
448,5,153,33,11,5,1,2.26532999996562
448,5,159,176,80,8,0,4.94583499990404
448,5,165,150,100,100,1,1.25621999998111
448,5,188,100,94,100,1,1.2552999999607
448,5,124,1,1,87,1,1.03364999999758
448,5,51,161,84,100,1,2.07050999999046
448,5,60,17,93,30,1,2.4272199999541
448,5,172,102,32,81,0,5.03813999996055
448,5,77,18,100,100,0,2.53263000003062
448,5,104,173,24,100,1,2.34043500002008
448,5,154,39,56,28,0,1.76566500007175
448,5,98,8,100,64,0,1.94367500010412
449,5,103,80,50,5,0,2.21487500006333
449,5,154,39,9,76,1,0.95003499998711
449,5,124,1,24,80,1,0.80417999997735
449,5,142,174,4,20,1,1.94461500016041
449,5,170,25,8,99,1,0.900959999999031
449,5,26,160,99,10,0,0.929040000075474
449,5,51,161,50,6,0,1.31670999992639
449,5,118,105,25,5,0,1.47786500002258
449,5,96,65,71,67,0,2.73651499999687
449,5,104,173,48,16,0,1.191695000045
449,5,165,150,13,50,1,1.38636000012048
449,5,60,17,70,99,1,1.35959500004537
449,5,153,33,7,82,1,1.09587000007741
449,5,98,8,8,99,1,1.41306999977678
449,5,172,102,22,49,1,1.60125999990851
449,5,155,93,4,63,1,1.2380650001578
449,5,77,18,20,98,1,1.18793999985792
449,5,164,61,34,76,1,2.12187000014819
449,5,159,176,20,4,0,1.80878499988467
449,5,16,12,98,93,0,1.74934499990195
449,5,63,55,75,70,1,5.09889500006102
449,5,70,184,1,23,1,1.07289999979548
449,5,187,168,18,19,1,2.23655500006862
449,5,106,123,20,35,0,1.75998000008985
449,5,114,99,50,23,0,1.42932999995537
449,5,188,100,9,16,0,2.69927500002086
449,5,158,115,12,49,1,1.34790499997325
449,5,200,131,9,69,1,1.16054000006989
449,5,13,119,99,48,0,1.0701949999202
449,5,28,5,98,99,1,1.77698500012048
450,5,60,17,85,89,1,18.6190550000174
450,5,158,115,82,8,1,1.51503499993123
450,5,155,93,74,62,0,25.071190000046
450,5,187,168,78,51,0,1.34678499994334
450,5,98,8,57,98,1,1.49332500004675
450,5,188,100,78,76,0,1.14412499999162
450,5,51,161,27,71,0,1.68697499996051
450,5,104,173,32,50,0,0.978025000076741
450,5,165,150,23,85,1,1.29086499998812
450,5,118,105,31,77,0,1.49057000002358
450,5,200,131,60,42,0,52.2068600000348
450,5,96,65,85,3,0,1.31261999998242
450,5,170,25,46,81,0,3.15996499999892
450,5,154,39,73,80,1,1.47901999996975
450,5,106,123,78,95,0,4.61567499989178
450,5,26,160,81,61,0,3.0605800000485
450,5,164,61,63,6,1,4.33114500006195
450,5,114,99,30,47,1,1.48160499997903
450,5,142,174,89,69,0,1.78810499992687
450,5,172,102,79,59,1,1.02997500007041
450,5,159,176,52,38,0,1.67134499992244
450,5,77,18,100,98,0,1.41782999993302
450,5,16,12,93,91,1,1.20609500003047
450,5,103,80,26,59,0,1.72544499998912
450,5,70,184,65,22,0,1.37286999996286
450,5,124,1,73,94,1,3.13885500002652
450,5,153,33,86,59,1,1.11314999999013
450,5,13,119,96,93,1,1.92044000001624
450,5,63,55,7,26,0,2.92410999990534
450,5,28,5,98,99,0,1.0994649999775
451,5,16,12,23,1,0,2.889
451,5,124,1,75,57,0,3.16
451,5,142,174,60,100,1,1.515
451,5,51,161,56,30,0,2.111
451,5,106,123,43,65,0,3.491
451,5,164,61,80,1,0,1.764
451,5,159,176,21,70,1,1.823
451,5,155,93,82,64,0,3.715
451,5,103,80,7,29,1,1.169
451,5,200,131,89,87,1,1.647
451,5,28,5,2,1,1,4.841
451,5,26,160,40,32,1,1.686
451,5,153,33,17,1,0,0.978
451,5,170,25,38,86,1,1.457
451,5,77,18,37,44,0,4.496
451,5,172,102,75,8,0,1.278
451,5,96,65,61,1,0,1.422
451,5,165,150,1,67,1,1.172
451,5,187,168,87,79,1,1.533
451,5,104,173,4,42,1,3.887
451,5,118,105,74,64,1,1.672
451,5,70,184,24,100,1,1.195
451,5,188,100,91,70,1,3.004
451,5,13,119,53,68,1,1.866
451,5,98,8,73,42,0,1.01
451,5,154,39,20,4,0,1.265
451,5,63,55,1,64,1,0.82
451,5,158,115,91,34,0,1.721
451,5,114,99,74,17,0,1.359
451,5,60,17,1,97,1,1.102
452,5,165,150,92,66,0,4.75891000000047
452,5,16,12,98,86,0,1.69422000000122
452,5,172,102,97,55,0,4.81007999999929
452,5,188,100,96,83,0,2.56309999999939
452,5,159,176,55,92,1,2.67900499999814
452,5,60,17,88,15,0,1.87521000000197
452,5,153,33,64,62,0,3.81751000000077
452,5,154,39,65,13,0,1.65523500000199
452,5,200,131,89,4,0,1.51741000000038
452,5,98,8,76,98,1,2.44056999999884
452,5,13,119,96,49,0,1.31330000000162
452,5,124,1,44,44,0,2.31570999999894
452,5,170,25,80,22,0,1.46050500000274
452,5,51,161,33,59,1,2.08284000000276
452,5,114,99,5,68,1,1.48313000000053
452,5,118,105,72,59,1,2.09990499999913
452,5,70,184,52,74,1,2.1562649999978
452,5,155,93,75,99,1,1.26703500000076
452,5,104,173,50,95,1,1.58415500000046
452,5,164,61,79,79,0,5.09882500000094
452,5,158,115,54,66,0,1.97162499999831
452,5,187,168,84,97,1,2.19237499999872
452,5,26,160,43,54,1,1.51077000000083
452,5,28,5,91,67,0,3.12731499999797
452,5,103,80,57,70,1,2.18375500000187
452,5,106,123,86,49,0,1.28264499999932
452,5,77,18,50,69,1,2.23834999999963
452,5,142,174,86,84,0,1.68273000000045
452,5,96,65,100,85,0,1.22838000000047
452,5,63,55,88,61,0,1.6901199999993
453,5,153,33,11,49,1,3.30045500025153
453,5,118,105,49,15,1,3.55837999982759
453,5,142,174,9,11,1,2.0054199998267
453,5,98,8,47,91,1,1.01993499975652
453,5,159,176,7,7,0,3.01977000012994
453,5,165,150,50,7,0,1.72381999995559
453,5,200,131,12,7,0,1.99416999984533
453,5,170,25,24,49,1,1.37364999996498
453,5,188,100,27,48,1,1.73980499990284
453,5,106,123,11,37,0,1.40946999983862
453,5,60,17,8,47,1,1.09570499975234
453,5,13,119,9,13,1,2.78237499995157
453,5,114,99,48,50,0,1.46117000002414
453,5,26,160,82,9,0,1.19576499983668
453,5,16,12,94,12,0,1.50265999976546
453,5,96,65,92,7,0,1.28843999980018
453,5,154,39,5,20,1,1.37942499993369
453,5,77,18,6,35,1,1.39490499999374
453,5,158,115,5,49,1,1.20387999992818
453,5,104,173,14,35,1,2.03818000014871
453,5,124,1,37,33,1,1.56070000026375
453,5,70,184,60,12,0,1.51759999990463
453,5,28,5,3,12,1,1.31327999988571
453,5,63,55,6,94,1,0.98477500025183
453,5,51,161,94,16,0,1.5955399996601
453,5,172,102,39,9,0,1.78503999998793
453,5,187,168,18,49,1,1.18178999982774
453,5,155,93,10,92,1,0.957320000045002
453,5,103,80,14,58,1,1.21441500028595
453,5,164,61,39,7,0,1.9712100001052
454,5,96,65,98,79,0,7.6100649999571
454,5,172,102,49,99,1,2.1461549999658
454,5,98,8,68,68,1,3.96101500000805
454,5,26,160,3,48,1,1.62903499999084
454,5,60,17,63,100,0,3.25757999997586
454,5,158,115,2,2,0,2.54989500000374
454,5,118,105,94,2,0,1.64038499997696
454,5,114,99,3,50,1,2.03792500001146
454,5,153,33,13,2,0,1.76341000001412
454,5,16,12,50,2,0,1.93920999998227
454,5,51,161,70,52,1,2.89962000004016
454,5,200,131,49,3,0,1.85217500000726
454,5,154,39,49,70,1,1.99895000003744
454,5,155,93,3,76,1,2.05453500000294
454,5,106,123,100,2,0,1.37465500005055
454,5,165,150,49,76,1,2.14397999999346
454,5,124,1,81,3,0,1.36586499999976
454,5,159,176,48,1,0,2.26178499998059
454,5,104,173,27,69,0,3.03954500000691
454,5,164,61,50,77,1,2.05417000001762
454,5,13,119,2,2,1,2.12180000002263
454,5,77,18,83,70,0,1.6450349999941
454,5,63,55,49,1,0,1.93874000001233
454,5,28,5,3,10,0,3.58975500002271
454,5,188,100,33,96,1,1.71988500002772
454,5,187,168,25,62,1,4.00180500000715
454,5,70,184,71,48,0,3.23791999998502
454,5,103,80,72,22,0,1.8259450000478
454,5,170,25,2,99,1,1.50275499996496
454,5,142,174,50,49,1,2.06064999999944
455,5,63,55,3,2,0,5.27754999999888
455,5,114,99,64,83,1,2.19923500000732
455,5,60,17,19,3,0,1.70738999999594
455,5,159,176,86,18,0,1.54731000000902
455,5,16,12,25,2,0,2.23830499999167
455,5,188,100,91,88,0,1.53239999999641
455,5,70,184,26,93,1,4.78102499998931
455,5,13,119,26,99,1,1.46596499999578
455,5,158,115,75,48,0,4.34012999999686
455,5,106,123,96,99,0,5.08334999998624
455,5,104,173,32,60,1,2.16747499999474
455,5,124,1,99,18,0,1.28136000000814
455,5,154,39,75,2,0,1.58367999999609
455,5,26,160,4,83,1,1.68036500000744
455,5,103,80,56,78,1,3.80235999998695
455,5,172,102,89,39,0,9.69621500000358
455,5,51,161,3,70,1,1.6120399999927
455,5,96,65,79,4,0,2.22177499999816
455,5,98,8,91,5,0,1.74762999999803
455,5,187,168,68,97,1,2.8973999999871
455,5,153,33,8,2,0,1.79355500001111
455,5,118,105,91,18,0,1.84137999999803
455,5,28,5,3,3,1,4.88418499998807
455,5,200,131,83,57,0,2.93809999999939
455,5,165,150,71,47,0,4.08141500000784
455,5,142,174,73,79,0,1.64155500000925
455,5,170,25,10,2,0,2.03312999999616
455,5,77,18,90,9,0,1.45129500000621
455,5,164,61,28,10,0,3.53231999999844
455,5,155,93,91,52,0,1.22861999999441
456,5,98,8,85,20,0,3.30249999999796
456,5,106,123,92,82,1,2.22000000000116
456,5,155,93,80,81,0,1.4913000000015
456,5,159,176,70,37,0,3.21739999999409
456,5,172,102,69,48,1,3.46800000000076
456,5,165,150,67,74,1,1.41859999999724
456,5,28,5,30,31,0,2.49109999999928
456,5,188,100,64,71,1,1.48240000000078
456,5,63,55,33,36,1,4.39910000000236
456,5,104,173,56,68,0,1.87019999999757
456,5,118,105,81,81,1,2.09039999999368
456,5,158,115,75,60,0,1.51659999999538
456,5,164,61,67,41,1,2.3669000000009
456,5,153,33,71,22,0,1.43660000000091
456,5,200,131,74,17,0,1.64489999999932
456,5,103,80,51,34,1,2.33699999999953
456,5,70,184,70,71,0,2.49329999999463
456,5,114,99,88,73,0,2.27620000000024
456,5,16,12,27,13,0,2.20379999999568
456,5,77,18,91,74,0,2.97379999999976
456,5,187,168,68,67,0,1.62069999999949
456,5,51,161,63,72,0,2.42989999999554
456,5,142,174,75,67,0,1.72119999999995
456,5,60,17,65,47,1,4.25979999999981
456,5,170,25,53,57,1,1.50400000000081
456,5,96,65,52,41,0,1.57559999999648
456,5,13,119,53,79,1,1.53160000000207
456,5,124,1,80,90,1,1.931700000001
456,5,154,39,81,8,0,1.45560000000114
456,5,26,160,54,85,1,2.41820000000007
457,5,188,100,96,34,0,3.54993500001729
457,5,124,1,78,73,0,8.58490499999607
457,5,77,18,57,55,0,2.28209999995306
457,5,114,99,31,20,1,1.40887499996461
457,5,159,176,18,65,1,1.42616500001168
457,5,165,150,93,41,0,1.4649999999674
457,5,70,184,42,25,0,1.57659000001149
457,5,60,17,39,45,1,1.22663499996997
457,5,98,8,11,38,1,2.00799999997253
457,5,154,39,56,22,1,1.02008000004571
457,5,96,65,44,15,0,1.41020499996375
457,5,172,102,53,24,0,1.44667500001378
457,5,118,105,10,78,1,1.21087999996962
457,5,158,115,6,40,1,1.21641499997349
457,5,106,123,34,80,1,1.01637999998638
457,5,164,61,63,11,0,1.19191500003217
457,5,51,161,7,88,1,1.18443000002299
457,5,26,160,16,32,1,1.55769500002498
457,5,28,5,10,15,1,1.13506000000052
457,5,63,55,4,28,1,1.67111499997554
457,5,104,173,24,54,1,1.86113500001375
457,5,16,12,38,21,0,2.02153500000713
457,5,187,168,91,88,0,1.77674000000115
457,5,153,33,67,1,0,1.53603000001749
457,5,142,174,75,74,1,1.49035999999614
457,5,103,80,35,34,1,1.19848999998067
457,5,200,131,88,66,0,0.996820000000298
457,5,13,119,41,76,1,1.81438999995589
457,5,170,25,29,24,1,1.28685500001302
457,5,155,93,55,8,0,1.61487500002841
458,5,114,99,17,11,1,2.502994999988
458,5,104,173,24,12,0,3.72007499996107
458,5,124,1,38,18,1,3.17876999999862
458,5,155,93,9,20,0,2.42685499996878
458,5,187,168,24,42,1,2.38495500001591
458,5,172,102,19,18,0,3.71524500008672
458,5,77,18,30,47,1,2.90904999990016
458,5,13,119,57,48,0,5.10448000009637
458,5,26,160,14,17,1,2.68570000003092
458,5,103,80,4,26,0,3.84517500002403
458,5,28,5,31,45,1,2.54873999999836
458,5,200,131,3,13,0,3.44257999991532
458,5,16,12,90,53,0,2.25486500002444
458,5,96,65,22,31,0,2.17856000002939
458,5,142,174,3,42,1,3.5100800000364
458,5,70,184,62,61,0,3.87515500001609
458,5,158,115,8,6,0,3.20026999991387
458,5,106,123,11,39,0,2.18829000007827
458,5,118,105,30,26,1,3.0771249999525
458,5,51,161,11,23,0,4.32449999998789
458,5,165,150,13,21,0,2.71359499997925
458,5,98,8,13,66,1,2.5312350000022
458,5,60,17,9,36,1,2.8853999999119
458,5,154,39,23,14,1,4.57634000002872
458,5,153,33,8,31,1,3.13026500004344
458,5,170,25,2,19,1,3.13117499998771
458,5,164,61,3,14,0,4.10070499998983
458,5,159,176,10,5,1,5.79220499994699
458,5,188,100,18,12,0,2.07328000001144
458,5,63,55,26,8,1,3.09990500006825
459,5,200,131,3,31,1,3.217
459,5,142,174,3,16,1,2.215
459,5,164,61,38,30,0,5.331
459,5,187,168,33,4,1,3.517
459,5,103,80,6,2,0,3.333
459,5,63,55,27,99,1,1.88
459,5,28,5,21,94,1,1.414
459,5,60,17,7,90,1,1.581
459,5,172,102,20,6,0,1.759
459,5,13,119,99,37,0,2.024
459,5,106,123,8,3,1,2.858
459,5,77,18,61,100,1,2.735
459,5,51,161,61,34,0,1.748
459,5,158,115,8,50,1,1.592
459,5,154,39,63,58,1,1.526
459,5,16,12,83,96,1,1.931
459,5,188,100,42,16,0,2.392
459,5,114,99,5,3,0,1.77
459,5,165,150,9,23,0,2.053
459,5,104,173,46,11,1,4.087
459,5,98,8,3,81,1,1.716
459,5,170,25,55,80,1,1.44
459,5,155,93,32,68,1,2.438
459,5,153,33,15,2,0,5.023
459,5,26,160,11,4,0,3.84
459,5,96,65,69,7,0,1.862
459,5,118,105,7,56,1,2.354
459,5,159,176,8,36,1,2.305
459,5,124,1,10,97,1,1.347
459,5,70,184,53,9,0,1.456
460,5,158,115,10,5,0,3.70002500002738
460,5,165,150,10,10,0,2.58572499998263
460,5,13,119,63,13,0,1.7582050000201
460,5,114,99,12,8,0,4.67310499999439
460,5,104,173,8,12,1,3.10758999999962
460,5,106,123,10,11,1,3.64045000000624
460,5,51,161,8,2,0,2.30775999999605
460,5,98,8,14,69,1,4.36470000000554
460,5,63,55,12,3,0,2.41496500000358
460,5,159,176,37,24,1,2.24414999998407
460,5,26,160,49,4,0,2.03488500000094
460,5,187,168,11,10,1,2.59197500001756
460,5,142,174,5,19,1,2.12870500001009
460,5,153,33,11,58,1,2.25324000002001
460,5,77,18,4,99,1,2.22545499997796
460,5,172,102,12,18,0,2.49451000001864
460,5,28,5,13,28,1,2.18131000001449
460,5,70,184,28,52,1,1.97369499999331
460,5,60,17,8,99,1,1.48865499999374
460,5,16,12,21,82,1,2.38330000001588
460,5,118,105,12,10,0,2.41139999998268
460,5,164,61,16,2,0,2.49529500000062
460,5,124,1,17,84,1,1.78135499998461
460,5,200,131,16,5,0,2.08462999999756
460,5,170,25,10,94,1,1.604720000003
460,5,188,100,6,10,0,1.84196000001975
460,5,155,93,12,14,1,2.28667000000132
460,5,96,65,19,6,0,3.993455000018
460,5,154,39,6,88,1,1.88849499999196
460,5,103,80,24,5,0,2.10230999998748
461,5,124,1,98,99,1,5.054
461,5,118,105,89,99,1,4.769
461,5,165,150,93,98,0,3.756
461,5,104,173,96,99,1,1.604
461,5,154,39,93,99,0,1.671
461,5,155,93,98,89,1,2.375
461,5,159,176,58,19,0,2.794
461,5,63,55,55,99,1,2.063
461,5,200,131,98,76,1,4.017
461,5,26,160,98,60,0,1.794
461,5,114,99,99,98,0,1.86
461,5,96,65,98,76,0,1.884
461,5,153,33,98,99,1,4.253
461,5,188,100,98,99,0,1.492
461,5,60,17,94,99,1,2.256
461,5,70,184,99,99,0,3.67
461,5,77,18,98,99,0,1.913
461,5,13,119,98,92,1,2.905
461,5,172,102,98,66,0,2.451
461,5,170,25,99,99,0,1.329
461,5,16,12,98,100,1,1.421
461,5,103,80,30,55,0,2.118
461,5,142,174,100,59,0,1.018
461,5,158,115,98,99,0,1.428
461,5,28,5,99,98,1,1.575
461,5,164,61,93,23,0,4.628
461,5,51,161,98,99,1,2.614
461,5,98,8,96,98,0,3.391
461,5,187,168,99,99,0,1.467
461,5,106,123,56,100,1,4.041
462,5,170,25,34,61,1,1.94686499999989
462,5,106,123,72,29,0,1.52586499999961
462,5,13,119,19,42,1,1.10491499999989
462,5,187,168,59,59,0,1.60456999999951
462,5,63,55,46,65,1,1.56752499999857
462,5,16,12,39,10,0,1.37415500000134
462,5,153,33,26,60,1,2.1385250000003
462,5,118,105,66,71,0,1.86585500000001
462,5,155,93,18,98,1,1.70074999999997
462,5,154,39,31,41,1,2.22098000000007
462,5,26,160,17,37,1,1.91133499999889
462,5,104,173,60,22,0,2.22307999999978
462,5,164,61,57,45,0,1.57660500000021
462,5,60,17,50,73,1,1.56744499999876
462,5,103,80,54,27,1,1.9545849999995
462,5,98,8,71,45,0,1.49175499999913
462,5,28,5,33,12,0,2.25306499999898
462,5,142,174,12,86,1,2.00336500000046
462,5,51,161,58,44,1,1.51155999999901
462,5,188,100,50,66,1,1.53910999999969
462,5,165,150,57,30,1,2.25533499999985
462,5,77,18,66,86,1,2.17744499999937
462,5,114,99,83,55,0,1.84567499999868
462,5,96,65,100,36,0,1.42378499999904
462,5,70,184,98,62,0,1.59389999999985
462,5,159,176,93,15,0,1.39678000000096
462,5,172,102,64,87,0,1.92985000000044
462,5,158,115,73,43,0,3.22180499999924
462,5,124,1,31,60,0,2.67313999999897
462,5,200,131,36,9,0,2.43520499999978
463,5,118,105,67,18,0,2.022
463,5,96,65,50,53,1,4.377
463,5,158,115,40,39,0,1.987
463,5,155,93,45,48,0,1.763
463,5,28,5,55,42,0,1.553
463,5,188,100,25,61,1,1.568
463,5,153,33,47,4,0,2.436
463,5,165,150,30,78,1,1.327
463,5,106,123,55,63,1,1.481
463,5,170,25,71,57,0,2.6
463,5,200,131,72,52,0,3.501
463,5,142,174,67,45,0,5.242
463,5,124,1,73,65,0,1.531
463,5,26,160,39,54,1,4.07
463,5,16,12,43,33,0,1.519
463,5,63,55,55,43,0,6.103
463,5,104,173,42,1,0,1.869
463,5,51,161,28,16,0,1.547
463,5,187,168,35,28,0,2.876
463,5,164,61,51,17,0,2.465
463,5,159,176,55,42,0,4.234
463,5,103,80,57,88,1,1.723
463,5,77,18,82,11,0,2.033
463,5,172,102,37,94,1,1.024
463,5,154,39,17,4,0,1.8
463,5,98,8,81,28,0,2.658
463,5,13,119,8,28,1,3.901
463,5,70,184,33,62,1,1.943
463,5,60,17,50,50,0,2.306
463,5,114,99,24,51,0,3.943
464,5,187,168,73,62,0,1.89076499966905
464,5,118,105,74,67,1,6.73240499990061
464,5,172,102,64,71,1,2.01477500004694
464,5,103,80,62,58,0,1.93787999963388
464,5,51,161,62,66,1,1.57654500007629
464,5,104,173,58,50,0,2.40468499995768
464,5,70,184,76,68,0,1.39354000007734
464,5,164,61,70,74,1,1.83192500006407
464,5,124,1,65,57,1,1.91118500009179
464,5,154,39,50,48,0,1.33882000017911
464,5,159,176,72,70,1,1.71224500006065
464,5,98,8,69,75,1,1.38452500011772
464,5,142,174,76,65,1,1.58836500020698
464,5,200,131,68,40,0,1.72456000000238
464,5,188,100,63,70,0,1.65358499996364
464,5,158,115,62,57,0,2.0933199999854
464,5,96,65,60,72,1,1.83763500023633
464,5,63,55,65,72,0,1.17258000001311
464,5,13,119,65,84,1,2.09006999991834
464,5,60,17,75,33,0,1.0155500001274
464,5,106,123,64,79,1,1.46316000027582
464,5,170,25,68,37,0,1.64926499966532
464,5,28,5,56,73,1,3.50768500007689
464,5,114,99,52,70,0,1.59710500016809
464,5,77,18,55,65,0,3.00620499998331
464,5,153,33,51,26,0,2.1439600000158
464,5,155,93,55,73,1,1.50822999980301
464,5,26,160,14,66,1,1.04446000000462
464,5,165,150,54,73,1,1.98175500007346
464,5,16,12,80,66,0,1.55199500033632
465,5,104,173,72,12,0,1.45681999999988
465,5,158,115,1,19,1,2.81052499999988
465,5,165,150,1,29,0,1.27991000000019
465,5,96,65,69,100,1,2.2084500000001
465,5,28,5,99,93,0,2.08476999999993
465,5,164,61,29,1,0,1.16626999999971
465,5,63,55,92,100,1,2.12507000000007
465,5,187,168,1,1,1,1.4760699999997
465,5,16,12,100,100,1,1.68130999999994
465,5,70,184,63,2,0,1.23817000000007
465,5,200,131,1,51,1,0.97085000000018
465,5,26,160,100,1,0,1.21209
465,5,172,102,11,1,1,1.88135000000012
465,5,103,80,16,1,0,2.96736499999996
465,5,114,99,15,9,1,2.52988499999992
465,5,153,33,7,30,1,1.32609499999991
465,5,118,105,49,1,0,1.51009500000009
465,5,124,1,11,100,1,0.959290000000241
465,5,51,161,70,1,0,1.30736000000025
465,5,159,176,5,3,0,2.18482999999967
465,5,142,174,23,1,1,1.79167499999993
465,5,98,8,5,100,1,1.21448999999985
465,5,188,100,1,50,1,1.6817549999996
465,5,77,18,1,100,1,2.65337499999988
465,5,154,39,1,80,1,0.935750000000087
465,5,13,119,100,4,0,0.719204999999871
465,5,106,123,1,1,1,0.971535000000149
465,5,170,25,60,68,1,0.763260000000155
465,5,60,17,52,100,1,0.758120000000403
465,5,155,93,10,75,1,2.13135499999998
466,5,200,131,1,9,0,4.47862499999974
466,5,26,160,1,16,1,3.29621000000043
466,5,155,93,42,1,0,1.73804000000018
466,5,165,150,60,88,1,1.9173950000004
466,5,16,12,1,1,0,1.78732499999933
466,5,164,61,13,8,0,2.16027000000031
466,5,159,176,2,59,1,1.83812000000034
466,5,13,119,1,82,1,1.6008149999998
466,5,28,5,1,1,0,2.69167999999994
466,5,106,123,95,2,0,1.6300949999986
466,5,70,184,1,74,1,1.31833500000177
466,5,170,25,12,1,0,1.84895000000144
466,5,63,55,78,83,1,6.23758499999897
466,5,188,100,76,44,0,3.13060000000044
466,5,142,174,16,84,1,1.4685750000008
466,5,187,168,85,55,1,2.66071999999986
466,5,96,65,1,67,1,1.43454500000007
466,5,172,102,58,34,0,1.66085000000021
466,5,118,105,42,1,0,1.89443500000014
466,5,98,8,37,1,0,2.67804000000068
466,5,114,99,76,48,0,1.73735500000115
466,5,77,18,1,1,1,1.63585500000045
466,5,124,1,55,3,0,1.69455500000005
466,5,60,17,80,1,0,1.46795500000007
466,5,51,161,44,87,1,3.18700499999977
466,5,154,39,1,2,0,2.20046499999991
466,5,158,115,1,8,1,1.7517749999988
466,5,104,173,76,41,1,2.68220499999914
466,5,153,33,2,2,0,2.64876999999979
466,5,103,80,28,1,0,1.98177000000037
467,5,104,173,49,33,0,2.34357499999169
467,5,26,160,3,61,1,1.17371999999159
467,5,13,119,89,73,0,9.77867499999411
467,5,114,99,14,21,1,2.05228499999794
467,5,106,123,87,89,0,1.77512999999453
467,5,200,131,6,38,1,1.8503800000035
467,5,154,39,49,3,0,5.13930500000424
467,5,142,174,18,81,1,1.60468999999284
467,5,77,18,13,94,1,1.29289500000596
467,5,96,65,15,54,1,14.2335250000033
467,5,28,5,56,67,0,4.65999000000011
467,5,63,55,51,58,1,9.96459000000323
467,5,172,102,52,49,1,4.88698000001023
467,5,187,168,89,93,1,6.51356500000111
467,5,124,1,55,57,0,4.89909999999509
467,5,16,12,16,41,1,1.59445999999298
467,5,165,150,73,21,0,2.06205500000215
467,5,60,17,77,43,1,1.78913499999908
467,5,103,80,32,55,0,2.44590500000049
467,5,51,161,26,74,1,2.02402500000608
467,5,188,100,89,53,0,1.31114000000525
467,5,118,105,61,48,0,1.29585500000394
467,5,170,25,50,71,1,1.35182499999064
467,5,153,33,44,2,0,2.10553000000073
467,5,158,115,58,22,0,2.21744500000204
467,5,164,61,93,51,0,1.22485000001325
467,5,159,176,72,10,0,1.72112499999639
467,5,155,93,88,52,0,0.935880000004545
467,5,98,8,78,33,0,2.84897000000637
467,5,70,184,3,96,1,1.23421000000963
468,5,63,55,49,87,1,3.49986500000001
468,5,188,100,26,77,1,1.46524999999997
468,5,170,25,33,92,1,0.972755000000005
468,5,13,119,72,14,0,2.66852000000016
468,5,51,161,82,22,0,1.32411500000034
468,5,124,1,19,89,1,1.23469500000011
468,5,16,12,91,90,0,1.98741000000018
468,5,158,115,14,52,1,1.68510500000001
468,5,159,176,7,26,1,1.87224999999988
468,5,165,150,26,25,0,1.77442999999993
468,5,153,33,33,81,1,1.50512500000012
468,5,26,160,80,14,0,1.21619000000012
468,5,98,8,44,87,1,1.42513999999984
468,5,200,131,39,39,1,1.31467999999996
468,5,106,123,24,18,0,1.25802999999994
468,5,172,102,24,23,0,1.61821499999997
468,5,60,17,52,92,1,0.94286999999985
468,5,104,173,24,18,0,2.78468500000006
468,5,155,93,13,53,1,1.84005000000025
468,5,96,65,64,51,0,1.72783500000014
468,5,187,168,16,25,0,1.56976000000033
468,5,118,105,43,62,1,1.51592000000027
468,5,70,184,67,11,0,1.11316500000021
468,5,28,5,83,88,1,1.25774999999977
468,5,142,174,18,21,0,1.43935499999998
468,5,164,61,12,48,1,2.08588000000009
468,5,114,99,60,26,0,1.19263
468,5,154,39,27,86,1,1.03751999999984
468,5,103,80,31,51,1,1.46851500000001
468,5,77,18,53,90,1,1.57491999999998
469,5,28,5,88,100,1,3.01042000000598
469,5,124,1,100,99,1,5.16984999999113
469,5,51,161,99,89,0,1.88675500001409
469,5,118,105,62,90,1,1.55780500000401
469,5,63,55,73,99,1,2.10136000000057
469,5,159,176,63,59,0,1.51270999999542
469,5,106,123,57,99,1,2.08844999999565
469,5,187,168,59,99,1,3.75684000000183
469,5,26,160,80,77,0,2.64045500000066
469,5,154,39,61,84,0,4.46577500000421
469,5,104,173,72,62,0,2.61820500000613
469,5,103,80,75,76,1,2.33381500000542
469,5,16,12,98,99,1,1.93984500000079
469,5,164,61,61,72,0,2.06309500000498
469,5,96,65,77,70,0,1.6699549999903
469,5,155,93,76,77,0,1.86738500000502
469,5,200,131,55,72,1,1.91917500000272
469,5,165,150,98,74,0,2.41487500000221
469,5,172,102,98,68,0,1.81804499999271
469,5,13,119,99,98,1,1.79657999999472
469,5,153,33,58,61,0,2.31887000000279
469,5,77,18,74,99,1,1.62176500000351
469,5,60,17,72,100,1,1.29184499999974
469,5,170,25,56,99,1,1.14208999999391
469,5,158,115,62,73,1,4.20873500000744
469,5,188,100,61,63,1,3.12333000000217
469,5,114,99,62,70,1,1.96345999999903
469,5,98,8,75,99,1,1.60905499999353
469,5,142,174,65,65,1,2.5176449999999
469,5,70,184,75,99,1,1.84053000000131
